caseyear,state,st_case,statename,ve_total,ve_forms,pvh_invl,peds,pernotmvit,permvit,persons,county,countyname,city,cityname,day,dayname,month,monthname,year,day_week,day_weekname,hour,hourname,minute,minutename,nhs,nhsname,rur_urb,rur_urbname,func_sys,func_sysname,rd_owner,rd_ownername,route,routename,tway_id,tway_id2,milept,mileptname,latitude,latitudename,longitud,longitudname,sp_jur,sp_jurname,harm_ev,harm_evname,man_coll,man_collname,reljct1,reljct1name,reljct2,reljct2name,typ_int,typ_intname,wrk_zone,wrk_zonename,road_fnc,road_fncname,rel_road,rel_roadname,lgt_cond,lgt_condname,weather1,weather1name,weather2,weather2name,weather,weathername,sch_bus,sch_busname,rail,railname,not_hour,not_hourname,not_min,not_minname,arr_hour,arr_hourname,arr_min,arr_minname,hosp_hr,hosp_hrname,hosp_mn,hosp_mnname,cf1,cf1name,cf2,cf2name,cf3,cf3name,fatals,drunk_dr
2018,4,40161,Arizona,2,2,0,0,0,2,2,13,MARICOPA (13),370,PHOENIX,19,19,2,February,2018,2,Monday,23,11:00pm-11:59pm,41,41,0,This section IS NOT on the NHS,2,Urban,3,Principal Arterial - Other,4,City or Municipal Highway Agency,6,Local Street - Municipality,19TH AVE,VOGEL AVE,0,None,33.57353056,33.57353056,-112.099636100,-112.09963611,0,No Special Jurisdiction,12,Motor Vehicle In-Transport,6,Angle,0,No,2,Intersection,3,T-Intersection,0,None,,,1,On Roadway,3,Dark - Lighted,1,Clear,0,No Additional Atmospheric Conditions,1,Clear,0,No,0000000,Not Applicable,99,Unknown,99,Unknown,99,Unknown EMS Scene Arrival Hour,99,Unknown EMS Scene Arrival Minutes,99,Unknown,99,Unknown EMS Hospital Arrival Time,0,None,0,None,0,None,1,0
2018,4,40162,Arizona,1,1,0,0,0,1,1,13,MARICOPA (13),486,SURPRISE,24,24,2,February,2018,7,Saturday,23,11:00pm-11:59pm,47,47,0,This section IS NOT on the NHS,2,Urban,4,Minor Arterial,4,City or Municipal Highway Agency,6,Local Street - Municipality,WADDELL RD,,0,None,33.60980556,33.60980556,-112.415419400,-112.41541944,0,No Special Jurisdiction,33,Curb,0,Not a Collision with Motor Vehicle In-Transport,1,Yes,19,Other location within Interchange Area,1,Not an Intersection,0,None,,,3,On Median,3,Dark - Lighted,1,Clear,0,No Additional Atmospheric Conditions,1,Clear,0,No,0000000,Not Applicable,23,11:00pm-11:59pm,47,47,23,11:00pm-11:59pm,54,54,88,Not Applicable (Not Transported),88,Not Applicable (Not Transported),0,None,0,None,0,None,1,1
2018,4,40163,Arizona,2,2,0,0,0,5,5,13,MARICOPA (13),370,PHOENIX,27,27,1,January,2018,7,Saturday,16,4:00pm-4:59pm,29,29,1,This section IS ON the NHS,2,Urban,3,Principal Arterial - Other,4,City or Municipal Highway Agency,6,Local Street - Municipality,BASELINE RD,JESSE OWENS PKWY,0,None,33.37776667,33.37776667,-112.068955600,-112.06895556,0,No Special Jurisdiction,12,Motor Vehicle In-Transport,1,Front-to-Rear,0,No,3,Intersection-Related,2,Four-Way Intersection,0,None,,,1,On Roadway,1,Daylight,1,Clear,0,No Additional Atmospheric Conditions,1,Clear,0,No,0000000,Not Applicable,99,Unknown,99,Unknown,99,Unknown EMS Scene Arrival Hour,99,Unknown EMS Scene Arrival Minutes,88,Not Applicable (Not Transported),88,Not Applicable (Not Transported),0,None,0,None,0,None,1,0
2018,4,40164,Arizona,1,1,0,1,1,1,1,999,UNKNOWN (999),9999,Unknown,2,2,2,February,2018,6,Friday,17,5:00pm-5:59pm,34,34,9,Unknown if this section is on the NHS,9,Unknown,99,Unknown,99,Unknown,9,Unknown,UNKNOWN RD,,99999,Unknown,99.99990000,Unknown,999.999900000,Unknown,9,Unknown,9,Pedalcyclist,0,Not a Collision with Motor Vehicle In-Transport,9,Reported as Unknown,99,Reported as Unknown,99,Reported as Unknown,0,None,,,99,Reported as Unknown,9,Reported as Unknown,99,Reported as Unknown,0,No Additional Atmospheric Conditions,99,Reported as Unknown,0,No,0000000,Not Applicable,99,Unknown,99,Unknown,99,Unknown EMS Scene Arrival Hour,99,Unknown EMS Scene Arrival Minutes,99,Unknown,98,Unknown if Transported,0,None,0,None,0,None,1,0
2018,4,40165,Arizona,1,1,0,1,1,1,1,17,NAVAJO (17),0,NOT APPLICABLE,16,16,2,February,2018,6,Friday,0,0:00am-0:59am,49,49,0,This section IS NOT on the NHS,1,Rural,7,Local,62,Bureau of Indian Affairs,8,Other,UNKNOWN RD,,0,None,99.99990000,Unknown,999.999900000,Unknown,0,No Special Jurisdiction,8,Pedestrian,0,Not a Collision with Motor Vehicle In-Transport,0,No,99,Reported as Unknown,99,Reported as Unknown,0,None,,,99,Reported as Unknown,6,Dark - Unknown Lighting,98,Not Reported,0,No Additional Atmospheric Conditions,98,Not Reported,0,No,0000000,Not Applicable,99,Unknown,99,Unknown,99,Unknown EMS Scene Arrival Hour,99,Unknown EMS Scene Arrival Minutes,88,Not Applicable (Not Transported),88,Not Applicable (Not Transported),0,None,0,None,0,None,1,0
2018,4,40166,Arizona,1,1,0,0,0,2,2,17,NAVAJO (17),0,NOT APPLICABLE,18,18,2,February,2018,1,Sunday,5,5:00am-5:59am,9,9,0,This section IS NOT on the NHS,2,Urban,5,Major Collector,62,Bureau of Indian Affairs,8,Other,INDIAN ROUTE 55 FORK RD,,0,None,99.99990000,Unknown,999.999900000,Unknown,0,No Special Jurisdiction,1,Rollover/Overturn,0,Not a Collision with Motor Vehicle In-Transport,0,No,99,Reported as Unknown,99,Reported as Unknown,0,None,,,99,Reported as Unknown,9,Reported as Unknown,98,Not Reported,0,No Additional Atmospheric Conditions,98,Not Reported,0,No,0000000,Not Applicable,99,Unknown,99,Unknown,99,Unknown EMS Scene Arrival Hour,99,Unknown EMS Scene Arrival Minutes,99,Unknown,99,Unknown EMS Hospital Arrival Time,0,None,0,None,0,None,1,0
2018,4,40169,Arizona,2,2,0,0,0,2,2,13,MARICOPA (13),420,SCOTTSDALE,2,2,3,March,2018,6,Friday,12,12:00pm-12:59pm,4,4,0,This section IS NOT on the NHS,2,Urban,4,Minor Arterial,4,City or Municipal Highway Agency,6,Local Street - Municipality,CACTUS RD,68TH PL,0,None,33.59671111,33.59671111,-111.933733300,-111.93373333,0,No Special Jurisdiction,12,Motor Vehicle In-Transport,6,Angle,0,No,3,Intersection-Related,2,Four-Way Intersection,0,None,,,1,On Roadway,1,Daylight,1,Clear,0,No Additional Atmospheric Conditions,1,Clear,0,No,0000000,Not Applicable,12,12:00pm-12:59pm,4,4,12,12:00pm-12:59pm,10,10,12,12:00pm-12:59pm,31,31,0,None,0,None,0,None,1,0
2018,4,40170,Arizona,3,3,0,0,0,4,4,25,YAVAPAI (25),0,NOT APPLICABLE,2,2,3,March,2018,6,Friday,18,6:00pm-6:59pm,43,43,1,This section IS ON the NHS,1,Rural,3,Principal Arterial - Other,1,State Highway Agency,2,U.S. Highway,US-93,,1745,1745,34.23055000,34.23055000,-113.070555600,-113.07055556,0,No Special Jurisdiction,12,Motor Vehicle In-Transport,6,Angle,0,No,1,Non-Junction,1,Not an Intersection,0,None,,,1,On Roadway,5,Dusk,1,Clear,0,No Additional Atmospheric Conditions,1,Clear,0,No,0000000,Not Applicable,18,6:00pm-6:59pm,43,43,19,7:00pm-7:59pm,16,16,99,Unknown,99,Unknown EMS Hospital Arrival Time,0,None,0,None,0,None,1,1
2018,4,40171,Arizona,2,2,0,3,3,3,3,19,PIMA (19),530,TUCSON,3,3,3,March,2018,7,Saturday,11,11:00am-11:59am,1,1,0,This section IS NOT on the NHS,2,Urban,3,Principal Arterial - Other,4,City or Municipal Highway Agency,6,Local Street - Municipality,KOLB RD,TANQUE VERDE RD,0,None,32.24811944,32.24811944,-110.850102800,-110.85010278,0,No Special Jurisdiction,8,Pedestrian,0,Not a Collision with Motor Vehicle In-Transport,0,No,3,Intersection-Related,2,Four-Way Intersection,0,None,,,4,On Roadside,1,Daylight,1,Clear,0,No Additional Atmospheric Conditions,1,Clear,0,No,0000000,Not Applicable,11,11:00am-11:59am,1,1,11,11:00am-11:59am,6,6,99,Unknown,99,Unknown EMS Hospital Arrival Time,15,"Non-occupant struck by falling cargo, or something that came loose from, or something that was set in motion by a vehicle",0,None,0,None,1,0
2018,4,40172,Arizona,1,1,0,0,0,2,2,7,GILA (7),0,NOT APPLICABLE,3,3,3,March,2018,7,Saturday,14,2:00pm-2:59pm,43,43,0,This section IS NOT on the NHS,1,Rural,7,Local,98,Not Reported,8,Other,FOREST SERVICE RD 1256,,0,None,34.33862500,34.33862500,-111.233433300,-111.23343333,0,No Special Jurisdiction,18,Other Object (not fixed),0,Not a Collision with Motor Vehicle In-Transport,0,No,1,Non-Junction,1,Not an Intersection,0,None,,,4,On Roadside,1,Daylight,1,Clear,0,No Additional Atmospheric Conditions,1,Clear,0,No,0000000,Not Applicable,99,Unknown,99,Unknown,99,Unknown EMS Scene Arrival Hour,99,Unknown EMS Scene Arrival Minutes,99,Unknown,99,Unknown EMS Hospital Arrival Time,0,None,0,None,0,None,1,0
2018,4,40173,Arizona,2,2,0,1,1,4,4,7,GILA (7),0,NOT APPLICABLE,3,3,3,March,2018,7,Saturday,23,11:00pm-11:59pm,26,26,0,This section IS NOT on the NHS,1,Rural,4,Minor Arterial,1,State Highway Agency,2,U.S. Highway,US-70,,35,35,33.36598889,33.36598889,-110.715661100,-110.71566111,3,Indian Reservation,8,Pedestrian,0,Not a Collision with Motor Vehicle In-Transport,0,No,1,Non-Junction,1,Not an Intersection,0,None,,,1,On Roadway,2,Dark - Not Lighted,1,Clear,0,No Additional Atmospheric Conditions,1,Clear,0,No,0000000,Not Applicable,23,11:00pm-11:59pm,26,26,23,11:00pm-11:59pm,39,39,99,Unknown,99,Unknown EMS Hospital Arrival Time,0,None,0,None,0,None,1,0
2018,4,40174,Arizona,1,1,0,1,1,3,3,13,MARICOPA (13),368,PEORIA,4,4,3,March,2018,1,Sunday,15,3:00pm-3:59pm,48,48,0,This section IS NOT on the NHS,2,Urban,3,Principal Arterial - Other,4,City or Municipal Highway Agency,6,Local Street - Municipality,67TH AVE,,0,None,33.57043333,33.57043333,-112.202969400,-112.20296944,0,No Special Jurisdiction,33,Curb,0,Not a Collision with Motor Vehicle In-Transport,0,No,1,Non-Junction,1,Not an Intersection,0,None,,,4,On Roadside,1,Daylight,1,Clear,0,No Additional Atmospheric Conditions,1,Clear,0,No,0000000,Not Applicable,15,3:00pm-3:59pm,46,46,15,3:00pm-3:59pm,48,48,15,3:00pm-3:59pm,58,58,0,None,0,None,0,None,1,0
2018,4,40175,Arizona,2,2,0,0,0,2,2,3,COCHISE (3),431,SIERRA VISTA,5,5,3,March,2018,2,Monday,12,12:00pm-12:59pm,36,36,1,This section IS ON the NHS,2,Urban,3,Principal Arterial - Other,1,State Highway Agency,3,State Highway,SR-90,,295,295,31.56945556,31.56945556,-110.282916700,-110.28291667,0,No Special Jurisdiction,12,Motor Vehicle In-Transport,2,Front-to-Front,0,No,1,Non-Junction,1,Not an Intersection,0,None,,,1,On Roadway,1,Daylight,1,Clear,0,No Additional Atmospheric Conditions,1,Clear,0,No,0000000,Not Applicable,12,12:00pm-12:59pm,36,36,12,12:00pm-12:59pm,43,43,88,Not Applicable (Not Transported),88,Not Applicable (Not Transported),0,None,0,None,0,None,1,0
2018,4,40176,Arizona,2,2,0,0,0,2,2,13,MARICOPA (13),290,MESA,5,5,3,March,2018,2,Monday,20,8:00pm-8:59pm,23,23,0,This section IS NOT on the NHS,2,Urban,4,Minor Arterial,4,City or Municipal Highway Agency,6,Local Street - Municipality,SOSSAMAN RD,PUEBLO AVE,0,None,33.40063056,33.40063056,-111.667480600,-111.66748056,0,No Special Jurisdiction,12,Motor Vehicle In-Transport,6,Angle,0,No,2,Intersection,2,Four-Way Intersection,0,None,,,1,On Roadway,3,Dark - Lighted,1,Clear,0,No Additional Atmospheric Conditions,1,Clear,0,No,0000000,Not Applicable,20,8:00pm-8:59pm,25,25,20,8:00pm-8:59pm,28,28,99,Unknown,99,Unknown EMS Hospital Arrival Time,0,None,0,None,0,None,1,0
2018,4,40177,Arizona,1,1,0,1,1,1,1,13,MARICOPA (13),370,PHOENIX,6,6,3,March,2018,3,Tuesday,0,0:00am-0:59am,2,2,0,This section IS NOT on the NHS,2,Urban,3,Principal Arterial - Other,4,City or Municipal Highway Agency,6,Local Street - Municipality,WASHINGTON ST,,0,None,33.44828333,33.44828333,-111.988150000,-111.988150000,0,No Special Jurisdiction,8,Pedestrian,0,Not a Collision with Motor Vehicle In-Transport,0,No,1,Non-Junction,1,Not an Intersection,0,None,,,1,On Roadway,3,Dark - Lighted,1,Clear,0,No Additional Atmospheric Conditions,1,Clear,0,No,0000000,Not Applicable,0,0:00am-0:59am,4,4,0,0:00am-0:59am,11,11,0,0:00am-0:59am,23,23,0,None,0,None,0,None,1,0
2018,4,40178,Arizona,1,1,0,1,1,1,1,13,MARICOPA (13),370,PHOENIX,6,6,3,March,2018,3,Tuesday,4,4:00am-4:59am,57,57,0,This section IS NOT on the NHS,2,Urban,3,Principal Arterial - Other,1,State Highway Agency,6,Local Street - Municipality,THOMAS RD,36TH ST,0,None,33.48046111,33.48046111,-112.004152800,-112.00415278,0,No Special Jurisdiction,8,Pedestrian,0,Not a Collision with Motor Vehicle In-Transport,0,No,3,Intersection-Related,2,Four-Way Intersection,0,None,,,1,On Roadway,3,Dark - Lighted,1,Clear,0,No Additional Atmospheric Conditions,1,Clear,0,No,0000000,Not Applicable,4,4:00am-4:59am,58,58,4,4:00am-4:59am,59,59,5,5:00am-5:59am,19,19,0,None,0,None,0,None,1,0
2018,4,40179,Arizona,2,2,0,0,0,4,4,13,MARICOPA (13),290,MESA,6,6,3,March,2018,3,Tuesday,20,8:00pm-8:59pm,45,45,0,This section IS NOT on the NHS,2,Urban,3,Principal Arterial - Other,1,State Highway Agency,6,Local Street - Municipality,SOUTHERN AVE,,0,None,33.39351944,33.39351944,-111.647669400,-111.64766944,0,No Special Jurisdiction,12,Motor Vehicle In-Transport,7,Sideswipe - Same Direction,0,No,8,Driveway Access Related,1,Not an Intersection,0,None,,,1,On Roadway,3,Dark - Lighted,1,Clear,0,No Additional Atmospheric Conditions,1,Clear,0,No,0000000,Not Applicable,20,8:00pm-8:59pm,46,46,20,8:00pm-8:59pm,50,50,21,9:00pm-9:59pm,9,9,0,None,0,None,0,None,1,0
2018,4,40180,Arizona,1,1,0,1,1,1,1,13,MARICOPA (13),370,PHOENIX,10,10,3,March,2018,7,Saturday,3,3:00am-3:59am,34,34,1,This section IS ON the NHS,2,Urban,3,Principal Arterial - Other,4,City or Municipal Highway Agency,6,Local Street - Municipality,BASELINE RD,,0,None,33.37773056,33.37773056,-112.098294400,-112.09829444,0,No Special Jurisdiction,9,Pedalcyclist,0,Not a Collision with Motor Vehicle In-Transport,0,No,1,Non-Junction,1,Not an Intersection,0,None,,,1,On Roadway,3,Dark - Lighted,1,Clear,0,No Additional Atmospheric Conditions,1,Clear,0,No,0000000,Not Applicable,3,3:00am-3:59am,36,36,3,3:00am-3:59am,41,41,88,Not Applicable (Not Transported),88,Not Applicable (Not Transported),0,None,0,None,0,None,1,0
2018,4,40181,Arizona,2,2,0,0,0,6,6,5,COCONINO (5),0,NOT APPLICABLE,10,10,3,March,2018,7,Saturday,19,7:00pm-7:59pm,10,10,1,This section IS ON the NHS,1,Rural,3,Principal Arterial - Other,1,State Highway Agency,3,State Highway,SR-64,,297,297,35.67899722,35.67899722,-112.135805600,-112.13580556,0,No Special Jurisdiction,12,Motor Vehicle In-Transport,2,Front-to-Front,0,No,1,Non-Junction,1,Not an Intersection,0,None,,,1,On Roadway,2,Dark - Not Lighted,2,Rain,0,No Additional Atmospheric Conditions,2,Rain,0,No,0000000,Not Applicable,19,7:00pm-7:59pm,10,10,19,7:00pm-7:59pm,13,13,99,Unknown,99,Unknown EMS Hospital Arrival Time,0,None,0,None,0,None,2,1
2018,4,40183,Arizona,1,1,0,0,0,1,1,7,GILA (7),0,NOT APPLICABLE,11,11,3,March,2018,1,Sunday,17,5:00pm-5:59pm,33,33,1,This section IS ON the NHS,1,Rural,3,Principal Arterial - Other,1,State Highway Agency,3,State Highway,SR-87,,1125,1125,33.96134722,33.96134722,-111.393058300,-111.39305833,0,No Special Jurisdiction,35,Embankment,0,Not a Collision with Motor Vehicle In-Transport,0,No,1,Non-Junction,1,Not an Intersection,0,None,,,3,On Median,1,Daylight,10,Cloudy,0,No Additional Atmospheric Conditions,10,Cloudy,0,No,0000000,Not Applicable,17,5:00pm-5:59pm,38,38,18,6:00pm-6:59pm,0,0,88,Not Applicable (Not Transported),88,Not Applicable (Not Transported),0,None,0,None,0,None,1,0
2018,4,40184,Arizona,1,1,0,1,1,1,1,13,MARICOPA (13),290,MESA,12,12,3,March,2018,2,Monday,10,10:00am-10:59am,12,12,0,This section IS NOT on the NHS,2,Urban,3,Principal Arterial - Other,4,City or Municipal Highway Agency,6,Local Street - Municipality,UNIVERSITY DR,ST PAUL,0,None,33.42285556,33.42285556,-111.722202800,-111.72220278,0,No Special Jurisdiction,8,Pedestrian,0,Not a Collision with Motor Vehicle In-Transport,0,No,3,Intersection-Related,2,Four-Way Intersection,0,None,,,1,On Roadway,1,Daylight,1,Clear,0,No Additional Atmospheric Conditions,1,Clear,0,No,0000000,Not Applicable,10,10:00am-10:59am,12,12,10,10:00am-10:59am,20,20,10,10:00am-10:59am,44,44,19,Recent/Previous Crash scene Nearby,0,None,0,None,1,0
2018,4,40185,Arizona,1,1,0,1,1,1,1,13,MARICOPA (13),420,SCOTTSDALE,12,12,3,March,2018,2,Monday,20,8:00pm-8:59pm,15,15,0,This section IS NOT on the NHS,2,Urban,5,Major Collector,4,City or Municipal Highway Agency,6,Local Street - Municipality,68TH ST,6TH ST,0,None,33.48831111,33.48831111,-111.934797200,-111.93479722,0,No Special Jurisdiction,8,Pedestrian,0,Not a Collision with Motor Vehicle In-Transport,0,No,3,Intersection-Related,2,Four-Way Intersection,0,None,,,1,On Roadway,3,Dark - Lighted,1,Clear,0,No Additional Atmospheric Conditions,1,Clear,0,No,0000000,Not Applicable,20,8:00pm-8:59pm,15,15,20,8:00pm-8:59pm,24,24,20,8:00pm-8:59pm,42,42,0,None,0,None,0,None,1,0
2018,4,40186,Arizona,2,2,0,0,0,2,2,15,MOHAVE (15),0,NOT APPLICABLE,13,13,3,March,2018,3,Tuesday,21,9:00pm-9:59pm,3,3,0,This section IS NOT on the NHS,1,Rural,5,Major Collector,1,State Highway Agency,3,State Highway,SR-66,,98,98,35.32590556,35.32590556,-113.906786100,-113.90678611,0,No Special Jurisdiction,12,Motor Vehicle In-Transport,2,Front-to-Front,0,No,1,Non-Junction,1,Not an Intersection,0,None,,,1,On Roadway,2,Dark - Not Lighted,1,Clear,0,No Additional Atmospheric Conditions,1,Clear,0,No,0000000,Not Applicable,21,9:00pm-9:59pm,3,3,21,9:00pm-9:59pm,14,14,88,Not Applicable (Not Transported),88,Not Applicable (Not Transported),0,None,0,None,0,None,1,1
2018,4,40187,Arizona,2,2,0,0,0,3,3,19,PIMA (19),530,TUCSON,14,14,3,March,2018,4,Wednesday,19,7:00pm-7:59pm,32,32,0,This section IS NOT on the NHS,2,Urban,3,Principal Arterial - Other,4,City or Municipal Highway Agency,6,Local Street - Municipality,BROADWAY BLVD,HARRISON RD,0,None,32.22085833,32.22085833,-110.789875000,-110.789875000,0,No Special Jurisdiction,12,Motor Vehicle In-Transport,6,Angle,0,No,2,Intersection,2,Four-Way Intersection,1,Construction,,,1,On Roadway,3,Dark - Lighted,10,Cloudy,0,No Additional Atmospheric Conditions,10,Cloudy,0,No,0000000,Not Applicable,19,7:00pm-7:59pm,32,32,19,7:00pm-7:59pm,34,34,20,8:00pm-8:59pm,0,0,0,None,0,None,0,None,1,0
2018,4,40188,Arizona,1,1,0,0,0,2,2,27,YUMA (27),0,NOT APPLICABLE,16,16,3,March,2018,6,Friday,12,12:00pm-12:59pm,1,1,1,This section IS ON the NHS,1,Rural,1,Interstate,1,State Highway Agency,1,Interstate,I-8,,548,548,32.72559444,32.72559444,-113.750450000,-113.750450000,0,No Special Jurisdiction,31,"Post, Pole or Other Supports",0,Not a Collision with Motor Vehicle In-Transport,0,No,1,Non-Junction,1,Not an Intersection,0,None,,,3,On Median,1,Daylight,1,Clear,0,No Additional Atmospheric Conditions,1,Clear,0,No,0000000,Not Applicable,12,12:00pm-12:59pm,0,0,12,12:00pm-12:59pm,32,32,13,1:00pm-1:59pm,56,56,0,None,0,None,0,None,1,0
2018,4,40189,Arizona,1,1,0,0,0,1,1,25,YAVAPAI (25),0,NOT APPLICABLE,17,17,3,March,2018,7,Saturday,14,2:00pm-2:59pm,56,56,1,This section IS ON the NHS,1,Rural,1,Interstate,1,State Highway Agency,1,Interstate,I-17,,507,507,34.09010556,34.09010556,-112.143833300,-112.14383333,0,No Special Jurisdiction,42,Tree (Standing Only),0,Not a Collision with Motor Vehicle In-Transport,0,No,1,Non-Junction,1,Not an Intersection,0,None,,,3,On Median,1,Daylight,1,Clear,0,No Additional Atmospheric Conditions,1,Clear,0,No,0000000,Not Applicable,14,2:00pm-2:59pm,56,56,15,3:00pm-3:59pm,2,2,88,Not Applicable (Not Transported),88,Not Applicable (Not Transported),0,None,0,None,0,None,1,1
2018,4,40190,Arizona,1,1,0,1,1,1,1,13,MARICOPA (13),370,PHOENIX,18,18,3,March,2018,1,Sunday,0,0:00am-0:59am,4,4,0,This section IS NOT on the NHS,2,Urban,7,Local,98,Not Reported,6,Local Street - Municipality,24TH ST,ALICIA DR,0,None,33.37130278,33.37130278,-112.031619400,-112.03161944,0,No Special Jurisdiction,8,Pedestrian,0,Not a Collision with Motor Vehicle In-Transport,0,No,3,Intersection-Related,3,T-Intersection,0,None,,,1,On Roadway,3,Dark - Lighted,1,Clear,0,No Additional Atmospheric Conditions,1,Clear,0,No,0000000,Not Applicable,0,0:00am-0:59am,5,5,0,0:00am-0:59am,10,10,0,0:00am-0:59am,26,26,0,None,0,None,0,None,1,0
2018,4,40191,Arizona,1,1,0,0,0,1,1,13,MARICOPA (13),0,NOT APPLICABLE,18,18,3,March,2018,1,Sunday,16,4:00pm-4:59pm,8,8,1,This section IS ON the NHS,2,Urban,1,Interstate,1,State Highway Agency,1,Interstate,I-17,,366,366,33.89355833,33.89355833,-112.147022200,-112.14702222,0,No Special Jurisdiction,1,Rollover/Overturn,0,Not a Collision with Motor Vehicle In-Transport,0,No,1,Non-Junction,1,Not an Intersection,0,None,,,3,On Median,1,Daylight,1,Clear,0,No Additional Atmospheric Conditions,1,Clear,0,No,0000000,Not Applicable,16,4:00pm-4:59pm,8,8,16,4:00pm-4:59pm,14,14,16,4:00pm-4:59pm,47,47,0,None,0,None,0,None,1,1
2018,4,40192,Arizona,2,2,0,0,0,3,3,5,COCONINO (5),0,NOT APPLICABLE,19,19,3,March,2018,2,Monday,5,5:00am-5:59am,11,11,1,This section IS ON the NHS,1,Rural,3,Principal Arterial - Other,1,State Highway Agency,2,U.S. Highway,US-160,INDIAN ROUTE 21,315,315,36.31906111,36.31906111,-110.947425000,-110.947425000,3,Indian Reservation,12,Motor Vehicle In-Transport,6,Angle,0,No,2,Intersection,3,T-Intersection,0,None,,,1,On Roadway,4,Dawn,1,Clear,0,No Additional Atmospheric Conditions,1,Clear,0,No,0000000,Not Applicable,5,5:00am-5:59am,30,30,5,5:00am-5:59am,40,40,88,Not Applicable (Not Transported),88,Not Applicable (Not Transported),0,None,0,None,0,None,2,0
2018,4,40193,Arizona,1,1,0,0,0,2,2,13,MARICOPA (13),290,MESA,19,19,3,March,2018,2,Monday,14,2:00pm-2:59pm,48,48,1,This section IS ON the NHS,2,Urban,2,Principal Arterial - Other Freeways and Expressways,1,State Highway Agency,2,U.S. Highway,US-60,,1476,1476,33.38615000,33.38615000,-111.840200000,-111.840200000,0,No Special Jurisdiction,25,Concrete Traffic Barrier,0,Not a Collision with Motor Vehicle In-Transport,1,Yes,19,Other location within Interchange Area,1,Not an Intersection,0,None,,,3,On Median,1,Daylight,1,Clear,0,No Additional Atmospheric Conditions,1,Clear,0,No,0000000,Not Applicable,14,2:00pm-2:59pm,48,48,15,3:00pm-3:59pm,1,1,15,3:00pm-3:59pm,20,20,0,None,0,None,0,None,1,0
2018,4,40195,Arizona,1,1,0,0,0,1,1,25,YAVAPAI (25),0,NOT APPLICABLE,20,20,3,March,2018,3,Tuesday,10,10:00am-10:59am,36,36,1,This section IS ON the NHS,1,Rural,1,Interstate,1,State Highway Agency,1,Interstate,I-17,,659,659,34.29277222,34.29277222,-112.125555600,-112.12555556,0,No Special Jurisdiction,52,Guardrail End,0,Not a Collision with Motor Vehicle In-Transport,0,No,1,Non-Junction,1,Not an Intersection,0,None,,,4,On Roadside,1,Daylight,1,Clear,0,No Additional Atmospheric Conditions,1,Clear,0,No,0000000,Not Applicable,10,10:00am-10:59am,37,37,10,10:00am-10:59am,48,48,88,Not Applicable (Not Transported),88,Not Applicable (Not Transported),0,None,0,None,0,None,1,0
2018,4,40197,Arizona,2,2,0,0,0,3,3,5,COCONINO (5),0,NOT APPLICABLE,24,24,3,March,2018,7,Saturday,14,2:00pm-2:59pm,19,19,0,This section IS NOT on the NHS,1,Rural,5,Major Collector,1,State Highway Agency,3,State Highway,SR-98,,241,241,36.67071667,36.67071667,-111.256397200,-111.25639722,3,Indian Reservation,12,Motor Vehicle In-Transport,2,Front-to-Front,0,No,1,Non-Junction,1,Not an Intersection,0,None,,,1,On Roadway,1,Daylight,10,Cloudy,0,No Additional Atmospheric Conditions,10,Cloudy,0,No,0000000,Not Applicable,14,2:00pm-2:59pm,26,26,15,3:00pm-3:59pm,6,6,88,Not Applicable (Not Transported),88,Not Applicable (Not Transported),0,None,0,None,0,None,3,0
2018,4,40198,Arizona,2,2,0,0,0,2,2,13,MARICOPA (13),30,AVONDALE,25,25,3,March,2018,1,Sunday,2,2:00am-2:59am,46,46,0,This section IS NOT on the NHS,2,Urban,4,Minor Arterial,4,City or Municipal Highway Agency,6,Local Street - Municipality,THOMAS RD,,0,None,33.47871944,33.47871944,-112.335091700,-112.33509167,0,No Special Jurisdiction,12,Motor Vehicle In-Transport,1,Front-to-Rear,0,No,1,Non-Junction,1,Not an Intersection,0,None,,,1,On Roadway,3,Dark - Lighted,1,Clear,0,No Additional Atmospheric Conditions,1,Clear,0,No,0000000,Not Applicable,2,2:00am-2:59am,49,49,2,2:00am-2:59am,54,54,3,3:00am-3:59am,7,7,0,None,0,None,0,None,1,1
2018,4,40201,Arizona,1,1,0,0,0,2,2,13,MARICOPA (13),368,PEORIA,27,27,3,March,2018,3,Tuesday,13,1:00pm-1:59pm,38,38,1,This section IS ON the NHS,2,Urban,2,Principal Arterial - Other Freeways and Expressways,1,State Highway Agency,3,State Highway,SR-101 RAMP,,110,110,33.60821111,33.60821111,-112.244652800,-112.24465278,0,No Special Jurisdiction,59,Traffic Sign Support,0,Not a Collision with Motor Vehicle In-Transport,1,Yes,5,Entrance/Exit Ramp Related,1,Not an Intersection,0,None,,,4,On Roadside,1,Daylight,1,Clear,0,No Additional Atmospheric Conditions,1,Clear,0,No,0000000,Not Applicable,13,1:00pm-1:59pm,39,39,13,1:00pm-1:59pm,45,45,14,2:00pm-2:59pm,15,15,0,None,0,None,0,None,1,0
2018,4,40202,Arizona,3,3,0,0,0,7,7,13,MARICOPA (13),490,TEMPE,27,27,3,March,2018,3,Tuesday,16,4:00pm-4:59pm,50,50,1,This section IS ON the NHS,2,Urban,2,Principal Arterial - Other Freeways and Expressways,1,State Highway Agency,2,U.S. Highway,US-60 RAMP,,1414,1414,33.39130556,33.39130556,-111.967633300,-111.96763333,0,No Special Jurisdiction,25,Concrete Traffic Barrier,0,Not a Collision with Motor Vehicle In-Transport,1,Yes,5,Entrance/Exit Ramp Related,1,Not an Intersection,0,None,,,3,On Median,1,Daylight,1,Clear,0,No Additional Atmospheric Conditions,1,Clear,0,No,0000000,Not Applicable,16,4:00pm-4:59pm,52,52,17,5:00pm-5:59pm,1,1,88,Not Applicable (Not Transported),88,Not Applicable (Not Transported),14,"Motor Vehicle struck by falling cargo,or something that came loose from or something that was set in motion by a vehicle",0,None,0,None,1,1