caseyear,state,st_case,statename,ve_total,ve_forms,pvh_invl,peds,pernotmvit,permvit,persons,county,countyname,city,cityname,day,dayname,month,monthname,year,day_week,day_weekname,hour,hourname,minute,minutename,nhs,nhsname,rur_urb,rur_urbname,func_sys,func_sysname,rd_owner,rd_ownername,route,routename,tway_id,tway_id2,milept,mileptname,latitude,latitudename,longitud,longitudname,sp_jur,sp_jurname,harm_ev,harm_evname,man_coll,man_collname,reljct1,reljct1name,reljct2,reljct2name,typ_int,typ_intname,wrk_zone,wrk_zonename,road_fnc,road_fncname,rel_road,rel_roadname,lgt_cond,lgt_condname,weather1,weather1name,weather2,weather2name,weather,weathername,sch_bus,sch_busname,rail,railname,not_hour,not_hourname,not_min,not_minname,arr_hour,arr_hourname,arr_min,arr_minname,hosp_hr,hosp_hrname,hosp_mn,hosp_mnname,cf1,cf1name,cf2,cf2name,cf3,cf3name,fatals,drunk_dr
2018,4,40320,Arizona,2,2,0,0,0,2,2,13,MARICOPA (13),370,PHOENIX,3,3,4,April,2018,3,Tuesday,9,9:00am-9:59am,0,0,0,This section IS NOT on the NHS,2,Urban,5,Major Collector,4,City or Municipal Highway Agency,6,Local Street - Municipality,23RD AVE,MELINDA LN,0,None,33.68193056,33.68193056,-112.108636100,-112.10863611,0,No Special Jurisdiction,12,Motor Vehicle In-Transport,99,Reported as Unknown,0,No,2,Intersection,3,T-Intersection,0,None,,,1,On Roadway,1,Daylight,98,Not Reported,0,No Additional Atmospheric Conditions,98,Not Reported,0,No,0000000,Not Applicable,99,Unknown,99,Unknown,99,Unknown EMS Scene Arrival Hour,99,Unknown EMS Scene Arrival Minutes,88,Not Applicable (Not Transported),88,Not Applicable (Not Transported),0,None,0,None,0,None,1,0
2018,4,40321,Arizona,1,1,0,1,1,1,1,13,MARICOPA (13),370,PHOENIX,5,5,4,April,2018,5,Thursday,22,10:00pm-10:59pm,43,43,0,This section IS NOT on the NHS,2,Urban,3,Principal Arterial - Other,4,City or Municipal Highway Agency,6,Local Street - Municipality,GLENDALE AVE,,0,None,33.53863056,33.53863056,-112.100388900,-112.10038889,0,No Special Jurisdiction,8,Pedestrian,0,Not a Collision with Motor Vehicle In-Transport,0,No,1,Non-Junction,1,Not an Intersection,0,None,,,1,On Roadway,3,Dark - Lighted,1,Clear,0,No Additional Atmospheric Conditions,1,Clear,0,No,0000000,Not Applicable,22,10:00pm-10:59pm,44,44,22,10:00pm-10:59pm,47,47,23,11:00pm-11:59pm,0,0,0,None,0,None,0,None,1,0
2018,4,40322,Arizona,1,1,0,0,0,1,1,13,MARICOPA (13),370,PHOENIX,6,6,4,April,2018,6,Friday,21,9:00pm-9:59pm,56,56,0,This section IS NOT on the NHS,2,Urban,4,Minor Arterial,4,City or Municipal Highway Agency,6,Local Street - Municipality,UNION HILLS DR,,0,None,99.99990000,Unknown,999.999900000,Unknown,0,No Special Jurisdiction,33,Curb,0,Not a Collision with Motor Vehicle In-Transport,0,No,1,Non-Junction,1,Not an Intersection,0,None,,,4,On Roadside,6,Dark - Unknown Lighting,98,Not Reported,0,No Additional Atmospheric Conditions,98,Not Reported,0,No,0000000,Not Applicable,99,Unknown,99,Unknown,99,Unknown EMS Scene Arrival Hour,99,Unknown EMS Scene Arrival Minutes,99,Unknown,99,Unknown EMS Hospital Arrival Time,0,None,0,None,0,None,1,0
2018,4,40323,Arizona,2,2,0,0,0,3,3,13,MARICOPA (13),370,PHOENIX,7,7,4,April,2018,7,Saturday,2,2:00am-2:59am,5,5,0,This section IS NOT on the NHS,2,Urban,4,Minor Arterial,4,City or Municipal Highway Agency,6,Local Street - Municipality,75TH AVE,,0,None,33.42808056,33.42808056,-112.221233300,-112.22123333,0,No Special Jurisdiction,12,Motor Vehicle In-Transport,6,Angle,0,No,8,Driveway Access Related,1,Not an Intersection,0,None,,,1,On Roadway,6,Dark - Unknown Lighting,98,Not Reported,0,No Additional Atmospheric Conditions,98,Not Reported,0,No,0000000,Not Applicable,99,Unknown,99,Unknown,99,Unknown EMS Scene Arrival Hour,99,Unknown EMS Scene Arrival Minutes,99,Unknown,99,Unknown EMS Hospital Arrival Time,0,None,0,None,0,None,1,1
2018,4,40324,Arizona,1,1,0,1,1,1,1,13,MARICOPA (13),370,PHOENIX,7,7,4,April,2018,7,Saturday,20,8:00pm-8:59pm,7,7,0,This section IS NOT on the NHS,2,Urban,7,Local,98,Not Reported,6,Local Street - Municipality,HIGHLAND AVE,,0,None,99.99990000,Unknown,999.999900000,Unknown,0,No Special Jurisdiction,8,Pedestrian,0,Not a Collision with Motor Vehicle In-Transport,0,No,1,Non-Junction,1,Not an Intersection,0,None,,,1,On Roadway,6,Dark - Unknown Lighting,98,Not Reported,0,No Additional Atmospheric Conditions,98,Not Reported,0,No,0000000,Not Applicable,99,Unknown,99,Unknown,99,Unknown EMS Scene Arrival Hour,99,Unknown EMS Scene Arrival Minutes,88,Not Applicable (Not Transported),88,Not Applicable (Not Transported),0,None,0,None,0,None,1,1
2018,4,40325,Arizona,1,1,0,1,1,1,1,13,MARICOPA (13),370,PHOENIX,8,8,4,April,2018,1,Sunday,20,8:00pm-8:59pm,21,21,0,This section IS NOT on the NHS,2,Urban,3,Principal Arterial - Other,4,City or Municipal Highway Agency,6,Local Street - Municipality,CAMELBACK RD,31ST AVE,0,None,33.50949722,33.50949722,-112.125752800,-112.12575278,0,No Special Jurisdiction,8,Pedestrian,0,Not a Collision with Motor Vehicle In-Transport,0,No,3,Intersection-Related,2,Four-Way Intersection,0,None,,,1,On Roadway,3,Dark - Lighted,1,Clear,0,No Additional Atmospheric Conditions,1,Clear,0,No,0000000,Not Applicable,20,8:00pm-8:59pm,23,23,20,8:00pm-8:59pm,27,27,88,Not Applicable (Not Transported),88,Not Applicable (Not Transported),0,None,0,None,0,None,1,0
2018,4,40326,Arizona,1,1,0,1,1,1,1,17,NAVAJO (17),0,NOT APPLICABLE,9,9,4,April,2018,2,Monday,99,Unknown Hours,99,Unknown Minutes,0,This section IS NOT on the NHS,1,Rural,7,Local,62,Bureau of Indian Affairs,8,Other,CIBECUE RD,,0,None,99.99990000,Unknown,999.999900000,Unknown,3,Indian Reservation,8,Pedestrian,0,Not a Collision with Motor Vehicle In-Transport,0,No,99,Reported as Unknown,99,Reported as Unknown,0,None,,,98,Not Reported,9,Reported as Unknown,98,Not Reported,0,No Additional Atmospheric Conditions,98,Not Reported,0,No,0000000,Not Applicable,99,Unknown,99,Unknown,99,Unknown EMS Scene Arrival Hour,99,Unknown EMS Scene Arrival Minutes,88,Not Applicable (Not Transported),88,Not Applicable (Not Transported),0,None,0,None,0,None,1,0
2018,4,40327,Arizona,1,1,0,1,1,0,0,17,NAVAJO (17),0,NOT APPLICABLE,10,10,4,April,2018,3,Tuesday,23,11:00pm-11:59pm,5,5,0,This section IS NOT on the NHS,1,Rural,7,Local,98,Not Reported,8,Other,TALL MOUNTAIN RD,,0,None,99.99990000,Unknown,999.999900000,Unknown,0,No Special Jurisdiction,8,Pedestrian,0,Not a Collision with Motor Vehicle In-Transport,0,No,1,Non-Junction,1,Not an Intersection,0,None,,,1,On Roadway,6,Dark - Unknown Lighting,98,Not Reported,0,No Additional Atmospheric Conditions,98,Not Reported,0,No,0000000,Not Applicable,99,Unknown,99,Unknown,99,Unknown EMS Scene Arrival Hour,99,Unknown EMS Scene Arrival Minutes,88,Not Applicable (Not Transported),88,Not Applicable (Not Transported),0,None,0,None,0,None,1,0
2018,4,40328,Arizona,2,2,0,0,0,2,2,13,MARICOPA (13),370,PHOENIX,11,11,4,April,2018,4,Wednesday,23,11:00pm-11:59pm,15,15,1,This section IS ON the NHS,2,Urban,3,Principal Arterial - Other,4,City or Municipal Highway Agency,6,Local Street - Municipality,51ST AVE,ROOSEVELT ST,0,None,33.45859722,33.45859722,-112.169208300,-112.16920833,0,No Special Jurisdiction,12,Motor Vehicle In-Transport,6,Angle,0,No,2,Intersection,2,Four-Way Intersection,0,None,,,1,On Roadway,3,Dark - Lighted,1,Clear,0,No Additional Atmospheric Conditions,1,Clear,0,No,0000000,Not Applicable,23,11:00pm-11:59pm,16,16,23,11:00pm-11:59pm,22,22,23,11:00pm-11:59pm,37,37,0,None,0,None,0,None,1,0
2018,4,40329,Arizona,1,1,0,0,0,1,1,13,MARICOPA (13),370,PHOENIX,12,12,4,April,2018,5,Thursday,20,8:00pm-8:59pm,30,30,0,This section IS NOT on the NHS,2,Urban,7,Local,98,Not Reported,6,Local Street - Municipality,EQUESTRIAN TRL,,0,None,33.33572222,33.33572222,-112.003686100,-112.00368611,0,No Special Jurisdiction,33,Curb,0,Not a Collision with Motor Vehicle In-Transport,0,No,1,Non-Junction,1,Not an Intersection,0,None,,,4,On Roadside,3,Dark - Lighted,1,Clear,0,No Additional Atmospheric Conditions,1,Clear,0,No,0000000,Not Applicable,20,8:00pm-8:59pm,30,30,20,8:00pm-8:59pm,35,35,20,8:00pm-8:59pm,59,59,0,None,0,None,0,None,1,1
2018,4,40330,Arizona,3,3,0,0,0,3,3,13,MARICOPA (13),0,NOT APPLICABLE,13,13,4,April,2018,6,Friday,13,1:00pm-1:59pm,18,18,0,This section IS NOT on the NHS,1,Rural,5,Major Collector,2,County Highway Agency,4,County Road,CR-OLD US-80,WILSON AVE,0,None,33.34828889,33.34828889,-112.659872200,-112.65987222,0,No Special Jurisdiction,1,Rollover/Overturn,0,Not a Collision with Motor Vehicle In-Transport,0,No,2,Intersection,2,Four-Way Intersection,0,None,,,1,On Roadway,1,Daylight,1,Clear,0,No Additional Atmospheric Conditions,1,Clear,0,No,0000000,Not Applicable,13,1:00pm-1:59pm,21,21,13,1:00pm-1:59pm,30,30,99,Unknown,99,Unknown EMS Hospital Arrival Time,0,None,0,None,0,None,1,1
2018,4,40331,Arizona,1,1,0,1,1,1,1,13,MARICOPA (13),370,PHOENIX,15,15,4,April,2018,1,Sunday,21,9:00pm-9:59pm,12,12,0,This section IS NOT on the NHS,2,Urban,4,Minor Arterial,4,City or Municipal Highway Agency,6,Local Street - Municipality,BROADWAY RD,19TH PL,0,None,33.40679722,33.40679722,-112.040711100,-112.04071111,0,No Special Jurisdiction,8,Pedestrian,0,Not a Collision with Motor Vehicle In-Transport,0,No,2,Intersection,3,T-Intersection,0,None,,,1,On Roadway,3,Dark - Lighted,1,Clear,0,No Additional Atmospheric Conditions,1,Clear,0,No,0000000,Not Applicable,21,9:00pm-9:59pm,16,16,21,9:00pm-9:59pm,20,20,88,Not Applicable (Not Transported),88,Not Applicable (Not Transported),0,None,0,None,0,None,1,0
2018,4,40332,Arizona,2,2,0,0,0,3,3,13,MARICOPA (13),368,PEORIA,20,20,4,April,2018,6,Friday,20,8:00pm-8:59pm,18,18,1,This section IS ON the NHS,2,Urban,3,Principal Arterial - Other,4,City or Municipal Highway Agency,6,Local Street - Municipality,NORTHERN AVE,,0,None,33.55091944,33.55091944,-112.301547200,-112.30154722,0,No Special Jurisdiction,12,Motor Vehicle In-Transport,2,Front-to-Front,0,No,1,Non-Junction,1,Not an Intersection,0,None,,,1,On Roadway,2,Dark - Not Lighted,1,Clear,0,No Additional Atmospheric Conditions,1,Clear,0,No,0000000,Not Applicable,20,8:00pm-8:59pm,34,34,20,8:00pm-8:59pm,40,40,99,Unknown,99,Unknown EMS Hospital Arrival Time,0,None,0,None,0,None,1,1
2018,4,40333,Arizona,3,3,0,0,0,5,5,13,MARICOPA (13),370,PHOENIX,21,21,4,April,2018,7,Saturday,1,1:00am-1:59am,18,18,0,This section IS NOT on the NHS,2,Urban,4,Minor Arterial,4,City or Municipal Highway Agency,6,Local Street - Municipality,MCDOWELL RD,,0,None,33.46598889,33.46598889,-112.180494400,-112.18049444,0,No Special Jurisdiction,12,Motor Vehicle In-Transport,7,Sideswipe - Same Direction,0,No,1,Non-Junction,1,Not an Intersection,0,None,,,1,On Roadway,3,Dark - Lighted,1,Clear,0,No Additional Atmospheric Conditions,1,Clear,0,No,0000000,Not Applicable,1,1:00am-1:59am,19,19,1,1:00am-1:59am,25,25,1,1:00am-1:59am,48,48,0,None,0,None,0,None,1,1
2018,4,40334,Arizona,1,1,0,1,1,1,1,13,MARICOPA (13),200,GLENDALE,24,24,4,April,2018,3,Tuesday,4,4:00am-4:59am,30,30,0,This section IS NOT on the NHS,2,Urban,5,Major Collector,4,City or Municipal Highway Agency,6,Local Street - Municipality,55TH AVE,,0,None,99.99990000,Unknown,999.999900000,Unknown,0,No Special Jurisdiction,8,Pedestrian,0,Not a Collision with Motor Vehicle In-Transport,0,No,99,Reported as Unknown,99,Reported as Unknown,0,None,,,99,Reported as Unknown,6,Dark - Unknown Lighting,98,Not Reported,0,No Additional Atmospheric Conditions,98,Not Reported,0,No,0000000,Not Applicable,99,Unknown,99,Unknown,99,Unknown EMS Scene Arrival Hour,99,Unknown EMS Scene Arrival Minutes,99,Unknown,99,Unknown EMS Hospital Arrival Time,0,None,0,None,0,None,1,0
2018,4,40335,Arizona,1,1,0,1,1,1,1,13,MARICOPA (13),490,TEMPE,26,26,4,April,2018,5,Thursday,12,12:00pm-12:59pm,57,57,1,This section IS ON the NHS,2,Urban,3,Principal Arterial - Other,4,City or Municipal Highway Agency,6,Local Street - Municipality,RURAL RD,LA JOLLA DR,0,None,33.38948889,33.38948889,-111.926391700,-111.92639167,0,No Special Jurisdiction,15,Non-Motorist on Personal Conveyance,0,Not a Collision with Motor Vehicle In-Transport,0,No,3,Intersection-Related,2,Four-Way Intersection,0,None,,,1,On Roadway,1,Daylight,1,Clear,0,No Additional Atmospheric Conditions,1,Clear,0,No,0000000,Not Applicable,12,12:00pm-12:59pm,58,58,13,1:00pm-1:59pm,3,3,13,1:00pm-1:59pm,13,13,0,None,0,None,0,None,1,0
2018,4,40336,Arizona,1,1,0,0,0,1,1,1,APACHE (1),0,NOT APPLICABLE,27,27,4,April,2018,6,Friday,2,2:00am-2:59am,7,7,0,This section IS NOT on the NHS,1,Rural,7,Local,98,Not Reported,5,Local Street - Township,LAKE RD,,0,None,36.36635556,36.36635556,-109.622641700,-109.62264167,3,Indian Reservation,1,Rollover/Overturn,0,Not a Collision with Motor Vehicle In-Transport,0,No,99,Reported as Unknown,99,Reported as Unknown,0,None,,,99,Reported as Unknown,6,Dark - Unknown Lighting,98,Not Reported,0,No Additional Atmospheric Conditions,98,Not Reported,0,No,0000000,Not Applicable,99,Unknown,99,Unknown,99,Unknown EMS Scene Arrival Hour,99,Unknown EMS Scene Arrival Minutes,88,Not Applicable (Not Transported),88,Not Applicable (Not Transported),0,None,0,None,0,None,1,0
2018,4,40337,Arizona,1,1,0,1,1,2,2,13,MARICOPA (13),370,PHOENIX,27,27,4,April,2018,6,Friday,20,8:00pm-8:59pm,2,2,0,This section IS NOT on the NHS,2,Urban,4,Minor Arterial,4,City or Municipal Highway Agency,6,Local Street - Municipality,UNION HILLS DR,,0,None,33.53864722,33.53864722,-112.100525000,-112.100525000,0,No Special Jurisdiction,8,Pedestrian,0,Not a Collision with Motor Vehicle In-Transport,0,No,1,Non-Junction,1,Not an Intersection,0,None,,,1,On Roadway,3,Dark - Lighted,1,Clear,0,No Additional Atmospheric Conditions,1,Clear,0,No,0000000,Not Applicable,20,8:00pm-8:59pm,3,3,20,8:00pm-8:59pm,5,5,20,8:00pm-8:59pm,27,27,0,None,0,None,0,None,1,0
2018,4,40338,Arizona,2,2,0,0,0,2,2,13,MARICOPA (13),370,PHOENIX,28,28,4,April,2018,7,Saturday,15,3:00pm-3:59pm,45,45,0,This section IS NOT on the NHS,2,Urban,4,Minor Arterial,4,City or Municipal Highway Agency,6,Local Street - Municipality,40TH ST,THUNDERBIRD RD,0,None,33.61187500,33.61187500,-111.995947200,-111.99594722,0,No Special Jurisdiction,12,Motor Vehicle In-Transport,6,Angle,0,No,2,Intersection,2,Four-Way Intersection,0,None,,,1,On Roadway,1,Daylight,98,Not Reported,0,No Additional Atmospheric Conditions,98,Not Reported,0,No,0000000,Not Applicable,15,3:00pm-3:59pm,46,46,15,3:00pm-3:59pm,50,50,88,Not Applicable (Not Transported),88,Not Applicable (Not Transported),0,None,0,None,0,None,1,0
2018,4,40339,Arizona,1,1,0,0,0,1,1,23,SANTA CRUZ (23),0,NOT APPLICABLE,28,28,4,April,2018,7,Saturday,21,9:00pm-9:59pm,25,25,0,This section IS NOT on the NHS,2,Urban,7,Local,2,County Highway Agency,4,County Road,CR-CALLE COYOTE,,0,None,31.45526667,31.45526667,-110.911886100,-110.91188611,0,No Special Jurisdiction,1,Rollover/Overturn,0,Not a Collision with Motor Vehicle In-Transport,0,No,1,Non-Junction,1,Not an Intersection,0,None,,,4,On Roadside,2,Dark - Not Lighted,1,Clear,0,No Additional Atmospheric Conditions,1,Clear,0,No,0000000,Not Applicable,21,9:00pm-9:59pm,25,25,21,9:00pm-9:59pm,34,34,99,Unknown,99,Unknown EMS Hospital Arrival Time,0,None,0,None,0,None,1,1
2018,4,40340,Arizona,1,1,0,0,0,2,2,13,MARICOPA (13),0,NOT APPLICABLE,29,29,4,April,2018,1,Sunday,12,12:00pm-12:59pm,55,55,0,This section IS NOT on the NHS,1,Rural,7,Local,98,Not Reported,5,Local Street - Township,309TH AVE,LOWER RIVER RD,0,None,33.36263611,33.36263611,-112.714633300,-112.71463333,0,No Special Jurisdiction,58,Ground,0,Not a Collision with Motor Vehicle In-Transport,0,No,3,Intersection-Related,10,L-Intersection,0,None,,,4,On Roadside,1,Daylight,10,Cloudy,0,No Additional Atmospheric Conditions,10,Cloudy,0,No,0000000,Not Applicable,13,1:00pm-1:59pm,10,10,13,1:00pm-1:59pm,10,10,88,Not Applicable (Not Transported),88,Not Applicable (Not Transported),0,None,0,None,0,None,2,1
2018,4,40341,Arizona,2,2,0,0,0,2,2,13,MARICOPA (13),510,TOLLESON,30,30,4,April,2018,2,Monday,5,5:00am-5:59am,54,54,0,This section IS NOT on the NHS,2,Urban,3,Principal Arterial - Other,4,City or Municipal Highway Agency,6,Local Street - Municipality,BUCKEYE RD,107TH AVE,0,None,33.43544722,33.43544722,-112.289750000,-112.289750000,0,No Special Jurisdiction,12,Motor Vehicle In-Transport,6,Angle,0,No,2,Intersection,2,Four-Way Intersection,0,None,,,1,On Roadway,1,Daylight,1,Clear,0,No Additional Atmospheric Conditions,1,Clear,0,No,0000000,Not Applicable,5,5:00am-5:59am,54,54,6,6:00am-6:59am,0,0,88,Not Applicable (Not Transported),88,Not Applicable (Not Transported),0,None,0,None,0,None,1,0
2018,4,40342,Arizona,1,1,0,0,0,1,1,17,NAVAJO (17),0,NOT APPLICABLE,1,1,5,May,2018,3,Tuesday,4,4:00am-4:59am,27,27,0,This section IS NOT on the NHS,1,Rural,5,Major Collector,2,County Highway Agency,4,County Road,CR-BOURDON RANCH RD,,0,None,34.31050833,34.31050833,-109.951455600,-109.95145556,0,No Special Jurisdiction,11,Live Animal,0,Not a Collision with Motor Vehicle In-Transport,0,No,1,Non-Junction,1,Not an Intersection,0,None,,,1,On Roadway,2,Dark - Not Lighted,1,Clear,0,No Additional Atmospheric Conditions,1,Clear,0,No,0000000,Not Applicable,99,Unknown,99,Unknown,99,Unknown EMS Scene Arrival Hour,99,Unknown EMS Scene Arrival Minutes,88,Not Applicable (Not Transported),88,Not Applicable (Not Transported),0,None,0,None,0,None,1,0
2018,4,40343,Arizona,2,2,0,0,0,2,2,13,MARICOPA (13),368,PEORIA,2,2,5,May,2018,4,Wednesday,4,4:00am-4:59am,33,33,0,This section IS NOT on the NHS,2,Urban,4,Minor Arterial,4,City or Municipal Highway Agency,6,Local Street - Municipality,CACTUS RD,87TH AVE,0,None,33.59543333,33.59543333,-112.246475000,-112.246475000,0,No Special Jurisdiction,12,Motor Vehicle In-Transport,6,Angle,0,No,2,Intersection,2,Four-Way Intersection,0,None,,,1,On Roadway,3,Dark - Lighted,10,Cloudy,0,No Additional Atmospheric Conditions,10,Cloudy,0,No,0000000,Not Applicable,4,4:00am-4:59am,34,34,4,4:00am-4:59am,38,38,88,Not Applicable (Not Transported),88,Not Applicable (Not Transported),0,None,0,None,0,None,1,1
2018,4,40344,Arizona,1,1,0,1,1,1,1,13,MARICOPA (13),370,PHOENIX,3,3,5,May,2018,5,Thursday,10,10:00am-10:59am,2,2,0,This section IS NOT on the NHS,2,Urban,5,Major Collector,4,City or Municipal Highway Agency,6,Local Street - Municipality,12TH ST,,0,None,33.53396389,33.53396389,-112.056222200,-112.05622222,0,No Special Jurisdiction,8,Pedestrian,0,Not a Collision with Motor Vehicle In-Transport,0,No,1,Non-Junction,1,Not an Intersection,0,None,,,4,On Roadside,1,Daylight,1,Clear,0,No Additional Atmospheric Conditions,1,Clear,0,No,0000000,Not Applicable,10,10:00am-10:59am,4,4,10,10:00am-10:59am,10,10,10,10:00am-10:59am,21,21,0,None,0,None,0,None,2,0
2018,4,40345,Arizona,1,1,0,0,0,1,1,13,MARICOPA (13),370,PHOENIX,3,3,5,May,2018,5,Thursday,13,1:00pm-1:59pm,50,50,1,This section IS ON the NHS,2,Urban,2,Principal Arterial - Other Freeways and Expressways,1,State Highway Agency,3,State Highway,SR-51,,137,137,33.63285556,33.63285556,-112.004000000,-112.004000000,0,No Special Jurisdiction,59,Traffic Sign Support,0,Not a Collision with Motor Vehicle In-Transport,0,No,1,Non-Junction,1,Not an Intersection,0,None,,,4,On Roadside,1,Daylight,1,Clear,0,No Additional Atmospheric Conditions,1,Clear,0,No,0000000,Not Applicable,13,1:00pm-1:59pm,50,50,14,2:00pm-2:59pm,0,0,14,2:00pm-2:59pm,25,25,0,None,0,None,0,None,1,0
2018,4,40346,Arizona,2,2,0,0,0,2,2,13,MARICOPA (13),370,PHOENIX,4,4,5,May,2018,6,Friday,10,10:00am-10:59am,19,19,0,This section IS NOT on the NHS,2,Urban,7,Local,98,Not Reported,6,Local Street - Municipality,39TH AVE,IRMA LN,0,None,33.67354444,33.67354444,-112.143297200,-112.14329722,0,No Special Jurisdiction,33,Curb,0,Not a Collision with Motor Vehicle In-Transport,0,No,3,Intersection-Related,3,T-Intersection,0,None,,,4,On Roadside,1,Daylight,1,Clear,0,No Additional Atmospheric Conditions,1,Clear,0,No,0000000,Not Applicable,99,Unknown,99,Unknown,99,Unknown EMS Scene Arrival Hour,99,Unknown EMS Scene Arrival Minutes,99,Unknown,99,Unknown EMS Hospital Arrival Time,0,None,0,None,0,None,1,0
2018,4,40347,Arizona,2,2,0,0,0,2,2,5,COCONINO (5),0,NOT APPLICABLE,5,5,5,May,2018,7,Saturday,10,10:00am-10:59am,1,1,0,This section IS NOT on the NHS,1,Rural,5,Major Collector,1,State Highway Agency,3,State Highway,SR-87,,1625,1625,34.45701944,34.45701944,-111.409055600,-111.40905556,0,No Special Jurisdiction,12,Motor Vehicle In-Transport,2,Front-to-Front,0,No,1,Non-Junction,1,Not an Intersection,0,None,,,1,On Roadway,1,Daylight,1,Clear,0,No Additional Atmospheric Conditions,1,Clear,0,No,0000000,Not Applicable,10,10:00am-10:59am,7,7,10,10:00am-10:59am,32,32,88,Not Applicable (Not Transported),88,Not Applicable (Not Transported),0,None,0,None,0,None,2,0
2018,4,40348,Arizona,1,1,0,0,0,2,2,19,PIMA (19),0,NOT APPLICABLE,5,5,5,May,2018,7,Saturday,22,10:00pm-10:59pm,31,31,1,This section IS ON the NHS,2,Urban,1,Interstate,1,State Highway Agency,1,Interstate,I-10,,2819,2819,32.00873056,32.00873056,-110.693252800,-110.69325278,0,No Special Jurisdiction,1,Rollover/Overturn,0,Not a Collision with Motor Vehicle In-Transport,1,Yes,19,Other location within Interchange Area,1,Not an Intersection,0,None,,,3,On Median,2,Dark - Not Lighted,1,Clear,0,No Additional Atmospheric Conditions,1,Clear,0,No,0000000,Not Applicable,99,Unknown,99,Unknown,99,Unknown EMS Scene Arrival Hour,99,Unknown EMS Scene Arrival Minutes,99,Unknown,99,Unknown EMS Hospital Arrival Time,0,None,0,None,0,None,1,0
2018,4,40349,Arizona,1,1,0,0,0,2,2,13,MARICOPA (13),0,NOT APPLICABLE,6,6,5,May,2018,1,Sunday,17,5:00pm-5:59pm,11,11,1,This section IS ON the NHS,1,Rural,1,Interstate,1,State Highway Agency,1,Interstate,I-8,,902,902,32.86262778,32.86262778,-113.172275000,-113.172275000,0,No Special Jurisdiction,1,Rollover/Overturn,0,Not a Collision with Motor Vehicle In-Transport,0,No,1,Non-Junction,1,Not an Intersection,0,None,,,3,On Median,1,Daylight,1,Clear,0,No Additional Atmospheric Conditions,1,Clear,0,No,0000000,Not Applicable,17,5:00pm-5:59pm,15,15,17,5:00pm-5:59pm,50,50,99,Unknown,99,Unknown EMS Hospital Arrival Time,0,None,0,None,0,None,1,0
2018,4,40350,Arizona,1,1,0,0,0,1,1,19,PIMA (19),0,NOT APPLICABLE,7,7,5,May,2018,2,Monday,6,6:00am-6:59am,30,30,1,This section IS ON the NHS,1,Rural,1,Interstate,1,State Highway Agency,1,Interstate,I-10,,2913,2913,31.98186944,31.98186944,-110.536116700,-110.53611667,0,No Special Jurisdiction,21,Bridge Pier or Support,0,Not a Collision with Motor Vehicle In-Transport,1,Yes,19,Other location within Interchange Area,1,Not an Intersection,0,None,,,3,On Median,1,Daylight,1,Clear,0,No Additional Atmospheric Conditions,1,Clear,0,No,0000000,Not Applicable,6,6:00am-6:59am,31,31,6,6:00am-6:59am,32,32,88,Not Applicable (Not Transported),88,Not Applicable (Not Transported),0,None,0,None,0,None,1,0
2018,4,40352,Arizona,1,1,0,0,0,1,1,15,MOHAVE (15),0,NOT APPLICABLE,8,8,5,May,2018,3,Tuesday,4,4:00am-4:59am,31,31,1,This section IS ON the NHS,1,Rural,1,Interstate,1,State Highway Agency,1,Interstate,I-15,,235,235,36.97320556,36.97320556,-113.713544400,-113.71354444,0,No Special Jurisdiction,24,Guardrail Face,0,Not a Collision with Motor Vehicle In-Transport,0,No,1,Non-Junction,1,Not an Intersection,0,None,,,4,On Roadside,6,Dark - Unknown Lighting,1,Clear,0,No Additional Atmospheric Conditions,1,Clear,0,No,0000000,Not Applicable,9,9:00am-9:59am,36,36,9,9:00am-9:59am,50,50,88,Not Applicable (Not Transported),88,Not Applicable (Not Transported),0,None,0,None,0,None,1,0
2018,4,40353,Arizona,1,1,0,1,1,1,1,3,COCHISE (3),431,SIERRA VISTA,8,8,5,May,2018,3,Tuesday,13,1:00pm-1:59pm,36,36,0,This section IS NOT on the NHS,2,Urban,4,Minor Arterial,4,City or Municipal Highway Agency,6,Local Street - Municipality,BUFFALO SOLDIER TRL,,0,None,31.54409722,31.54409722,-110.302091700,-110.30209167,0,No Special Jurisdiction,9,Pedalcyclist,0,Not a Collision with Motor Vehicle In-Transport,0,No,1,Non-Junction,1,Not an Intersection,0,None,,,1,On Roadway,1,Daylight,1,Clear,0,No Additional Atmospheric Conditions,1,Clear,0,No,0000000,Not Applicable,13,1:00pm-1:59pm,36,36,13,1:00pm-1:59pm,43,43,88,Not Applicable (Not Transported),88,Not Applicable (Not Transported),0,None,0,None,0,None,1,0
2018,4,40354,Arizona,2,2,0,0,0,5,5,13,MARICOPA (13),370,PHOENIX,8,8,5,May,2018,3,Tuesday,17,5:00pm-5:59pm,36,36,0,This section IS NOT on the NHS,2,Urban,4,Minor Arterial,4,City or Municipal Highway Agency,6,Local Street - Municipality,DOBBINS RD,,0,None,33.36303333,33.36303333,-112.130802800,-112.13080278,0,No Special Jurisdiction,12,Motor Vehicle In-Transport,6,Angle,0,No,1,Non-Junction,1,Not an Intersection,0,None,,,1,On Roadway,1,Daylight,1,Clear,0,No Additional Atmospheric Conditions,1,Clear,0,No,0000000,Not Applicable,17,5:00pm-5:59pm,39,39,17,5:00pm-5:59pm,43,43,18,6:00pm-6:59pm,8,8,0,None,0,None,0,None,1,0