caseyear,state,st_case,statename,ve_total,ve_forms,pvh_invl,peds,pernotmvit,permvit,persons,county,countyname,city,cityname,day,dayname,month,monthname,year,day_week,day_weekname,hour,hourname,minute,minutename,nhs,nhsname,rur_urb,rur_urbname,func_sys,func_sysname,rd_owner,rd_ownername,route,routename,tway_id,tway_id2,milept,mileptname,latitude,latitudename,longitud,longitudname,sp_jur,sp_jurname,harm_ev,harm_evname,man_coll,man_collname,reljct1,reljct1name,reljct2,reljct2name,typ_int,typ_intname,wrk_zone,wrk_zonename,road_fnc,road_fncname,rel_road,rel_roadname,lgt_cond,lgt_condname,weather1,weather1name,weather2,weather2name,weather,weathername,sch_bus,sch_busname,rail,railname,not_hour,not_hourname,not_min,not_minname,arr_hour,arr_hourname,arr_min,arr_minname,hosp_hr,hosp_hrname,hosp_mn,hosp_mnname,cf1,cf1name,cf2,cf2name,cf3,cf3name,fatals,drunk_dr
2018,4,40506,Arizona,1,1,0,0,0,1,1,25,YAVAPAI (25),0,NOT APPLICABLE,7,7,7,July,2018,7,Saturday,16,4:00pm-4:59pm,32,32,0,This section IS NOT on the NHS,1,Rural,7,Local,98,Not Reported,5,Local Street - Township,FOREST ROAD 24 CAVE CREEK RD,,0,None,34.03968889,34.03968889,-111.874600000,-111.874600000,0,No Special Jurisdiction,41,Shrubbery,0,Not a Collision with Motor Vehicle In-Transport,0,No,1,Non-Junction,1,Not an Intersection,0,None,,,4,On Roadside,1,Daylight,1,Clear,0,No Additional Atmospheric Conditions,1,Clear,0,No,0000000,Not Applicable,16,4:00pm-4:59pm,32,32,17,5:00pm-5:59pm,39,39,88,Not Applicable (Not Transported),88,Not Applicable (Not Transported),0,None,0,None,0,None,1,0
2018,4,40507,Arizona,2,2,0,0,0,2,2,13,MARICOPA (13),370,PHOENIX,8,8,7,July,2018,1,Sunday,2,2:00am-2:59am,23,23,0,This section IS NOT on the NHS,2,Urban,3,Principal Arterial - Other,4,City or Municipal Highway Agency,6,Local Street - Municipality,19TH AVE,BETHANY HOME RD,0,None,33.52410000,33.52410000,-112.099855600,-112.09985556,0,No Special Jurisdiction,12,Motor Vehicle In-Transport,6,Angle,0,No,2,Intersection,2,Four-Way Intersection,0,None,,,1,On Roadway,3,Dark - Lighted,1,Clear,0,No Additional Atmospheric Conditions,1,Clear,0,No,0000000,Not Applicable,2,2:00am-2:59am,24,24,2,2:00am-2:59am,29,29,2,2:00am-2:59am,43,43,0,None,0,None,0,None,1,1
2018,4,40508,Arizona,2,2,0,0,0,3,3,13,MARICOPA (13),490,TEMPE,10,10,7,July,2018,3,Tuesday,12,12:00pm-12:59pm,12,12,1,This section IS ON the NHS,2,Urban,2,Principal Arterial - Other Freeways and Expressways,1,State Highway Agency,3,State Highway,SR-101 RAMP,,533,533,33.39408333,33.39408333,-111.891447200,-111.89144722,0,No Special Jurisdiction,12,Motor Vehicle In-Transport,7,Sideswipe - Same Direction,1,Yes,20,Entrance/Exit Ramp,1,Not an Intersection,0,None,,,1,On Roadway,1,Daylight,1,Clear,0,No Additional Atmospheric Conditions,1,Clear,0,No,0000000,Not Applicable,12,12:00pm-12:59pm,12,12,12,12:00pm-12:59pm,27,27,12,12:00pm-12:59pm,45,45,0,None,0,None,0,None,1,0
2018,4,40509,Arizona,1,1,0,0,0,6,6,5,COCONINO (5),0,NOT APPLICABLE,10,10,7,July,2018,3,Tuesday,14,2:00pm-2:59pm,47,47,1,This section IS ON the NHS,1,Rural,1,Interstate,1,State Highway Agency,1,Interstate,I-40,,1518,1518,35.21716111,35.21716111,-112.371138900,-112.37113889,0,No Special Jurisdiction,35,Embankment,0,Not a Collision with Motor Vehicle In-Transport,0,No,1,Non-Junction,1,Not an Intersection,0,None,,,4,On Roadside,1,Daylight,2,Rain,0,No Additional Atmospheric Conditions,2,Rain,0,No,0000000,Not Applicable,14,2:00pm-2:59pm,48,48,15,3:00pm-3:59pm,27,27,99,Unknown,99,Unknown EMS Hospital Arrival Time,0,None,0,None,0,None,1,0
2018,4,40510,Arizona,1,1,0,0,0,1,1,13,MARICOPA (13),0,NOT APPLICABLE,10,10,7,July,2018,3,Tuesday,16,4:00pm-4:59pm,49,49,1,This section IS ON the NHS,1,Rural,1,Interstate,1,State Highway Agency,1,Interstate,I-8,,1423,1423,32.84806944,32.84806944,-112.307108300,-112.30710833,0,No Special Jurisdiction,59,Traffic Sign Support,0,Not a Collision with Motor Vehicle In-Transport,0,No,1,Non-Junction,1,Not an Intersection,0,None,,,4,On Roadside,1,Daylight,2,Rain,0,No Additional Atmospheric Conditions,2,Rain,0,No,0000000,Not Applicable,14,2:00pm-2:59pm,27,27,15,3:00pm-3:59pm,46,46,88,Not Applicable (Not Transported),88,Not Applicable (Not Transported),0,None,0,None,0,None,1,1
2018,4,40511,Arizona,1,1,0,1,1,1,1,25,YAVAPAI (25),0,NOT APPLICABLE,10,10,7,July,2018,3,Tuesday,20,8:00pm-8:59pm,29,29,1,This section IS ON the NHS,2,Urban,3,Principal Arterial - Other,1,State Highway Agency,3,State Highway,SR-260,WESTERN DR,24,24,34.69230556,34.69230556,-111.982763900,-111.98276389,0,No Special Jurisdiction,8,Pedestrian,0,Not a Collision with Motor Vehicle In-Transport,0,No,3,Intersection-Related,2,Four-Way Intersection,0,None,,,1,On Roadway,3,Dark - Lighted,10,Cloudy,0,No Additional Atmospheric Conditions,10,Cloudy,0,No,0000000,Not Applicable,20,8:00pm-8:59pm,29,29,20,8:00pm-8:59pm,30,30,99,Unknown,99,Unknown EMS Hospital Arrival Time,20,Police Pursuit Involved,0,None,0,None,1,0
2018,4,40512,Arizona,1,1,0,1,1,1,1,13,MARICOPA (13),60,BUCKEYE,11,11,7,July,2018,4,Wednesday,7,7:00am-7:59am,3,3,0,This section IS NOT on the NHS,2,Urban,4,Minor Arterial,4,City or Municipal Highway Agency,6,Local Street - Municipality,APACHE RD,SOUTHERN AVE,0,None,33.39209722,33.39209722,-112.573644400,-112.57364444,0,No Special Jurisdiction,8,Pedestrian,0,Not a Collision with Motor Vehicle In-Transport,0,No,3,Intersection-Related,2,Four-Way Intersection,0,None,,,1,On Roadway,1,Daylight,1,Clear,0,No Additional Atmospheric Conditions,1,Clear,0,No,0000000,Not Applicable,7,7:00am-7:59am,6,6,7,7:00am-7:59am,14,14,7,7:00am-7:59am,46,46,0,None,0,None,0,None,1,0
2018,4,40513,Arizona,1,1,0,0,0,1,1,3,COCHISE (3),0,NOT APPLICABLE,14,14,7,July,2018,7,Saturday,9,9:00am-9:59am,7,7,0,This section IS NOT on the NHS,1,Rural,4,Minor Arterial,1,State Highway Agency,2,U.S. Highway,US-191,,884,884,32.36638056,32.36638056,-109.678877800,-109.67887778,0,No Special Jurisdiction,1,Rollover/Overturn,0,Not a Collision with Motor Vehicle In-Transport,0,No,1,Non-Junction,1,Not an Intersection,0,None,,,3,On Median,1,Daylight,10,Cloudy,0,No Additional Atmospheric Conditions,10,Cloudy,0,No,0000000,Not Applicable,9,9:00am-9:59am,8,8,9,9:00am-9:59am,24,24,10,10:00am-10:59am,27,27,0,None,0,None,0,None,1,1
2018,4,40514,Arizona,1,1,0,0,0,1,1,13,MARICOPA (13),0,NOT APPLICABLE,14,14,7,July,2018,7,Saturday,17,5:00pm-5:59pm,37,37,1,This section IS ON the NHS,1,Rural,3,Principal Arterial - Other,1,State Highway Agency,3,State Highway,SR-87,,1007,1007,33.83780000,33.83780000,-111.469552800,-111.46955278,0,No Special Jurisdiction,42,Tree (Standing Only),0,Not a Collision with Motor Vehicle In-Transport,0,No,1,Non-Junction,1,Not an Intersection,0,None,,,4,On Roadside,5,Dusk,10,Cloudy,0,No Additional Atmospheric Conditions,10,Cloudy,0,No,0000000,Not Applicable,17,5:00pm-5:59pm,37,37,18,6:00pm-6:59pm,15,15,88,Not Applicable (Not Transported),88,Not Applicable (Not Transported),0,None,0,None,0,None,1,0
2018,4,40515,Arizona,1,1,0,0,0,2,2,19,PIMA (19),530,TUCSON,15,15,7,July,2018,1,Sunday,2,2:00am-2:59am,26,26,0,This section IS NOT on the NHS,2,Urban,4,Minor Arterial,4,City or Municipal Highway Agency,6,Local Street - Municipality,CAMINO SECO,21ST ST,0,None,32.20734444,32.20734444,-110.806758300,-110.80675833,0,No Special Jurisdiction,33,Curb,0,Not a Collision with Motor Vehicle In-Transport,0,No,3,Intersection-Related,3,T-Intersection,0,None,,,3,On Median,3,Dark - Lighted,1,Clear,0,No Additional Atmospheric Conditions,1,Clear,0,No,0000000,Not Applicable,2,2:00am-2:59am,26,26,2,2:00am-2:59am,28,28,99,Unknown,99,Unknown EMS Hospital Arrival Time,0,None,0,None,0,None,1,1
2018,4,40516,Arizona,2,2,0,0,0,3,3,19,PIMA (19),530,TUCSON,15,15,7,July,2018,1,Sunday,2,2:00am-2:59am,38,38,0,This section IS NOT on the NHS,2,Urban,3,Principal Arterial - Other,4,City or Municipal Highway Agency,6,Local Street - Municipality,WILMOT RD,SPEEDWAY BLVD,0,None,32.23587222,32.23587222,-110.857841700,-110.85784167,0,No Special Jurisdiction,12,Motor Vehicle In-Transport,6,Angle,0,No,2,Intersection,2,Four-Way Intersection,0,None,,,1,On Roadway,3,Dark - Lighted,10,Cloudy,0,No Additional Atmospheric Conditions,10,Cloudy,0,No,0000000,Not Applicable,2,2:00am-2:59am,38,38,2,2:00am-2:59am,43,43,3,3:00am-3:59am,1,1,0,None,0,None,0,None,2,0
2018,4,40517,Arizona,1,1,0,1,1,1,1,13,MARICOPA (13),200,GLENDALE,15,15,7,July,2018,1,Sunday,23,11:00pm-11:59pm,44,44,0,This section IS NOT on the NHS,2,Urban,4,Minor Arterial,4,City or Municipal Highway Agency,6,Local Street - Municipality,83RD AVE,,0,None,33.51376667,33.51376667,-112.237727800,-112.23772778,0,No Special Jurisdiction,8,Pedestrian,0,Not a Collision with Motor Vehicle In-Transport,0,No,1,Non-Junction,1,Not an Intersection,0,None,,,1,On Roadway,3,Dark - Lighted,1,Clear,0,No Additional Atmospheric Conditions,1,Clear,0,No,0000000,Not Applicable,99,Unknown,99,Unknown,99,Unknown EMS Scene Arrival Hour,99,Unknown EMS Scene Arrival Minutes,88,Not Applicable (Not Transported),88,Not Applicable (Not Transported),0,None,0,None,0,None,1,0
2018,4,40519,Arizona,1,1,0,0,0,2,2,5,COCONINO (5),0,NOT APPLICABLE,17,17,7,July,2018,3,Tuesday,3,3:00am-3:59am,33,33,1,This section IS ON the NHS,1,Rural,1,Interstate,1,State Highway Agency,1,Interstate,I-40,,1890,1890,35.20260000,35.20260000,-111.764450000,-111.764450000,0,No Special Jurisdiction,24,Guardrail Face,0,Not a Collision with Motor Vehicle In-Transport,0,No,1,Non-Junction,1,Not an Intersection,0,None,,,4,On Roadside,2,Dark - Not Lighted,99,Reported as Unknown,0,No Additional Atmospheric Conditions,99,Reported as Unknown,0,No,0000000,Not Applicable,3,3:00am-3:59am,39,39,3,3:00am-3:59am,48,48,99,Unknown,99,Unknown EMS Hospital Arrival Time,0,None,0,None,0,None,1,0
2018,4,40520,Arizona,1,1,0,0,0,1,1,25,YAVAPAI (25),0,NOT APPLICABLE,17,17,7,July,2018,3,Tuesday,12,12:00pm-12:59pm,44,44,1,This section IS ON the NHS,1,Rural,1,Interstate,1,State Highway Agency,1,Interstate,I-17,,1005,1005,34.65555833,34.65555833,-111.793872200,-111.79387222,0,No Special Jurisdiction,24,Guardrail Face,0,Not a Collision with Motor Vehicle In-Transport,0,No,1,Non-Junction,1,Not an Intersection,0,None,,,4,On Roadside,1,Daylight,1,Clear,0,No Additional Atmospheric Conditions,1,Clear,0,No,0000000,Not Applicable,12,12:00pm-12:59pm,44,44,12,12:00pm-12:59pm,53,53,88,Not Applicable (Not Transported),88,Not Applicable (Not Transported),0,None,0,None,0,None,1,0
2018,4,40521,Arizona,1,1,0,0,0,3,3,19,PIMA (19),530,TUCSON,17,17,7,July,2018,3,Tuesday,18,6:00pm-6:59pm,38,38,1,This section IS ON the NHS,2,Urban,3,Principal Arterial - Other,4,City or Municipal Highway Agency,6,Local Street - Municipality,VALENCIA RD,,0,None,32.13401667,32.13401667,-110.936883300,-110.93688333,0,No Special Jurisdiction,33,Curb,0,Not a Collision with Motor Vehicle In-Transport,0,No,1,Non-Junction,1,Not an Intersection,0,None,,,4,On Roadside,5,Dusk,10,Cloudy,0,No Additional Atmospheric Conditions,10,Cloudy,0,No,0000000,Not Applicable,18,6:00pm-6:59pm,38,38,18,6:00pm-6:59pm,42,42,19,7:00pm-7:59pm,21,21,0,None,0,None,0,None,1,0
2018,4,40523,Arizona,1,1,0,0,0,1,1,7,GILA (7),0,NOT APPLICABLE,19,19,7,July,2018,5,Thursday,5,5:00am-5:59am,48,48,0,This section IS NOT on the NHS,1,Rural,4,Minor Arterial,1,State Highway Agency,2,U.S. Highway,US-60,,2555,2555,33.79263056,33.79263056,-110.497180600,-110.49718056,0,No Special Jurisdiction,1,Rollover/Overturn,0,Not a Collision with Motor Vehicle In-Transport,0,No,1,Non-Junction,1,Not an Intersection,0,None,,,4,On Roadside,4,Dawn,1,Clear,0,No Additional Atmospheric Conditions,1,Clear,0,No,0000000,Not Applicable,5,5:00am-5:59am,53,53,7,7:00am-7:59am,10,10,88,Not Applicable (Not Transported),88,Not Applicable (Not Transported),0,None,0,None,0,None,1,0
2018,4,40525,Arizona,2,2,0,0,0,5,5,13,MARICOPA (13),290,MESA,19,19,7,July,2018,5,Thursday,10,10:00am-10:59am,42,42,0,This section IS NOT on the NHS,2,Urban,4,Minor Arterial,4,City or Municipal Highway Agency,6,Local Street - Municipality,MESA DR,,0,None,33.44680833,33.44680833,-111.822436100,-111.82243611,0,No Special Jurisdiction,12,Motor Vehicle In-Transport,2,Front-to-Front,0,No,1,Non-Junction,1,Not an Intersection,0,None,,,1,On Roadway,1,Daylight,1,Clear,0,No Additional Atmospheric Conditions,1,Clear,0,No,0000000,Not Applicable,10,10:00am-10:59am,42,42,10,10:00am-10:59am,45,45,99,Unknown,99,Unknown EMS Hospital Arrival Time,0,None,0,None,0,None,1,0
2018,4,40527,Arizona,1,1,0,0,0,1,1,15,MOHAVE (15),0,NOT APPLICABLE,20,20,7,July,2018,6,Friday,19,7:00pm-7:59pm,1,1,1,This section IS ON the NHS,1,Rural,1,Interstate,1,State Highway Agency,1,Interstate,I-40,,688,688,35.16688889,35.16688889,-113.748047200,-113.74804722,0,No Special Jurisdiction,41,Shrubbery,0,Not a Collision with Motor Vehicle In-Transport,0,No,1,Non-Junction,1,Not an Intersection,0,None,,,4,On Roadside,1,Daylight,1,Clear,0,No Additional Atmospheric Conditions,1,Clear,0,No,0000000,Not Applicable,19,7:00pm-7:59pm,1,1,19,7:00pm-7:59pm,10,10,88,Not Applicable (Not Transported),88,Not Applicable (Not Transported),0,None,0,None,0,None,1,0
2018,4,40528,Arizona,2,2,0,0,0,4,4,13,MARICOPA (13),290,MESA,25,25,7,July,2018,4,Wednesday,20,8:00pm-8:59pm,41,41,0,This section IS NOT on the NHS,2,Urban,3,Principal Arterial - Other,4,City or Municipal Highway Agency,6,Local Street - Municipality,MCKELLIPS RD,56TH ST,0,None,33.45185833,33.45185833,-111.710158300,-111.71015833,0,No Special Jurisdiction,12,Motor Vehicle In-Transport,6,Angle,0,No,2,Intersection,2,Four-Way Intersection,0,None,,,1,On Roadway,3,Dark - Lighted,1,Clear,0,No Additional Atmospheric Conditions,1,Clear,0,No,0000000,Not Applicable,99,Unknown,99,Unknown,99,Unknown EMS Scene Arrival Hour,99,Unknown EMS Scene Arrival Minutes,88,Not Applicable (Not Transported),88,Not Applicable (Not Transported),0,None,0,None,0,None,1,0
2018,4,40529,Arizona,1,1,0,0,0,3,3,15,MOHAVE (15),0,NOT APPLICABLE,26,26,7,July,2018,5,Thursday,3,3:00am-3:59am,52,52,1,This section IS ON the NHS,1,Rural,1,Interstate,1,State Highway Agency,1,Interstate,I-15,,65,65,36.87246667,36.87246667,-113.959152800,-113.95915278,0,No Special Jurisdiction,1,Rollover/Overturn,0,Not a Collision with Motor Vehicle In-Transport,0,No,1,Non-Junction,1,Not an Intersection,0,None,,,4,On Roadside,2,Dark - Not Lighted,1,Clear,0,No Additional Atmospheric Conditions,1,Clear,0,No,0000000,Not Applicable,3,3:00am-3:59am,55,55,4,4:00am-4:59am,15,15,99,Unknown,99,Unknown EMS Hospital Arrival Time,0,None,0,None,0,None,1,0
2018,4,40530,Arizona,2,2,0,0,0,5,5,13,MARICOPA (13),200,GLENDALE,26,26,7,July,2018,5,Thursday,11,11:00am-11:59am,17,17,0,This section IS NOT on the NHS,2,Urban,4,Minor Arterial,4,City or Municipal Highway Agency,6,Local Street - Municipality,NORTHERN AVE,63RD AVE,0,None,33.55300000,33.55300000,-112.194933300,-112.19493333,0,No Special Jurisdiction,12,Motor Vehicle In-Transport,6,Angle,0,No,2,Intersection,2,Four-Way Intersection,0,None,,,1,On Roadway,1,Daylight,1,Clear,0,No Additional Atmospheric Conditions,1,Clear,0,No,0000000,Not Applicable,99,Unknown,99,Unknown,99,Unknown EMS Scene Arrival Hour,99,Unknown EMS Scene Arrival Minutes,99,Unknown,99,Unknown EMS Hospital Arrival Time,0,None,0,None,0,None,1,0
2018,4,40531,Arizona,1,1,0,0,0,1,1,13,MARICOPA (13),420,SCOTTSDALE,26,26,7,July,2018,5,Thursday,13,1:00pm-1:59pm,6,6,1,This section IS ON the NHS,2,Urban,3,Principal Arterial - Other,4,City or Municipal Highway Agency,6,Local Street - Municipality,INDIAN SCHOOL RD,,0,None,33.48995556,33.48995556,-111.945100000,-111.945100000,0,No Special Jurisdiction,39,Wall,0,Not a Collision with Motor Vehicle In-Transport,0,No,1,Non-Junction,1,Not an Intersection,0,None,,,4,On Roadside,1,Daylight,1,Clear,0,No Additional Atmospheric Conditions,1,Clear,0,No,0000000,Not Applicable,13,1:00pm-1:59pm,6,6,13,1:00pm-1:59pm,11,11,13,1:00pm-1:59pm,30,30,0,None,0,None,0,None,1,1
2018,4,40532,Arizona,2,2,0,0,0,6,6,19,PIMA (19),530,TUCSON,26,26,7,July,2018,5,Thursday,20,8:00pm-8:59pm,25,25,0,This section IS NOT on the NHS,2,Urban,3,Principal Arterial - Other,4,City or Municipal Highway Agency,6,Local Street - Municipality,GRANT RD,PALO VERDE AVE,0,None,32.25051389,32.25051389,-110.918313900,-110.91831389,0,No Special Jurisdiction,12,Motor Vehicle In-Transport,6,Angle,0,No,2,Intersection,2,Four-Way Intersection,0,None,,,1,On Roadway,3,Dark - Lighted,1,Clear,0,No Additional Atmospheric Conditions,1,Clear,0,No,0000000,Not Applicable,20,8:00pm-8:59pm,25,25,20,8:00pm-8:59pm,30,30,20,8:00pm-8:59pm,56,56,0,None,0,None,0,None,1,0
2018,4,40533,Arizona,1,1,0,1,1,1,1,19,PIMA (19),530,TUCSON,26,26,7,July,2018,5,Thursday,20,8:00pm-8:59pm,51,51,0,This section IS NOT on the NHS,2,Urban,3,Principal Arterial - Other,4,City or Municipal Highway Agency,6,Local Street - Municipality,SPEEDWAY BLVD,AVENIDA RICARDO SMALL,0,None,32.23551111,32.23551111,-110.801152800,-110.80115278,0,No Special Jurisdiction,8,Pedestrian,0,Not a Collision with Motor Vehicle In-Transport,0,No,3,Intersection-Related,3,T-Intersection,0,None,,,1,On Roadway,3,Dark - Lighted,10,Cloudy,0,No Additional Atmospheric Conditions,10,Cloudy,0,No,0000000,Not Applicable,20,8:00pm-8:59pm,51,51,20,8:00pm-8:59pm,54,54,88,Not Applicable (Not Transported),88,Not Applicable (Not Transported),0,None,0,None,0,None,1,0
2018,4,40534,Arizona,5,5,0,0,0,6,6,25,YAVAPAI (25),0,NOT APPLICABLE,27,27,7,July,2018,6,Friday,9,9:00am-9:59am,31,31,1,This section IS ON the NHS,1,Rural,1,Interstate,1,State Highway Agency,1,Interstate,I-17,,645,645,34.27779444,34.27779444,-112.115780600,-112.11578056,0,No Special Jurisdiction,12,Motor Vehicle In-Transport,1,Front-to-Rear,0,No,1,Non-Junction,1,Not an Intersection,0,None,,,1,On Roadway,1,Daylight,1,Clear,0,No Additional Atmospheric Conditions,1,Clear,0,No,0000000,Not Applicable,9,9:00am-9:59am,33,33,9,9:00am-9:59am,55,55,99,Unknown,99,Unknown EMS Hospital Arrival Time,0,None,0,None,0,None,1,0
2018,4,40535,Arizona,1,1,0,1,1,1,1,19,PIMA (19),530,TUCSON,28,28,7,July,2018,7,Saturday,21,9:00pm-9:59pm,5,5,1,This section IS ON the NHS,2,Urban,3,Principal Arterial - Other,4,City or Municipal Highway Agency,6,Local Street - Municipality,IRVINGTON RD,LIBERTY AVE,0,None,32.16321389,32.16321389,-110.973169400,-110.97316944,0,No Special Jurisdiction,8,Pedestrian,0,Not a Collision with Motor Vehicle In-Transport,0,No,2,Intersection,3,T-Intersection,0,None,,,1,On Roadway,3,Dark - Lighted,10,Cloudy,0,No Additional Atmospheric Conditions,10,Cloudy,0,No,0000000,Not Applicable,21,9:00pm-9:59pm,5,5,21,9:00pm-9:59pm,10,10,21,9:00pm-9:59pm,29,29,0,None,0,None,0,None,1,0
2018,4,40536,Arizona,2,2,0,0,0,3,3,13,MARICOPA (13),370,PHOENIX,29,29,7,July,2018,1,Sunday,10,10:00am-10:59am,43,43,1,This section IS ON the NHS,2,Urban,3,Principal Arterial - Other,4,City or Municipal Highway Agency,6,Local Street - Municipality,7TH ST,,0,None,33.56850556,33.56850556,-112.065208300,-112.06520833,0,No Special Jurisdiction,12,Motor Vehicle In-Transport,2,Front-to-Front,0,No,1,Non-Junction,1,Not an Intersection,0,None,,,1,On Roadway,1,Daylight,1,Clear,0,No Additional Atmospheric Conditions,1,Clear,0,No,0000000,Not Applicable,10,10:00am-10:59am,44,44,10,10:00am-10:59am,47,47,11,11:00am-11:59am,3,3,0,None,0,None,0,None,1,0
2018,4,40537,Arizona,2,2,0,0,0,3,3,19,PIMA (19),530,TUCSON,29,29,7,July,2018,1,Sunday,19,7:00pm-7:59pm,42,42,0,This section IS NOT on the NHS,2,Urban,4,Minor Arterial,4,City or Municipal Highway Agency,6,Local Street - Municipality,STONE AVE,,0,None,32.28316111,32.28316111,-110.969558300,-110.96955833,0,No Special Jurisdiction,12,Motor Vehicle In-Transport,1,Front-to-Rear,0,No,1,Non-Junction,1,Not an Intersection,0,None,,,1,On Roadway,3,Dark - Lighted,1,Clear,0,No Additional Atmospheric Conditions,1,Clear,0,No,0000000,Not Applicable,19,7:00pm-7:59pm,42,42,19,7:00pm-7:59pm,48,48,20,8:00pm-8:59pm,0,0,23,Indication of a Stalled/Disabled Vehicle,14,"Motor Vehicle struck by falling cargo,or something that came loose from or something that was set in motion by a vehicle",0,None,1,0
2018,4,40538,Arizona,2,2,0,0,0,2,2,13,MARICOPA (13),370,PHOENIX,30,30,7,July,2018,2,Monday,14,2:00pm-2:59pm,53,53,1,This section IS ON the NHS,2,Urban,3,Principal Arterial - Other,1,State Highway Agency,2,U.S. Highway,US-60 GRAND AVE,37TH AVE,1280,1280,33.49844167,33.49844167,-112.138555600,-112.13855556,0,No Special Jurisdiction,12,Motor Vehicle In-Transport,6,Angle,0,No,2,Intersection,3,T-Intersection,0,None,,,1,On Roadway,1,Daylight,1,Clear,0,No Additional Atmospheric Conditions,1,Clear,0,No,0000000,Not Applicable,99,Unknown,99,Unknown,99,Unknown EMS Scene Arrival Hour,99,Unknown EMS Scene Arrival Minutes,99,Unknown,99,Unknown EMS Hospital Arrival Time,0,None,0,None,0,None,1,0
2018,4,40539,Arizona,1,1,0,1,1,1,1,13,MARICOPA (13),370,PHOENIX,31,31,7,July,2018,3,Tuesday,4,4:00am-4:59am,57,57,0,This section IS NOT on the NHS,2,Urban,4,Minor Arterial,4,City or Municipal Highway Agency,6,Local Street - Municipality,59TH AVE,INDIAN SCHOOL RD,0,None,33.49493056,33.49493056,-112.186516700,-112.18651667,0,No Special Jurisdiction,8,Pedestrian,0,Not a Collision with Motor Vehicle In-Transport,0,No,3,Intersection-Related,2,Four-Way Intersection,0,None,,,1,On Roadway,3,Dark - Lighted,8,Other,0,No Additional Atmospheric Conditions,8,Other,0,No,0000000,Not Applicable,99,Unknown,99,Unknown,99,Unknown EMS Scene Arrival Hour,99,Unknown EMS Scene Arrival Minutes,99,Unknown,99,Unknown EMS Hospital Arrival Time,0,None,0,None,0,None,1,0
2018,4,40540,Arizona,2,2,0,0,0,2,2,25,YAVAPAI (25),0,NOT APPLICABLE,31,31,7,July,2018,3,Tuesday,9,9:00am-9:59am,48,48,0,This section IS NOT on the NHS,2,Urban,7,Local,98,Not Reported,5,Local Street - Township,COYOTE SPRINGS RD,WINDMILL ACRES RD,0,None,34.68331667,34.68331667,-112.311255600,-112.31125556,0,No Special Jurisdiction,12,Motor Vehicle In-Transport,6,Angle,0,No,2,Intersection,2,Four-Way Intersection,0,None,,,1,On Roadway,1,Daylight,10,Cloudy,0,No Additional Atmospheric Conditions,10,Cloudy,0,No,0000000,Not Applicable,9,9:00am-9:59am,49,49,9,9:00am-9:59am,49,49,99,Unknown,99,Unknown EMS Hospital Arrival Time,0,None,0,None,0,None,1,0
2018,4,40541,Arizona,2,2,0,0,0,2,2,21,PINAL (21),0,NOT APPLICABLE,13,13,7,July,2018,6,Friday,5,5:00am-5:59am,30,30,0,This section IS NOT on the NHS,1,Rural,4,Minor Arterial,1,State Highway Agency,3,State Highway,SR-87,,333,333,33.09144444,33.09144444,-111.708719400,-111.70871944,3,Indian Reservation,12,Motor Vehicle In-Transport,8,Sideswipe - Opposite Direction,0,No,1,Non-Junction,1,Not an Intersection,0,None,,,1,On Roadway,4,Dawn,1,Clear,0,No Additional Atmospheric Conditions,1,Clear,0,No,0000000,Not Applicable,5,5:00am-5:59am,30,30,5,5:00am-5:59am,43,43,88,Not Applicable (Not Transported),88,Not Applicable (Not Transported),0,None,0,None,0,None,1,0
2018,4,40542,Arizona,1,1,0,0,0,4,4,21,PINAL (21),0,NOT APPLICABLE,14,14,7,July,2018,7,Saturday,3,3:00am-3:59am,17,17,1,This section IS ON the NHS,1,Rural,1,Interstate,1,State Highway Agency,1,Interstate,I-10,,1844,1844,33.01751944,33.01751944,-111.764241700,-111.76424167,3,Indian Reservation,41,Shrubbery,0,Not a Collision with Motor Vehicle In-Transport,0,No,1,Non-Junction,1,Not an Intersection,0,None,,,3,On Median,2,Dark - Not Lighted,1,Clear,0,No Additional Atmospheric Conditions,1,Clear,0,No,0000000,Not Applicable,3,3:00am-3:59am,17,17,3,3:00am-3:59am,26,26,4,4:00am-4:59am,25,25,0,None,0,None,0,None,2,0
2018,4,40544,Arizona,2,2,0,0,0,3,3,21,PINAL (21),0,NOT APPLICABLE,18,18,7,July,2018,4,Wednesday,18,6:00pm-6:59pm,55,55,0,This section IS NOT on the NHS,1,Rural,5,Major Collector,1,State Highway Agency,3,State Highway,SR-87,STALLION DR,47,47,32.78795000,32.78795000,-111.515425000,-111.515425000,0,No Special Jurisdiction,12,Motor Vehicle In-Transport,1,Front-to-Rear,0,No,3,Intersection-Related,3,T-Intersection,0,None,,,1,On Roadway,1,Daylight,1,Clear,0,No Additional Atmospheric Conditions,1,Clear,0,No,0000000,Not Applicable,18,6:00pm-6:59pm,57,57,19,7:00pm-7:59pm,10,10,99,Unknown,99,Unknown EMS Hospital Arrival Time,0,None,0,None,0,None,1,0
2018,4,40545,Arizona,1,1,0,1,1,6,6,13,MARICOPA (13),370,PHOENIX,22,22,7,July,2018,1,Sunday,13,1:00pm-1:59pm,21,21,0,This section IS NOT on the NHS,2,Urban,4,Minor Arterial,4,City or Municipal Highway Agency,6,Local Street - Municipality,VAN BUREN ST,,0,None,33.45097500,33.45097500,-111.972669400,-111.97266944,0,No Special Jurisdiction,8,Pedestrian,0,Not a Collision with Motor Vehicle In-Transport,0,No,1,Non-Junction,1,Not an Intersection,0,None,,,1,On Roadway,1,Daylight,1,Clear,0,No Additional Atmospheric Conditions,1,Clear,0,No,0000000,Not Applicable,13,1:00pm-1:59pm,22,22,13,1:00pm-1:59pm,27,27,13,1:00pm-1:59pm,41,41,0,None,0,None,0,None,1,0