caseyear,state,st_case,statename,ve_total,ve_forms,pvh_invl,peds,pernotmvit,permvit,persons,county,countyname,city,cityname,day,dayname,month,monthname,year,day_week,day_weekname,hour,hourname,minute,minutename,nhs,nhsname,rur_urb,rur_urbname,func_sys,func_sysname,rd_owner,rd_ownername,route,routename,tway_id,tway_id2,milept,mileptname,latitude,latitudename,longitud,longitudname,sp_jur,sp_jurname,harm_ev,harm_evname,man_coll,man_collname,reljct1,reljct1name,reljct2,reljct2name,typ_int,typ_intname,wrk_zone,wrk_zonename,road_fnc,road_fncname,rel_road,rel_roadname,lgt_cond,lgt_condname,weather1,weather1name,weather2,weather2name,weather,weathername,sch_bus,sch_busname,rail,railname,not_hour,not_hourname,not_min,not_minname,arr_hour,arr_hourname,arr_min,arr_minname,hosp_hr,hosp_hrname,hosp_mn,hosp_mnname,cf1,cf1name,cf2,cf2name,cf3,cf3name,fatals,drunk_dr
2018,4,40651,Arizona,2,2,0,0,0,3,3,19,PIMA (19),530,TUCSON,14,14,9,September,2018,6,Friday,14,2:00pm-2:59pm,31,31,0,This section IS NOT on the NHS,2,Urban,3,Principal Arterial - Other,4,City or Municipal Highway Agency,6,Local Street - Municipality,S TUCSON BLVD,E DREXEL RD,0,None,32.14873056,32.14873056,-110.935044400,-110.93504444,0,No Special Jurisdiction,12,Motor Vehicle In-Transport,6,Angle,0,No,2,Intersection,2,Four-Way Intersection,0,None,,,1,On Roadway,1,Daylight,1,Clear,0,No Additional Atmospheric Conditions,1,Clear,0,No,0000000,Not Applicable,14,2:00pm-2:59pm,14,14,14,2:00pm-2:59pm,34,34,14,2:00pm-2:59pm,59,59,0,None,0,None,0,None,1,0
2018,4,40652,Arizona,1,1,0,1,1,1,1,13,MARICOPA (13),420,SCOTTSDALE,14,14,9,September,2018,6,Friday,19,7:00pm-7:59pm,10,10,0,This section IS NOT on the NHS,2,Urban,5,Major Collector,4,City or Municipal Highway Agency,6,Local Street - Municipality,E VIA LINDA,,0,None,33.58976111,33.58976111,-111.833844400,-111.83384444,0,No Special Jurisdiction,8,Pedestrian,0,Not a Collision with Motor Vehicle In-Transport,0,No,1,Non-Junction,1,Not an Intersection,0,None,,,1,On Roadway,2,Dark - Not Lighted,1,Clear,0,No Additional Atmospheric Conditions,1,Clear,0,No,0000000,Not Applicable,19,7:00pm-7:59pm,10,10,19,7:00pm-7:59pm,13,13,88,Not Applicable (Not Transported),88,Not Applicable (Not Transported),0,None,0,None,0,None,1,0
2018,4,40653,Arizona,4,4,0,0,0,5,5,19,PIMA (19),530,TUCSON,15,15,9,September,2018,7,Saturday,9,9:00am-9:59am,15,15,0,This section IS NOT on the NHS,2,Urban,3,Principal Arterial - Other,4,City or Municipal Highway Agency,6,Local Street - Municipality,ALVERNON WAY,22ND ST,0,None,32.20693611,32.20693611,-110.909494400,-110.90949444,0,No Special Jurisdiction,12,Motor Vehicle In-Transport,2,Front-to-Front,0,No,2,Intersection,2,Four-Way Intersection,0,None,,,1,On Roadway,1,Daylight,1,Clear,0,No Additional Atmospheric Conditions,1,Clear,0,No,0000000,Not Applicable,9,9:00am-9:59am,15,15,9,9:00am-9:59am,16,16,9,9:00am-9:59am,43,43,0,None,0,None,0,None,1,0
2018,4,40654,Arizona,3,3,0,4,4,3,3,19,PIMA (19),530,TUCSON,15,15,9,September,2018,7,Saturday,16,4:00pm-4:59pm,24,24,0,This section IS NOT on the NHS,2,Urban,7,Local,4,City or Municipal Highway Agency,6,Local Street - Municipality,N ALVERNON WAY,E GRANT RD,0,None,32.25034722,32.25034722,-110.909802800,-110.90980278,0,No Special Jurisdiction,12,Motor Vehicle In-Transport,1,Front-to-Rear,0,No,3,Intersection-Related,2,Four-Way Intersection,0,None,,,1,On Roadway,1,Daylight,1,Clear,0,No Additional Atmospheric Conditions,1,Clear,0,No,0000000,Not Applicable,16,4:00pm-4:59pm,24,24,16,4:00pm-4:59pm,26,26,16,4:00pm-4:59pm,54,54,0,None,0,None,0,None,2,0
2018,4,40655,Arizona,1,1,0,0,0,4,4,5,COCONINO (5),0,NOT APPLICABLE,15,15,9,September,2018,7,Saturday,16,4:00pm-4:59pm,26,26,0,This section IS NOT on the NHS,1,Rural,7,Local,64,U.S. Forest Service,8,Other,NF-300 RIM RD,,103,103,34.40001389,34.40001389,-111.107711100,-111.10771111,0,No Special Jurisdiction,17,Boulder,0,Not a Collision with Motor Vehicle In-Transport,0,No,1,Non-Junction,1,Not an Intersection,0,None,,,4,On Roadside,1,Daylight,1,Clear,0,No Additional Atmospheric Conditions,1,Clear,0,No,0000000,Not Applicable,88,Not Applicable (Not Notified),88,Not Applicable (Not Notified),88,Not Applicable,88,Not Applicable,88,Not Applicable (Not Transported),88,Not Applicable (Not Transported),0,None,0,None,0,None,4,0
2018,4,40656,Arizona,1,1,0,0,0,2,2,25,YAVAPAI (25),0,NOT APPLICABLE,16,16,9,September,2018,1,Sunday,19,7:00pm-7:59pm,35,35,1,This section IS ON the NHS,1,Rural,1,Interstate,1,State Highway Agency,1,Interstate,I-17,,2503,2503,34.16544444,34.16544444,-112.144630600,-112.14463056,0,No Special Jurisdiction,1,Rollover/Overturn,0,Not a Collision with Motor Vehicle In-Transport,0,No,1,Non-Junction,1,Not an Intersection,0,None,,,4,On Roadside,2,Dark - Not Lighted,1,Clear,0,No Additional Atmospheric Conditions,1,Clear,0,No,0000000,Not Applicable,19,7:00pm-7:59pm,37,37,19,7:00pm-7:59pm,51,51,20,8:00pm-8:59pm,56,56,0,None,0,None,0,None,1,0
2018,4,40657,Arizona,2,2,0,0,0,2,2,13,MARICOPA (13),0,NOT APPLICABLE,16,16,9,September,2018,1,Sunday,17,5:00pm-5:59pm,14,14,1,This section IS ON the NHS,1,Rural,1,Interstate,1,State Highway Agency,7,Local Street - Frontage Road,I-17 FRONTAGE RD,,0,None,33.91296389,33.91296389,-112.140722200,-112.14072222,0,No Special Jurisdiction,12,Motor Vehicle In-Transport,2,Front-to-Front,0,No,1,Non-Junction,1,Not an Intersection,0,None,,,1,On Roadway,1,Daylight,1,Clear,0,No Additional Atmospheric Conditions,1,Clear,0,No,0000000,Not Applicable,16,4:00pm-4:59pm,28,28,16,4:00pm-4:59pm,41,41,99,Unknown,99,Unknown EMS Hospital Arrival Time,0,None,0,None,0,None,1,0
2018,4,40660,Arizona,2,2,0,1,1,4,4,13,MARICOPA (13),80,CHANDLER,19,19,9,September,2018,4,Wednesday,19,7:00pm-7:59pm,11,11,0,This section IS NOT on the NHS,2,Urban,7,Local,4,City or Municipal Highway Agency,6,Local Street - Municipality,RAY RD,ARROWHEAD DR,0,None,33.32051944,33.32051944,-111.867725000,-111.867725000,0,No Special Jurisdiction,8,Pedestrian,0,Not a Collision with Motor Vehicle In-Transport,0,No,3,Intersection-Related,2,Four-Way Intersection,0,None,,,1,On Roadway,3,Dark - Lighted,1,Clear,0,No Additional Atmospheric Conditions,1,Clear,0,No,0000000,Not Applicable,19,7:00pm-7:59pm,12,12,19,7:00pm-7:59pm,15,15,19,7:00pm-7:59pm,28,28,0,None,0,None,0,None,1,0
2018,4,40661,Arizona,2,2,0,0,0,11,11,21,PINAL (21),0,NOT APPLICABLE,19,19,9,September,2018,4,Wednesday,21,9:00pm-9:59pm,58,58,0,This section IS NOT on the NHS,1,Rural,4,Minor Arterial,1,State Highway Agency,3,State Highway,SR-79,,1223,1223,32.88196944,32.88196944,-111.261211100,-111.26121111,0,No Special Jurisdiction,12,Motor Vehicle In-Transport,2,Front-to-Front,0,No,1,Non-Junction,1,Not an Intersection,0,None,,,1,On Roadway,2,Dark - Not Lighted,1,Clear,0,No Additional Atmospheric Conditions,1,Clear,0,No,0000000,Not Applicable,99,Unknown,99,Unknown,99,Unknown EMS Scene Arrival Hour,99,Unknown EMS Scene Arrival Minutes,99,Unknown,99,Unknown EMS Hospital Arrival Time,0,None,0,None,0,None,7,0
2018,4,40662,Arizona,3,3,0,0,0,4,4,19,PIMA (19),530,TUCSON,20,20,9,September,2018,5,Thursday,3,3:00am-3:59am,11,11,0,This section IS NOT on the NHS,2,Urban,3,Principal Arterial - Other,4,City or Municipal Highway Agency,6,Local Street - Municipality,VALENCIA RD E,,0,None,32.13940556,32.13940556,-110.839616700,-110.83961667,0,No Special Jurisdiction,12,Motor Vehicle In-Transport,8,Sideswipe - Opposite Direction,0,No,1,Non-Junction,1,Not an Intersection,0,None,,,1,On Roadway,2,Dark - Not Lighted,1,Clear,0,No Additional Atmospheric Conditions,1,Clear,0,No,0000000,Not Applicable,3,3:00am-3:59am,11,11,3,3:00am-3:59am,21,21,3,3:00am-3:59am,27,27,0,None,0,None,0,None,1,0
2018,4,40663,Arizona,1,1,0,1,1,1,1,13,MARICOPA (13),200,GLENDALE,20,20,9,September,2018,5,Thursday,18,6:00pm-6:59pm,56,56,0,This section IS NOT on the NHS,2,Urban,4,Minor Arterial,4,City or Municipal Highway Agency,6,Local Street - Municipality,N 59TH AVE,W BROWN ST,0,None,33.57832778,33.57832778,-112.186316700,-112.18631667,0,No Special Jurisdiction,8,Pedestrian,0,Not a Collision with Motor Vehicle In-Transport,0,No,3,Intersection-Related,2,Four-Way Intersection,0,None,,,1,On Roadway,3,Dark - Lighted,1,Clear,0,No Additional Atmospheric Conditions,1,Clear,0,No,0000000,Not Applicable,99,Unknown,99,Unknown,99,Unknown EMS Scene Arrival Hour,99,Unknown EMS Scene Arrival Minutes,99,Unknown,99,Unknown EMS Hospital Arrival Time,0,None,0,None,0,None,1,0
2018,4,40664,Arizona,2,2,0,0,0,2,2,21,PINAL (21),22,APACHE JUNCTION,21,21,9,September,2018,6,Friday,6,6:00am-6:59am,38,38,0,This section IS NOT on the NHS,2,Urban,5,Major Collector,4,City or Municipal Highway Agency,6,Local Street - Municipality,S PHELPS DR,,0,None,33.41157778,33.41157778,-111.550752800,-111.55075278,0,No Special Jurisdiction,12,Motor Vehicle In-Transport,6,Angle,0,No,8,Driveway Access Related,1,Not an Intersection,0,None,,,1,On Roadway,1,Daylight,1,Clear,0,No Additional Atmospheric Conditions,1,Clear,1,Yes,0000000,Not Applicable,6,6:00am-6:59am,38,38,6,6:00am-6:59am,42,42,88,Not Applicable (Not Transported),88,Not Applicable (Not Transported),0,None,0,None,0,None,1,0
2018,4,40665,Arizona,3,3,0,0,0,3,3,13,MARICOPA (13),290,MESA,21,21,9,September,2018,6,Friday,21,9:00pm-9:59pm,3,3,0,This section IS NOT on the NHS,2,Urban,4,Minor Arterial,4,City or Municipal Highway Agency,6,Local Street - Municipality,E BROWN RD,N HIGLEY,0,None,33.43734722,33.43734722,-111.718997200,-111.71899722,0,No Special Jurisdiction,12,Motor Vehicle In-Transport,6,Angle,0,No,2,Intersection,2,Four-Way Intersection,0,None,,,1,On Roadway,3,Dark - Lighted,1,Clear,0,No Additional Atmospheric Conditions,1,Clear,0,No,0000000,Not Applicable,21,9:00pm-9:59pm,9,9,21,9:00pm-9:59pm,14,14,21,9:00pm-9:59pm,39,39,0,None,0,None,0,None,1,0
2018,4,40666,Arizona,1,1,0,1,1,2,2,13,MARICOPA (13),490,TEMPE,22,22,9,September,2018,7,Saturday,0,0:00am-0:59am,6,6,1,This section IS ON the NHS,2,Urban,3,Principal Arterial - Other,4,City or Municipal Highway Agency,6,Local Street - Municipality,SCOTTSDALE RD,,0,None,33.43824722,33.43824722,-111.926272200,-111.92627222,0,No Special Jurisdiction,8,Pedestrian,0,Not a Collision with Motor Vehicle In-Transport,0,No,1,Non-Junction,1,Not an Intersection,0,None,,,1,On Roadway,3,Dark - Lighted,10,Cloudy,0,No Additional Atmospheric Conditions,10,Cloudy,0,No,0000000,Not Applicable,0,0:00am-0:59am,7,7,0,0:00am-0:59am,11,11,0,0:00am-0:59am,27,27,0,None,0,None,0,None,1,0
2018,4,40668,Arizona,1,1,0,0,0,2,2,5,COCONINO (5),0,NOT APPLICABLE,22,22,9,September,2018,7,Saturday,12,12:00pm-12:59pm,56,56,0,This section IS NOT on the NHS,1,Rural,5,Major Collector,1,State Highway Agency,2,U.S. Highway,US-89A,,220,220,36.73740278,36.73740278,-111.755030600,-111.75503056,5,Other Federal Properties*,58,Ground,0,Not a Collision with Motor Vehicle In-Transport,0,No,1,Non-Junction,1,Not an Intersection,0,None,,,5,Outside Trafficway,1,Daylight,1,Clear,0,No Additional Atmospheric Conditions,1,Clear,0,No,0000000,Not Applicable,13,1:00pm-1:59pm,14,14,13,1:00pm-1:59pm,54,54,99,Unknown,99,Unknown EMS Hospital Arrival Time,0,None,0,None,0,None,1,0
2018,4,40669,Arizona,1,1,0,0,0,1,1,25,YAVAPAI (25),120,COTTONWOOD,22,22,9,September,2018,7,Saturday,16,4:00pm-4:59pm,24,24,0,This section IS NOT on the NHS,2,Urban,4,Minor Arterial,1,State Highway Agency,3,State Highway,SR-89A,GROSELA RANCH RD,99998,Not Reported,34.74702778,34.74702778,-112.044911100,-112.04491111,0,No Special Jurisdiction,33,Curb,0,Not a Collision with Motor Vehicle In-Transport,0,No,3,Intersection-Related,6,Roundabout,0,None,,,3,On Median,1,Daylight,1,Clear,0,No Additional Atmospheric Conditions,1,Clear,0,No,0000000,Not Applicable,99,Unknown,99,Unknown,99,Unknown EMS Scene Arrival Hour,99,Unknown EMS Scene Arrival Minutes,99,Unknown,99,Unknown EMS Hospital Arrival Time,0,None,0,None,0,None,1,1
2018,4,40670,Arizona,1,1,0,1,1,1,1,13,MARICOPA (13),290,MESA,22,22,9,September,2018,7,Saturday,20,8:00pm-8:59pm,10,10,1,This section IS ON the NHS,2,Urban,3,Principal Arterial - Other,4,City or Municipal Highway Agency,6,Local Street - Municipality,S POWER DR,,0,None,33.39352500,33.39352500,-111.684816700,-111.68481667,0,No Special Jurisdiction,8,Pedestrian,0,Not a Collision with Motor Vehicle In-Transport,0,No,1,Non-Junction,1,Not an Intersection,0,None,,,1,On Roadway,2,Dark - Not Lighted,1,Clear,0,No Additional Atmospheric Conditions,1,Clear,0,No,0000000,Not Applicable,20,8:00pm-8:59pm,5,5,20,8:00pm-8:59pm,10,10,20,8:00pm-8:59pm,30,30,0,None,0,None,0,None,1,0
2018,4,40672,Arizona,1,1,0,1,1,1,1,13,MARICOPA (13),290,MESA,23,23,9,September,2018,1,Sunday,9,9:00am-9:59am,39,39,0,This section IS NOT on the NHS,2,Urban,4,Minor Arterial,4,City or Municipal Highway Agency,6,Local Street - Municipality,E BASELINE RD,,0,None,33.37934722,33.37934722,-111.684091700,-111.68409167,0,No Special Jurisdiction,33,Curb,0,Not a Collision with Motor Vehicle In-Transport,0,No,1,Non-Junction,1,Not an Intersection,0,None,,,4,On Roadside,1,Daylight,1,Clear,0,No Additional Atmospheric Conditions,1,Clear,0,No,0000000,Not Applicable,99,Unknown,99,Unknown,99,Unknown EMS Scene Arrival Hour,99,Unknown EMS Scene Arrival Minutes,88,Not Applicable (Not Transported),88,Not Applicable (Not Transported),0,None,0,None,0,None,1,0
2018,4,40673,Arizona,1,1,0,0,0,1,1,5,COCONINO (5),0,NOT APPLICABLE,23,23,9,September,2018,1,Sunday,11,11:00am-11:59am,11,11,1,This section IS ON the NHS,1,Rural,1,Interstate,1,State Highway Agency,1,Interstate,I-17 G RAMP,,3265,3265,34.98216944,34.98216944,-111.685591700,-111.68559167,0,No Special Jurisdiction,1,Rollover/Overturn,0,Not a Collision with Motor Vehicle In-Transport,0,No,5,Entrance/Exit Ramp Related,1,Not an Intersection,1,Construction,,,4,On Roadside,1,Daylight,1,Clear,0,No Additional Atmospheric Conditions,1,Clear,0,No,0000000,Not Applicable,11,11:00am-11:59am,14,14,11,11:00am-11:59am,25,25,88,Not Applicable (Not Transported),88,Not Applicable (Not Transported),0,None,0,None,0,None,1,0
2018,4,40674,Arizona,7,7,0,0,0,8,8,19,PIMA (19),530,TUCSON,24,24,9,September,2018,2,Monday,8,8:00am-8:59am,37,37,0,This section IS NOT on the NHS,2,Urban,3,Principal Arterial - Other,4,City or Municipal Highway Agency,6,Local Street - Municipality,SPEEDWAY BLVD E,WILMOT RD N,0,None,32.23578889,32.23578889,-110.858202800,-110.85820278,0,No Special Jurisdiction,12,Motor Vehicle In-Transport,1,Front-to-Rear,0,No,3,Intersection-Related,2,Four-Way Intersection,0,None,,,1,On Roadway,1,Daylight,10,Cloudy,0,No Additional Atmospheric Conditions,10,Cloudy,0,No,0000000,Not Applicable,8,8:00am-8:59am,37,37,8,8:00am-8:59am,43,43,9,9:00am-9:59am,8,8,0,None,0,None,0,None,1,1
2018,4,40675,Arizona,2,2,0,0,0,2,2,13,MARICOPA (13),370,PHOENIX,25,25,9,September,2018,3,Tuesday,1,1:00am-1:59am,20,20,0,This section IS NOT on the NHS,2,Urban,4,Minor Arterial,4,City or Municipal Highway Agency,6,Local Street - Municipality,N 67TH AVE,W MCDOWELL RD,0,None,33.46583056,33.46583056,-112.203330600,-112.20333056,0,No Special Jurisdiction,12,Motor Vehicle In-Transport,6,Angle,0,No,2,Intersection,2,Four-Way Intersection,0,None,,,1,On Roadway,3,Dark - Lighted,1,Clear,0,No Additional Atmospheric Conditions,1,Clear,0,No,0000000,Not Applicable,1,1:00am-1:59am,20,20,1,1:00am-1:59am,22,22,88,Not Applicable (Not Transported),88,Not Applicable (Not Transported),0,None,0,None,0,None,1,0
2018,4,40676,Arizona,2,2,0,0,0,2,2,17,NAVAJO (17),252,JOSEPH CITY,25,25,9,September,2018,3,Tuesday,2,2:00am-2:59am,19,19,1,This section IS ON the NHS,2,Urban,1,Interstate,1,State Highway Agency,1,Interstate,I-40,,2765,2765,34.95508889,34.95508889,-110.317816700,-110.31781667,0,No Special Jurisdiction,12,Motor Vehicle In-Transport,2,Front-to-Front,0,No,1,Non-Junction,1,Not an Intersection,0,None,,,1,On Roadway,2,Dark - Not Lighted,1,Clear,0,No Additional Atmospheric Conditions,1,Clear,0,No,0000000,Not Applicable,2,2:00am-2:59am,59,59,3,3:00am-3:59am,28,28,99,Unknown,99,Unknown EMS Hospital Arrival Time,0,None,0,None,0,None,1,0
2018,4,40677,Arizona,2,2,0,0,0,2,2,25,YAVAPAI (25),373,PRESCOTT VALLEY,25,25,9,September,2018,3,Tuesday,8,8:00am-8:59am,33,33,0,This section IS NOT on the NHS,2,Urban,4,Minor Arterial,4,City or Municipal Highway Agency,6,Local Street - Municipality,N GLASSFORD HILL RD,E FLORENTINE RD,0,None,34.58887500,34.58887500,-112.339280600,-112.33928056,0,No Special Jurisdiction,12,Motor Vehicle In-Transport,6,Angle,0,No,2,Intersection,2,Four-Way Intersection,0,None,,,1,On Roadway,1,Daylight,1,Clear,0,No Additional Atmospheric Conditions,1,Clear,0,No,0000000,Not Applicable,8,8:00am-8:59am,99,Unknown,99,Unknown EMS Scene Arrival Hour,99,Unknown EMS Scene Arrival Minutes,99,Unknown,99,Unknown EMS Hospital Arrival Time,0,None,0,None,0,None,1,0
2018,4,40678,Arizona,2,2,0,0,0,3,3,1,APACHE (1),396,ROCK POINT,25,25,9,September,2018,3,Tuesday,11,11:00am-11:59am,49,49,0,This section IS NOT on the NHS,1,Rural,5,Major Collector,1,State Highway Agency,2,U.S. Highway,US-191,,4929,4929,36.71042778,36.71042778,-109.623144400,-109.62314444,3,Indian Reservation,12,Motor Vehicle In-Transport,2,Front-to-Front,0,No,1,Non-Junction,1,Not an Intersection,0,None,,,1,On Roadway,1,Daylight,1,Clear,0,No Additional Atmospheric Conditions,1,Clear,0,No,0000000,Not Applicable,11,11:00am-11:59am,49,49,12,12:00pm-12:59pm,32,32,88,Not Applicable (Not Transported),88,Not Applicable (Not Transported),0,None,0,None,0,None,3,1
2018,4,40679,Arizona,1,1,0,1,1,1,1,13,MARICOPA (13),80,CHANDLER,25,25,9,September,2018,3,Tuesday,16,4:00pm-4:59pm,4,4,0,This section IS NOT on the NHS,2,Urban,4,Minor Arterial,4,City or Municipal Highway Agency,6,Local Street - Municipality,GERMANN RD,AIRPORT BLVD,0,None,33.27708611,33.27708611,-111.815700000,-111.815700000,0,No Special Jurisdiction,9,Pedalcyclist,0,Not a Collision with Motor Vehicle In-Transport,0,No,3,Intersection-Related,3,T-Intersection,0,None,,,1,On Roadway,1,Daylight,1,Clear,0,No Additional Atmospheric Conditions,1,Clear,0,No,0000000,Not Applicable,99,Unknown,99,Unknown,99,Unknown EMS Scene Arrival Hour,99,Unknown EMS Scene Arrival Minutes,99,Unknown,99,Unknown EMS Hospital Arrival Time,3,Other Maintenance or Construction-Created Condition,0,None,0,None,1,0
2018,4,40680,Arizona,1,1,0,0,0,1,1,5,COCONINO (5),0,NOT APPLICABLE,26,26,9,September,2018,4,Wednesday,12,12:00pm-12:59pm,30,30,1,This section IS ON the NHS,1,Rural,3,Principal Arterial - Other,1,State Highway Agency,3,State Highway,SR-87,,3039,3039,77.77770000,Not Reported,777.777700000,Not Reported,0,No Special Jurisdiction,1,Rollover/Overturn,0,Not a Collision with Motor Vehicle In-Transport,0,No,1,Non-Junction,1,Not an Intersection,0,None,,,4,On Roadside,1,Daylight,1,Clear,0,No Additional Atmospheric Conditions,1,Clear,0,No,0000000,Not Applicable,99,Unknown,99,Unknown,99,Unknown EMS Scene Arrival Hour,99,Unknown EMS Scene Arrival Minutes,88,Not Applicable (Not Transported),88,Not Applicable (Not Transported),0,None,0,None,0,None,1,0
2018,4,40682,Arizona,2,2,0,0,0,6,6,13,MARICOPA (13),370,PHOENIX,26,26,9,September,2018,4,Wednesday,22,10:00pm-10:59pm,21,21,0,This section IS NOT on the NHS,2,Urban,7,Local,4,City or Municipal Highway Agency,6,Local Street - Municipality,N 19TH ST,,0,None,33.45706944,33.45706944,-112.041155600,-112.04115556,0,No Special Jurisdiction,12,Motor Vehicle In-Transport,2,Front-to-Front,0,No,1,Non-Junction,1,Not an Intersection,0,None,,,1,On Roadway,3,Dark - Lighted,1,Clear,0,No Additional Atmospheric Conditions,1,Clear,0,No,0000000,Not Applicable,22,10:00pm-10:59pm,22,22,22,10:00pm-10:59pm,26,26,22,10:00pm-10:59pm,47,47,0,None,0,None,0,None,1,1
2018,4,40683,Arizona,1,1,0,1,1,1,1,13,MARICOPA (13),370,PHOENIX,27,27,9,September,2018,5,Thursday,1,1:00am-1:59am,9,9,0,This section IS NOT on the NHS,2,Urban,4,Minor Arterial,4,City or Municipal Highway Agency,6,Local Street - Municipality,E BUCKEYE RD,,0,None,33.43685000,33.43685000,-112.062713900,-112.06271389,0,No Special Jurisdiction,8,Pedestrian,0,Not a Collision with Motor Vehicle In-Transport,0,No,1,Non-Junction,1,Not an Intersection,0,None,,,1,On Roadway,2,Dark - Not Lighted,1,Clear,0,No Additional Atmospheric Conditions,1,Clear,0,No,0000000,Not Applicable,99,Unknown,99,Unknown,99,Unknown EMS Scene Arrival Hour,99,Unknown EMS Scene Arrival Minutes,99,Unknown,99,Unknown EMS Hospital Arrival Time,0,None,0,None,0,None,1,0
2018,4,40684,Arizona,4,4,0,0,0,6,6,13,MARICOPA (13),30,AVONDALE,27,27,9,September,2018,5,Thursday,15,3:00pm-3:59pm,21,21,0,This section IS NOT on the NHS,2,Urban,4,Minor Arterial,4,City or Municipal Highway Agency,6,Local Street - Municipality,N DYSART RD,,0,None,33.48692222,33.48692222,-112.341013900,-112.34101389,0,No Special Jurisdiction,12,Motor Vehicle In-Transport,1,Front-to-Rear,0,No,1,Non-Junction,1,Not an Intersection,0,None,,,1,On Roadway,1,Daylight,1,Clear,0,No Additional Atmospheric Conditions,1,Clear,0,No,0000000,Not Applicable,15,3:00pm-3:59pm,24,24,15,3:00pm-3:59pm,31,31,15,3:00pm-3:59pm,52,52,0,None,0,None,0,None,1,0
2018,4,40685,Arizona,1,1,0,1,1,1,1,13,MARICOPA (13),370,PHOENIX,27,27,9,September,2018,5,Thursday,19,7:00pm-7:59pm,44,44,0,This section IS NOT on the NHS,2,Urban,4,Minor Arterial,4,City or Municipal Highway Agency,6,Local Street - Municipality,E BUCKEYE RD,,0,None,33.43680000,33.43680000,-112.048361100,-112.04836111,0,No Special Jurisdiction,8,Pedestrian,0,Not a Collision with Motor Vehicle In-Transport,0,No,1,Non-Junction,1,Not an Intersection,0,None,,,1,On Roadway,2,Dark - Not Lighted,1,Clear,0,No Additional Atmospheric Conditions,1,Clear,0,No,0000000,Not Applicable,99,Unknown,99,Unknown,99,Unknown EMS Scene Arrival Hour,99,Unknown EMS Scene Arrival Minutes,99,Unknown,99,Unknown EMS Hospital Arrival Time,0,None,0,None,0,None,1,0
2018,4,40686,Arizona,2,2,0,0,0,2,2,13,MARICOPA (13),370,PHOENIX,28,28,9,September,2018,6,Friday,7,7:00am-7:59am,25,25,0,This section IS NOT on the NHS,2,Urban,5,Major Collector,4,City or Municipal Highway Agency,6,Local Street - Municipality,W HATCHER RD,N 9TH AVE,0,None,33.57122778,33.57122778,-112.084700000,-112.084700000,0,No Special Jurisdiction,12,Motor Vehicle In-Transport,6,Angle,0,No,2,Intersection,3,T-Intersection,0,None,,,1,On Roadway,1,Daylight,1,Clear,0,No Additional Atmospheric Conditions,1,Clear,0,No,0000000,Not Applicable,7,7:00am-7:59am,26,26,7,7:00am-7:59am,30,30,7,7:00am-7:59am,38,38,0,None,0,None,0,None,1,0
2018,4,40687,Arizona,1,1,0,0,0,4,4,5,COCONINO (5),0,NOT APPLICABLE,28,28,9,September,2018,6,Friday,20,8:00pm-8:59pm,54,54,0,This section IS NOT on the NHS,1,Rural,7,Local,64,U.S. Forest Service,8,Other,NF-82E,,0,None,35.02366389,35.02366389,-111.449088900,-111.44908889,0,No Special Jurisdiction,42,Tree (Standing Only),0,Not a Collision with Motor Vehicle In-Transport,0,No,1,Non-Junction,1,Not an Intersection,0,None,,,4,On Roadside,5,Dusk,1,Clear,0,No Additional Atmospheric Conditions,1,Clear,0,No,0000000,Not Applicable,20,8:00pm-8:59pm,54,54,21,9:00pm-9:59pm,20,20,21,9:00pm-9:59pm,59,59,0,None,0,None,0,None,1,0
2018,4,40688,Arizona,2,2,0,0,0,2,2,21,PINAL (21),22,APACHE JUNCTION,28,28,9,September,2018,6,Friday,22,10:00pm-10:59pm,9,9,0,This section IS NOT on the NHS,2,Urban,7,Local,4,City or Municipal Highway Agency,6,Local Street - Municipality,APACHE TRAIL,,0,None,33.41536111,33.41536111,-111.577500000,-111.577500000,0,No Special Jurisdiction,12,Motor Vehicle In-Transport,6,Angle,0,No,8,Driveway Access Related,1,Not an Intersection,0,None,,,1,On Roadway,6,Dark - Unknown Lighting,1,Clear,0,No Additional Atmospheric Conditions,1,Clear,0,No,0000000,Not Applicable,22,10:00pm-10:59pm,11,11,22,10:00pm-10:59pm,15,15,22,10:00pm-10:59pm,52,52,0,None,0,None,0,None,1,0
2018,4,40689,Arizona,2,2,0,0,0,4,4,17,NAVAJO (17),252,JOSEPH CITY,29,29,9,September,2018,7,Saturday,14,2:00pm-2:59pm,41,41,1,This section IS ON the NHS,1,Rural,1,Interstate,1,State Highway Agency,1,Interstate,I-40,,2676,2676,77.77770000,Not Reported,777.777700000,Not Reported,0,No Special Jurisdiction,12,Motor Vehicle In-Transport,8,Sideswipe - Opposite Direction,0,No,1,Non-Junction,1,Not an Intersection,0,None,,,1,On Roadway,1,Daylight,1,Clear,0,No Additional Atmospheric Conditions,1,Clear,0,No,0000000,Not Applicable,14,2:00pm-2:59pm,42,42,14,2:00pm-2:59pm,57,57,99,Unknown,99,Unknown EMS Hospital Arrival Time,0,None,0,None,0,None,2,0
2018,4,40690,Arizona,1,1,0,1,1,1,1,19,PIMA (19),530,TUCSON,29,29,9,September,2018,7,Saturday,18,6:00pm-6:59pm,50,50,0,This section IS NOT on the NHS,2,Urban,3,Principal Arterial - Other,4,City or Municipal Highway Agency,6,Local Street - Municipality,E SPEEDWAY BLVD,,0,None,32.23561111,32.23561111,-110.819497200,-110.81949722,0,No Special Jurisdiction,8,Pedestrian,0,Not a Collision with Motor Vehicle In-Transport,0,No,1,Non-Junction,1,Not an Intersection,0,None,,,1,On Roadway,3,Dark - Lighted,1,Clear,0,No Additional Atmospheric Conditions,1,Clear,0,No,0000000,Not Applicable,18,6:00pm-6:59pm,52,52,19,7:00pm-7:59pm,5,5,19,7:00pm-7:59pm,8,8,0,None,0,None,0,None,1,0