caseyear,state,st_case,statename,ve_total,ve_forms,pvh_invl,peds,pernotmvit,permvit,persons,county,countyname,city,cityname,day,dayname,month,monthname,year,day_week,day_weekname,hour,hourname,minute,minutename,nhs,nhsname,rur_urb,rur_urbname,func_sys,func_sysname,rd_owner,rd_ownername,route,routename,tway_id,tway_id2,milept,mileptname,latitude,latitudename,longitud,longitudname,sp_jur,sp_jurname,harm_ev,harm_evname,man_coll,man_collname,reljct1,reljct1name,reljct2,reljct2name,typ_int,typ_intname,wrk_zone,wrk_zonename,road_fnc,road_fncname,rel_road,rel_roadname,lgt_cond,lgt_condname,weather1,weather1name,weather2,weather2name,weather,weathername,sch_bus,sch_busname,rail,railname,not_hour,not_hourname,not_min,not_minname,arr_hour,arr_hourname,arr_min,arr_minname,hosp_hr,hosp_hrname,hosp_mn,hosp_mnname,cf1,cf1name,cf2,cf2name,cf3,cf3name,fatals,drunk_dr
2018,4,40726,Arizona,1,1,0,0,0,1,1,13,MARICOPA (13),370,PHOENIX,9,9,10,October,2018,3,Tuesday,22,10:00pm-10:59pm,40,40,1,This section IS ON the NHS,2,Urban,2,Principal Arterial - Other Freeways and Expressways,1,State Highway Agency,3,State Highway,SR-101 LOOP,,46,46,33.50352500,33.50352500,-112.268355600,-112.26835556,0,No Special Jurisdiction,25,Concrete Traffic Barrier,0,Not a Collision with Motor Vehicle In-Transport,0,No,1,Non-Junction,1,Not an Intersection,0,None,,,3,On Median,3,Dark - Lighted,1,Clear,0,No Additional Atmospheric Conditions,1,Clear,0,No,0000000,Not Applicable,22,10:00pm-10:59pm,41,41,22,10:00pm-10:59pm,45,45,23,11:00pm-11:59pm,7,7,0,None,0,None,0,None,1,1
2018,4,40727,Arizona,1,1,0,1,1,4,4,13,MARICOPA (13),368,PEORIA,10,10,10,October,2018,4,Wednesday,15,3:00pm-3:59pm,18,18,0,This section IS NOT on the NHS,2,Urban,4,Minor Arterial,4,City or Municipal Highway Agency,6,Local Street - Municipality,W PEORIA AVE,,0,None,33.58134167,33.58134167,-112.224263900,-112.22426389,0,No Special Jurisdiction,8,Pedestrian,0,Not a Collision with Motor Vehicle In-Transport,0,No,1,Non-Junction,1,Not an Intersection,0,None,,,1,On Roadway,1,Daylight,1,Clear,0,No Additional Atmospheric Conditions,1,Clear,0,No,0000000,Not Applicable,15,3:00pm-3:59pm,18,18,15,3:00pm-3:59pm,23,23,99,Unknown,99,Unknown EMS Hospital Arrival Time,0,None,0,None,0,None,1,0
2018,4,40728,Arizona,1,1,0,0,0,1,1,27,YUMA (27),0,NOT APPLICABLE,10,10,10,October,2018,4,Wednesday,19,7:00pm-7:59pm,49,49,1,This section IS ON the NHS,1,Rural,1,Interstate,1,State Highway Agency,1,Interstate,I-8,,704,704,32.81760833,32.81760833,-113.494605600,-113.49460556,0,No Special Jurisdiction,1,Rollover/Overturn,0,Not a Collision with Motor Vehicle In-Transport,0,No,1,Non-Junction,1,Not an Intersection,0,None,,,4,On Roadside,2,Dark - Not Lighted,1,Clear,0,No Additional Atmospheric Conditions,1,Clear,0,No,0000000,Not Applicable,23,11:00pm-11:59pm,9,9,23,11:00pm-11:59pm,47,47,88,Not Applicable (Not Transported),88,Not Applicable (Not Transported),0,None,0,None,0,None,1,0
2018,4,40729,Arizona,1,1,0,0,0,1,1,13,MARICOPA (13),200,GLENDALE,11,11,10,October,2018,5,Thursday,4,4:00am-4:59am,38,38,1,This section IS ON the NHS,2,Urban,2,Principal Arterial - Other Freeways and Expressways,1,State Highway Agency,3,State Highway,SR-101 LOOP,,60,60,33.52396944,33.52396944,-112.268900000,-112.268900000,0,No Special Jurisdiction,1,Rollover/Overturn,0,Not a Collision with Motor Vehicle In-Transport,1,Yes,19,Other location within Interchange Area,1,Not an Intersection,0,None,,,4,On Roadside,3,Dark - Lighted,10,Cloudy,0,No Additional Atmospheric Conditions,10,Cloudy,0,No,0000000,Not Applicable,4,4:00am-4:59am,38,38,4,4:00am-4:59am,46,46,88,Not Applicable (Not Transported),88,Not Applicable (Not Transported),0,None,0,None,0,None,1,0
2018,4,40730,Arizona,1,1,0,1,1,2,2,19,PIMA (19),530,TUCSON,11,11,10,October,2018,5,Thursday,9,9:00am-9:59am,33,33,0,This section IS NOT on the NHS,2,Urban,7,Local,12,"Local Park, Forest or Reservation Agency",6,Local Street - Municipality,SENTINEL PEAK RD S,,0,None,32.21092778,32.21092778,-110.992619400,-110.99261944,0,No Special Jurisdiction,9,Pedalcyclist,0,Not a Collision with Motor Vehicle In-Transport,0,No,1,Non-Junction,1,Not an Intersection,0,None,,,1,On Roadway,1,Daylight,1,Clear,0,No Additional Atmospheric Conditions,1,Clear,0,No,0000000,Not Applicable,99,Unknown,99,Unknown,99,Unknown EMS Scene Arrival Hour,99,Unknown EMS Scene Arrival Minutes,99,Unknown,99,Unknown EMS Hospital Arrival Time,0,None,0,None,0,None,1,1
2018,4,40731,Arizona,2,2,0,0,0,3,3,13,MARICOPA (13),220,GOODYEAR,12,12,10,October,2018,6,Friday,0,0:00am-0:59am,21,21,1,This section IS ON the NHS,2,Urban,1,Interstate,1,State Highway Agency,1,Interstate,I-10,,1264,1264,33.46116667,33.46116667,-112.395963900,-112.39596389,0,No Special Jurisdiction,12,Motor Vehicle In-Transport,1,Front-to-Rear,1,Yes,18,Through Roadway,1,Not an Intersection,0,None,,,1,On Roadway,3,Dark - Lighted,1,Clear,0,No Additional Atmospheric Conditions,1,Clear,0,No,0000000,Not Applicable,0,0:00am-0:59am,25,25,0,0:00am-0:59am,32,32,0,0:00am-0:59am,47,47,0,None,0,None,0,None,1,2
2018,4,40732,Arizona,2,2,0,0,0,4,4,13,MARICOPA (13),0,NOT APPLICABLE,13,13,10,October,2018,7,Saturday,12,12:00pm-12:59pm,0,0,1,This section IS ON the NHS,1,Rural,2,Principal Arterial - Other Freeways and Expressways,1,State Highway Agency,3,State Highway,SR-101 LOOP,,70,70,33.54766944,33.54766944,-112.270700000,-112.270700000,0,No Special Jurisdiction,12,Motor Vehicle In-Transport,6,Angle,0,No,1,Non-Junction,1,Not an Intersection,0,None,,,2,On Shoulder,1,Daylight,2,Rain,0,No Additional Atmospheric Conditions,2,Rain,0,No,0000000,Not Applicable,12,12:00pm-12:59pm,1,1,12,12:00pm-12:59pm,21,21,99,Unknown,99,Unknown EMS Hospital Arrival Time,19,Recent/Previous Crash scene Nearby,0,None,0,None,1,0
2018,4,40733,Arizona,2,1,1,1,1,2,2,13,MARICOPA (13),370,PHOENIX,13,13,10,October,2018,7,Saturday,15,3:00pm-3:59pm,10,10,0,This section IS NOT on the NHS,2,Urban,4,Minor Arterial,4,City or Municipal Highway Agency,6,Local Street - Municipality,N 35TH AVE,W GLENDALE AVE,0,None,33.53810278,33.53810278,-112.134350000,-112.134350000,0,No Special Jurisdiction,8,Pedestrian,0,Not a Collision with Motor Vehicle In-Transport,0,No,3,Intersection-Related,2,Four-Way Intersection,0,None,,,5,Outside Trafficway,1,Daylight,2,Rain,0,No Additional Atmospheric Conditions,2,Rain,0,No,0000000,Not Applicable,15,3:00pm-3:59pm,11,11,15,3:00pm-3:59pm,13,13,15,3:00pm-3:59pm,33,33,0,None,0,None,0,None,1,0
2018,4,40734,Arizona,1,1,0,1,1,5,5,19,PIMA (19),530,TUCSON,13,13,10,October,2018,7,Saturday,19,7:00pm-7:59pm,53,53,1,This section IS ON the NHS,2,Urban,3,Principal Arterial - Other,1,State Highway Agency,3,State Highway,SR-77,,738,738,32.33660278,32.33660278,-110.977625000,-110.977625000,0,No Special Jurisdiction,8,Pedestrian,0,Not a Collision with Motor Vehicle In-Transport,0,No,1,Non-Junction,1,Not an Intersection,0,None,,,1,On Roadway,2,Dark - Not Lighted,10,Cloudy,0,No Additional Atmospheric Conditions,10,Cloudy,0,No,0000000,Not Applicable,19,7:00pm-7:59pm,53,53,19,7:00pm-7:59pm,56,56,20,8:00pm-8:59pm,18,18,0,None,0,None,0,None,1,0
2018,4,40735,Arizona,1,1,0,0,0,1,1,7,GILA (7),524,TONTO BASIN,14,14,10,October,2018,1,Sunday,11,11:00am-11:59am,18,18,0,This section IS NOT on the NHS,1,Rural,5,Major Collector,98,Not Reported,5,Local Street - Township,S EWING TRAIL,,0,None,33.83148889,33.83148889,-111.275869400,-111.27586944,0,No Special Jurisdiction,1,Rollover/Overturn,0,Not a Collision with Motor Vehicle In-Transport,0,No,1,Non-Junction,1,Not an Intersection,0,None,,,5,Outside Trafficway,6,Dark - Unknown Lighting,99,Reported as Unknown,0,No Additional Atmospheric Conditions,99,Reported as Unknown,0,No,0000000,Not Applicable,11,11:00am-11:59am,18,18,11,11:00am-11:59am,30,30,88,Not Applicable (Not Transported),88,Not Applicable (Not Transported),0,None,0,None,0,None,1,1
2018,4,40736,Arizona,1,1,0,0,0,1,1,1,APACHE (1),0,NOT APPLICABLE,14,14,10,October,2018,1,Sunday,14,2:00pm-2:59pm,22,22,1,This section IS ON the NHS,1,Rural,1,Interstate,1,State Highway Agency,1,Interstate,I-40,,3259,3259,35.13224444,35.13224444,-109.536083300,-109.53608333,3,Indian Reservation,1,Rollover/Overturn,0,Not a Collision with Motor Vehicle In-Transport,0,No,1,Non-Junction,1,Not an Intersection,0,None,,,3,On Median,1,Daylight,10,Cloudy,0,No Additional Atmospheric Conditions,10,Cloudy,0,No,0000000,Not Applicable,14,2:00pm-2:59pm,22,22,14,2:00pm-2:59pm,40,40,88,Not Applicable (Not Transported),88,Not Applicable (Not Transported),0,None,0,None,0,None,1,0
2018,4,40737,Arizona,1,1,0,0,0,2,2,27,YUMA (27),0,NOT APPLICABLE,15,15,10,October,2018,2,Monday,10,10:00am-10:59am,48,48,1,This section IS ON the NHS,2,Urban,1,Interstate,1,State Highway Agency,1,Interstate,I-8,,445,445,32.70000278,32.70000278,-113.911758300,-113.91175833,0,No Special Jurisdiction,1,Rollover/Overturn,0,Not a Collision with Motor Vehicle In-Transport,0,No,1,Non-Junction,1,Not an Intersection,0,None,,,3,On Median,1,Daylight,1,Clear,0,No Additional Atmospheric Conditions,1,Clear,0,No,0000000,Not Applicable,10,10:00am-10:59am,48,48,11,11:00am-11:59am,13,13,99,Unknown,99,Unknown EMS Hospital Arrival Time,0,None,0,None,0,None,1,0
2018,4,40738,Arizona,1,1,0,1,1,1,1,13,MARICOPA (13),200,GLENDALE,15,15,10,October,2018,2,Monday,21,9:00pm-9:59pm,32,32,0,This section IS NOT on the NHS,2,Urban,4,Minor Arterial,4,City or Municipal Highway Agency,6,Local Street - Municipality,W PEORIA AVE,,0,None,33.58190833,33.58190833,-112.167477800,-112.16747778,0,No Special Jurisdiction,8,Pedestrian,0,Not a Collision with Motor Vehicle In-Transport,0,No,1,Non-Junction,1,Not an Intersection,0,None,,,1,On Roadway,3,Dark - Lighted,1,Clear,0,No Additional Atmospheric Conditions,1,Clear,0,No,0000000,Not Applicable,99,Unknown,99,Unknown,99,Unknown EMS Scene Arrival Hour,99,Unknown EMS Scene Arrival Minutes,88,Not Applicable (Not Transported),88,Not Applicable (Not Transported),0,None,0,None,0,None,1,0
2018,4,40739,Arizona,2,2,0,0,0,2,2,13,MARICOPA (13),80,CHANDLER,16,16,10,October,2018,3,Tuesday,5,5:00am-5:59am,11,11,0,This section IS NOT on the NHS,2,Urban,4,Minor Arterial,4,City or Municipal Highway Agency,6,Local Street - Municipality,S PRICE RD,W QUEEN CREEK RD,0,None,33.26146389,33.26146389,-111.888700000,-111.888700000,0,No Special Jurisdiction,12,Motor Vehicle In-Transport,6,Angle,0,No,2,Intersection,2,Four-Way Intersection,0,None,,,1,On Roadway,3,Dark - Lighted,10,Cloudy,0,No Additional Atmospheric Conditions,10,Cloudy,0,No,0000000,Not Applicable,5,5:00am-5:59am,12,12,5,5:00am-5:59am,17,17,6,6:00am-6:59am,13,13,0,None,0,None,0,None,1,0
2018,4,40740,Arizona,6,6,0,0,0,7,7,13,MARICOPA (13),370,PHOENIX,16,16,10,October,2018,3,Tuesday,17,5:00pm-5:59pm,9,9,0,This section IS NOT on the NHS,2,Urban,4,Minor Arterial,4,City or Municipal Highway Agency,6,Local Street - Municipality,N 43RD AVE,W THUNDERBIRD RD,0,None,33.60987778,33.60987778,-112.151183300,-112.15118333,0,No Special Jurisdiction,12,Motor Vehicle In-Transport,1,Front-to-Rear,0,No,3,Intersection-Related,2,Four-Way Intersection,0,None,,,1,On Roadway,1,Daylight,1,Clear,0,No Additional Atmospheric Conditions,1,Clear,0,No,0000000,Not Applicable,17,5:00pm-5:59pm,9,9,17,5:00pm-5:59pm,14,14,17,5:00pm-5:59pm,27,27,0,None,0,None,0,None,1,0
2018,4,40741,Arizona,1,1,0,1,1,1,1,13,MARICOPA (13),192,FOUNTAIN HILLS,17,17,10,October,2018,4,Wednesday,7,7:00am-7:59am,17,17,0,This section IS NOT on the NHS,2,Urban,7,Local,4,City or Municipal Highway Agency,6,Local Street - Municipality,PALISADES BLVD,HAMPSTEAD DR,0,None,33.61365000,33.61365000,-111.732500000,-111.732500000,0,No Special Jurisdiction,8,Pedestrian,0,Not a Collision with Motor Vehicle In-Transport,0,No,3,Intersection-Related,3,T-Intersection,0,None,,,1,On Roadway,1,Daylight,1,Clear,0,No Additional Atmospheric Conditions,1,Clear,0,No,0000000,Not Applicable,7,7:00am-7:59am,18,18,7,7:00am-7:59am,25,25,88,Not Applicable (Not Transported),88,Not Applicable (Not Transported),0,None,0,None,0,None,1,0
2018,4,40742,Arizona,3,3,0,0,0,4,4,19,PIMA (19),530,TUCSON,18,18,10,October,2018,5,Thursday,9,9:00am-9:59am,56,56,1,This section IS ON the NHS,2,Urban,1,Interstate,1,State Highway Agency,1,Interstate,I-10,,2545,2545,32.26991667,32.26991667,-111.009155600,-111.00915556,0,No Special Jurisdiction,12,Motor Vehicle In-Transport,7,Sideswipe - Same Direction,1,Yes,18,Through Roadway,1,Not an Intersection,0,None,,,1,On Roadway,1,Daylight,1,Clear,0,No Additional Atmospheric Conditions,1,Clear,0,No,0000000,Not Applicable,9,9:00am-9:59am,56,56,10,10:00am-10:59am,8,8,10,10:00am-10:59am,23,23,0,None,0,None,0,None,1,0
2018,4,40743,Arizona,1,1,0,1,1,2,2,13,MARICOPA (13),290,MESA,18,18,10,October,2018,5,Thursday,22,10:00pm-10:59pm,28,28,1,This section IS ON the NHS,2,Urban,3,Principal Arterial - Other,3,Town or Township Highway Agency,3,State Highway,SR-87 N COUNTRY CLUB DR,W JUNIPER ST,99998,Not Reported,33.44820556,33.44820556,-111.839788900,-111.83978889,0,No Special Jurisdiction,8,Pedestrian,0,Not a Collision with Motor Vehicle In-Transport,0,No,3,Intersection-Related,3,T-Intersection,0,None,,,1,On Roadway,3,Dark - Lighted,1,Clear,0,No Additional Atmospheric Conditions,1,Clear,0,No,0000000,Not Applicable,99,Unknown,99,Unknown,99,Unknown EMS Scene Arrival Hour,99,Unknown EMS Scene Arrival Minutes,88,Not Applicable (Not Transported),88,Not Applicable (Not Transported),0,None,0,None,0,None,1,0
2018,4,40744,Arizona,2,2,0,0,0,2,2,13,MARICOPA (13),290,MESA,19,19,10,October,2018,6,Friday,4,4:00am-4:59am,58,58,0,This section IS NOT on the NHS,2,Urban,4,Minor Arterial,4,City or Municipal Highway Agency,6,Local Street - Municipality,E SOUTHERN AVE,,0,None,33.39336389,33.39336389,-111.806463900,-111.80646389,0,No Special Jurisdiction,12,Motor Vehicle In-Transport,1,Front-to-Rear,0,No,1,Non-Junction,1,Not an Intersection,0,None,,,1,On Roadway,3,Dark - Lighted,1,Clear,0,No Additional Atmospheric Conditions,1,Clear,0,No,0000000,Not Applicable,4,4:00am-4:59am,58,58,5,5:00am-5:59am,4,4,5,5:00am-5:59am,29,29,0,None,0,None,0,None,1,0
2018,4,40745,Arizona,1,1,0,1,1,1,1,21,PINAL (21),22,APACHE JUNCTION,19,19,10,October,2018,6,Friday,5,5:00am-5:59am,49,49,0,This section IS NOT on the NHS,2,Urban,5,Major Collector,4,City or Municipal Highway Agency,6,Local Street - Municipality,DELAWARE DR,,0,None,33.43266944,33.43266944,-111.572063900,-111.57206389,0,No Special Jurisdiction,8,Pedestrian,0,Not a Collision with Motor Vehicle In-Transport,0,No,1,Non-Junction,1,Not an Intersection,0,None,,,4,On Roadside,2,Dark - Not Lighted,1,Clear,0,No Additional Atmospheric Conditions,1,Clear,0,No,0000000,Not Applicable,99,Unknown,99,Unknown,99,Unknown EMS Scene Arrival Hour,99,Unknown EMS Scene Arrival Minutes,88,Not Applicable (Not Transported),88,Not Applicable (Not Transported),0,None,0,None,0,None,1,0
2018,4,40746,Arizona,2,2,0,0,0,8,8,13,MARICOPA (13),290,MESA,19,19,10,October,2018,6,Friday,17,5:00pm-5:59pm,43,43,0,This section IS NOT on the NHS,2,Urban,4,Minor Arterial,4,City or Municipal Highway Agency,6,Local Street - Municipality,S ELLSWORTH RD,E RAY RD,0,None,33.32163056,33.32163056,-111.635563900,-111.63556389,0,No Special Jurisdiction,12,Motor Vehicle In-Transport,6,Angle,0,No,2,Intersection,2,Four-Way Intersection,0,None,,,1,On Roadway,3,Dark - Lighted,1,Clear,0,No Additional Atmospheric Conditions,1,Clear,0,No,0000000,Not Applicable,17,5:00pm-5:59pm,43,43,17,5:00pm-5:59pm,48,48,18,6:00pm-6:59pm,4,4,0,None,0,None,0,None,1,0
2018,4,40747,Arizona,1,1,0,0,0,3,3,21,PINAL (21),0,NOT APPLICABLE,19,19,10,October,2018,6,Friday,23,11:00pm-11:59pm,0,0,1,This section IS ON the NHS,1,Rural,1,Interstate,1,State Highway Agency,1,Interstate,I-10,,2016,2016,32.79607222,32.79607222,-111.650158300,-111.65015833,0,No Special Jurisdiction,1,Rollover/Overturn,0,Not a Collision with Motor Vehicle In-Transport,0,No,1,Non-Junction,1,Not an Intersection,0,None,,,4,On Roadside,2,Dark - Not Lighted,1,Clear,0,No Additional Atmospheric Conditions,1,Clear,0,No,0000000,Not Applicable,23,11:00pm-11:59pm,99,Unknown,23,11:00pm-11:59pm,17,17,99,Unknown,99,Unknown EMS Hospital Arrival Time,0,None,0,None,0,None,1,0
2018,4,40748,Arizona,1,1,0,0,0,2,2,19,PIMA (19),530,TUCSON,20,20,10,October,2018,7,Saturday,2,2:00am-2:59am,30,30,0,This section IS NOT on the NHS,2,Urban,7,Local,4,City or Municipal Highway Agency,6,Local Street - Municipality,ANKLAM RD,,0,None,32.22497500,32.22497500,-111.012205600,-111.01220556,0,No Special Jurisdiction,5,Fell/Jumped from Vehicle,0,Not a Collision with Motor Vehicle In-Transport,0,No,1,Non-Junction,1,Not an Intersection,0,None,,,1,On Roadway,6,Dark - Unknown Lighting,99,Reported as Unknown,0,No Additional Atmospheric Conditions,99,Reported as Unknown,0,No,0000000,Not Applicable,88,Not Applicable (Not Notified),88,Not Applicable (Not Notified),88,Not Applicable,88,Not Applicable,88,Not Applicable (Not Transported),88,Not Applicable (Not Transported),0,None,0,None,0,None,1,1
2018,4,40749,Arizona,2,2,0,0,0,2,2,19,PIMA (19),530,TUCSON,20,20,10,October,2018,7,Saturday,5,5:00am-5:59am,36,36,0,This section IS NOT on the NHS,2,Urban,4,Minor Arterial,4,City or Municipal Highway Agency,6,Local Street - Municipality,FORT LOWELL RD,1ST AVE,0,None,32.26481667,32.26481667,-110.960991700,-110.96099167,0,No Special Jurisdiction,1,Rollover/Overturn,0,Not a Collision with Motor Vehicle In-Transport,0,No,2,Intersection,2,Four-Way Intersection,0,None,,,1,On Roadway,3,Dark - Lighted,1,Clear,0,No Additional Atmospheric Conditions,1,Clear,0,No,0000000,Not Applicable,5,5:00am-5:59am,36,36,5,5:00am-5:59am,42,42,5,5:00am-5:59am,49,49,0,None,0,None,0,None,1,0
2018,4,40751,Arizona,1,1,0,0,0,1,1,13,MARICOPA (13),189,GILA BEND,21,21,10,October,2018,1,Sunday,20,8:00pm-8:59pm,55,55,0,This section IS NOT on the NHS,1,Rural,5,Major Collector,4,City or Municipal Highway Agency,6,Local Street - Municipality,OLD US HWY 80,,0,None,32.95473056,32.95473056,-112.699011100,-112.69901111,0,No Special Jurisdiction,42,Tree (Standing Only),0,Not a Collision with Motor Vehicle In-Transport,0,No,1,Non-Junction,1,Not an Intersection,0,None,,,4,On Roadside,2,Dark - Not Lighted,1,Clear,0,No Additional Atmospheric Conditions,1,Clear,0,No,0000000,Not Applicable,21,9:00pm-9:59pm,0,0,21,9:00pm-9:59pm,7,7,88,Not Applicable (Not Transported),88,Not Applicable (Not Transported),0,None,0,None,0,None,1,0
2018,4,40752,Arizona,1,1,0,0,0,2,2,13,MARICOPA (13),200,GLENDALE,22,22,10,October,2018,2,Monday,13,1:00pm-1:59pm,44,44,0,This section IS NOT on the NHS,2,Urban,7,Local,4,City or Municipal Highway Agency,6,Local Street - Municipality,W LUKE AVE,,0,None,33.51854444,33.51854444,-112.174186100,-112.17418611,0,No Special Jurisdiction,33,Curb,0,Not a Collision with Motor Vehicle In-Transport,0,No,1,Non-Junction,1,Not an Intersection,0,None,,,4,On Roadside,1,Daylight,1,Clear,0,No Additional Atmospheric Conditions,1,Clear,0,No,0000000,Not Applicable,13,1:00pm-1:59pm,44,44,13,1:00pm-1:59pm,48,48,99,Unknown,99,Unknown EMS Hospital Arrival Time,0,None,0,None,0,None,1,0
2018,4,40753,Arizona,2,2,0,0,0,2,2,13,MARICOPA (13),80,CHANDLER,22,22,10,October,2018,2,Monday,19,7:00pm-7:59pm,41,41,1,This section IS ON the NHS,2,Urban,3,Principal Arterial - Other,1,State Highway Agency,3,State Highway,SR-87 N ARIZONA AVE,,99998,Not Reported,33.34860000,33.34860000,-111.841777800,-111.84177778,0,No Special Jurisdiction,12,Motor Vehicle In-Transport,6,Angle,0,No,8,Driveway Access Related,1,Not an Intersection,0,None,,,1,On Roadway,3,Dark - Lighted,1,Clear,0,No Additional Atmospheric Conditions,1,Clear,0,No,0000000,Not Applicable,19,7:00pm-7:59pm,42,42,19,7:00pm-7:59pm,47,47,88,Not Applicable (Not Transported),88,Not Applicable (Not Transported),0,None,0,None,0,None,1,0
2018,4,40754,Arizona,1,1,0,0,0,1,1,19,PIMA (19),0,NOT APPLICABLE,22,22,10,October,2018,2,Monday,20,8:00pm-8:59pm,45,45,0,This section IS NOT on the NHS,1,Rural,5,Major Collector,2,County Highway Agency,4,County Road,CR-CATALINA HWY,,99998,Not Reported,32.31119167,32.31119167,-110.728236100,-110.72823611,0,No Special Jurisdiction,24,Guardrail Face,0,Not a Collision with Motor Vehicle In-Transport,0,No,1,Non-Junction,1,Not an Intersection,0,None,,,4,On Roadside,2,Dark - Not Lighted,1,Clear,0,No Additional Atmospheric Conditions,1,Clear,0,No,0000000,Not Applicable,20,8:00pm-8:59pm,45,45,20,8:00pm-8:59pm,54,54,99,Unknown,99,Unknown EMS Hospital Arrival Time,0,None,0,None,0,None,1,0
2018,4,40755,Arizona,1,1,0,0,0,2,2,25,YAVAPAI (25),0,NOT APPLICABLE,24,24,10,October,2018,4,Wednesday,14,2:00pm-2:59pm,36,36,0,This section IS NOT on the NHS,1,Rural,7,Local,64,U.S. Forest Service,8,Other,FS-9603,,99998,Not Reported,34.52575833,34.52575833,-111.964866700,-111.96486667,0,No Special Jurisdiction,1,Rollover/Overturn,0,Not a Collision with Motor Vehicle In-Transport,0,No,1,Non-Junction,1,Not an Intersection,0,None,,,1,On Roadway,1,Daylight,1,Clear,0,No Additional Atmospheric Conditions,1,Clear,0,No,0000000,Not Applicable,14,2:00pm-2:59pm,36,36,14,2:00pm-2:59pm,55,55,99,Unknown,99,Unknown EMS Hospital Arrival Time,0,None,0,None,0,None,1,0
2018,4,40756,Arizona,3,3,0,0,0,5,5,13,MARICOPA (13),290,MESA,25,25,10,October,2018,5,Thursday,13,1:00pm-1:59pm,56,56,1,This section IS ON the NHS,2,Urban,3,Principal Arterial - Other,4,City or Municipal Highway Agency,6,Local Street - Municipality,POWER RD,E BROADWAY RD,0,None,33.40858611,33.40858611,-111.684583300,-111.68458333,0,No Special Jurisdiction,12,Motor Vehicle In-Transport,6,Angle,0,No,2,Intersection,2,Four-Way Intersection,0,None,,,1,On Roadway,1,Daylight,1,Clear,0,No Additional Atmospheric Conditions,1,Clear,0,No,0000000,Not Applicable,99,Unknown,99,Unknown,99,Unknown EMS Scene Arrival Hour,99,Unknown EMS Scene Arrival Minutes,99,Unknown,99,Unknown EMS Hospital Arrival Time,0,None,0,None,0,None,1,0
2018,4,40758,Arizona,2,2,0,0,0,2,2,13,MARICOPA (13),368,PEORIA,26,26,10,October,2018,6,Friday,3,3:00am-3:59am,41,41,1,This section IS ON the NHS,2,Urban,3,Principal Arterial - Other,1,State Highway Agency,2,U.S. Highway,US-60 W GRAND AVE,SR-101 LOOP,1488,1488,33.59406389,33.59406389,-112.261005600,-112.26100556,0,No Special Jurisdiction,12,Motor Vehicle In-Transport,6,Angle,1,Yes,2,Intersection,3,T-Intersection,0,None,,,1,On Roadway,3,Dark - Lighted,1,Clear,0,No Additional Atmospheric Conditions,1,Clear,0,No,0000000,Not Applicable,3,3:00am-3:59am,34,34,3,3:00am-3:59am,41,41,4,4:00am-4:59am,4,4,0,None,0,None,0,None,1,0
2018,4,40759,Arizona,1,1,0,1,1,1,1,13,MARICOPA (13),290,MESA,26,26,10,October,2018,6,Friday,18,6:00pm-6:59pm,53,53,1,This section IS ON the NHS,2,Urban,3,Principal Arterial - Other,4,City or Municipal Highway Agency,6,Local Street - Municipality,N POWER RD,E ADOBE RD,0,None,33.43016389,33.43016389,-111.684402800,-111.68440278,0,No Special Jurisdiction,9,Pedalcyclist,0,Not a Collision with Motor Vehicle In-Transport,0,No,3,Intersection-Related,2,Four-Way Intersection,0,None,,,1,On Roadway,3,Dark - Lighted,1,Clear,0,No Additional Atmospheric Conditions,1,Clear,0,No,0000000,Not Applicable,18,6:00pm-6:59pm,54,54,19,7:00pm-7:59pm,0,0,19,7:00pm-7:59pm,25,25,0,None,0,None,0,None,1,0
2018,4,40760,Arizona,1,1,0,0,0,3,3,13,MARICOPA (13),0,NOT APPLICABLE,26,26,10,October,2018,6,Friday,20,8:00pm-8:59pm,25,25,0,This section IS NOT on the NHS,1,Rural,5,Major Collector,1,State Highway Agency,3,State Highway,SR-71,,870,870,33.95696944,33.95696944,-113.141572200,-113.14157222,0,No Special Jurisdiction,1,Rollover/Overturn,0,Not a Collision with Motor Vehicle In-Transport,0,No,1,Non-Junction,1,Not an Intersection,0,None,,,4,On Roadside,2,Dark - Not Lighted,1,Clear,0,No Additional Atmospheric Conditions,1,Clear,0,No,0000000,Not Applicable,20,8:00pm-8:59pm,27,27,20,8:00pm-8:59pm,59,59,99,Unknown,99,Unknown EMS Hospital Arrival Time,0,None,0,None,0,None,1,0
2018,4,40761,Arizona,1,1,0,0,0,2,2,13,MARICOPA (13),368,PEORIA,27,27,10,October,2018,7,Saturday,17,5:00pm-5:59pm,7,7,1,This section IS ON the NHS,2,Urban,3,Principal Arterial - Other,4,City or Municipal Highway Agency,6,Local Street - Municipality,W NORTHERN AVE,,0,None,33.55092222,33.55092222,-112.303561100,-112.30356111,0,No Special Jurisdiction,43,Other Fixed Object,0,Not a Collision with Motor Vehicle In-Transport,0,No,1,Non-Junction,1,Not an Intersection,0,None,,,4,On Roadside,1,Daylight,1,Clear,0,No Additional Atmospheric Conditions,1,Clear,0,No,0000000,Not Applicable,99,Unknown,99,Unknown,99,Unknown EMS Scene Arrival Hour,99,Unknown EMS Scene Arrival Minutes,99,Unknown,99,Unknown EMS Hospital Arrival Time,0,None,0,None,0,None,1,0