caseyear,state,st_case,statename,ve_total,ve_forms,pvh_invl,peds,pernotmvit,permvit,persons,county,countyname,city,cityname,day,dayname,month,monthname,year,day_week,day_weekname,hour,hourname,minute,minutename,nhs,nhsname,rur_urb,rur_urbname,func_sys,func_sysname,rd_owner,rd_ownername,route,routename,tway_id,tway_id2,milept,mileptname,latitude,latitudename,longitud,longitudname,sp_jur,sp_jurname,harm_ev,harm_evname,man_coll,man_collname,reljct1,reljct1name,reljct2,reljct2name,typ_int,typ_intname,wrk_zone,wrk_zonename,road_fnc,road_fncname,rel_road,rel_roadname,lgt_cond,lgt_condname,weather1,weather1name,weather2,weather2name,weather,weathername,sch_bus,sch_busname,rail,railname,not_hour,not_hourname,not_min,not_minname,arr_hour,arr_hourname,arr_min,arr_minname,hosp_hr,hosp_hrname,hosp_mn,hosp_mnname,cf1,cf1name,cf2,cf2name,cf3,cf3name,fatals,drunk_dr
2018,4,40912,Arizona,1,1,0,1,1,1,1,17,NAVAJO (17),610,WINSLOW,19,19,12,December,2018,4,Wednesday,6,6:00am-6:59am,53,53,1,This section IS ON the NHS,1,Rural,3,Principal Arterial - Other,1,State Highway Agency,6,Local Street - Municipality,FRONTAGE RD,,0,None,77.77770000,Not Reported,777.777700000,Not Reported,0,No Special Jurisdiction,8,Pedestrian,0,Not a Collision with Motor Vehicle In-Transport,0,No,99,Reported as Unknown,99,Reported as Unknown,0,None,,,99,Reported as Unknown,6,Dark - Unknown Lighting,99,Reported as Unknown,0,No Additional Atmospheric Conditions,99,Reported as Unknown,0,No,0000000,Not Applicable,88,Not Applicable (Not Notified),88,Not Applicable (Not Notified),88,Not Applicable,88,Not Applicable,88,Not Applicable (Not Transported),88,Not Applicable (Not Transported),99,Reported as Unknown,99,Reported as Unknown,99,Reported as Unknown,1,0
2018,4,40913,Arizona,1,1,0,1,1,1,1,13,MARICOPA (13),510,TOLLESON,21,21,12,December,2018,6,Friday,99,Unknown Hours,99,Unknown Minutes,0,This section IS NOT on the NHS,1,Rural,4,Minor Arterial,4,City or Municipal Highway Agency,6,Local Street - Municipality,91ST AVE,,0,None,33.40598333,33.40598333,-112.255063900,-112.25506389,0,No Special Jurisdiction,8,Pedestrian,0,Not a Collision with Motor Vehicle In-Transport,0,No,1,Non-Junction,1,Not an Intersection,0,None,,,1,On Roadway,9,Reported as Unknown,99,Reported as Unknown,0,No Additional Atmospheric Conditions,99,Reported as Unknown,0,No,0000000,Not Applicable,88,Not Applicable (Not Notified),88,Not Applicable (Not Notified),88,Not Applicable,88,Not Applicable,88,Not Applicable (Not Transported),88,Not Applicable (Not Transported),99,Reported as Unknown,99,Reported as Unknown,99,Reported as Unknown,1,0
2018,4,40914,Arizona,1,1,0,0,0,1,1,25,YAVAPAI (25),257,KIRKLAND,21,21,12,December,2018,6,Friday,99,Unknown Hours,99,Unknown Minutes,9,Unknown if this section is on the NHS,9,Unknown,99,Unknown,99,Unknown,6,Local Street - Municipality,CANTERBURY DR,STEVENAGE LN,0,None,34.42155556,34.42155556,-112.596975000,-112.596975000,0,No Special Jurisdiction,43,Other Fixed Object,0,Not a Collision with Motor Vehicle In-Transport,0,No,3,Intersection-Related,99,Reported as Unknown,0,None,,,99,Reported as Unknown,9,Reported as Unknown,99,Reported as Unknown,0,No Additional Atmospheric Conditions,99,Reported as Unknown,0,No,0000000,Not Applicable,88,Not Applicable (Not Notified),88,Not Applicable (Not Notified),88,Not Applicable,88,Not Applicable,88,Not Applicable (Not Transported),88,Not Applicable (Not Transported),99,Reported as Unknown,99,Reported as Unknown,99,Reported as Unknown,1,1
2018,4,40915,Arizona,1,1,0,0,0,1,1,13,MARICOPA (13),370,PHOENIX,21,21,12,December,2018,6,Friday,14,2:00pm-2:59pm,29,29,0,This section IS NOT on the NHS,2,Urban,4,Minor Arterial,4,City or Municipal Highway Agency,6,Local Street - Municipality,CENTRAL AVE,,0,None,33.35597500,33.35597500,-112.072186100,-112.07218611,0,No Special Jurisdiction,31,"Post, Pole or Other Supports",0,Not a Collision with Motor Vehicle In-Transport,0,No,1,Non-Junction,1,Not an Intersection,0,None,,,4,On Roadside,1,Daylight,1,Clear,0,No Additional Atmospheric Conditions,1,Clear,0,No,0000000,Not Applicable,88,Not Applicable (Not Notified),88,Not Applicable (Not Notified),88,Not Applicable,88,Not Applicable,88,Not Applicable (Not Transported),88,Not Applicable (Not Transported),99,Reported as Unknown,99,Reported as Unknown,99,Reported as Unknown,1,0
2018,4,40916,Arizona,1,1,0,0,0,2,2,17,NAVAJO (17),9999,Unknown,22,22,12,December,2018,7,Saturday,11,11:00am-11:59am,5,5,0,This section IS NOT on the NHS,6,Trafficway Not in State Inventory,96,Trafficway Not in State Inventory,96,Trafficway Not in State Inventory,3,State Highway,SR-564,,76,76,36.66542500,36.66542500,-110.528269400,-110.52826944,3,Indian Reservation,1,Rollover/Overturn,0,Not a Collision with Motor Vehicle In-Transport,0,No,99,Reported as Unknown,99,Reported as Unknown,0,None,,,99,Reported as Unknown,1,Daylight,99,Reported as Unknown,0,No Additional Atmospheric Conditions,99,Reported as Unknown,0,No,0000000,Not Applicable,88,Not Applicable (Not Notified),88,Not Applicable (Not Notified),88,Not Applicable,88,Not Applicable,88,Not Applicable (Not Transported),88,Not Applicable (Not Transported),99,Reported as Unknown,99,Reported as Unknown,99,Reported as Unknown,2,0
2018,4,40917,Arizona,1,1,0,1,1,1,1,13,MARICOPA (13),370,PHOENIX,22,22,12,December,2018,7,Saturday,18,6:00pm-6:59pm,45,45,0,This section IS NOT on the NHS,2,Urban,4,Minor Arterial,4,City or Municipal Highway Agency,6,Local Street - Municipality,SOUTHERN AVE,39TH AVE,0,None,33.39207778,33.39207778,-112.142280600,-112.14228056,0,No Special Jurisdiction,8,Pedestrian,0,Not a Collision with Motor Vehicle In-Transport,0,No,1,Non-Junction,1,Not an Intersection,0,None,,,1,On Roadway,3,Dark - Lighted,1,Clear,0,No Additional Atmospheric Conditions,1,Clear,0,No,0000000,Not Applicable,18,6:00pm-6:59pm,44,44,18,6:00pm-6:59pm,49,49,19,7:00pm-7:59pm,11,11,0,None,0,None,0,None,1,0
2018,4,40918,Arizona,3,3,0,1,1,4,4,13,MARICOPA (13),370,PHOENIX,22,22,12,December,2018,7,Saturday,19,7:00pm-7:59pm,0,0,0,This section IS NOT on the NHS,2,Urban,3,Principal Arterial - Other,4,City or Municipal Highway Agency,6,Local Street - Municipality,INDIAN SCHOOL RD,,0,None,33.49483056,33.49483056,-112.078188900,-112.07818889,0,No Special Jurisdiction,8,Pedestrian,0,Not a Collision with Motor Vehicle In-Transport,0,No,1,Non-Junction,1,Not an Intersection,0,None,,,1,On Roadway,3,Dark - Lighted,1,Clear,0,No Additional Atmospheric Conditions,1,Clear,0,No,0000000,Not Applicable,18,6:00pm-6:59pm,57,57,19,7:00pm-7:59pm,1,1,19,7:00pm-7:59pm,8,8,0,None,0,None,0,None,1,0
2018,4,40919,Arizona,2,2,0,0,0,2,2,13,MARICOPA (13),370,PHOENIX,23,23,12,December,2018,1,Sunday,19,7:00pm-7:59pm,32,32,0,This section IS NOT on the NHS,2,Urban,5,Major Collector,4,City or Municipal Highway Agency,6,Local Street - Municipality,7TH AVE,,0,None,33.45867500,33.45867500,-112.082575000,-112.082575000,0,No Special Jurisdiction,12,Motor Vehicle In-Transport,6,Angle,0,No,4,Driveway Access,1,Not an Intersection,0,None,,,1,On Roadway,6,Dark - Unknown Lighting,1,Clear,0,No Additional Atmospheric Conditions,1,Clear,0,No,0000000,Not Applicable,19,7:00pm-7:59pm,34,34,19,7:00pm-7:59pm,38,38,19,7:00pm-7:59pm,49,49,0,None,0,None,0,None,1,1
2018,4,40920,Arizona,1,1,0,1,1,1,1,13,MARICOPA (13),370,PHOENIX,26,26,12,December,2018,4,Wednesday,20,8:00pm-8:59pm,15,15,0,This section IS NOT on the NHS,2,Urban,4,Minor Arterial,4,City or Municipal Highway Agency,6,Local Street - Municipality,VAN BUREN ST,,0,None,33.45141389,33.45141389,-112.134522200,-112.13452222,0,No Special Jurisdiction,8,Pedestrian,0,Not a Collision with Motor Vehicle In-Transport,0,No,1,Non-Junction,1,Not an Intersection,0,None,,,1,On Roadway,3,Dark - Lighted,1,Clear,0,No Additional Atmospheric Conditions,1,Clear,0,No,0000000,Not Applicable,20,8:00pm-8:59pm,15,15,20,8:00pm-8:59pm,19,19,20,8:00pm-8:59pm,35,35,0,None,0,None,0,None,1,0
2018,4,40921,Arizona,1,1,0,0,0,2,2,13,MARICOPA (13),370,PHOENIX,27,27,12,December,2018,5,Thursday,16,4:00pm-4:59pm,3,3,1,This section IS ON the NHS,2,Urban,3,Principal Arterial - Other,4,City or Municipal Highway Agency,6,Local Street - Municipality,CAVE CREEK RD,,0,None,33.58862500,33.58862500,-112.047772200,-112.04777222,0,No Special Jurisdiction,33,Curb,0,Not a Collision with Motor Vehicle In-Transport,0,No,1,Non-Junction,1,Not an Intersection,0,None,,,4,On Roadside,1,Daylight,1,Clear,0,No Additional Atmospheric Conditions,1,Clear,0,No,0000000,Not Applicable,16,4:00pm-4:59pm,4,4,16,4:00pm-4:59pm,5,5,88,Not Applicable (Not Transported),88,Not Applicable (Not Transported),0,None,0,None,0,None,1,1
2018,4,40922,Arizona,1,1,0,1,1,1,1,13,MARICOPA (13),370,PHOENIX,27,27,12,December,2018,5,Thursday,22,10:00pm-10:59pm,30,30,0,This section IS NOT on the NHS,2,Urban,4,Minor Arterial,4,City or Municipal Highway Agency,6,Local Street - Municipality,67TH AVE,,0,None,33.43720000,33.43720000,-112.203725000,-112.203725000,0,No Special Jurisdiction,8,Pedestrian,0,Not a Collision with Motor Vehicle In-Transport,0,No,1,Non-Junction,1,Not an Intersection,0,None,,,1,On Roadway,3,Dark - Lighted,1,Clear,0,No Additional Atmospheric Conditions,1,Clear,0,No,0000000,Not Applicable,22,10:00pm-10:59pm,24,24,22,10:00pm-10:59pm,26,26,22,10:00pm-10:59pm,53,53,0,None,0,None,0,None,1,0
2018,4,40923,Arizona,1,1,0,1,1,1,1,13,MARICOPA (13),370,PHOENIX,29,29,12,December,2018,7,Saturday,3,3:00am-3:59am,49,49,0,This section IS NOT on the NHS,2,Urban,3,Principal Arterial - Other,4,City or Municipal Highway Agency,6,Local Street - Municipality,35TH AVE,,0,None,33.46171667,33.46171667,-112.134511100,-112.13451111,0,No Special Jurisdiction,8,Pedestrian,0,Not a Collision with Motor Vehicle In-Transport,0,No,1,Non-Junction,1,Not an Intersection,0,None,,,3,On Median,3,Dark - Lighted,1,Clear,0,No Additional Atmospheric Conditions,1,Clear,0,No,0000000,Not Applicable,3,3:00am-3:59am,49,49,3,3:00am-3:59am,57,57,88,Not Applicable (Not Transported),88,Not Applicable (Not Transported),0,None,0,None,0,None,1,0
2018,4,40924,Arizona,2,2,0,0,0,5,5,13,MARICOPA (13),30,AVONDALE,29,29,12,December,2018,7,Saturday,4,4:00am-4:59am,20,20,0,This section IS NOT on the NHS,2,Urban,4,Minor Arterial,4,City or Municipal Highway Agency,6,Local Street - Municipality,AVONDALE BLVD,LOWER BUCKEYE RD,0,None,33.42013611,33.42013611,-112.306272200,-112.30627222,0,No Special Jurisdiction,12,Motor Vehicle In-Transport,1,Front-to-Rear,0,No,3,Intersection-Related,2,Four-Way Intersection,0,None,,,1,On Roadway,6,Dark - Unknown Lighting,1,Clear,0,No Additional Atmospheric Conditions,1,Clear,0,No,0000000,Not Applicable,4,4:00am-4:59am,21,21,4,4:00am-4:59am,26,26,99,Unknown,99,Unknown EMS Hospital Arrival Time,0,None,0,None,0,None,1,1
2018,4,40925,Arizona,1,1,0,1,1,1,1,13,MARICOPA (13),370,PHOENIX,31,31,12,December,2018,2,Monday,6,6:00am-6:59am,30,30,0,This section IS NOT on the NHS,2,Urban,4,Minor Arterial,4,City or Municipal Highway Agency,6,Local Street - Municipality,BROADWAY RD,,0,None,33.40729722,33.40729722,-111.987852800,-111.98785278,0,No Special Jurisdiction,8,Pedestrian,0,Not a Collision with Motor Vehicle In-Transport,0,No,1,Non-Junction,1,Not an Intersection,0,None,,,1,On Roadway,6,Dark - Unknown Lighting,99,Reported as Unknown,0,No Additional Atmospheric Conditions,99,Reported as Unknown,0,No,0000000,Not Applicable,88,Not Applicable (Not Notified),88,Not Applicable (Not Notified),88,Not Applicable,88,Not Applicable,88,Not Applicable (Not Transported),88,Not Applicable (Not Transported),99,Reported as Unknown,99,Reported as Unknown,99,Reported as Unknown,1,0
2018,4,40926,Arizona,2,2,0,0,0,2,2,13,MARICOPA (13),370,PHOENIX,4,4,8,August,2018,7,Saturday,0,0:00am-0:59am,40,40,0,This section IS NOT on the NHS,2,Urban,4,Minor Arterial,4,City or Municipal Highway Agency,6,Local Street - Municipality,SOUTHERN AVE,,0,None,33.39264167,33.39264167,-111.994161100,-111.99416111,0,No Special Jurisdiction,12,Motor Vehicle In-Transport,1,Front-to-Rear,0,No,1,Non-Junction,1,Not an Intersection,0,None,,,1,On Roadway,3,Dark - Lighted,1,Clear,0,No Additional Atmospheric Conditions,1,Clear,0,No,0000000,Not Applicable,0,0:00am-0:59am,42,42,0,0:00am-0:59am,47,47,1,1:00am-1:59am,16,16,0,None,0,None,0,None,1,1
2018,4,40927,Arizona,2,2,0,0,0,5,5,7,GILA (7),210,GLOBE,14,14,8,August,2018,3,Tuesday,12,12:00pm-12:59pm,36,36,1,This section IS ON the NHS,2,Urban,3,Principal Arterial - Other,2,County Highway Agency,2,U.S. Highway,US-70,,20,20,33.37398056,33.37398056,-110.739797200,-110.73979722,0,No Special Jurisdiction,12,Motor Vehicle In-Transport,2,Front-to-Front,0,No,1,Non-Junction,1,Not an Intersection,0,None,,,1,On Roadway,1,Daylight,1,Clear,0,No Additional Atmospheric Conditions,1,Clear,0,No,0000000,Not Applicable,99,Unknown,99,Unknown,99,Unknown EMS Scene Arrival Hour,99,Unknown EMS Scene Arrival Minutes,99,Unknown,99,Unknown EMS Hospital Arrival Time,0,None,0,None,0,None,1,0
2018,4,40928,Arizona,2,2,0,0,0,2,2,13,MARICOPA (13),30,AVONDALE,16,16,8,August,2018,5,Thursday,9,9:00am-9:59am,46,46,0,This section IS NOT on the NHS,2,Urban,3,Principal Arterial - Other,4,City or Municipal Highway Agency,6,Local Street - Municipality,BUCKEYE RD,109TH AVE,0,None,33.43548333,33.43548333,-112.293847200,-112.29384722,0,No Special Jurisdiction,12,Motor Vehicle In-Transport,6,Angle,1,Yes,2,Intersection,3,T-Intersection,0,None,,,1,On Roadway,1,Daylight,10,Cloudy,0,No Additional Atmospheric Conditions,10,Cloudy,0,No,0000000,Not Applicable,99,Unknown,99,Unknown,99,Unknown EMS Scene Arrival Hour,99,Unknown EMS Scene Arrival Minutes,99,Unknown,99,Unknown EMS Hospital Arrival Time,0,None,0,None,0,None,1,0
2018,4,40929,Arizona,1,1,0,0,0,4,4,13,MARICOPA (13),370,PHOENIX,19,19,8,August,2018,1,Sunday,1,1:00am-1:59am,30,30,1,This section IS ON the NHS,2,Urban,2,Principal Arterial - Other Freeways and Expressways,1,State Highway Agency,3,State Highway,SR-143 RAMP,,13,13,33.41291944,33.41291944,-111.978522200,-111.97852222,0,No Special Jurisdiction,1,Rollover/Overturn,0,Not a Collision with Motor Vehicle In-Transport,1,Yes,5,Entrance/Exit Ramp Related,1,Not an Intersection,0,None,,,8,Gore,3,Dark - Lighted,1,Clear,0,No Additional Atmospheric Conditions,1,Clear,0,No,0000000,Not Applicable,1,1:00am-1:59am,30,30,1,1:00am-1:59am,30,30,88,Not Applicable (Not Transported),88,Not Applicable (Not Transported),0,None,0,None,0,None,2,1
2018,4,40930,Arizona,2,2,0,0,0,9,9,21,PINAL (21),110,COOLIDGE,19,19,8,August,2018,1,Sunday,20,8:00pm-8:59pm,37,37,0,This section IS NOT on the NHS,2,Urban,4,Minor Arterial,1,State Highway Agency,3,State Highway,SR-87,BARTLETT RD,0,None,32.94445833,32.94445833,-111.516002800,-111.51600278,0,No Special Jurisdiction,12,Motor Vehicle In-Transport,6,Angle,0,No,3,Intersection-Related,2,Four-Way Intersection,0,None,,,1,On Roadway,2,Dark - Not Lighted,1,Clear,0,No Additional Atmospheric Conditions,1,Clear,0,No,0000000,Not Applicable,99,Unknown,99,Unknown,99,Unknown EMS Scene Arrival Hour,99,Unknown EMS Scene Arrival Minutes,99,Unknown,99,Unknown EMS Hospital Arrival Time,0,None,0,None,0,None,2,1
2018,4,40931,Arizona,1,1,0,0,0,1,1,13,MARICOPA (13),510,TOLLESON,20,20,8,August,2018,2,Monday,1,1:00am-1:59am,34,34,1,This section IS ON the NHS,2,Urban,1,Interstate,1,State Highway Agency,7,Local Street - Frontage Road,I-10 FRONT,,1340,1340,33.46251389,33.46251389,-112.262136100,-112.26213611,0,No Special Jurisdiction,1,Rollover/Overturn,0,Not a Collision with Motor Vehicle In-Transport,0,No,1,Non-Junction,1,Not an Intersection,0,None,,,4,On Roadside,3,Dark - Lighted,1,Clear,0,No Additional Atmospheric Conditions,1,Clear,0,No,0000000,Not Applicable,0,0:00am-0:59am,38,38,0,0:00am-0:59am,44,44,88,Not Applicable (Not Transported),88,Not Applicable (Not Transported),0,None,0,None,0,None,1,1
2018,4,40932,Arizona,2,2,0,0,0,3,3,21,PINAL (21),22,APACHE JUNCTION,24,24,8,August,2018,6,Friday,13,1:00pm-1:59pm,49,49,0,This section IS NOT on the NHS,2,Urban,5,Major Collector,4,City or Municipal Highway Agency,6,Local Street - Municipality,16TH AVE,DELAWARE DR,0,None,33.40056389,33.40056389,-111.571980600,-111.57198056,0,No Special Jurisdiction,12,Motor Vehicle In-Transport,6,Angle,0,No,2,Intersection,2,Four-Way Intersection,0,None,,,1,On Roadway,1,Daylight,1,Clear,0,No Additional Atmospheric Conditions,1,Clear,0,No,0000000,Not Applicable,99,Unknown,99,Unknown,99,Unknown EMS Scene Arrival Hour,99,Unknown EMS Scene Arrival Minutes,99,Unknown,99,Unknown EMS Hospital Arrival Time,0,None,0,None,0,None,1,0
2018,4,40933,Arizona,1,1,0,0,0,1,1,13,MARICOPA (13),30,AVONDALE,26,26,8,August,2018,1,Sunday,4,4:00am-4:59am,14,14,0,This section IS NOT on the NHS,2,Urban,4,Minor Arterial,4,City or Municipal Highway Agency,6,Local Street - Municipality,107TH AVE,N CRYSTAL GARDEN PARKWAY,0,None,33.46794444,33.46794444,-112.291077800,-112.29107778,0,No Special Jurisdiction,33,Curb,0,Not a Collision with Motor Vehicle In-Transport,0,No,3,Intersection-Related,3,T-Intersection,0,None,,,4,On Roadside,3,Dark - Lighted,1,Clear,0,No Additional Atmospheric Conditions,1,Clear,0,No,0000000,Not Applicable,4,4:00am-4:59am,17,17,4,4:00am-4:59am,20,20,4,4:00am-4:59am,42,42,0,None,0,None,0,None,1,1
2018,4,40934,Arizona,5,5,0,0,0,10,10,13,MARICOPA (13),80,CHANDLER,29,29,8,August,2018,4,Wednesday,9,9:00am-9:59am,52,52,1,This section IS ON the NHS,2,Urban,1,Interstate,1,State Highway Agency,1,Interstate,I-10,,1633,1633,33.26782500,33.26782500,-111.957519400,-111.95751944,0,No Special Jurisdiction,12,Motor Vehicle In-Transport,7,Sideswipe - Same Direction,0,No,1,Non-Junction,1,Not an Intersection,0,None,,,1,On Roadway,1,Daylight,10,Cloudy,0,No Additional Atmospheric Conditions,10,Cloudy,0,No,0000000,Not Applicable,9,9:00am-9:59am,52,52,10,10:00am-10:59am,5,5,99,Unknown,99,Unknown EMS Hospital Arrival Time,0,None,0,None,0,None,3,0
2018,4,40935,Arizona,2,2,0,0,0,2,2,19,PIMA (19),530,TUCSON,13,13,12,December,2018,5,Thursday,17,5:00pm-5:59pm,41,41,0,This section IS NOT on the NHS,2,Urban,5,Major Collector,2,County Highway Agency,6,Local Street - Municipality,BENSON HWY,COUNTRY CLUB RD,0,None,32.15748611,32.15748611,-110.926227800,-110.92622778,0,No Special Jurisdiction,12,Motor Vehicle In-Transport,1,Front-to-Rear,0,No,3,Intersection-Related,2,Four-Way Intersection,0,None,,,1,On Roadway,3,Dark - Lighted,1,Clear,0,No Additional Atmospheric Conditions,1,Clear,0,No,0000000,Not Applicable,17,5:00pm-5:59pm,42,42,17,5:00pm-5:59pm,49,49,99,Unknown,99,Unknown EMS Hospital Arrival Time,0,None,0,None,0,None,1,2
2018,4,40936,Arizona,2,2,0,0,0,6,6,13,MARICOPA (13),80,CHANDLER,14,14,12,December,2018,6,Friday,11,11:00am-11:59am,56,56,0,This section IS NOT on the NHS,2,Urban,3,Principal Arterial - Other,4,City or Municipal Highway Agency,6,Local Street - Municipality,DOBSON RD,PECOS RD,0,None,33.29140000,33.29140000,-111.876200000,-111.876200000,0,No Special Jurisdiction,12,Motor Vehicle In-Transport,6,Angle,0,No,2,Intersection,2,Four-Way Intersection,0,None,,,1,On Roadway,1,Daylight,1,Clear,0,No Additional Atmospheric Conditions,1,Clear,0,No,0000000,Not Applicable,11,11:00am-11:59am,57,57,11,11:00am-11:59am,57,57,12,12:00pm-12:59pm,19,19,0,None,0,None,0,None,1,0
2018,4,40937,Arizona,2,2,0,1,1,2,2,19,PIMA (19),530,TUCSON,12,12,5,May,2018,7,Saturday,19,7:00pm-7:59pm,54,54,0,This section IS NOT on the NHS,2,Urban,4,Minor Arterial,2,County Highway Agency,9,Unknown,NOGALES HWY,,0,None,32.05905556,32.05905556,-110.955183300,-110.95518333,0,No Special Jurisdiction,8,Pedestrian,0,Not a Collision with Motor Vehicle In-Transport,0,No,1,Non-Junction,1,Not an Intersection,0,None,,,1,On Roadway,2,Dark - Not Lighted,99,Reported as Unknown,0,No Additional Atmospheric Conditions,99,Reported as Unknown,0,No,0000000,Not Applicable,99,Unknown,99,Unknown,99,Unknown EMS Scene Arrival Hour,99,Unknown EMS Scene Arrival Minutes,88,Not Applicable (Not Transported),88,Not Applicable (Not Transported),0,None,0,None,0,None,1,0
2018,4,40938,Arizona,1,1,0,0,0,1,1,9,GRAHAM (9),410,SAFFORD,20,20,8,August,2018,2,Monday,14,2:00pm-2:59pm,12,12,0,This section IS NOT on the NHS,2,Urban,5,Major Collector,1,State Highway Agency,3,State Highway,SR-366,,51,51,32.68207500,32.68207500,-109.770730600,-109.77073056,0,No Special Jurisdiction,35,Embankment,0,Not a Collision with Motor Vehicle In-Transport,0,No,1,Non-Junction,1,Not an Intersection,0,None,,,4,On Roadside,1,Daylight,10,Cloudy,0,No Additional Atmospheric Conditions,10,Cloudy,0,No,0000000,Not Applicable,14,2:00pm-2:59pm,12,12,14,2:00pm-2:59pm,22,22,88,Not Applicable (Not Transported),88,Not Applicable (Not Transported),0,None,0,None,0,None,1,0
2018,4,40939,Arizona,1,1,0,0,0,2,2,13,MARICOPA (13),490,TEMPE,23,23,9,September,2018,1,Sunday,4,4:00am-4:59am,46,46,0,This section IS NOT on the NHS,2,Urban,98,Not Reported,4,City or Municipal Highway Agency,6,Local Street - Municipality,DIABLO WAY,FAIRMONT DR,0,None,33.39649722,33.39649722,-111.967963900,-111.96796389,0,No Special Jurisdiction,1,Rollover/Overturn,0,Not a Collision with Motor Vehicle In-Transport,0,No,1,Non-Junction,1,Not an Intersection,0,None,,,4,On Roadside,3,Dark - Lighted,10,Cloudy,0,No Additional Atmospheric Conditions,10,Cloudy,0,No,0000000,Not Applicable,4,4:00am-4:59am,46,46,4,4:00am-4:59am,55,55,5,5:00am-5:59am,14,14,0,None,0,None,0,None,1,0
2018,4,40940,Arizona,1,1,0,0,0,1,1,13,MARICOPA (13),80,CHANDLER,21,21,11,November,2018,4,Wednesday,12,12:00pm-12:59pm,30,30,0,This section IS NOT on the NHS,2,Urban,98,Not Reported,98,Not Reported,6,Local Street - Municipality,IOWA ST,,0,None,33.33398056,33.33398056,-111.849977800,-111.84997778,0,No Special Jurisdiction,19,Building,0,Not a Collision with Motor Vehicle In-Transport,0,No,1,Non-Junction,1,Not an Intersection,0,None,,,5,Outside Trafficway,1,Daylight,1,Clear,0,No Additional Atmospheric Conditions,1,Clear,0,No,0000000,Not Applicable,12,12:00pm-12:59pm,32,32,12,12:00pm-12:59pm,35,35,12,12:00pm-12:59pm,55,55,0,None,0,None,0,None,1,1
2018,4,40941,Arizona,2,2,0,0,0,2,2,13,MARICOPA (13),370,PHOENIX,30,30,8,August,2018,5,Thursday,17,5:00pm-5:59pm,3,3,0,This section IS NOT on the NHS,2,Urban,4,Minor Arterial,4,City or Municipal Highway Agency,6,Local Street - Municipality,27TH AVE,MCDOWELL RD,0,None,33.46571389,33.46571389,-112.117100000,-112.117100000,0,No Special Jurisdiction,12,Motor Vehicle In-Transport,1,Front-to-Rear,0,No,3,Intersection-Related,2,Four-Way Intersection,0,None,,,1,On Roadway,1,Daylight,1,Clear,0,No Additional Atmospheric Conditions,1,Clear,0,No,0000000,Not Applicable,17,5:00pm-5:59pm,5,5,17,5:00pm-5:59pm,9,9,17,5:00pm-5:59pm,18,18,0,None,0,None,0,None,1,0
2018,4,40942,Arizona,1,1,0,1,1,1,1,13,MARICOPA (13),370,PHOENIX,8,8,11,November,2018,5,Thursday,1,1:00am-1:59am,37,37,0,This section IS NOT on the NHS,2,Urban,5,Major Collector,4,City or Municipal Highway Agency,6,Local Street - Municipality,INDIAN SCHOOL RD,,0,None,33.49483611,33.49483611,-112.078505600,-112.07850556,0,No Special Jurisdiction,8,Pedestrian,0,Not a Collision with Motor Vehicle In-Transport,0,No,1,Non-Junction,1,Not an Intersection,0,None,,,1,On Roadway,3,Dark - Lighted,1,Clear,0,No Additional Atmospheric Conditions,1,Clear,0,No,0000000,Not Applicable,1,1:00am-1:59am,37,37,1,1:00am-1:59am,43,43,1,1:00am-1:59am,54,54,0,None,0,None,0,None,1,0
2018,4,40943,Arizona,2,2,0,0,0,4,4,13,MARICOPA (13),370,PHOENIX,21,21,10,October,2018,1,Sunday,19,7:00pm-7:59pm,8,8,0,This section IS NOT on the NHS,2,Urban,3,Principal Arterial - Other,4,City or Municipal Highway Agency,6,Local Street - Municipality,43RD AVE,PEORIA AVE,0,None,33.58194167,33.58194167,-112.151533300,-112.15153333,0,No Special Jurisdiction,12,Motor Vehicle In-Transport,6,Angle,0,No,2,Intersection,2,Four-Way Intersection,0,None,,,1,On Roadway,3,Dark - Lighted,1,Clear,0,No Additional Atmospheric Conditions,1,Clear,0,No,0000000,Not Applicable,99,Unknown,99,Unknown,99,Unknown EMS Scene Arrival Hour,99,Unknown EMS Scene Arrival Minutes,99,Unknown,99,Unknown EMS Hospital Arrival Time,0,None,0,None,0,None,1,0
2018,4,40944,Arizona,2,2,0,0,0,2,2,13,MARICOPA (13),290,MESA,25,25,11,November,2018,1,Sunday,14,2:00pm-2:59pm,29,29,0,This section IS NOT on the NHS,2,Urban,3,Principal Arterial - Other,4,City or Municipal Highway Agency,6,Local Street - Municipality,SOUTHERN AVE,LEISURE WORLD,0,None,33.39397778,33.39397778,-111.701927800,-111.70192778,0,No Special Jurisdiction,12,Motor Vehicle In-Transport,6,Angle,0,No,2,Intersection,2,Four-Way Intersection,0,None,,,1,On Roadway,1,Daylight,1,Clear,0,No Additional Atmospheric Conditions,1,Clear,0,No,0000000,Not Applicable,14,2:00pm-2:59pm,20,20,14,2:00pm-2:59pm,40,40,15,3:00pm-3:59pm,0,0,0,None,0,None,0,None,1,0