caseyear,state,st_case,statename,ve_total,ve_forms,pvh_invl,peds,pernotmvit,permvit,persons,county,countyname,city,cityname,day,dayname,month,monthname,year,day_week,day_weekname,hour,hourname,minute,minutename,nhs,nhsname,rur_urb,rur_urbname,func_sys,func_sysname,rd_owner,rd_ownername,route,routename,tway_id,tway_id2,milept,mileptname,latitude,latitudename,longitud,longitudname,sp_jur,sp_jurname,harm_ev,harm_evname,man_coll,man_collname,reljct1,reljct1name,reljct2,reljct2name,typ_int,typ_intname,wrk_zone,wrk_zonename,road_fnc,road_fncname,rel_road,rel_roadname,lgt_cond,lgt_condname,weather1,weather1name,weather2,weather2name,weather,weathername,sch_bus,sch_busname,rail,railname,not_hour,not_hourname,not_min,not_minname,arr_hour,arr_hourname,arr_min,arr_minname,hosp_hr,hosp_hrname,hosp_mn,hosp_mnname,cf1,cf1name,cf2,cf2name,cf3,cf3name,fatals,drunk_dr
2019,4,40099,Arizona,2,2,0,0,0,5,5,3,COCHISE (3),0,NOT APPLICABLE,16,16,2,February,2019,7,Saturday,15,3:00pm-3:59pm,55,55,0,This section IS NOT on the NHS,1,Rural,7,Local,2,County Highway Agency,5,Local Street - Township,GLEESON RD,,0,None,31.43948056,31.43948056,-109.495261100,-109.49526111,0,No Special Jurisdiction,12,Motor Vehicle In-Transport,2,Front-to-Front,0,No,1,Non-Junction,1,Not an Intersection,0,None,,,1,On Roadway,1,Daylight,1,Clear,0,No Additional Atmospheric Conditions,1,Clear,0,No,0000000,Not Applicable,16,4:00pm-4:59pm,0,0,16,4:00pm-4:59pm,20,20,88,Not Applicable (Not Transported),88,Not Applicable (Not Transported),0,None,0,None,0,None,1,1
2019,4,40100,Arizona,1,1,0,0,0,3,3,1,APACHE (1),0,NOT APPLICABLE,16,16,2,February,2019,7,Saturday,17,5:00pm-5:59pm,37,37,0,This section IS NOT on the NHS,1,Rural,4,Minor Arterial,1,State Highway Agency,3,State Highway,SR-264 CR-12,,1503,1503,35.65521667,35.65521667,-109.100230600,-109.10023056,0,No Special Jurisdiction,33,Curb,0,The First Harmful Event was Not a Collision with a Motor Vehicle in Transport,0,No,1,Non-Junction,1,Not an Intersection,0,None,,,4,On Roadside,1,Daylight,1,Clear,0,No Additional Atmospheric Conditions,1,Clear,0,No,0000000,Not Applicable,17,5:00pm-5:59pm,37,37,17,5:00pm-5:59pm,59,59,99,Unknown,99,Unknown EMS Hospital Arrival Time,0,None,0,None,0,None,2,1
2019,4,40101,Arizona,1,1,0,0,0,3,3,13,MARICOPA (13),370,PHOENIX,17,17,2,February,2019,1,Sunday,0,0:00am-0:59am,26,26,1,This section IS ON the NHS,1,Rural,1,Interstate,1,State Highway Agency,1,Interstate,I-17 RAMP,,60,60,33.46297778,33.46297778,-112.110322200,-112.11032222,0,No Special Jurisdiction,1,Rollover/Overturn,0,The First Harmful Event was Not a Collision with a Motor Vehicle in Transport,0,No,5,Entrance/Exit Ramp Related,1,Not an Intersection,0,None,,,4,On Roadside,3,Dark - Lighted,10,Cloudy,0,No Additional Atmospheric Conditions,10,Cloudy,0,No,0000000,Not Applicable,0,0:00am-0:59am,26,26,0,0:00am-0:59am,30,30,88,Not Applicable (Not Transported),88,Not Applicable (Not Transported),0,None,0,None,0,None,1,1
2019,4,40102,Arizona,1,1,0,1,1,1,1,13,MARICOPA (13),190,GILBERT,17,17,2,February,2019,1,Sunday,11,11:00am-11:59am,9,9,0,This section IS NOT on the NHS,2,Urban,3,Principal Arterial - Other,4,City or Municipal Highway Agency,6,Local Street - Municipality,E WILLIAMS FIELD RD,,0,None,33.30678056,33.30678056,-111.759352800,-111.75935278,0,No Special Jurisdiction,8,Pedestrian,0,The First Harmful Event was Not a Collision with a Motor Vehicle in Transport,0,No,1,Non-Junction,1,Not an Intersection,0,None,,,1,On Roadway,1,Daylight,10,Cloudy,0,No Additional Atmospheric Conditions,10,Cloudy,0,No,0000000,Not Applicable,11,11:00am-11:59am,10,10,11,11:00am-11:59am,15,15,88,Not Applicable (Not Transported),88,Not Applicable (Not Transported),0,None,0,None,0,None,1,0
2019,4,40103,Arizona,2,2,0,0,0,3,3,13,MARICOPA (13),368,PEORIA,17,17,2,February,2019,1,Sunday,14,2:00pm-2:59pm,26,26,0,This section IS NOT on the NHS,2,Urban,3,Principal Arterial - Other,4,City or Municipal Highway Agency,6,Local Street - Municipality,W NORTHERN AVE,N 71ST AVE,0,None,33.55264444,33.55264444,-112.211827800,-112.21182778,0,No Special Jurisdiction,12,Motor Vehicle In-Transport,6,Angle,0,No,2,Intersection,2,Four-Way Intersection,0,None,,,1,On Roadway,1,Daylight,1,Clear,0,No Additional Atmospheric Conditions,1,Clear,0,No,0000000,Not Applicable,14,2:00pm-2:59pm,24,24,99,Unknown EMS Scene Arrival Hour,99,Unknown EMS Scene Arrival Minutes,99,Unknown,99,Unknown EMS Hospital Arrival Time,0,None,0,None,0,None,1,0
2019,4,40104,Arizona,1,1,0,1,1,2,2,13,MARICOPA (13),0,NOT APPLICABLE,18,18,2,February,2019,2,Monday,23,11:00pm-11:59pm,40,40,1,This section IS ON the NHS,1,Rural,1,Interstate,1,State Highway Agency,1,Interstate,I-8,,887,887,32.86165556,32.86165556,-113.178494400,-113.17849444,0,No Special Jurisdiction,8,Pedestrian,0,The First Harmful Event was Not a Collision with a Motor Vehicle in Transport,0,No,1,Non-Junction,1,Not an Intersection,0,None,,,1,On Roadway,2,Dark - Not Lighted,1,Clear,0,No Additional Atmospheric Conditions,1,Clear,0,No,0000000,Not Applicable,23,11:00pm-11:59pm,43,43,0,0:00am-0:59am,5,5,88,Not Applicable (Not Transported),88,Not Applicable (Not Transported),0,None,0,None,0,None,1,0
2019,4,40105,Arizona,1,1,0,0,0,1,1,13,MARICOPA (13),486,SURPRISE,19,19,2,February,2019,3,Tuesday,15,3:00pm-3:59pm,35,35,1,This section IS ON the NHS,2,Urban,3,Principal Arterial - Other,1,State Highway Agency,2,U.S. Highway,US-60 W GRAND AVE,,1103,1103,33.64931667,33.64931667,-112.363736100,-112.36373611,0,No Special Jurisdiction,46,Traffic Signal Support,0,The First Harmful Event was Not a Collision with a Motor Vehicle in Transport,0,No,1,Non-Junction,1,Not an Intersection,0,None,,,4,On Roadside,1,Daylight,1,Clear,0,No Additional Atmospheric Conditions,1,Clear,0,No,0000000,Not Applicable,15,3:00pm-3:59pm,38,38,15,3:00pm-3:59pm,50,50,16,4:00pm-4:59pm,22,22,0,None,0,None,0,None,1,0
2019,4,40106,Arizona,2,2,0,0,0,2,2,13,MARICOPA (13),368,PEORIA,19,19,2,February,2019,3,Tuesday,16,4:00pm-4:59pm,0,0,1,This section IS ON the NHS,2,Urban,3,Principal Arterial - Other,1,State Highway Agency,2,U.S. Highway,US-60 W GRAND AVE,N 87TH AVE,0,None,33.58793333,33.58793333,-112.245455600,-112.24545556,0,No Special Jurisdiction,12,Motor Vehicle In-Transport,6,Angle,0,No,2,Intersection,3,T-Intersection,0,None,,,1,On Roadway,3,Dark - Lighted,1,Clear,0,No Additional Atmospheric Conditions,1,Clear,0,No,0000000,Not Applicable,99,Unknown,99,Unknown,99,Unknown EMS Scene Arrival Hour,99,Unknown EMS Scene Arrival Minutes,99,Unknown,99,Unknown EMS Hospital Arrival Time,0,None,0,None,0,None,1,0
2019,4,40107,Arizona,2,2,0,0,0,2,2,21,PINAL (21),70,CASA GRANDE,21,21,2,February,2019,5,Thursday,4,4:00am-4:59am,5,5,0,This section IS NOT on the NHS,2,Urban,4,Minor Arterial,2,County Highway Agency,6,Local Street - Municipality,S TREKELL RD,,0,None,32.86618333,32.86618333,-111.740227800,-111.74022778,0,No Special Jurisdiction,12,Motor Vehicle In-Transport,6,Angle,0,No,1,Non-Junction,1,Not an Intersection,0,None,,,1,On Roadway,2,Dark - Not Lighted,10,Cloudy,0,No Additional Atmospheric Conditions,10,Cloudy,0,No,0000000,Not Applicable,4,4:00am-4:59am,22,22,4,4:00am-4:59am,25,25,99,Unknown,99,Unknown EMS Hospital Arrival Time,0,None,0,None,0,None,1,1
2019,4,40108,Arizona,2,2,0,0,0,3,3,13,MARICOPA (13),490,TEMPE,21,21,2,February,2019,5,Thursday,7,7:00am-7:59am,40,40,0,This section IS NOT on the NHS,2,Urban,6,Minor Collector,4,City or Municipal Highway Agency,6,Local Street - Municipality,E SOUTHERN AVE,S COUNTRY CLUB WAY,0,None,33.39301111,33.39301111,-111.900552800,-111.90055278,0,No Special Jurisdiction,12,Motor Vehicle In-Transport,6,Angle,0,No,2,Intersection,2,Four-Way Intersection,0,None,,,1,On Roadway,1,Daylight,2,Rain,0,No Additional Atmospheric Conditions,2,Rain,0,No,0000000,Not Applicable,7,7:00am-7:59am,42,42,7,7:00am-7:59am,46,46,7,7:00am-7:59am,57,57,0,None,0,None,0,None,2,0
2019,4,40111,Arizona,2,2,0,0,0,2,2,19,PIMA (19),407,SAHUARITA,22,22,2,February,2019,6,Friday,9,9:00am-9:59am,8,8,1,This section IS ON the NHS,2,Urban,1,Interstate,1,State Highway Agency,1,Interstate,I-19,,450,450,31.94279167,31.94279167,-110.986952800,-110.98695278,0,No Special Jurisdiction,12,Motor Vehicle In-Transport,1,Front-to-Rear,0,No,1,Non-Junction,1,Not an Intersection,0,None,,,1,On Roadway,1,Daylight,4,Snow,0,No Additional Atmospheric Conditions,4,Snow,0,No,0000000,Not Applicable,9,9:00am-9:59am,11,11,9,9:00am-9:59am,17,17,9,9:00am-9:59am,50,50,0,None,0,None,0,None,1,0
2019,4,40112,Arizona,1,1,0,0,0,1,1,19,PIMA (19),219,GREEN VALLEY,23,23,2,February,2019,7,Saturday,15,3:00pm-3:59pm,21,21,1,This section IS ON the NHS,2,Urban,1,Interstate,1,State Highway Agency,1,Interstate,I-19 RAMP,,0,None,31.87046944,31.87046944,-110.989350000,-110.989350000,0,No Special Jurisdiction,35,Embankment,0,The First Harmful Event was Not a Collision with a Motor Vehicle in Transport,1,Yes,5,Entrance/Exit Ramp Related,1,Not an Intersection,0,None,,,4,On Roadside,1,Daylight,1,Clear,0,No Additional Atmospheric Conditions,1,Clear,0,No,0000000,Not Applicable,15,3:00pm-3:59pm,21,21,15,3:00pm-3:59pm,25,25,88,Not Applicable (Not Transported),88,Not Applicable (Not Transported),0,None,0,None,0,None,1,0
2019,4,40113,Arizona,2,2,0,0,0,2,2,19,PIMA (19),0,NOT APPLICABLE,23,23,2,February,2019,7,Saturday,19,7:00pm-7:59pm,42,42,0,This section IS NOT on the NHS,1,Rural,5,Major Collector,1,State Highway Agency,3,State Highway,SR-83,,477,477,31.91761111,31.91761111,-110.657783300,-110.65778333,0,No Special Jurisdiction,12,Motor Vehicle In-Transport,2,Front-to-Front,0,No,1,Non-Junction,1,Not an Intersection,0,None,,,1,On Roadway,2,Dark - Not Lighted,1,Clear,0,No Additional Atmospheric Conditions,1,Clear,0,No,0000000,Not Applicable,19,7:00pm-7:59pm,42,42,19,7:00pm-7:59pm,45,45,99,Unknown,99,Unknown EMS Hospital Arrival Time,0,None,0,None,0,None,1,1
2019,4,40114,Arizona,2,2,0,0,0,2,2,21,PINAL (21),70,CASA GRANDE,26,26,2,February,2019,3,Tuesday,4,4:00am-4:59am,42,42,1,This section IS ON the NHS,2,Urban,1,Interstate,1,State Highway Agency,1,Interstate,I-10,,1930,1930,32.90680833,32.90680833,-111.686561100,-111.68656111,0,No Special Jurisdiction,12,Motor Vehicle In-Transport,1,Front-to-Rear,0,No,1,Non-Junction,1,Not an Intersection,0,None,,,1,On Roadway,2,Dark - Not Lighted,1,Clear,0,No Additional Atmospheric Conditions,1,Clear,0,No,0000000,Not Applicable,4,4:00am-4:59am,45,45,5,5:00am-5:59am,0,0,5,5:00am-5:59am,15,15,0,None,0,None,0,None,1,1
2019,4,40115,Arizona,1,1,0,0,0,1,1,13,MARICOPA (13),0,NOT APPLICABLE,26,26,2,February,2019,3,Tuesday,12,12:00pm-12:59pm,11,11,0,This section IS NOT on the NHS,1,Rural,5,Major Collector,1,State Highway Agency,2,U.S. Highway,US-60 W WICKENBURG WAY,,644,644,33.94311389,33.94311389,-112.977777800,-112.97777778,0,No Special Jurisdiction,32,Culvert,0,The First Harmful Event was Not a Collision with a Motor Vehicle in Transport,0,No,1,Non-Junction,1,Not an Intersection,0,None,,,4,On Roadside,1,Daylight,1,Clear,0,No Additional Atmospheric Conditions,1,Clear,0,No,0000000,Not Applicable,12,12:00pm-12:59pm,12,12,12,12:00pm-12:59pm,34,34,88,Not Applicable (Not Transported),88,Not Applicable (Not Transported),0,None,0,None,0,None,1,0
2019,4,40116,Arizona,2,2,0,0,0,7,7,19,PIMA (19),0,NOT APPLICABLE,26,26,2,February,2019,3,Tuesday,14,2:00pm-2:59pm,0,0,0,This section IS NOT on the NHS,1,Rural,4,Minor Arterial,1,State Highway Agency,3,State Highway,SR-85,,490,490,32.32447222,32.32447222,-112.773347200,-112.77334722,0,No Special Jurisdiction,12,Motor Vehicle In-Transport,2,Front-to-Front,0,No,1,Non-Junction,1,Not an Intersection,0,None,,,1,On Roadway,1,Daylight,10,Cloudy,0,No Additional Atmospheric Conditions,10,Cloudy,0,No,0000000,Not Applicable,14,2:00pm-2:59pm,0,0,14,2:00pm-2:59pm,10,10,99,Unknown,99,Unknown EMS Hospital Arrival Time,0,None,0,None,0,None,3,1
2019,4,40117,Arizona,1,1,0,1,1,1,1,21,PINAL (21),160,ELOY,27,27,2,February,2019,4,Wednesday,19,7:00pm-7:59pm,15,15,0,This section IS NOT on the NHS,2,Urban,6,Minor Collector,4,City or Municipal Highway Agency,6,Local Street - Municipality,TUMBLEWEED RD,,0,None,32.78680000,32.78680000,-111.581952800,-111.58195278,0,No Special Jurisdiction,8,Pedestrian,0,The First Harmful Event was Not a Collision with a Motor Vehicle in Transport,0,No,1,Non-Junction,1,Not an Intersection,0,None,,,1,On Roadway,2,Dark - Not Lighted,1,Clear,0,No Additional Atmospheric Conditions,1,Clear,0,No,0000000,Not Applicable,19,7:00pm-7:59pm,15,15,19,7:00pm-7:59pm,22,22,88,Not Applicable (Not Transported),88,Not Applicable (Not Transported),0,None,0,None,0,None,1,0
2019,4,40118,Arizona,1,1,0,1,1,2,2,19,PIMA (19),530,TUCSON,28,28,2,February,2019,5,Thursday,7,7:00am-7:59am,34,34,0,This section IS NOT on the NHS,2,Urban,4,Minor Arterial,4,City or Municipal Highway Agency,6,Local Street - Municipality,W SILVERLAKE RD W 29TH ST,S COTTONWOOD LN,0,None,32.19956389,32.19956389,-110.990350000,-110.990350000,0,No Special Jurisdiction,8,Pedestrian,0,The First Harmful Event was Not a Collision with a Motor Vehicle in Transport,0,No,3,Intersection-Related,3,T-Intersection,0,None,,,1,On Roadway,1,Daylight,1,Clear,0,No Additional Atmospheric Conditions,1,Clear,0,No,0000000,Not Applicable,7,7:00am-7:59am,34,34,7,7:00am-7:59am,40,40,8,8:00am-8:59am,0,0,0,None,0,None,0,None,1,0
2019,4,40120,Arizona,2,2,0,0,0,4,4,21,PINAL (21),0,NOT APPLICABLE,1,1,3,March,2019,6,Friday,12,12:00pm-12:59pm,40,40,0,This section IS NOT on the NHS,1,Rural,4,Minor Arterial,1,State Highway Agency,3,State Highway,SR-87,W BLACKWATER SCHOOL RD,1423,1423,33.02924167,33.02924167,-111.646316700,-111.64631667,3,Indian Reservation,12,Motor Vehicle In-Transport,6,Angle,0,No,2,Intersection,3,T-Intersection,0,None,,,1,On Roadway,1,Daylight,1,Clear,0,No Additional Atmospheric Conditions,1,Clear,0,No,0000000,Not Applicable,12,12:00pm-12:59pm,40,40,12,12:00pm-12:59pm,45,45,99,Unknown,99,Unknown EMS Hospital Arrival Time,0,None,0,None,0,None,1,0
2019,4,40121,Arizona,2,2,0,0,0,2,2,13,MARICOPA (13),290,MESA,1,1,3,March,2019,6,Friday,18,6:00pm-6:59pm,1,1,1,This section IS ON the NHS,2,Urban,3,Principal Arterial - Other,4,City or Municipal Highway Agency,6,Local Street - Municipality,N POWER RD,E DALLAS ST,0,None,33.42831667,33.42831667,-111.684433300,-111.68443333,0,No Special Jurisdiction,12,Motor Vehicle In-Transport,6,Angle,0,No,2,Intersection,3,T-Intersection,0,None,,,1,On Roadway,5,Dusk,1,Clear,0,No Additional Atmospheric Conditions,1,Clear,0,No,0000000,Not Applicable,99,Unknown,99,Unknown,99,Unknown EMS Scene Arrival Hour,99,Unknown EMS Scene Arrival Minutes,99,Unknown,99,Unknown EMS Hospital Arrival Time,0,None,0,None,0,None,1,1
2019,4,40122,Arizona,4,3,1,0,0,4,4,9,GRAHAM (9),0,NOT APPLICABLE,3,3,3,March,2019,1,Sunday,9,9:00am-9:59am,51,51,0,This section IS NOT on the NHS,2,Urban,4,Minor Arterial,1,State Highway Agency,2,U.S. Highway,US-70,,638,638,32.91991944,32.91991944,-109.868036100,-109.86803611,0,No Special Jurisdiction,12,Motor Vehicle In-Transport,2,Front-to-Front,0,No,1,Non-Junction,1,Not an Intersection,0,None,,,1,On Roadway,1,Daylight,1,Clear,0,No Additional Atmospheric Conditions,1,Clear,0,No,0000000,Not Applicable,9,9:00am-9:59am,52,52,10,10:00am-10:59am,15,15,99,Unknown,99,Unknown EMS Hospital Arrival Time,14,"Motor Vehicle struck by falling cargo,or something that came loose from or something that was set in motion by a vehicle",0,None,0,None,1,0
2019,4,40123,Arizona,2,2,0,0,0,3,3,21,PINAL (21),0,NOT APPLICABLE,4,4,3,March,2019,2,Monday,8,8:00am-8:59am,46,46,1,This section IS ON the NHS,1,Rural,3,Principal Arterial - Other,1,State Highway Agency,2,U.S. Highway,US-60,,1754,1754,33.30137500,33.30137500,-111.397791700,-111.39779167,0,No Special Jurisdiction,12,Motor Vehicle In-Transport,1,Front-to-Rear,0,No,1,Non-Junction,1,Not an Intersection,0,None,,,1,On Roadway,1,Daylight,1,Clear,0,No Additional Atmospheric Conditions,1,Clear,0,No,0000000,Not Applicable,8,8:00am-8:59am,53,53,8,8:00am-8:59am,58,58,99,Unknown,99,Unknown EMS Hospital Arrival Time,0,None,0,None,0,None,1,0
2019,4,40124,Arizona,1,1,0,1,1,2,2,13,MARICOPA (13),200,GLENDALE,5,5,3,March,2019,3,Tuesday,6,6:00am-6:59am,33,33,0,This section IS NOT on the NHS,2,Urban,4,Minor Arterial,4,City or Municipal Highway Agency,6,Local Street - Municipality,W PEORIA AVE,N 60TH AVE,0,None,33.58193333,33.58193333,-112.189363900,-112.18936389,0,No Special Jurisdiction,8,Pedestrian,0,The First Harmful Event was Not a Collision with a Motor Vehicle in Transport,0,No,3,Intersection-Related,2,Four-Way Intersection,0,None,,,1,On Roadway,2,Dark - Not Lighted,1,Clear,0,No Additional Atmospheric Conditions,1,Clear,0,No,0000000,Not Applicable,99,Unknown,99,Unknown,99,Unknown EMS Scene Arrival Hour,99,Unknown EMS Scene Arrival Minutes,99,Unknown,99,Unknown EMS Hospital Arrival Time,0,None,0,None,0,None,1,0
2019,4,40125,Arizona,1,1,0,0,0,2,2,13,MARICOPA (13),368,PEORIA,5,5,3,March,2019,3,Tuesday,9,9:00am-9:59am,9,9,1,This section IS ON the NHS,2,Urban,3,Principal Arterial - Other,4,City or Municipal Highway Agency,6,Local Street - Municipality,W BELL RD,,0,None,33.63807500,33.63807500,-112.238952800,-112.23895278,0,No Special Jurisdiction,59,Traffic Sign Support,0,The First Harmful Event was Not a Collision with a Motor Vehicle in Transport,1,Yes,5,Entrance/Exit Ramp Related,1,Not an Intersection,0,None,,,4,On Roadside,1,Daylight,1,Clear,0,No Additional Atmospheric Conditions,1,Clear,0,No,0000000,Not Applicable,9,9:00am-9:59am,10,10,9,9:00am-9:59am,20,20,9,9:00am-9:59am,35,35,0,None,0,None,0,None,1,0
2019,4,40126,Arizona,1,1,0,0,0,1,1,3,COCHISE (3),0,NOT APPLICABLE,5,5,3,March,2019,3,Tuesday,14,2:00pm-2:59pm,35,35,1,This section IS ON the NHS,1,Rural,1,Interstate,1,State Highway Agency,1,Interstate,I-10,,3628,3628,32.33228889,32.33228889,-109.519950000,-109.519950000,0,No Special Jurisdiction,1,Rollover/Overturn,0,The First Harmful Event was Not a Collision with a Motor Vehicle in Transport,1,Yes,19,Other location within Interchange Area,1,Not an Intersection,0,None,,,3,On Median,1,Daylight,10,Cloudy,0,No Additional Atmospheric Conditions,10,Cloudy,0,No,0000000,Not Applicable,14,2:00pm-2:59pm,36,36,15,3:00pm-3:59pm,25,25,18,6:00pm-6:59pm,21,21,0,None,0,None,0,None,1,1
2019,4,40127,Arizona,2,2,0,0,0,2,2,13,MARICOPA (13),370,PHOENIX,5,5,3,March,2019,3,Tuesday,19,7:00pm-7:59pm,44,44,1,This section IS ON the NHS,2,Urban,1,Interstate,1,State Highway Agency,1,Interstate,I-17 RAMP,,110,110,33.54233611,33.54233611,-112.110866700,-112.11086667,0,No Special Jurisdiction,12,Motor Vehicle In-Transport,1,Front-to-Rear,1,Yes,20,Entrance/Exit Ramp,1,Not an Intersection,0,None,,,1,On Roadway,3,Dark - Lighted,1,Clear,0,No Additional Atmospheric Conditions,1,Clear,0,No,0000000,Not Applicable,19,7:00pm-7:59pm,44,44,19,7:00pm-7:59pm,50,50,20,8:00pm-8:59pm,3,3,0,None,0,None,0,None,1,1
2019,4,40128,Arizona,2,2,0,0,0,2,2,19,PIMA (19),530,TUCSON,6,6,3,March,2019,4,Wednesday,8,8:00am-8:59am,9,9,0,This section IS NOT on the NHS,2,Urban,4,Minor Arterial,4,City or Municipal Highway Agency,6,Local Street - Municipality,N WILMOT RD,EL DORADO PL,0,None,32.23786667,32.23786667,-110.857833300,-110.85783333,0,No Special Jurisdiction,12,Motor Vehicle In-Transport,6,Angle,0,No,2,Intersection,2,Four-Way Intersection,0,None,,,1,On Roadway,1,Daylight,1,Clear,0,No Additional Atmospheric Conditions,1,Clear,0,No,0000000,Not Applicable,8,8:00am-8:59am,9,9,8,8:00am-8:59am,11,11,8,8:00am-8:59am,40,40,0,None,0,None,0,None,1,0
2019,4,40129,Arizona,1,1,0,0,0,1,1,15,MOHAVE (15),0,NOT APPLICABLE,6,6,3,March,2019,4,Wednesday,19,7:00pm-7:59pm,16,16,1,This section IS ON the NHS,1,Rural,1,Interstate,1,State Highway Agency,1,Interstate,I-15,,230,230,36.98099167,36.98099167,-113.670869400,-113.67086944,0,No Special Jurisdiction,35,Embankment,0,The First Harmful Event was Not a Collision with a Motor Vehicle in Transport,0,No,1,Non-Junction,1,Not an Intersection,0,None,,,4,On Roadside,2,Dark - Not Lighted,2,Rain,0,No Additional Atmospheric Conditions,2,Rain,0,No,0000000,Not Applicable,19,7:00pm-7:59pm,22,22,19,7:00pm-7:59pm,45,45,88,Not Applicable (Not Transported),88,Not Applicable (Not Transported),0,None,0,None,0,None,1,0
2019,4,40130,Arizona,1,1,0,0,0,1,1,13,MARICOPA (13),368,PEORIA,7,7,3,March,2019,5,Thursday,0,0:00am-0:59am,1,1,1,This section IS ON the NHS,2,Urban,2,Principal Arterial - Other Freeways and Expressways,1,State Highway Agency,3,State Highway,SR-303,,228,228,33.72653889,33.72653889,-112.309072200,-112.30907222,0,No Special Jurisdiction,38,Fence,0,The First Harmful Event was Not a Collision with a Motor Vehicle in Transport,0,No,1,Non-Junction,1,Not an Intersection,0,None,,,4,On Roadside,3,Dark - Lighted,1,Clear,0,No Additional Atmospheric Conditions,1,Clear,0,No,0000000,Not Applicable,7,7:00am-7:59am,30,30,7,7:00am-7:59am,33,33,88,Not Applicable (Not Transported),88,Not Applicable (Not Transported),0,None,0,None,0,None,1,1
2019,4,40131,Arizona,1,1,0,0,0,2,2,11,GREENLEE (11),0,NOT APPLICABLE,9,9,3,March,2019,7,Saturday,2,2:00am-2:59am,28,28,0,This section IS NOT on the NHS,1,Rural,5,Major Collector,1,State Highway Agency,3,State Highway,SR-75,,70,70,32.80195556,32.80195556,-109.166944400,-109.16694444,0,No Special Jurisdiction,35,Embankment,0,The First Harmful Event was Not a Collision with a Motor Vehicle in Transport,0,No,1,Non-Junction,1,Not an Intersection,0,None,,,4,On Roadside,2,Dark - Not Lighted,1,Clear,0,No Additional Atmospheric Conditions,1,Clear,0,No,0000000,Not Applicable,2,2:00am-2:59am,28,28,2,2:00am-2:59am,40,40,99,Unknown,99,Unknown EMS Hospital Arrival Time,0,None,0,None,0,None,1,1
2019,4,40132,Arizona,4,4,0,0,0,4,4,19,PIMA (19),0,NOT APPLICABLE,9,9,3,March,2019,7,Saturday,13,1:00pm-1:59pm,41,41,0,This section IS NOT on the NHS,2,Urban,4,Minor Arterial,2,County Highway Agency,5,Local Street - Township,VELENCIA RD,,0,None,32.13375278,32.13375278,-111.042025000,-111.042025000,0,No Special Jurisdiction,12,Motor Vehicle In-Transport,8,Sideswipe - Opposite Direction,0,No,1,Non-Junction,1,Not an Intersection,0,None,,,1,On Roadway,1,Daylight,10,Cloudy,0,No Additional Atmospheric Conditions,10,Cloudy,0,No,0000000,Not Applicable,13,1:00pm-1:59pm,42,42,13,1:00pm-1:59pm,46,46,99,Unknown,99,Unknown EMS Hospital Arrival Time,0,None,0,None,0,None,1,0
2019,4,40133,Arizona,2,2,0,0,0,3,3,19,PIMA (19),530,TUCSON,9,9,3,March,2019,7,Saturday,19,7:00pm-7:59pm,31,31,1,This section IS ON the NHS,2,Urban,3,Principal Arterial - Other,4,City or Municipal Highway Agency,6,Local Street - Municipality,W VELENCIA RD,S MISSIONDALE RD,0,None,32.13397500,32.13397500,-110.969222200,-110.96922222,0,No Special Jurisdiction,12,Motor Vehicle In-Transport,1,Front-to-Rear,0,No,2,Intersection,2,Four-Way Intersection,0,None,,,1,On Roadway,3,Dark - Lighted,1,Clear,0,No Additional Atmospheric Conditions,1,Clear,0,No,0000000,Not Applicable,19,7:00pm-7:59pm,31,31,19,7:00pm-7:59pm,36,36,19,7:00pm-7:59pm,42,42,0,None,0,None,0,None,1,0
2019,4,40134,Arizona,1,1,0,0,0,1,1,5,COCONINO (5),0,NOT APPLICABLE,10,10,3,March,2019,1,Sunday,5,5:00am-5:59am,1,1,0,This section IS NOT on the NHS,1,Rural,4,Minor Arterial,1,State Highway Agency,3,State Highway,SR-99,,280,280,35.12252778,35.12252778,-110.873452800,-110.87345278,0,No Special Jurisdiction,1,Rollover/Overturn,0,The First Harmful Event was Not a Collision with a Motor Vehicle in Transport,0,No,1,Non-Junction,1,Not an Intersection,0,None,,,4,On Roadside,2,Dark - Not Lighted,1,Clear,0,No Additional Atmospheric Conditions,1,Clear,0,No,0000000,Not Applicable,5,5:00am-5:59am,7,7,5,5:00am-5:59am,14,14,88,Not Applicable (Not Transported),88,Not Applicable (Not Transported),0,None,0,None,0,None,1,1
2019,4,40135,Arizona,2,2,0,0,0,3,3,17,NAVAJO (17),0,NOT APPLICABLE,10,10,3,March,2019,1,Sunday,8,8:00am-8:59am,28,28,1,This section IS ON the NHS,1,Rural,1,Interstate,1,State Highway Agency,1,Interstate,I-40 US-180,,2820,2820,34.91057222,34.91057222,-110.237672200,-110.23767222,0,No Special Jurisdiction,12,Motor Vehicle In-Transport,1,Front-to-Rear,0,No,1,Non-Junction,1,Not an Intersection,0,None,,,1,On Roadway,1,Daylight,1,Clear,0,No Additional Atmospheric Conditions,1,Clear,0,No,0000000,Not Applicable,8,8:00am-8:59am,29,29,8,8:00am-8:59am,39,39,9,9:00am-9:59am,50,50,0,None,0,None,0,None,1,0
2019,4,40136,Arizona,1,1,0,0,0,2,2,1,APACHE (1),415,SANDERS,10,10,3,March,2019,1,Sunday,11,11:00am-11:59am,20,20,1,This section IS ON the NHS,1,Rural,1,Interstate,1,State Highway Agency,1,Interstate,I-40 PURPLE HEART TRL,,3400,3400,35.22019722,35.22019722,-109.326280600,-109.32628056,0,No Special Jurisdiction,1,Rollover/Overturn,0,The First Harmful Event was Not a Collision with a Motor Vehicle in Transport,0,No,1,Non-Junction,1,Not an Intersection,0,None,,,1,On Roadway,1,Daylight,1,Clear,0,No Additional Atmospheric Conditions,1,Clear,0,No,0000000,Not Applicable,11,11:00am-11:59am,15,15,11,11:00am-11:59am,20,20,99,Unknown,99,Unknown EMS Hospital Arrival Time,0,None,0,None,0,None,1,0