caseyear,state,st_case,statename,ve_total,ve_forms,pvh_invl,peds,pernotmvit,permvit,persons,county,countyname,city,cityname,day,dayname,month,monthname,year,day_week,day_weekname,hour,hourname,minute,minutename,nhs,nhsname,rur_urb,rur_urbname,func_sys,func_sysname,rd_owner,rd_ownername,route,routename,tway_id,tway_id2,milept,mileptname,latitude,latitudename,longitud,longitudname,sp_jur,sp_jurname,harm_ev,harm_evname,man_coll,man_collname,reljct1,reljct1name,reljct2,reljct2name,typ_int,typ_intname,wrk_zone,wrk_zonename,road_fnc,road_fncname,rel_road,rel_roadname,lgt_cond,lgt_condname,weather1,weather1name,weather2,weather2name,weather,weathername,sch_bus,sch_busname,rail,railname,not_hour,not_hourname,not_min,not_minname,arr_hour,arr_hourname,arr_min,arr_minname,hosp_hr,hosp_hrname,hosp_mn,hosp_mnname,cf1,cf1name,cf2,cf2name,cf3,cf3name,fatals,drunk_dr
2019,4,40138,Arizona,1,1,0,1,1,5,5,19,PIMA (19),530,TUCSON,11,11,3,March,2019,2,Monday,19,7:00pm-7:59pm,13,13,1,This section IS ON the NHS,2,Urban,3,Principal Arterial - Other,1,State Highway Agency,3,State Highway,SR-77 ORACLE RD,,720,720,32.29678611,32.29678611,-110.978494400,-110.97849444,0,No Special Jurisdiction,8,Pedestrian,0,The First Harmful Event was Not a Collision with a Motor Vehicle in Transport,0,No,1,Non-Junction,1,Not an Intersection,0,None,,,1,On Roadway,2,Dark - Not Lighted,10,Cloudy,0,No Additional Atmospheric Conditions,10,Cloudy,0,No,0000000,Not Applicable,19,7:00pm-7:59pm,13,13,19,7:00pm-7:59pm,19,19,19,7:00pm-7:59pm,45,45,0,None,0,None,0,None,1,0
2019,4,40139,Arizona,2,2,0,0,0,2,2,13,MARICOPA (13),370,PHOENIX,14,14,3,March,2019,5,Thursday,8,8:00am-8:59am,43,43,1,This section IS ON the NHS,2,Urban,3,Principal Arterial - Other,4,City or Municipal Highway Agency,6,Local Street - Municipality,N 51ST AVE,,0,None,33.50294722,33.50294722,-112.168816700,-112.16881667,0,No Special Jurisdiction,12,Motor Vehicle In-Transport,6,Angle,0,No,1,Non-Junction,1,Not an Intersection,0,None,,,1,On Roadway,1,Daylight,1,Clear,0,No Additional Atmospheric Conditions,1,Clear,0,No,0000000,Not Applicable,9,9:00am-9:59am,16,16,9,9:00am-9:59am,12,12,99,Unknown,99,Unknown EMS Hospital Arrival Time,0,None,0,None,0,None,1,0
2019,4,40140,Arizona,2,2,0,0,0,2,2,13,MARICOPA (13),200,GLENDALE,15,15,3,March,2019,6,Friday,16,4:00pm-4:59pm,4,4,1,This section IS ON the NHS,2,Urban,2,Principal Arterial - Other Freeways and Expressways,1,State Highway Agency,3,State Highway,SR-101,,148,148,33.65967778,33.65967778,-112.232380600,-112.23238056,0,No Special Jurisdiction,25,Concrete Traffic Barrier,0,The First Harmful Event was Not a Collision with a Motor Vehicle in Transport,0,No,1,Non-Junction,1,Not an Intersection,0,None,,,3,On Median,1,Daylight,1,Clear,0,No Additional Atmospheric Conditions,1,Clear,0,No,0000000,Not Applicable,16,4:00pm-4:59pm,4,4,16,4:00pm-4:59pm,10,10,88,Not Applicable (Not Transported),88,Not Applicable (Not Transported),14,"Motor Vehicle struck by falling cargo,or something that came loose from or something that was set in motion by a vehicle",0,None,0,None,1,0
2019,4,40142,Arizona,1,1,0,0,0,1,1,25,YAVAPAI (25),0,NOT APPLICABLE,16,16,3,March,2019,7,Saturday,13,1:00pm-1:59pm,25,25,0,This section IS NOT on the NHS,1,Rural,5,Major Collector,1,State Highway Agency,2,U.S. Highway,US-66,,0,None,35.40129444,35.40129444,-113.016697200,-113.01669722,0,No Special Jurisdiction,24,Guardrail Face,0,The First Harmful Event was Not a Collision with a Motor Vehicle in Transport,0,No,1,Non-Junction,1,Not an Intersection,0,None,,,4,On Roadside,1,Daylight,1,Clear,0,No Additional Atmospheric Conditions,1,Clear,0,No,0000000,Not Applicable,99,Unknown,99,Unknown,99,Unknown EMS Scene Arrival Hour,99,Unknown EMS Scene Arrival Minutes,88,Not Applicable (Not Transported),88,Not Applicable (Not Transported),0,None,0,None,0,None,1,0
2019,4,40143,Arizona,2,2,0,0,0,4,4,17,NAVAJO (17),0,NOT APPLICABLE,16,16,3,March,2019,7,Saturday,23,11:00pm-11:59pm,49,49,0,This section IS NOT on the NHS,1,Rural,3,Principal Arterial - Other,1,State Highway Agency,3,State Highway,SR-77,,2139,2139,34.85138611,34.85138611,-110.148250000,-110.148250000,0,No Special Jurisdiction,12,Motor Vehicle In-Transport,2,Front-to-Front,0,No,1,Non-Junction,1,Not an Intersection,0,None,,,1,On Roadway,2,Dark - Not Lighted,1,Clear,0,No Additional Atmospheric Conditions,1,Clear,0,No,0000000,Not Applicable,23,11:00pm-11:59pm,49,49,0,0:00am-0:59am,6,6,3,3:00am-3:59am,17,17,0,None,0,None,0,None,1,1
2019,4,40144,Arizona,1,1,0,0,0,1,1,13,MARICOPA (13),486,SURPRISE,17,17,3,March,2019,1,Sunday,13,1:00pm-1:59pm,57,57,1,This section IS ON the NHS,2,Urban,3,Principal Arterial - Other,1,State Highway Agency,3,State Highway,SR-303 RAMP,,158,158,33.67925000,33.67925000,-112.405880600,-112.40588056,0,No Special Jurisdiction,1,Rollover/Overturn,0,The First Harmful Event was Not a Collision with a Motor Vehicle in Transport,1,Yes,20,Entrance/Exit Ramp,1,Not an Intersection,0,None,,,1,On Roadway,1,Daylight,1,Clear,0,No Additional Atmospheric Conditions,1,Clear,0,No,0000000,Not Applicable,13,1:00pm-1:59pm,57,57,14,2:00pm-2:59pm,17,17,88,Not Applicable (Not Transported),88,Not Applicable (Not Transported),0,None,0,None,0,None,1,0
2019,4,40145,Arizona,1,1,0,0,0,2,2,13,MARICOPA (13),370,PHOENIX,17,17,3,March,2019,1,Sunday,18,6:00pm-6:59pm,19,19,0,This section IS NOT on the NHS,2,Urban,4,Minor Arterial,1,State Highway Agency,6,Local Street - Municipality,E WASHINGTON ST,,0,None,33.44788889,33.44788889,-111.981719400,-111.98171944,0,No Special Jurisdiction,33,Curb,0,The First Harmful Event was Not a Collision with a Motor Vehicle in Transport,1,Yes,19,Other location within Interchange Area,1,Not an Intersection,0,None,,,4,On Roadside,5,Dusk,1,Clear,0,No Additional Atmospheric Conditions,1,Clear,0,No,0000000,Not Applicable,18,6:00pm-6:59pm,21,21,18,6:00pm-6:59pm,26,26,99,Unknown,99,Unknown EMS Hospital Arrival Time,0,None,0,None,0,None,2,0
2019,4,40146,Arizona,2,2,0,0,0,3,3,25,YAVAPAI (25),0,NOT APPLICABLE,18,18,3,March,2019,2,Monday,15,3:00pm-3:59pm,27,27,1,This section IS ON the NHS,1,Rural,3,Principal Arterial - Other,1,State Highway Agency,3,State Highway,SR-89,,779,779,34.88200000,34.88200000,-112.468447200,-112.46844722,0,No Special Jurisdiction,12,Motor Vehicle In-Transport,2,Front-to-Front,0,No,1,Non-Junction,1,Not an Intersection,0,None,,,1,On Roadway,1,Daylight,1,Clear,0,No Additional Atmospheric Conditions,1,Clear,0,No,0000000,Not Applicable,15,3:00pm-3:59pm,27,27,15,3:00pm-3:59pm,37,37,99,Unknown,99,Unknown EMS Hospital Arrival Time,0,None,0,None,0,None,2,0
2019,4,40147,Arizona,2,2,0,0,0,2,2,13,MARICOPA (13),368,PEORIA,19,19,3,March,2019,3,Tuesday,19,7:00pm-7:59pm,38,38,1,This section IS ON the NHS,2,Urban,3,Principal Arterial - Other,1,State Highway Agency,6,Local Street - Municipality,W NORTHERN AVE,N 91ST AVE,0,None,33.55173056,33.55173056,-112.254986100,-112.25498611,0,No Special Jurisdiction,12,Motor Vehicle In-Transport,6,Angle,0,No,2,Intersection,2,Four-Way Intersection,0,None,,,1,On Roadway,3,Dark - Lighted,1,Clear,0,No Additional Atmospheric Conditions,1,Clear,0,No,0000000,Not Applicable,99,Unknown,99,Unknown,99,Unknown EMS Scene Arrival Hour,99,Unknown EMS Scene Arrival Minutes,99,Unknown,99,Unknown EMS Hospital Arrival Time,0,None,0,None,0,None,1,1
2019,4,40148,Arizona,1,1,0,0,0,1,1,13,MARICOPA (13),370,PHOENIX,20,20,3,March,2019,4,Wednesday,0,0:00am-0:59am,48,48,1,This section IS ON the NHS,2,Urban,2,Principal Arterial - Other Freeways and Expressways,1,State Highway Agency,3,State Highway,SR-51,,126,126,33.62656667,33.62656667,-112.006511100,-112.00651111,0,No Special Jurisdiction,1,Rollover/Overturn,0,The First Harmful Event was Not a Collision with a Motor Vehicle in Transport,1,Yes,19,Other location within Interchange Area,1,Not an Intersection,0,None,,,4,On Roadside,3,Dark - Lighted,1,Clear,0,No Additional Atmospheric Conditions,1,Clear,0,No,0000000,Not Applicable,0,0:00am-0:59am,47,47,0,0:00am-0:59am,55,55,1,1:00am-1:59am,20,20,0,None,0,None,0,None,1,0
2019,4,40149,Arizona,2,2,0,0,0,2,2,13,MARICOPA (13),30,AVONDALE,21,21,3,March,2019,5,Thursday,9,9:00am-9:59am,59,59,0,This section IS NOT on the NHS,2,Urban,4,Minor Arterial,4,City or Municipal Highway Agency,4,County Road,CR-85 W BUCKEYE RD,S 107TH AVE,0,None,33.43545556,33.43545556,-112.289713900,-112.28971389,0,No Special Jurisdiction,12,Motor Vehicle In-Transport,6,Angle,0,No,2,Intersection,2,Four-Way Intersection,0,None,,,1,On Roadway,1,Daylight,1,Clear,0,No Additional Atmospheric Conditions,1,Clear,0,No,741800G,741800G,10,10:00am-10:59am,0,0,10,10:00am-10:59am,18,18,88,Not Applicable (Not Transported),88,Not Applicable (Not Transported),0,None,0,None,0,None,1,0
2019,4,40151,Arizona,3,3,0,0,0,3,3,13,MARICOPA (13),475,SUN CITY,22,22,3,March,2019,6,Friday,13,1:00pm-1:59pm,0,0,1,This section IS ON the NHS,2,Urban,3,Principal Arterial - Other,1,State Highway Agency,6,Local Street - Municipality,W BELL RD,N DEL-WEBB BLVD,0,None,33.63817778,33.63817778,-112.289525000,-112.289525000,0,No Special Jurisdiction,12,Motor Vehicle In-Transport,1,Front-to-Rear,0,No,3,Intersection-Related,2,Four-Way Intersection,0,None,,,1,On Roadway,1,Daylight,1,Clear,0,No Additional Atmospheric Conditions,1,Clear,0,No,0000000,Not Applicable,13,1:00pm-1:59pm,0,0,13,1:00pm-1:59pm,12,12,13,1:00pm-1:59pm,45,45,0,None,0,None,0,None,1,0
2019,4,40153,Arizona,1,1,0,0,0,2,2,7,GILA (7),0,NOT APPLICABLE,22,22,3,March,2019,6,Friday,18,6:00pm-6:59pm,19,19,0,This section IS NOT on the NHS,6,Trafficway Not in State Inventory,96,Trafficway Not in State Inventory,96,Trafficway Not in State Inventory,8,Other,E FOREST SERVICE RD 198,,0,None,34.33108056,34.33108056,-111.262430600,-111.26243056,0,No Special Jurisdiction,34,Ditch,0,The First Harmful Event was Not a Collision with a Motor Vehicle in Transport,0,No,1,Non-Junction,1,Not an Intersection,0,None,,,4,On Roadside,5,Dusk,1,Clear,0,No Additional Atmospheric Conditions,1,Clear,0,No,0000000,Not Applicable,18,6:00pm-6:59pm,19,19,18,6:00pm-6:59pm,34,34,88,Not Applicable (Not Transported),88,Not Applicable (Not Transported),0,None,0,None,0,None,1,0
2019,4,40154,Arizona,1,1,0,0,0,2,2,5,COCONINO (5),0,NOT APPLICABLE,26,26,3,March,2019,3,Tuesday,8,8:00am-8:59am,16,16,1,This section IS ON the NHS,1,Rural,1,Interstate,1,State Highway Agency,1,Interstate,I-40,,1566,1566,35.22040833,35.22040833,-112.287708300,-112.28770833,0,No Special Jurisdiction,35,Embankment,0,The First Harmful Event was Not a Collision with a Motor Vehicle in Transport,0,No,1,Non-Junction,1,Not an Intersection,0,None,,,3,On Median,1,Daylight,1,Clear,0,No Additional Atmospheric Conditions,1,Clear,0,No,0000000,Not Applicable,8,8:00am-8:59am,18,18,8,8:00am-8:59am,34,34,88,Not Applicable (Not Transported),88,Not Applicable (Not Transported),0,None,0,None,0,None,1,0
2019,4,40155,Arizona,1,1,0,1,1,1,1,19,PIMA (19),530,TUCSON,26,26,3,March,2019,3,Tuesday,21,9:00pm-9:59pm,57,57,0,This section IS NOT on the NHS,2,Urban,4,Minor Arterial,4,City or Municipal Highway Agency,6,Local Street - Municipality,PIMA ST E,ROOK AVE N,0,None,32.24335556,32.24335556,-110.860186100,-110.86018611,0,No Special Jurisdiction,8,Pedestrian,0,The First Harmful Event was Not a Collision with a Motor Vehicle in Transport,0,No,3,Intersection-Related,3,T-Intersection,0,None,,,1,On Roadway,3,Dark - Lighted,1,Clear,0,No Additional Atmospheric Conditions,1,Clear,0,No,0000000,Not Applicable,21,9:00pm-9:59pm,57,57,22,10:00pm-10:59pm,1,1,22,10:00pm-10:59pm,30,30,0,None,0,None,0,None,1,0
2019,4,40156,Arizona,2,2,0,0,0,4,4,12,LA PAZ (12),9997,Other,27,27,3,March,2019,4,Wednesday,1,1:00am-1:59am,4,4,1,This section IS ON the NHS,1,Rural,1,Interstate,1,State Highway Agency,1,Interstate,I-10,,670,670,33.57402222,33.57402222,-113.384175000,-113.384175000,0,No Special Jurisdiction,12,Motor Vehicle In-Transport,2,Front-to-Front,0,No,1,Non-Junction,1,Not an Intersection,0,None,,,1,On Roadway,2,Dark - Not Lighted,1,Clear,0,No Additional Atmospheric Conditions,1,Clear,0,No,0000000,Not Applicable,1,1:00am-1:59am,11,11,1,1:00am-1:59am,37,37,88,Not Applicable (Not Transported),88,Not Applicable (Not Transported),0,None,0,None,0,None,4,0
2019,4,40158,Arizona,1,1,0,1,1,1,1,19,PIMA (19),530,TUCSON,27,27,3,March,2019,4,Wednesday,21,9:00pm-9:59pm,31,31,0,This section IS NOT on the NHS,2,Urban,4,Minor Arterial,4,City or Municipal Highway Agency,6,Local Street - Municipality,12TH AVE,CALLE RAMONA,0,None,32.14628611,32.14628611,-110.977630600,-110.97763056,0,No Special Jurisdiction,8,Pedestrian,0,The First Harmful Event was Not a Collision with a Motor Vehicle in Transport,0,No,3,Intersection-Related,3,T-Intersection,0,None,,,1,On Roadway,3,Dark - Lighted,1,Clear,0,No Additional Atmospheric Conditions,1,Clear,0,No,0000000,Not Applicable,21,9:00pm-9:59pm,33,33,21,9:00pm-9:59pm,37,37,22,10:00pm-10:59pm,17,17,0,None,0,None,0,None,1,0
2019,4,40159,Arizona,1,1,0,0,0,1,1,19,PIMA (19),0,NOT APPLICABLE,29,29,3,March,2019,6,Friday,17,5:00pm-5:59pm,19,19,0,This section IS NOT on the NHS,2,Urban,7,Local,2,County Highway Agency,5,Local Street - Township,SUNRISE DR,SWAN RD,0,None,32.30830556,32.30830556,-110.892694400,-110.89269444,0,No Special Jurisdiction,58,Ground,0,The First Harmful Event was Not a Collision with a Motor Vehicle in Transport,0,No,3,Intersection-Related,2,Four-Way Intersection,0,None,,,5,Outside Trafficway,1,Daylight,1,Clear,0,No Additional Atmospheric Conditions,1,Clear,0,No,0000000,Not Applicable,17,5:00pm-5:59pm,19,19,17,5:00pm-5:59pm,24,24,17,5:00pm-5:59pm,41,41,0,None,0,None,0,None,1,0
2019,4,40160,Arizona,1,1,0,1,1,1,1,5,COCONINO (5),170,FLAGSTAFF,29,29,3,March,2019,6,Friday,23,11:00pm-11:59pm,42,42,1,This section IS ON the NHS,2,Urban,1,Interstate,1,State Highway Agency,1,Interstate,I-40,,2008,2008,35.21593056,35.21593056,-111.583658300,-111.58365833,0,No Special Jurisdiction,8,Pedestrian,0,The First Harmful Event was Not a Collision with a Motor Vehicle in Transport,0,No,1,Non-Junction,1,Not an Intersection,0,None,,,1,On Roadway,2,Dark - Not Lighted,1,Clear,0,No Additional Atmospheric Conditions,1,Clear,0,No,0000000,Not Applicable,23,11:00pm-11:59pm,42,42,23,11:00pm-11:59pm,43,43,88,Not Applicable (Not Transported),88,Not Applicable (Not Transported),0,None,0,None,0,None,1,0
2019,4,40161,Arizona,3,3,0,0,0,5,5,13,MARICOPA (13),370,PHOENIX,30,30,3,March,2019,7,Saturday,14,2:00pm-2:59pm,47,47,1,This section IS ON the NHS,2,Urban,2,Principal Arterial - Other Freeways and Expressways,1,State Highway Agency,3,State Highway,SR-101,,330,330,33.66219167,33.66219167,-111.944722200,-111.94472222,0,No Special Jurisdiction,12,Motor Vehicle In-Transport,1,Front-to-Rear,1,Yes,18,Through Roadway,1,Not an Intersection,1,Construction,,,1,On Roadway,1,Daylight,1,Clear,0,No Additional Atmospheric Conditions,1,Clear,0,No,0000000,Not Applicable,14,2:00pm-2:59pm,48,48,15,3:00pm-3:59pm,0,0,88,Not Applicable (Not Transported),88,Not Applicable (Not Transported),14,"Motor Vehicle struck by falling cargo,or something that came loose from or something that was set in motion by a vehicle",0,None,0,None,2,0
2019,4,40162,Arizona,2,2,0,0,0,3,3,19,PIMA (19),530,TUCSON,31,31,3,March,2019,1,Sunday,4,4:00am-4:59am,19,19,0,This section IS NOT on the NHS,2,Urban,3,Principal Arterial - Other,4,City or Municipal Highway Agency,6,Local Street - Municipality,SPEEDWAY BLVD,,0,None,32.23554167,32.23554167,-110.804480600,-110.80448056,0,No Special Jurisdiction,12,Motor Vehicle In-Transport,1,Front-to-Rear,0,No,1,Non-Junction,1,Not an Intersection,0,None,,,1,On Roadway,3,Dark - Lighted,1,Clear,0,No Additional Atmospheric Conditions,1,Clear,0,No,0000000,Not Applicable,4,4:00am-4:59am,19,19,4,4:00am-4:59am,26,26,88,Not Applicable (Not Transported),88,Not Applicable (Not Transported),0,None,0,None,0,None,1,1
2019,4,40163,Arizona,2,2,0,0,0,2,2,15,MOHAVE (15),0,NOT APPLICABLE,31,31,3,March,2019,1,Sunday,13,1:00pm-1:59pm,52,52,1,This section IS ON the NHS,1,Rural,1,Interstate,1,State Highway Agency,1,Interstate,I-15,,130,130,36.91810556,36.91810556,-113.868900000,-113.868900000,0,No Special Jurisdiction,25,Concrete Traffic Barrier,0,The First Harmful Event was Not a Collision with a Motor Vehicle in Transport,0,No,1,Non-Junction,1,Not an Intersection,0,None,,,3,On Median,1,Daylight,1,Clear,0,No Additional Atmospheric Conditions,1,Clear,0,No,0000000,Not Applicable,13,1:00pm-1:59pm,53,53,14,2:00pm-2:59pm,5,5,99,Unknown,99,Unknown EMS Hospital Arrival Time,0,None,0,None,0,None,1,0
2019,4,40164,Arizona,2,2,0,0,0,2,2,11,GREENLEE (11),0,NOT APPLICABLE,31,31,3,March,2019,1,Sunday,19,7:00pm-7:59pm,45,45,0,This section IS NOT on the NHS,1,Rural,5,Major Collector,1,State Highway Agency,2,U.S. Highway,US-191,,1500,1500,32.90164167,32.90164167,-109.266011100,-109.26601111,0,No Special Jurisdiction,12,Motor Vehicle In-Transport,1,Front-to-Rear,0,No,1,Non-Junction,1,Not an Intersection,0,None,,,1,On Roadway,2,Dark - Not Lighted,1,Clear,0,No Additional Atmospheric Conditions,1,Clear,0,No,0000000,Not Applicable,19,7:00pm-7:59pm,45,45,19,7:00pm-7:59pm,53,53,88,Not Applicable (Not Transported),88,Not Applicable (Not Transported),0,None,0,None,0,None,1,0
2019,4,40165,Arizona,3,3,0,0,0,5,5,13,MARICOPA (13),200,GLENDALE,23,23,2,February,2019,7,Saturday,19,7:00pm-7:59pm,51,51,0,This section IS NOT on the NHS,2,Urban,3,Principal Arterial - Other,4,City or Municipal Highway Agency,6,Local Street - Municipality,N 59TH AVE,,0,None,33.57801667,33.57801667,-112.186180600,-112.18618056,0,No Special Jurisdiction,12,Motor Vehicle In-Transport,2,Front-to-Front,0,No,1,Non-Junction,1,Not an Intersection,0,None,,,1,On Roadway,3,Dark - Lighted,1,Clear,0,No Additional Atmospheric Conditions,1,Clear,0,No,0000000,Not Applicable,99,Unknown,99,Unknown,99,Unknown EMS Scene Arrival Hour,99,Unknown EMS Scene Arrival Minutes,99,Unknown,99,Unknown EMS Hospital Arrival Time,0,None,0,None,0,None,1,0
2019,4,40166,Arizona,1,1,0,0,0,4,4,21,PINAL (21),9997,Other,19,19,2,February,2019,3,Tuesday,10,10:00am-10:59am,48,48,0,This section IS NOT on the NHS,2,Urban,5,Major Collector,2,County Highway Agency,6,Local Street - Municipality,SCHNEPF RD,,0,None,33.23600278,33.23600278,-111.528719400,-111.52871944,0,No Special Jurisdiction,43,Other Fixed Object,0,The First Harmful Event was Not a Collision with a Motor Vehicle in Transport,0,No,1,Non-Junction,1,Not an Intersection,0,None,,,4,On Roadside,1,Daylight,1,Clear,0,No Additional Atmospheric Conditions,1,Clear,0,No,0000000,Not Applicable,10,10:00am-10:59am,54,54,11,11:00am-11:59am,0,0,99,Unknown,99,Unknown EMS Hospital Arrival Time,20,Police Pursuit Involved,0,None,0,None,3,0
2019,4,40167,Arizona,1,1,0,0,0,2,2,13,MARICOPA (13),420,SCOTTSDALE,12,12,3,March,2019,3,Tuesday,11,11:00am-11:59am,17,17,0,This section IS NOT on the NHS,2,Urban,5,Major Collector,4,City or Municipal Highway Agency,6,Local Street - Municipality,N SCOTTSDALE RD,,0,None,33.80186111,33.80186111,-111.928172200,-111.92817222,0,No Special Jurisdiction,1,Rollover/Overturn,0,The First Harmful Event was Not a Collision with a Motor Vehicle in Transport,0,No,1,Non-Junction,1,Not an Intersection,0,None,,,1,On Roadway,1,Daylight,2,Rain,0,No Additional Atmospheric Conditions,2,Rain,0,No,0000000,Not Applicable,11,11:00am-11:59am,9,9,11,11:00am-11:59am,14,14,11,11:00am-11:59am,52,52,0,None,0,None,0,None,1,1
2019,4,40169,Arizona,1,1,0,1,1,1,1,13,MARICOPA (13),290,MESA,13,13,1,January,2019,1,Sunday,0,0:00am-0:59am,13,13,0,This section IS NOT on the NHS,2,Urban,7,Local,4,City or Municipal Highway Agency,6,Local Street - Municipality,HOBSON,,0,None,33.40015833,33.40015833,-111.818700000,-111.818700000,0,No Special Jurisdiction,8,Pedestrian,0,The First Harmful Event was Not a Collision with a Motor Vehicle in Transport,0,No,1,Non-Junction,1,Not an Intersection,0,None,,,1,On Roadway,3,Dark - Lighted,2,Rain,0,No Additional Atmospheric Conditions,2,Rain,0,No,0000000,Not Applicable,99,Unknown,99,Unknown,99,Unknown EMS Scene Arrival Hour,99,Unknown EMS Scene Arrival Minutes,99,Unknown,99,Unknown EMS Hospital Arrival Time,0,None,0,None,0,None,1,0
2019,4,40170,Arizona,1,1,0,0,0,1,1,17,NAVAJO (17),0,NOT APPLICABLE,24,24,1,January,2019,5,Thursday,11,11:00am-11:59am,13,13,0,This section IS NOT on the NHS,1,Rural,99,Unknown,62,Bureau of Indian Affairs,8,Other,INDIAN ROUTE 8031,,0,None,36.11093611,36.11093611,-110.329330600,-110.32933056,3,Indian Reservation,35,Embankment,0,The First Harmful Event was Not a Collision with a Motor Vehicle in Transport,0,No,1,Non-Junction,1,Not an Intersection,0,None,,,4,On Roadside,1,Daylight,1,Clear,0,No Additional Atmospheric Conditions,1,Clear,0,No,0000000,Not Applicable,11,11:00am-11:59am,13,13,11,11:00am-11:59am,40,40,88,Not Applicable (Not Transported),88,Not Applicable (Not Transported),0,None,0,None,0,None,1,0
2019,4,40171,Arizona,1,1,0,1,1,1,1,13,MARICOPA (13),370,PHOENIX,1,1,2,February,2019,6,Friday,5,5:00am-5:59am,56,56,0,This section IS NOT on the NHS,2,Urban,4,Minor Arterial,4,City or Municipal Highway Agency,6,Local Street - Municipality,MCDOWELL RD,48TH AVE,0,None,33.46602222,33.46602222,-112.161541700,-112.16154167,0,No Special Jurisdiction,8,Pedestrian,0,The First Harmful Event was Not a Collision with a Motor Vehicle in Transport,0,No,3,Intersection-Related,3,T-Intersection,0,None,,,1,On Roadway,3,Dark - Lighted,1,Clear,0,No Additional Atmospheric Conditions,1,Clear,0,No,0000000,Not Applicable,5,5:00am-5:59am,56,56,6,6:00am-6:59am,1,1,88,Not Applicable (Not Transported),88,Not Applicable (Not Transported),0,None,0,None,0,None,1,0
2019,4,40172,Arizona,2,2,0,1,1,5,5,13,MARICOPA (13),370,PHOENIX,2,2,2,February,2019,7,Saturday,19,7:00pm-7:59pm,35,35,0,This section IS NOT on the NHS,2,Urban,4,Minor Arterial,4,City or Municipal Highway Agency,6,Local Street - Municipality,67TH AVE,,0,None,33.43659444,33.43659444,-112.203705600,-112.20370556,0,No Special Jurisdiction,8,Pedestrian,0,The First Harmful Event was Not a Collision with a Motor Vehicle in Transport,0,No,1,Non-Junction,1,Not an Intersection,0,None,,,1,On Roadway,3,Dark - Lighted,10,Cloudy,0,No Additional Atmospheric Conditions,10,Cloudy,0,No,0000000,Not Applicable,19,7:00pm-7:59pm,37,37,19,7:00pm-7:59pm,40,40,99,Unknown,99,Unknown EMS Hospital Arrival Time,0,None,0,None,0,None,1,0
2019,4,40173,Arizona,1,1,0,1,1,1,1,13,MARICOPA (13),370,PHOENIX,3,3,2,February,2019,1,Sunday,0,0:00am-0:59am,31,31,0,This section IS NOT on the NHS,2,Urban,4,Minor Arterial,4,City or Municipal Highway Agency,6,Local Street - Municipality,32ND ST,,0,None,33.46420000,33.46420000,-112.012883300,-112.01288333,0,No Special Jurisdiction,8,Pedestrian,0,The First Harmful Event was Not a Collision with a Motor Vehicle in Transport,0,No,1,Non-Junction,1,Not an Intersection,0,None,,,1,On Roadway,2,Dark - Not Lighted,2,Rain,0,No Additional Atmospheric Conditions,2,Rain,0,No,0000000,Not Applicable,99,Unknown,99,Unknown,99,Unknown EMS Scene Arrival Hour,99,Unknown EMS Scene Arrival Minutes,88,Not Applicable (Not Transported),88,Not Applicable (Not Transported),0,None,0,None,0,None,1,0
2019,4,40174,Arizona,1,1,0,0,0,2,2,13,MARICOPA (13),370,PHOENIX,3,3,2,February,2019,1,Sunday,4,4:00am-4:59am,16,16,1,This section IS ON the NHS,2,Urban,3,Principal Arterial - Other,4,City or Municipal Highway Agency,6,Local Street - Municipality,THUNDERBIRD RD,,0,None,33.61064444,33.61064444,-112.138700000,-112.138700000,0,No Special Jurisdiction,73,Object That Had Fallen From Motor Vehicle In-Transport,0,The First Harmful Event was Not a Collision with a Motor Vehicle in Transport,0,No,1,Non-Junction,1,Not an Intersection,0,None,,,1,On Roadway,3,Dark - Lighted,2,Rain,0,No Additional Atmospheric Conditions,2,Rain,0,No,0000000,Not Applicable,99,Unknown,99,Unknown,99,Unknown EMS Scene Arrival Hour,99,Unknown EMS Scene Arrival Minutes,99,Unknown,99,Unknown EMS Hospital Arrival Time,0,None,0,None,0,None,1,0
2019,4,40175,Arizona,1,1,0,1,1,1,1,13,MARICOPA (13),200,GLENDALE,4,4,2,February,2019,2,Monday,18,6:00pm-6:59pm,45,45,0,This section IS NOT on the NHS,2,Urban,99,Unknown,4,City or Municipal Highway Agency,6,Local Street - Municipality,MISSOURI AVE,71ST AVE,0,None,33.51642222,33.51642222,-112.211400000,-112.211400000,0,No Special Jurisdiction,8,Pedestrian,0,The First Harmful Event was Not a Collision with a Motor Vehicle in Transport,0,No,3,Intersection-Related,3,T-Intersection,0,None,,,1,On Roadway,8,Not Reported,98,Not Reported,0,No Additional Atmospheric Conditions,98,Not Reported,0,No,0000000,Not Applicable,99,Unknown,99,Unknown,99,Unknown EMS Scene Arrival Hour,99,Unknown EMS Scene Arrival Minutes,99,Unknown,99,Unknown EMS Hospital Arrival Time,0,None,0,None,0,None,1,0