caseyear,state,st_case,statename,ve_total,ve_forms,pvh_invl,peds,pernotmvit,permvit,persons,county,countyname,city,cityname,day,dayname,month,monthname,year,day_week,day_weekname,hour,hourname,minute,minutename,nhs,nhsname,rur_urb,rur_urbname,func_sys,func_sysname,rd_owner,rd_ownername,route,routename,tway_id,tway_id2,milept,mileptname,latitude,latitudename,longitud,longitudname,sp_jur,sp_jurname,harm_ev,harm_evname,man_coll,man_collname,reljct1,reljct1name,reljct2,reljct2name,typ_int,typ_intname,wrk_zone,wrk_zonename,road_fnc,road_fncname,rel_road,rel_roadname,lgt_cond,lgt_condname,weather1,weather1name,weather2,weather2name,weather,weathername,sch_bus,sch_busname,rail,railname,not_hour,not_hourname,not_min,not_minname,arr_hour,arr_hourname,arr_min,arr_minname,hosp_hr,hosp_hrname,hosp_mn,hosp_mnname,cf1,cf1name,cf2,cf2name,cf3,cf3name,fatals,drunk_dr
2019,4,40176,Arizona,1,1,0,1,1,1,1,21,PINAL (21),0,NOT APPLICABLE,8,8,2,February,2019,6,Friday,4,4:00am-4:59am,26,26,0,This section IS NOT on the NHS,2,Urban,5,Major Collector,2,County Highway Agency,4,County Road,CR-GARY RD,,0,None,33.20541389,33.20541389,-111.583019400,-111.58301944,0,No Special Jurisdiction,8,Pedestrian,0,The First Harmful Event was Not a Collision with a Motor Vehicle in Transport,0,No,1,Non-Junction,1,Not an Intersection,0,None,,,1,On Roadway,2,Dark - Not Lighted,1,Clear,0,No Additional Atmospheric Conditions,1,Clear,0,No,0000000,Not Applicable,4,4:00am-4:59am,28,28,4,4:00am-4:59am,34,34,99,Unknown,99,Unknown EMS Hospital Arrival Time,0,None,0,None,0,None,1,0
2019,4,40177,Arizona,1,1,0,1,1,1,1,13,MARICOPA (13),370,PHOENIX,9,9,2,February,2019,7,Saturday,21,9:00pm-9:59pm,40,40,1,This section IS ON the NHS,2,Urban,3,Principal Arterial - Other,4,City or Municipal Highway Agency,6,Local Street - Municipality,INDIAN SCHOOL RD,,0,None,33.49488056,33.49488056,-112.106308300,-112.10630833,0,No Special Jurisdiction,8,Pedestrian,0,The First Harmful Event was Not a Collision with a Motor Vehicle in Transport,0,No,1,Non-Junction,1,Not an Intersection,0,None,,,1,On Roadway,3,Dark - Lighted,1,Clear,0,No Additional Atmospheric Conditions,1,Clear,0,No,0000000,Not Applicable,21,9:00pm-9:59pm,41,41,21,9:00pm-9:59pm,42,42,21,9:00pm-9:59pm,45,45,0,None,0,None,0,None,1,0
2019,4,40178,Arizona,2,2,0,1,1,2,2,13,MARICOPA (13),370,PHOENIX,10,10,2,February,2019,1,Sunday,20,8:00pm-8:59pm,35,35,1,This section IS ON the NHS,2,Urban,3,Principal Arterial - Other,4,City or Municipal Highway Agency,6,Local Street - Municipality,BASELINE RD,,0,None,33.37776389,33.37776389,-112.081019400,-112.08101944,0,No Special Jurisdiction,8,Pedestrian,0,The First Harmful Event was Not a Collision with a Motor Vehicle in Transport,0,No,1,Non-Junction,1,Not an Intersection,0,None,,,1,On Roadway,3,Dark - Lighted,1,Clear,0,No Additional Atmospheric Conditions,1,Clear,0,No,0000000,Not Applicable,20,8:00pm-8:59pm,36,36,20,8:00pm-8:59pm,38,38,21,9:00pm-9:59pm,10,10,0,None,0,None,0,None,1,0
2019,4,40179,Arizona,1,1,0,1,1,4,4,13,MARICOPA (13),370,PHOENIX,17,17,2,February,2019,1,Sunday,9,9:00am-9:59am,16,16,0,This section IS NOT on the NHS,2,Urban,3,Principal Arterial - Other,4,City or Municipal Highway Agency,6,Local Street - Municipality,THOMAS RD,63RD AVE,0,None,33.48044444,33.48044444,-112.195022200,-112.19502222,0,No Special Jurisdiction,8,Pedestrian,0,The First Harmful Event was Not a Collision with a Motor Vehicle in Transport,0,No,3,Intersection-Related,4,Y-Intersection,0,None,,,1,On Roadway,1,Daylight,1,Clear,0,No Additional Atmospheric Conditions,1,Clear,0,No,0000000,Not Applicable,9,9:00am-9:59am,17,17,9,9:00am-9:59am,23,23,88,Not Applicable (Not Transported),88,Not Applicable (Not Transported),0,None,0,None,0,None,1,0
2019,4,40180,Arizona,2,2,0,0,0,3,3,1,APACHE (1),403,ROUGH ROCK,18,18,2,February,2019,2,Monday,21,9:00pm-9:59pm,45,45,0,This section IS NOT on the NHS,1,Rural,5,Major Collector,62,Bureau of Indian Affairs,8,Other,BIA 59,,0,None,36.44443333,36.44443333,-109.851247200,-109.85124722,3,Indian Reservation,12,Motor Vehicle In-Transport,99,Reported as Unknown,0,No,98,Not Reported,98,Not Reported,0,None,,,98,Not Reported,8,Not Reported,98,Not Reported,0,No Additional Atmospheric Conditions,98,Not Reported,0,No,0000000,Not Applicable,99,Unknown,99,Unknown,99,Unknown EMS Scene Arrival Hour,99,Unknown EMS Scene Arrival Minutes,99,Unknown,98,Unknown if Transported,99,Reported as Unknown,99,Reported as Unknown,99,Reported as Unknown,1,0
2019,4,40181,Arizona,1,1,0,1,1,1,1,1,APACHE (1),0,NOT APPLICABLE,19,19,2,February,2019,3,Tuesday,9,9:00am-9:59am,7,7,0,This section IS NOT on the NHS,1,Rural,5,Major Collector,1,State Highway Agency,2,U.S. Highway,US-191,,4507,4507,36.22211389,36.22211389,-109.602394400,-109.60239444,0,No Special Jurisdiction,8,Pedestrian,0,The First Harmful Event was Not a Collision with a Motor Vehicle in Transport,0,No,1,Non-Junction,1,Not an Intersection,0,None,,,1,On Roadway,8,Not Reported,98,Not Reported,0,No Additional Atmospheric Conditions,98,Not Reported,0,No,0000000,Not Applicable,99,Unknown,99,Unknown,99,Unknown EMS Scene Arrival Hour,99,Unknown EMS Scene Arrival Minutes,88,Not Applicable (Not Transported),88,Not Applicable (Not Transported),99,Reported as Unknown,99,Reported as Unknown,99,Reported as Unknown,1,0
2019,4,40182,Arizona,1,1,0,0,0,1,1,13,MARICOPA (13),370,PHOENIX,19,19,2,February,2019,3,Tuesday,23,11:00pm-11:59pm,13,13,1,This section IS ON the NHS,2,Urban,3,Principal Arterial - Other,4,City or Municipal Highway Agency,6,Local Street - Municipality,35TH AVE,,0,None,33.53126667,33.53126667,-112.134277800,-112.13427778,0,No Special Jurisdiction,33,Curb,0,The First Harmful Event was Not a Collision with a Motor Vehicle in Transport,0,No,1,Non-Junction,1,Not an Intersection,0,None,,,4,On Roadside,3,Dark - Lighted,1,Clear,0,No Additional Atmospheric Conditions,1,Clear,0,No,0000000,Not Applicable,23,11:00pm-11:59pm,15,15,23,11:00pm-11:59pm,20,20,23,11:00pm-11:59pm,36,36,0,None,0,None,0,None,1,1
2019,4,40183,Arizona,2,2,0,0,0,3,3,13,MARICOPA (13),370,PHOENIX,21,21,2,February,2019,5,Thursday,15,3:00pm-3:59pm,29,29,0,This section IS NOT on the NHS,2,Urban,5,Major Collector,4,City or Municipal Highway Agency,6,Local Street - Municipality,BETHANY HOME RD,,0,None,33.52401944,33.52401944,-112.092391700,-112.09239167,0,No Special Jurisdiction,12,Motor Vehicle In-Transport,6,Angle,0,No,8,Driveway Access Related,1,Not an Intersection,0,None,,,1,On Roadway,1,Daylight,2,Rain,0,No Additional Atmospheric Conditions,2,Rain,0,No,0000000,Not Applicable,15,3:00pm-3:59pm,30,30,15,3:00pm-3:59pm,35,35,16,4:00pm-4:59pm,0,0,0,None,0,None,0,None,1,0
2019,4,40184,Arizona,1,1,0,1,1,1,1,13,MARICOPA (13),370,PHOENIX,21,21,2,February,2019,5,Thursday,18,6:00pm-6:59pm,26,26,1,This section IS ON the NHS,2,Urban,3,Principal Arterial - Other,4,City or Municipal Highway Agency,6,Local Street - Municipality,INDIAN SCHOOL RD,,0,None,33.49502778,33.49502778,-112.106286100,-112.10628611,0,No Special Jurisdiction,8,Pedestrian,0,The First Harmful Event was Not a Collision with a Motor Vehicle in Transport,0,No,1,Non-Junction,1,Not an Intersection,0,None,,,11,Continuous Left - Turn Lane,3,Dark - Lighted,2,Rain,0,No Additional Atmospheric Conditions,2,Rain,0,No,0000000,Not Applicable,18,6:00pm-6:59pm,27,27,18,6:00pm-6:59pm,32,32,18,6:00pm-6:59pm,44,44,0,None,0,None,0,None,1,0
2019,4,40185,Arizona,1,1,0,1,1,1,1,13,MARICOPA (13),370,PHOENIX,21,21,2,February,2019,5,Thursday,23,11:00pm-11:59pm,0,0,0,This section IS NOT on the NHS,2,Urban,4,Minor Arterial,4,City or Municipal Highway Agency,6,Local Street - Municipality,SOUTHERN AVE,,0,None,33.39223333,33.39223333,-112.082258300,-112.08225833,1,National Park Service,8,Pedestrian,0,The First Harmful Event was Not a Collision with a Motor Vehicle in Transport,0,No,1,Non-Junction,1,Not an Intersection,0,None,,,1,On Roadway,3,Dark - Lighted,4,Snow,0,No Additional Atmospheric Conditions,4,Snow,0,No,0000000,Not Applicable,23,11:00pm-11:59pm,1,1,23,11:00pm-11:59pm,5,5,88,Not Applicable (Not Transported),88,Not Applicable (Not Transported),0,None,0,None,0,None,1,0
2019,4,40186,Arizona,1,1,0,4,4,1,1,13,MARICOPA (13),370,PHOENIX,22,22,2,February,2019,6,Friday,2,2:00am-2:59am,29,29,0,This section IS NOT on the NHS,2,Urban,3,Principal Arterial - Other,4,City or Municipal Highway Agency,6,Local Street - Municipality,CAMELBACK RD,,0,None,33.50916944,33.50916944,-112.082972200,-112.08297222,0,No Special Jurisdiction,8,Pedestrian,0,The First Harmful Event was Not a Collision with a Motor Vehicle in Transport,0,No,1,Non-Junction,1,Not an Intersection,0,None,,,1,On Roadway,3,Dark - Lighted,2,Rain,0,No Additional Atmospheric Conditions,2,Rain,0,No,0000000,Not Applicable,2,2:00am-2:59am,30,30,2,2:00am-2:59am,31,31,2,2:00am-2:59am,46,46,0,None,0,None,0,None,1,0
2019,4,40187,Arizona,1,1,0,1,1,1,1,13,MARICOPA (13),370,PHOENIX,22,22,2,February,2019,6,Friday,22,10:00pm-10:59pm,37,37,0,This section IS NOT on the NHS,2,Urban,3,Principal Arterial - Other,4,City or Municipal Highway Agency,6,Local Street - Municipality,MCDOWELL RD,,0,None,33.46559722,33.46559722,-111.984000000,-111.984000000,0,No Special Jurisdiction,8,Pedestrian,0,The First Harmful Event was Not a Collision with a Motor Vehicle in Transport,0,No,1,Non-Junction,1,Not an Intersection,0,None,,,1,On Roadway,3,Dark - Lighted,1,Clear,0,No Additional Atmospheric Conditions,1,Clear,0,No,0000000,Not Applicable,22,10:00pm-10:59pm,40,40,22,10:00pm-10:59pm,47,47,88,Not Applicable (Not Transported),88,Not Applicable (Not Transported),0,None,0,None,0,None,1,0
2019,4,40188,Arizona,1,1,0,1,1,1,1,13,MARICOPA (13),370,PHOENIX,25,25,2,February,2019,2,Monday,9,9:00am-9:59am,47,47,1,This section IS ON the NHS,2,Urban,3,Principal Arterial - Other,4,City or Municipal Highway Agency,6,Local Street - Municipality,INDIAN SCHOOL RD,53RD AVE,0,None,33.49495833,33.49495833,-112.173311100,-112.17331111,0,No Special Jurisdiction,8,Pedestrian,0,The First Harmful Event was Not a Collision with a Motor Vehicle in Transport,0,No,3,Intersection-Related,2,Four-Way Intersection,0,None,,,1,On Roadway,1,Daylight,1,Clear,0,No Additional Atmospheric Conditions,1,Clear,0,No,0000000,Not Applicable,99,Unknown,99,Unknown,99,Unknown EMS Scene Arrival Hour,99,Unknown EMS Scene Arrival Minutes,10,10:00am-10:59am,3,3,0,None,0,None,0,None,1,0
2019,4,40189,Arizona,2,2,0,0,0,3,3,13,MARICOPA (13),370,PHOENIX,27,27,2,February,2019,4,Wednesday,17,5:00pm-5:59pm,33,33,0,This section IS NOT on the NHS,2,Urban,3,Principal Arterial - Other,4,City or Municipal Highway Agency,6,Local Street - Municipality,DUNLAP AVE,39TH AVE,0,None,33.56756111,33.56756111,-112.142938900,-112.14293889,0,No Special Jurisdiction,12,Motor Vehicle In-Transport,6,Angle,0,No,2,Intersection,2,Four-Way Intersection,0,None,,,1,On Roadway,1,Daylight,1,Clear,0,No Additional Atmospheric Conditions,1,Clear,0,No,0000000,Not Applicable,17,5:00pm-5:59pm,34,34,17,5:00pm-5:59pm,42,42,17,5:00pm-5:59pm,58,58,0,None,0,None,0,None,1,0
2019,4,40190,Arizona,1,1,0,1,1,1,1,13,MARICOPA (13),370,PHOENIX,28,28,2,February,2019,5,Thursday,2,2:00am-2:59am,48,48,0,This section IS NOT on the NHS,2,Urban,4,Minor Arterial,4,City or Municipal Highway Agency,6,Local Street - Municipality,MCDOWELL RD,27TH AVE,0,None,33.46593333,33.46593333,-112.117211100,-112.11721111,0,No Special Jurisdiction,8,Pedestrian,0,The First Harmful Event was Not a Collision with a Motor Vehicle in Transport,0,No,3,Intersection-Related,2,Four-Way Intersection,0,None,,,1,On Roadway,3,Dark - Lighted,1,Clear,0,No Additional Atmospheric Conditions,1,Clear,0,No,0000000,Not Applicable,2,2:00am-2:59am,49,49,2,2:00am-2:59am,53,53,88,Not Applicable (Not Transported),88,Not Applicable (Not Transported),0,None,0,None,0,None,1,0
2019,4,40191,Arizona,2,2,0,0,0,2,2,13,MARICOPA (13),370,PHOENIX,28,28,2,February,2019,5,Thursday,7,7:00am-7:59am,21,21,0,This section IS NOT on the NHS,2,Urban,4,Minor Arterial,4,City or Municipal Highway Agency,6,Local Street - Municipality,SOUTHERN AVE,,0,None,33.39221111,33.39221111,-112.109855600,-112.10985556,0,No Special Jurisdiction,12,Motor Vehicle In-Transport,2,Front-to-Front,0,No,1,Non-Junction,1,Not an Intersection,0,None,,,1,On Roadway,1,Daylight,1,Clear,0,No Additional Atmospheric Conditions,1,Clear,0,No,0000000,Not Applicable,7,7:00am-7:59am,22,22,7,7:00am-7:59am,26,26,8,8:00am-8:59am,1,1,0,None,0,None,0,None,1,0
2019,4,40192,Arizona,1,1,0,1,1,1,1,13,MARICOPA (13),370,PHOENIX,28,28,2,February,2019,5,Thursday,15,3:00pm-3:59pm,50,50,1,This section IS ON the NHS,2,Urban,3,Principal Arterial - Other,4,City or Municipal Highway Agency,6,Local Street - Municipality,BUTLER DR,7TH ST,0,None,33.56054167,33.56054167,-112.065208300,-112.06520833,0,No Special Jurisdiction,8,Pedestrian,0,The First Harmful Event was Not a Collision with a Motor Vehicle in Transport,0,No,3,Intersection-Related,2,Four-Way Intersection,0,None,,,1,On Roadway,1,Daylight,1,Clear,0,No Additional Atmospheric Conditions,1,Clear,0,No,0000000,Not Applicable,15,3:00pm-3:59pm,51,51,15,3:00pm-3:59pm,55,55,16,4:00pm-4:59pm,7,7,0,None,0,None,0,None,1,0
2019,4,40193,Arizona,2,2,0,0,0,6,6,13,MARICOPA (13),370,PHOENIX,28,28,2,February,2019,5,Thursday,18,6:00pm-6:59pm,54,54,1,This section IS ON the NHS,2,Urban,3,Principal Arterial - Other,4,City or Municipal Highway Agency,6,Local Street - Municipality,CACTUS RD,40TH ST,0,None,33.59721944,33.59721944,-111.995816700,-111.99581667,0,No Special Jurisdiction,12,Motor Vehicle In-Transport,6,Angle,0,No,2,Intersection,2,Four-Way Intersection,0,None,,,1,On Roadway,3,Dark - Lighted,1,Clear,0,No Additional Atmospheric Conditions,1,Clear,0,No,0000000,Not Applicable,18,6:00pm-6:59pm,54,54,18,6:00pm-6:59pm,57,57,19,7:00pm-7:59pm,18,18,0,None,0,None,0,None,1,0
2019,4,40195,Arizona,2,2,0,0,0,3,3,13,MARICOPA (13),370,PHOENIX,3,3,3,March,2019,1,Sunday,21,9:00pm-9:59pm,0,0,0,This section IS NOT on the NHS,2,Urban,4,Minor Arterial,4,City or Municipal Highway Agency,6,Local Street - Municipality,VAN BUREN,,0,None,33.45121944,33.45121944,-112.174272200,-112.17427222,0,No Special Jurisdiction,12,Motor Vehicle In-Transport,6,Angle,0,No,1,Non-Junction,1,Not an Intersection,0,None,,,1,On Roadway,3,Dark - Lighted,1,Clear,0,No Additional Atmospheric Conditions,1,Clear,0,No,0000000,Not Applicable,21,9:00pm-9:59pm,2,2,21,9:00pm-9:59pm,8,8,21,9:00pm-9:59pm,27,27,0,None,0,None,0,None,2,1
2019,4,40196,Arizona,2,2,0,0,0,4,4,13,MARICOPA (13),420,SCOTTSDALE,9,9,3,March,2019,7,Saturday,2,2:00am-2:59am,0,0,0,This section IS NOT on the NHS,2,Urban,3,Principal Arterial - Other,4,City or Municipal Highway Agency,6,Local Street - Municipality,HAYDEN RD,THOMAS RD,0,None,33.48042500,33.48042500,-111.908975000,-111.908975000,0,No Special Jurisdiction,12,Motor Vehicle In-Transport,6,Angle,0,No,2,Intersection,2,Four-Way Intersection,0,None,,,1,On Roadway,3,Dark - Lighted,1,Clear,0,No Additional Atmospheric Conditions,1,Clear,0,No,0000000,Not Applicable,2,2:00am-2:59am,0,0,2,2:00am-2:59am,5,5,2,2:00am-2:59am,20,20,0,None,0,None,0,None,1,1
2019,4,40197,Arizona,1,1,0,0,0,1,1,11,GREENLEE (11),0,NOT APPLICABLE,20,20,3,March,2019,4,Wednesday,16,4:00pm-4:59pm,49,49,0,This section IS NOT on the NHS,1,Rural,5,Major Collector,1,State Highway Agency,2,U.S. Highway,US-191,,1554,1554,32.96806111,32.96806111,-109.235869400,-109.23586944,0,No Special Jurisdiction,1,Rollover/Overturn,0,The First Harmful Event was Not a Collision with a Motor Vehicle in Transport,0,No,1,Non-Junction,1,Not an Intersection,0,None,,,4,On Roadside,1,Daylight,1,Clear,0,No Additional Atmospheric Conditions,1,Clear,0,No,0000000,Not Applicable,16,4:00pm-4:59pm,49,49,16,4:00pm-4:59pm,57,57,88,Not Applicable (Not Transported),88,Not Applicable (Not Transported),0,None,0,None,0,None,1,0
2019,4,40198,Arizona,2,2,0,0,0,2,2,1,APACHE (1),400,SAINT JOHNS,21,21,3,March,2019,5,Thursday,5,5:00am-5:59am,23,23,0,This section IS NOT on the NHS,1,Rural,4,Minor Arterial,1,State Highway Agency,2,U.S. Highway,US-180,,2313,2313,34.47460000,34.47460000,-109.389000000,-109.389000000,0,No Special Jurisdiction,12,Motor Vehicle In-Transport,8,Sideswipe - Opposite Direction,0,No,1,Non-Junction,1,Not an Intersection,0,None,,,1,On Roadway,2,Dark - Not Lighted,1,Clear,0,No Additional Atmospheric Conditions,1,Clear,0,No,0000000,Not Applicable,5,5:00am-5:59am,28,28,5,5:00am-5:59am,44,44,88,Not Applicable (Not Transported),88,Not Applicable (Not Transported),0,None,0,None,0,None,2,0
2019,4,40199,Arizona,2,2,0,0,0,5,5,13,MARICOPA (13),370,PHOENIX,1,1,3,March,2019,6,Friday,16,4:00pm-4:59pm,45,45,1,This section IS ON the NHS,2,Urban,3,Principal Arterial - Other,4,City or Municipal Highway Agency,6,Local Street - Municipality,CAVE CREEK RD,GREENWAY PKWY,0,None,33.63177222,33.63177222,-112.030783300,-112.03078333,0,No Special Jurisdiction,12,Motor Vehicle In-Transport,6,Angle,0,No,2,Intersection,2,Four-Way Intersection,0,None,,,1,On Roadway,1,Daylight,1,Clear,0,No Additional Atmospheric Conditions,1,Clear,0,No,0000000,Not Applicable,16,4:00pm-4:59pm,46,46,16,4:00pm-4:59pm,52,52,99,Unknown,99,Unknown EMS Hospital Arrival Time,0,None,0,None,0,None,1,0
2019,4,40200,Arizona,1,1,0,1,1,1,1,13,MARICOPA (13),370,PHOENIX,1,1,3,March,2019,6,Friday,23,11:00pm-11:59pm,21,21,0,This section IS NOT on the NHS,2,Urban,4,Minor Arterial,4,City or Municipal Highway Agency,6,Local Street - Municipality,43RD AVE,,0,None,33.49549722,33.49549722,-112.151630600,-112.15163056,0,No Special Jurisdiction,8,Pedestrian,0,The First Harmful Event was Not a Collision with a Motor Vehicle in Transport,0,No,1,Non-Junction,1,Not an Intersection,0,None,,,1,On Roadway,8,Not Reported,98,Not Reported,0,No Additional Atmospheric Conditions,98,Not Reported,0,No,0000000,Not Applicable,23,11:00pm-11:59pm,21,21,23,11:00pm-11:59pm,25,25,88,Not Applicable (Not Transported),88,Not Applicable (Not Transported),0,None,0,None,0,None,1,0
2019,4,40201,Arizona,1,1,0,0,0,1,1,1,APACHE (1),106,CONCHO,2,2,3,March,2019,7,Saturday,19,7:00pm-7:59pm,42,42,0,This section IS NOT on the NHS,1,Rural,7,Local,2,County Highway Agency,4,County Road,CR-5083,,0,None,34.42819167,34.42819167,-109.632622200,-109.63262222,0,No Special Jurisdiction,35,Embankment,0,The First Harmful Event was Not a Collision with a Motor Vehicle in Transport,0,No,1,Non-Junction,1,Not an Intersection,0,None,,,4,On Roadside,9,Reported as Unknown,1,Clear,0,No Additional Atmospheric Conditions,1,Clear,0,No,0000000,Not Applicable,99,Unknown,99,Unknown,99,Unknown EMS Scene Arrival Hour,99,Unknown EMS Scene Arrival Minutes,88,Not Applicable (Not Transported),88,Not Applicable (Not Transported),0,None,0,None,0,None,1,1
2019,4,40202,Arizona,2,2,0,0,0,3,3,13,MARICOPA (13),370,PHOENIX,3,3,3,March,2019,1,Sunday,18,6:00pm-6:59pm,36,36,0,This section IS NOT on the NHS,2,Urban,3,Principal Arterial - Other,4,City or Municipal Highway Agency,6,Local Street - Municipality,48TH ST,BASELINE RD,0,None,33.37821667,33.37821667,-111.978463900,-111.97846389,0,No Special Jurisdiction,12,Motor Vehicle In-Transport,2,Front-to-Front,0,No,2,Intersection,2,Four-Way Intersection,0,None,,,1,On Roadway,5,Dusk,1,Clear,0,No Additional Atmospheric Conditions,1,Clear,0,No,0000000,Not Applicable,18,6:00pm-6:59pm,37,37,18,6:00pm-6:59pm,40,40,19,7:00pm-7:59pm,8,8,0,None,0,None,0,None,1,2
2019,4,40203,Arizona,2,2,0,0,0,2,2,17,NAVAJO (17),85,CIBECUE,6,6,3,March,2019,4,Wednesday,16,4:00pm-4:59pm,51,51,0,This section IS NOT on the NHS,1,Rural,7,Local,62,Bureau of Indian Affairs,8,Other,BIA 12,,0,None,34.03908889,34.03908889,-110.493316700,-110.49331667,0,No Special Jurisdiction,12,Motor Vehicle In-Transport,99,Reported as Unknown,0,No,99,Reported as Unknown,99,Reported as Unknown,0,None,,,99,Reported as Unknown,9,Reported as Unknown,99,Reported as Unknown,0,No Additional Atmospheric Conditions,99,Reported as Unknown,0,No,0000000,Not Applicable,99,Unknown,99,Unknown,99,Unknown EMS Scene Arrival Hour,99,Unknown EMS Scene Arrival Minutes,99,Unknown,99,Unknown EMS Hospital Arrival Time,99,Reported as Unknown,99,Reported as Unknown,99,Reported as Unknown,1,0
2019,4,40204,Arizona,1,1,0,0,0,2,2,1,APACHE (1),0,NOT APPLICABLE,7,7,3,March,2019,5,Thursday,1,1:00am-1:59am,21,21,0,This section IS NOT on the NHS,1,Rural,4,Minor Arterial,1,State Highway Agency,3,State Highway,SR-264,,1003,1003,35.74824722,35.74824722,-109.921930600,-109.92193056,0,No Special Jurisdiction,99,Reported as Unknown,99,Reported as Unknown,9,Reported as Unknown,99,Reported as Unknown,99,Reported as Unknown,0,None,,,99,Reported as Unknown,6,Dark - Unknown Lighting,99,Reported as Unknown,0,No Additional Atmospheric Conditions,99,Reported as Unknown,0,No,0000000,Not Applicable,99,Unknown,99,Unknown,99,Unknown EMS Scene Arrival Hour,99,Unknown EMS Scene Arrival Minutes,99,Unknown,99,Unknown EMS Hospital Arrival Time,99,Reported as Unknown,99,Reported as Unknown,99,Reported as Unknown,1,0
2019,4,40205,Arizona,2,2,0,0,0,2,2,13,MARICOPA (13),370,PHOENIX,7,7,3,March,2019,5,Thursday,20,8:00pm-8:59pm,18,18,1,This section IS ON the NHS,2,Urban,3,Principal Arterial - Other,4,City or Municipal Highway Agency,6,Local Street - Municipality,INDIAN SCHOOL RD,3RD ST,0,None,33.49463056,33.49463056,-112.069236100,-112.06923611,0,No Special Jurisdiction,12,Motor Vehicle In-Transport,6,Angle,0,No,2,Intersection,2,Four-Way Intersection,0,None,,,1,On Roadway,3,Dark - Lighted,1,Clear,0,No Additional Atmospheric Conditions,1,Clear,0,No,0000000,Not Applicable,99,Unknown,99,Unknown,99,Unknown EMS Scene Arrival Hour,99,Unknown EMS Scene Arrival Minutes,99,Unknown,99,Unknown EMS Hospital Arrival Time,0,None,0,None,0,None,1,0
2019,4,40206,Arizona,1,1,0,0,0,2,2,1,APACHE (1),9997,Other,9,9,3,March,2019,7,Saturday,15,3:00pm-3:59pm,23,23,9,Unknown if this section is on the NHS,9,Unknown,99,Unknown,99,Unknown,9,Unknown,DIRT RD,,0,None,99.99990000,Unknown,999.999900000,Unknown,9,Unknown,99,Reported as Unknown,99,Reported as Unknown,9,Reported as Unknown,99,Reported as Unknown,99,Reported as Unknown,0,None,,,99,Reported as Unknown,9,Reported as Unknown,99,Reported as Unknown,0,No Additional Atmospheric Conditions,99,Reported as Unknown,0,No,0000000,Not Applicable,99,Unknown,99,Unknown,99,Unknown EMS Scene Arrival Hour,99,Unknown EMS Scene Arrival Minutes,99,Unknown,99,Unknown EMS Hospital Arrival Time,99,Reported as Unknown,99,Reported as Unknown,99,Reported as Unknown,1,0
2019,4,40207,Arizona,2,2,0,0,0,4,4,13,MARICOPA (13),490,TEMPE,9,9,3,March,2019,7,Saturday,20,8:00pm-8:59pm,7,7,1,This section IS ON the NHS,2,Urban,3,Principal Arterial - Other,4,City or Municipal Highway Agency,6,Local Street - Municipality,BASELINE RD,,0,None,33.37804722,33.37804722,-111.980066700,-111.98006667,0,No Special Jurisdiction,12,Motor Vehicle In-Transport,2,Front-to-Front,0,No,1,Non-Junction,1,Not an Intersection,0,None,,,1,On Roadway,3,Dark - Lighted,1,Clear,0,No Additional Atmospheric Conditions,1,Clear,0,No,0000000,Not Applicable,20,8:00pm-8:59pm,17,17,20,8:00pm-8:59pm,26,26,20,8:00pm-8:59pm,50,50,0,None,0,None,0,None,1,0
2019,4,40208,Arizona,2,2,0,0,0,3,3,13,MARICOPA (13),370,PHOENIX,12,12,3,March,2019,3,Tuesday,21,9:00pm-9:59pm,0,0,1,This section IS ON the NHS,2,Urban,3,Principal Arterial - Other,4,City or Municipal Highway Agency,6,Local Street - Municipality,INDIAN SCHOOL RD,,0,None,33.49500278,33.49500278,-112.101550000,-112.101550000,0,No Special Jurisdiction,12,Motor Vehicle In-Transport,98,Not Reported,0,No,98,Not Reported,98,Not Reported,0,None,,,1,On Roadway,6,Dark - Unknown Lighting,98,Not Reported,0,No Additional Atmospheric Conditions,98,Not Reported,0,No,0000000,Not Applicable,99,Unknown,99,Unknown,99,Unknown EMS Scene Arrival Hour,99,Unknown EMS Scene Arrival Minutes,99,Unknown,99,Unknown EMS Hospital Arrival Time,0,None,0,None,0,None,1,1
2019,4,40209,Arizona,1,1,0,1,1,1,1,13,MARICOPA (13),0,NOT APPLICABLE,14,14,3,March,2019,5,Thursday,0,0:00am-0:59am,49,49,0,This section IS NOT on the NHS,1,Rural,98,Not Reported,98,Not Reported,9,Unknown,PALO VERDE,,0,None,33.39304444,33.39304444,-112.677183300,-112.67718333,9,Unknown,9,Pedalcyclist,0,The First Harmful Event was Not a Collision with a Motor Vehicle in Transport,0,No,1,Non-Junction,1,Not an Intersection,0,None,,,1,On Roadway,2,Dark - Not Lighted,1,Clear,0,No Additional Atmospheric Conditions,1,Clear,0,No,0000000,Not Applicable,0,0:00am-0:59am,49,49,1,1:00am-1:59am,0,0,88,Not Applicable (Not Transported),88,Not Applicable (Not Transported),0,None,0,None,0,None,1,0