caseyear,state,st_case,statename,ve_total,ve_forms,pvh_invl,peds,pernotmvit,permvit,persons,county,countyname,city,cityname,day,dayname,month,monthname,year,day_week,day_weekname,hour,hourname,minute,minutename,nhs,nhsname,rur_urb,rur_urbname,func_sys,func_sysname,rd_owner,rd_ownername,route,routename,tway_id,tway_id2,milept,mileptname,latitude,latitudename,longitud,longitudname,sp_jur,sp_jurname,harm_ev,harm_evname,man_coll,man_collname,reljct1,reljct1name,reljct2,reljct2name,typ_int,typ_intname,wrk_zone,wrk_zonename,road_fnc,road_fncname,rel_road,rel_roadname,lgt_cond,lgt_condname,weather1,weather1name,weather2,weather2name,weather,weathername,sch_bus,sch_busname,rail,railname,not_hour,not_hourname,not_min,not_minname,arr_hour,arr_hourname,arr_min,arr_minname,hosp_hr,hosp_hrname,hosp_mn,hosp_mnname,cf1,cf1name,cf2,cf2name,cf3,cf3name,fatals,drunk_dr
2019,4,40246,Arizona,1,1,0,0,0,1,1,21,PINAL (21),0,NOT APPLICABLE,8,8,4,April,2019,2,Monday,16,4:00pm-4:59pm,55,55,1,This section IS ON the NHS,1,Rural,3,Principal Arterial - Other,1,State Highway Agency,2,U.S. Highway,US-60,,1876,1876,33.29284722,33.29284722,-111.091747200,-111.09174722,0,No Special Jurisdiction,35,Embankment,0,The First Harmful Event was Not a Collision with a Motor Vehicle in Transport,0,No,1,Non-Junction,1,Not an Intersection,0,None,,,4,On Roadside,1,Daylight,1,Clear,0,No Additional Atmospheric Conditions,1,Clear,0,No,0000000,Not Applicable,16,4:00pm-4:59pm,57,57,17,5:00pm-5:59pm,8,8,88,Not Applicable (Not Transported),88,Not Applicable (Not Transported),0,None,0,None,0,None,1,0
2019,4,40247,Arizona,2,2,0,0,0,5,5,21,PINAL (21),0,NOT APPLICABLE,9,9,4,April,2019,3,Tuesday,5,5:00am-5:59am,40,40,1,This section IS ON the NHS,1,Rural,3,Principal Arterial - Other,1,State Highway Agency,3,State Highway,SR-347,,211,211,33.17252222,33.17252222,-112.005097200,-112.00509722,0,No Special Jurisdiction,12,Motor Vehicle In-Transport,1,Front-to-Rear,0,No,7,Crossover-Related,1,Not an Intersection,0,None,,,1,On Roadway,1,Daylight,1,Clear,0,No Additional Atmospheric Conditions,1,Clear,0,No,0000000,Not Applicable,5,5:00am-5:59am,56,56,6,6:00am-6:59am,9,9,6,6:00am-6:59am,20,20,0,None,0,None,0,None,1,0
2019,4,40248,Arizona,2,2,0,0,0,3,3,21,PINAL (21),0,NOT APPLICABLE,9,9,4,April,2019,3,Tuesday,13,1:00pm-1:59pm,3,3,1,This section IS ON the NHS,2,Urban,1,Interstate,1,State Highway Agency,1,Interstate,I-10,,1833,1833,33.02789167,33.02789167,-111.772500000,-111.772500000,0,No Special Jurisdiction,12,Motor Vehicle In-Transport,7,Sideswipe - Same Direction,0,No,1,Non-Junction,1,Not an Intersection,0,None,,,1,On Roadway,1,Daylight,1,Clear,0,No Additional Atmospheric Conditions,1,Clear,0,No,0000000,Not Applicable,13,1:00pm-1:59pm,3,3,13,1:00pm-1:59pm,5,5,99,Unknown,99,Unknown EMS Hospital Arrival Time,0,None,0,None,0,None,1,1
2019,4,40249,Arizona,1,1,0,0,0,1,1,19,PIMA (19),0,NOT APPLICABLE,9,9,4,April,2019,3,Tuesday,16,4:00pm-4:59pm,28,28,1,This section IS ON the NHS,1,Rural,1,Interstate,1,State Highway Agency,1,Interstate,I-10,,2913,2913,31.98138056,31.98138056,-110.534872200,-110.53487222,0,No Special Jurisdiction,35,Embankment,0,The First Harmful Event was Not a Collision with a Motor Vehicle in Transport,0,No,1,Non-Junction,1,Not an Intersection,0,None,,,4,On Roadside,1,Daylight,1,Clear,0,No Additional Atmospheric Conditions,1,Clear,0,No,0000000,Not Applicable,16,4:00pm-4:59pm,28,28,16,4:00pm-4:59pm,33,33,88,Not Applicable (Not Transported),88,Not Applicable (Not Transported),0,None,0,None,0,None,1,0
2019,4,40250,Arizona,1,1,0,0,0,1,1,21,PINAL (21),0,NOT APPLICABLE,9,9,4,April,2019,3,Tuesday,22,10:00pm-10:59pm,0,0,0,This section IS NOT on the NHS,1,Rural,4,Minor Arterial,1,State Highway Agency,3,State Highway,SR-77,,380,380,32.65234722,32.65234722,-110.703905600,-110.70390556,0,No Special Jurisdiction,35,Embankment,0,The First Harmful Event was Not a Collision with a Motor Vehicle in Transport,0,No,1,Non-Junction,1,Not an Intersection,0,None,,,4,On Roadside,2,Dark - Not Lighted,1,Clear,0,No Additional Atmospheric Conditions,1,Clear,0,No,0000000,Not Applicable,22,10:00pm-10:59pm,4,4,22,10:00pm-10:59pm,15,15,23,11:00pm-11:59pm,47,47,0,None,0,None,0,None,1,0
2019,4,40251,Arizona,2,2,0,0,0,3,3,19,PIMA (19),530,TUCSON,10,10,4,April,2019,4,Wednesday,6,6:00am-6:59am,1,1,0,This section IS NOT on the NHS,1,Rural,4,Minor Arterial,4,City or Municipal Highway Agency,6,Local Street - Municipality,29TH ST,FREEWAY RD,0,None,32.19943611,32.19943611,-110.980036100,-110.98003611,0,No Special Jurisdiction,12,Motor Vehicle In-Transport,1,Front-to-Rear,0,No,3,Intersection-Related,2,Four-Way Intersection,0,None,,,1,On Roadway,1,Daylight,1,Clear,0,No Additional Atmospheric Conditions,1,Clear,0,No,0000000,Not Applicable,6,6:00am-6:59am,1,1,6,6:00am-6:59am,8,8,88,Not Applicable (Not Transported),88,Not Applicable (Not Transported),0,None,0,None,0,None,1,0
2019,4,40252,Arizona,1,1,0,1,1,2,2,13,MARICOPA (13),370,PHOENIX,10,10,4,April,2019,4,Wednesday,11,11:00am-11:59am,54,54,0,This section IS NOT on the NHS,2,Urban,4,Minor Arterial,4,City or Municipal Highway Agency,6,Local Street - Municipality,91ST AVE,YALE ST,0,None,33.47707222,33.47707222,-112.255200000,-112.255200000,0,No Special Jurisdiction,15,Non-Motorist on Personal Conveyance,0,The First Harmful Event was Not a Collision with a Motor Vehicle in Transport,0,No,3,Intersection-Related,2,Four-Way Intersection,0,None,,,1,On Roadway,1,Daylight,1,Clear,0,No Additional Atmospheric Conditions,1,Clear,0,No,0000000,Not Applicable,99,Unknown,99,Unknown,99,Unknown EMS Scene Arrival Hour,99,Unknown EMS Scene Arrival Minutes,99,Unknown,99,Unknown EMS Hospital Arrival Time,0,None,0,None,0,None,1,0
2019,4,40253,Arizona,2,2,0,0,0,3,3,13,MARICOPA (13),420,SCOTTSDALE,11,11,4,April,2019,5,Thursday,15,3:00pm-3:59pm,53,53,1,This section IS ON the NHS,2,Urban,3,Principal Arterial - Other,4,City or Municipal Highway Agency,6,Local Street - Municipality,SCOTTSDALE RD,ROSE LN,0,None,33.52776389,33.52776389,-111.925886100,-111.92588611,0,No Special Jurisdiction,12,Motor Vehicle In-Transport,6,Angle,0,No,2,Intersection,2,Four-Way Intersection,0,None,,,1,On Roadway,1,Daylight,1,Clear,0,No Additional Atmospheric Conditions,1,Clear,0,No,0000000,Not Applicable,99,Unknown,99,Unknown,99,Unknown EMS Scene Arrival Hour,99,Unknown EMS Scene Arrival Minutes,99,Unknown,99,Unknown EMS Hospital Arrival Time,0,None,0,None,0,None,1,0
2019,4,40255,Arizona,1,1,0,1,1,1,1,13,MARICOPA (13),0,NOT APPLICABLE,11,11,4,April,2019,5,Thursday,20,8:00pm-8:59pm,24,24,0,This section IS NOT on the NHS,2,Urban,5,Major Collector,2,County Highway Agency,6,Local Street - Municipality,UNIVERSITY DR,56TH ST,0,None,33.42280000,33.42280000,-111.710450000,-111.710450000,0,No Special Jurisdiction,15,Non-Motorist on Personal Conveyance,0,The First Harmful Event was Not a Collision with a Motor Vehicle in Transport,0,No,2,Intersection,2,Four-Way Intersection,0,None,,,1,On Roadway,3,Dark - Lighted,1,Clear,0,No Additional Atmospheric Conditions,1,Clear,0,No,0000000,Not Applicable,99,Unknown,99,Unknown,99,Unknown EMS Scene Arrival Hour,99,Unknown EMS Scene Arrival Minutes,99,Unknown,99,Unknown EMS Hospital Arrival Time,0,None,0,None,0,None,1,0
2019,4,40256,Arizona,2,2,0,0,0,2,2,21,PINAL (21),0,NOT APPLICABLE,12,12,4,April,2019,6,Friday,19,7:00pm-7:59pm,20,20,0,This section IS NOT on the NHS,1,Rural,5,Major Collector,2,County Highway Agency,6,Local Street - Municipality,PAPAGO RD,RALSTON RD,0,None,32.98557500,32.98557500,-112.117302800,-112.11730278,0,No Special Jurisdiction,12,Motor Vehicle In-Transport,6,Angle,0,No,2,Intersection,2,Four-Way Intersection,0,None,,,1,On Roadway,1,Daylight,1,Clear,0,No Additional Atmospheric Conditions,1,Clear,0,No,0000000,Not Applicable,19,7:00pm-7:59pm,23,23,19,7:00pm-7:59pm,34,34,99,Unknown,99,Unknown EMS Hospital Arrival Time,0,None,0,None,0,None,1,1
2019,4,40257,Arizona,7,7,0,0,0,17,17,13,MARICOPA (13),510,TOLLESON,13,13,4,April,2019,7,Saturday,16,4:00pm-4:59pm,12,12,1,This section IS ON the NHS,2,Urban,1,Interstate,1,State Highway Agency,1,Interstate,I-10,,1340,1340,33.46216389,33.46216389,-112.252008300,-112.25200833,0,No Special Jurisdiction,12,Motor Vehicle In-Transport,1,Front-to-Rear,0,No,1,Non-Junction,1,Not an Intersection,4,"Work Zone, Type Unknown",,,1,On Roadway,1,Daylight,1,Clear,0,No Additional Atmospheric Conditions,1,Clear,0,No,0000000,Not Applicable,16,4:00pm-4:59pm,12,12,16,4:00pm-4:59pm,14,14,99,Unknown,99,Unknown EMS Hospital Arrival Time,3,Other Maintenance or Construction-Created Condition,0,None,0,None,1,0
2019,4,40258,Arizona,1,1,0,0,0,3,3,25,YAVAPAI (25),0,NOT APPLICABLE,13,13,4,April,2019,7,Saturday,23,11:00pm-11:59pm,35,35,1,This section IS ON the NHS,1,Rural,1,Interstate,1,State Highway Agency,1,Interstate,I-17,,588,588,34.20988889,34.20988889,-112.116733300,-112.11673333,0,No Special Jurisdiction,1,Rollover/Overturn,0,The First Harmful Event was Not a Collision with a Motor Vehicle in Transport,0,No,1,Non-Junction,1,Not an Intersection,0,None,,,3,On Median,2,Dark - Not Lighted,1,Clear,0,No Additional Atmospheric Conditions,1,Clear,0,No,0000000,Not Applicable,23,11:00pm-11:59pm,38,38,23,11:00pm-11:59pm,55,55,99,Unknown,99,Unknown EMS Hospital Arrival Time,0,None,0,None,0,None,2,1
2019,4,40259,Arizona,5,5,0,0,0,7,7,21,PINAL (21),0,NOT APPLICABLE,14,14,4,April,2019,1,Sunday,23,11:00pm-11:59pm,20,20,1,This section IS ON the NHS,1,Rural,1,Interstate,1,State Highway Agency,1,Interstate,I-10,,2153,2153,32.69079722,32.69079722,-111.458800000,-111.458800000,0,No Special Jurisdiction,12,Motor Vehicle In-Transport,7,Sideswipe - Same Direction,0,No,1,Non-Junction,1,Not an Intersection,0,None,,,1,On Roadway,2,Dark - Not Lighted,1,Clear,0,No Additional Atmospheric Conditions,1,Clear,0,No,0000000,Not Applicable,23,11:00pm-11:59pm,21,21,23,11:00pm-11:59pm,57,57,88,Not Applicable (Not Transported),88,Not Applicable (Not Transported),14,"Motor Vehicle struck by falling cargo,or something that came loose from or something that was set in motion by a vehicle",0,None,0,None,1,1
2019,4,40260,Arizona,1,1,0,0,0,3,3,5,COCONINO (5),0,NOT APPLICABLE,16,16,4,April,2019,3,Tuesday,13,1:00pm-1:59pm,51,51,0,This section IS NOT on the NHS,1,Rural,3,Principal Arterial - Other,1,State Highway Agency,2,U.S. Highway,US-89,,1041,1041,36.63441111,36.63441111,-111.650866700,-111.65086667,9,Unknown,1,Rollover/Overturn,0,The First Harmful Event was Not a Collision with a Motor Vehicle in Transport,0,No,1,Non-Junction,1,Not an Intersection,0,None,,,1,On Roadway,1,Daylight,2,Rain,0,No Additional Atmospheric Conditions,2,Rain,0,No,0000000,Not Applicable,13,1:00pm-1:59pm,55,55,14,2:00pm-2:59pm,39,39,99,Unknown,99,Unknown EMS Hospital Arrival Time,0,None,0,None,0,None,1,1
2019,4,40261,Arizona,1,1,0,0,0,1,1,13,MARICOPA (13),490,TEMPE,17,17,4,April,2019,4,Wednesday,11,11:00am-11:59am,43,43,1,This section IS ON the NHS,2,Urban,2,Principal Arterial - Other Freeways and Expressways,1,State Highway Agency,2,U.S. Highway,US-60,,1405,1405,33.38761944,33.38761944,-111.961091700,-111.96109167,0,No Special Jurisdiction,20,Impact Attenuator/Crash Cushion,0,The First Harmful Event was Not a Collision with a Motor Vehicle in Transport,0,No,1,Non-Junction,1,Not an Intersection,0,None,,,8,Gore,1,Daylight,1,Clear,0,No Additional Atmospheric Conditions,1,Clear,0,No,0000000,Not Applicable,11,11:00am-11:59am,44,44,11,11:00am-11:59am,52,52,12,12:00pm-12:59pm,4,4,0,None,0,None,0,None,1,0
2019,4,40262,Arizona,3,3,0,1,1,3,3,13,MARICOPA (13),370,PHOENIX,17,17,4,April,2019,4,Wednesday,21,9:00pm-9:59pm,0,0,1,This section IS ON the NHS,2,Urban,1,Interstate,1,State Highway Agency,1,Interstate,I-10,,1390,1390,33.46287778,33.46287778,-112.166594400,-112.16659444,0,No Special Jurisdiction,8,Pedestrian,0,The First Harmful Event was Not a Collision with a Motor Vehicle in Transport,0,No,1,Non-Junction,1,Not an Intersection,1,Construction,,,1,On Roadway,3,Dark - Lighted,1,Clear,0,No Additional Atmospheric Conditions,1,Clear,0,No,0000000,Not Applicable,21,9:00pm-9:59pm,2,2,21,9:00pm-9:59pm,15,15,88,Not Applicable (Not Transported),88,Not Applicable (Not Transported),16,Non-occupant struck vehicle,20,Police Pursuit Involved,0,None,1,0
2019,4,40263,Arizona,1,1,0,1,1,5,5,13,MARICOPA (13),370,PHOENIX,18,18,4,April,2019,5,Thursday,8,8:00am-8:59am,22,22,1,This section IS ON the NHS,2,Urban,3,Principal Arterial - Other,4,City or Municipal Highway Agency,6,Local Street - Municipality,CAVE CREEK RD,,0,None,33.63554167,33.63554167,-112.030741700,-112.03074167,0,No Special Jurisdiction,8,Pedestrian,0,The First Harmful Event was Not a Collision with a Motor Vehicle in Transport,0,No,1,Non-Junction,1,Not an Intersection,0,None,,,1,On Roadway,1,Daylight,1,Clear,0,No Additional Atmospheric Conditions,1,Clear,0,No,0000000,Not Applicable,99,Unknown,99,Unknown,99,Unknown EMS Scene Arrival Hour,99,Unknown EMS Scene Arrival Minutes,99,Unknown,99,Unknown EMS Hospital Arrival Time,0,None,0,None,0,None,1,0
2019,4,40264,Arizona,1,1,0,1,1,1,1,19,PIMA (19),530,TUCSON,18,18,4,April,2019,5,Thursday,14,2:00pm-2:59pm,18,18,0,This section IS NOT on the NHS,2,Urban,3,Principal Arterial - Other,4,City or Municipal Highway Agency,6,Local Street - Municipality,SPEEDWAY BLVD,WILMOT RD,0,None,32.23565278,32.23565278,-110.857663900,-110.85766389,0,No Special Jurisdiction,8,Pedestrian,0,The First Harmful Event was Not a Collision with a Motor Vehicle in Transport,0,No,3,Intersection-Related,2,Four-Way Intersection,0,None,,,1,On Roadway,1,Daylight,1,Clear,0,No Additional Atmospheric Conditions,1,Clear,0,No,0000000,Not Applicable,14,2:00pm-2:59pm,18,18,14,2:00pm-2:59pm,19,19,14,2:00pm-2:59pm,31,31,0,None,0,None,0,None,1,0
2019,4,40265,Arizona,2,2,0,0,0,2,2,19,PIMA (19),0,NOT APPLICABLE,19,19,4,April,2019,6,Friday,16,4:00pm-4:59pm,5,5,0,This section IS NOT on the NHS,2,Urban,3,Principal Arterial - Other,2,County Highway Agency,6,Local Street - Municipality,1ST AVE,AGAVE DR,0,None,32.30543611,32.30543611,-110.961222200,-110.96122222,0,No Special Jurisdiction,12,Motor Vehicle In-Transport,6,Angle,0,No,2,Intersection,2,Four-Way Intersection,0,None,,,1,On Roadway,1,Daylight,1,Clear,0,No Additional Atmospheric Conditions,1,Clear,0,No,0000000,Not Applicable,16,4:00pm-4:59pm,6,6,16,4:00pm-4:59pm,10,10,99,Unknown,99,Unknown EMS Hospital Arrival Time,0,None,0,None,0,None,1,0
2019,4,40267,Arizona,2,2,0,0,0,2,2,19,PIMA (19),0,NOT APPLICABLE,19,19,4,April,2019,6,Friday,19,7:00pm-7:59pm,54,54,0,This section IS NOT on the NHS,1,Rural,4,Minor Arterial,1,State Highway Agency,3,State Highway,SR-86,,896,896,32.05101944,32.05101944,-111.418919400,-111.41891944,3,Indian Reservation,12,Motor Vehicle In-Transport,2,Front-to-Front,0,No,1,Non-Junction,1,Not an Intersection,0,None,,,1,On Roadway,5,Dusk,1,Clear,0,No Additional Atmospheric Conditions,1,Clear,0,No,0000000,Not Applicable,99,Unknown,99,Unknown,99,Unknown EMS Scene Arrival Hour,99,Unknown EMS Scene Arrival Minutes,99,Unknown,99,Unknown EMS Hospital Arrival Time,0,None,0,None,0,None,1,0
2019,4,40268,Arizona,1,1,0,0,0,2,2,21,PINAL (21),0,NOT APPLICABLE,20,20,4,April,2019,7,Saturday,4,4:00am-4:59am,55,55,1,This section IS ON the NHS,1,Rural,1,Interstate,1,State Highway Agency,1,Interstate,I-10,,1713,1713,33.17457500,33.17457500,-111.885422200,-111.88542222,0,No Special Jurisdiction,1,Rollover/Overturn,0,The First Harmful Event was Not a Collision with a Motor Vehicle in Transport,0,No,1,Non-Junction,1,Not an Intersection,0,None,,,3,On Median,6,Dark - Unknown Lighting,1,Clear,0,No Additional Atmospheric Conditions,1,Clear,0,No,0000000,Not Applicable,5,5:00am-5:59am,0,0,5,5:00am-5:59am,5,5,88,Not Applicable (Not Transported),88,Not Applicable (Not Transported),0,None,0,None,0,None,2,1
2019,4,40269,Arizona,1,1,0,1,1,1,1,13,MARICOPA (13),370,PHOENIX,20,20,4,April,2019,7,Saturday,20,8:00pm-8:59pm,16,16,0,This section IS NOT on the NHS,2,Urban,3,Principal Arterial - Other,4,City or Municipal Highway Agency,6,Local Street - Municipality,GREENWAY RD,,0,None,33.62621389,33.62621389,-112.019180600,-112.01918056,0,No Special Jurisdiction,8,Pedestrian,0,The First Harmful Event was Not a Collision with a Motor Vehicle in Transport,0,No,1,Non-Junction,1,Not an Intersection,0,None,,,1,On Roadway,2,Dark - Not Lighted,1,Clear,0,No Additional Atmospheric Conditions,1,Clear,0,No,0000000,Not Applicable,99,Unknown,99,Unknown,99,Unknown EMS Scene Arrival Hour,99,Unknown EMS Scene Arrival Minutes,99,Unknown,99,Unknown EMS Hospital Arrival Time,31,Related to a Bus Stop,0,None,0,None,1,0
2019,4,40270,Arizona,1,1,0,0,0,2,2,3,COCHISE (3),103,COCHISE,21,21,4,April,2019,1,Sunday,12,12:00pm-12:59pm,35,35,0,This section IS NOT on the NHS,1,Rural,5,Major Collector,2,County Highway Agency,6,Local Street - Municipality,DRAGOON RD,,0,None,32.03592500,32.03592500,-109.953888900,-109.95388889,0,No Special Jurisdiction,1,Rollover/Overturn,0,The First Harmful Event was Not a Collision with a Motor Vehicle in Transport,0,No,1,Non-Junction,1,Not an Intersection,0,None,,,1,On Roadway,1,Daylight,1,Clear,0,No Additional Atmospheric Conditions,1,Clear,0,No,0000000,Not Applicable,12,12:00pm-12:59pm,35,35,12,12:00pm-12:59pm,58,58,99,Unknown,99,Unknown EMS Hospital Arrival Time,0,None,0,None,0,None,1,0
2019,4,40271,Arizona,2,2,0,0,0,3,3,25,YAVAPAI (25),0,NOT APPLICABLE,22,22,4,April,2019,2,Monday,0,0:00am-0:59am,23,23,1,This section IS ON the NHS,1,Rural,1,Interstate,1,State Highway Agency,1,Interstate,I-17,,310,310,34.23435556,34.23435556,-112.111258300,-112.11125833,0,No Special Jurisdiction,35,Embankment,0,The First Harmful Event was Not a Collision with a Motor Vehicle in Transport,0,No,1,Non-Junction,1,Not an Intersection,0,None,,,3,On Median,2,Dark - Not Lighted,1,Clear,0,No Additional Atmospheric Conditions,1,Clear,0,No,0000000,Not Applicable,0,0:00am-0:59am,23,23,0,0:00am-0:59am,51,51,99,Unknown,99,Unknown EMS Hospital Arrival Time,0,None,0,None,0,None,1,0
2019,4,40272,Arizona,1,1,0,1,1,1,1,13,MARICOPA (13),200,GLENDALE,23,23,4,April,2019,3,Tuesday,20,8:00pm-8:59pm,30,30,0,This section IS NOT on the NHS,2,Urban,3,Principal Arterial - Other,4,City or Municipal Highway Agency,6,Local Street - Municipality,59TH AVE,MCLELLAN RD,0,None,33.53325278,33.53325278,-112.186230600,-112.18623056,0,No Special Jurisdiction,8,Pedestrian,0,The First Harmful Event was Not a Collision with a Motor Vehicle in Transport,0,No,3,Intersection-Related,2,Four-Way Intersection,0,None,,,1,On Roadway,3,Dark - Lighted,1,Clear,0,No Additional Atmospheric Conditions,1,Clear,0,No,0000000,Not Applicable,99,Unknown,99,Unknown,99,Unknown EMS Scene Arrival Hour,99,Unknown EMS Scene Arrival Minutes,99,Unknown,99,Unknown EMS Hospital Arrival Time,0,None,0,None,0,None,1,0
2019,4,40273,Arizona,2,2,0,0,0,2,2,13,MARICOPA (13),420,SCOTTSDALE,23,23,4,April,2019,3,Tuesday,12,12:00pm-12:59pm,35,35,1,This section IS ON the NHS,2,Urban,3,Principal Arterial - Other,4,City or Municipal Highway Agency,6,Local Street - Municipality,SHEA BLVD,124TH ST,0,None,33.58249722,33.58249722,-111.813438900,-111.81343889,0,No Special Jurisdiction,12,Motor Vehicle In-Transport,6,Angle,0,No,2,Intersection,2,Four-Way Intersection,0,None,,,1,On Roadway,1,Daylight,10,Cloudy,0,No Additional Atmospheric Conditions,10,Cloudy,0,No,0000000,Not Applicable,12,12:00pm-12:59pm,35,35,12,12:00pm-12:59pm,40,40,13,1:00pm-1:59pm,11,11,0,None,0,None,0,None,1,0
2019,4,40275,Arizona,1,1,0,0,0,1,1,21,PINAL (21),70,CASA GRANDE,24,24,4,April,2019,4,Wednesday,8,8:00am-8:59am,1,1,1,This section IS ON the NHS,1,Rural,1,Interstate,1,State Highway Agency,1,Interstate,I-8,,1757,1757,32.83486667,32.83486667,-111.722350000,-111.722350000,0,No Special Jurisdiction,35,Embankment,0,The First Harmful Event was Not a Collision with a Motor Vehicle in Transport,0,No,1,Non-Junction,1,Not an Intersection,0,None,,,3,On Median,1,Daylight,1,Clear,0,No Additional Atmospheric Conditions,1,Clear,0,No,0000000,Not Applicable,8,8:00am-8:59am,1,1,8,8:00am-8:59am,10,10,88,Not Applicable (Not Transported),88,Not Applicable (Not Transported),0,None,0,None,0,None,1,0
2019,4,40276,Arizona,1,1,0,0,0,3,3,1,APACHE (1),0,NOT APPLICABLE,24,24,4,April,2019,4,Wednesday,10,10:00am-10:59am,48,48,0,This section IS NOT on the NHS,1,Rural,5,Major Collector,1,State Highway Agency,2,U.S. Highway,US-191,,3927,3927,35.46661944,35.46661944,-109.528272200,-109.52827222,0,No Special Jurisdiction,1,Rollover/Overturn,0,The First Harmful Event was Not a Collision with a Motor Vehicle in Transport,0,No,1,Non-Junction,1,Not an Intersection,0,None,,,4,On Roadside,1,Daylight,1,Clear,0,No Additional Atmospheric Conditions,1,Clear,0,No,0000000,Not Applicable,10,10:00am-10:59am,48,48,10,10:00am-10:59am,56,56,99,Unknown,99,Unknown EMS Hospital Arrival Time,0,None,0,None,0,None,1,1
2019,4,40277,Arizona,2,2,0,0,0,2,2,27,YUMA (27),0,NOT APPLICABLE,24,24,4,April,2019,4,Wednesday,12,12:00pm-12:59pm,57,57,1,This section IS ON the NHS,1,Rural,1,Interstate,1,State Highway Agency,1,Interstate,I-8,,638,638,32.77417500,32.77417500,-113.600594400,-113.60059444,0,No Special Jurisdiction,12,Motor Vehicle In-Transport,2,Front-to-Front,0,No,1,Non-Junction,1,Not an Intersection,0,None,,,1,On Roadway,1,Daylight,1,Clear,0,No Additional Atmospheric Conditions,1,Clear,0,No,0000000,Not Applicable,13,1:00pm-1:59pm,0,0,13,1:00pm-1:59pm,25,25,99,Unknown,99,Unknown EMS Hospital Arrival Time,0,None,0,None,0,None,1,0
2019,4,40279,Arizona,1,1,0,0,0,1,1,19,PIMA (19),0,NOT APPLICABLE,26,26,4,April,2019,6,Friday,10,10:00am-10:59am,48,48,0,This section IS NOT on the NHS,1,Rural,6,Minor Collector,2,County Highway Agency,9,Unknown,MADERA CANYON RD,,0,None,31.75133056,31.75133056,-110.887344400,-110.88734444,0,No Special Jurisdiction,11,Live Animal,0,The First Harmful Event was Not a Collision with a Motor Vehicle in Transport,0,No,1,Non-Junction,1,Not an Intersection,0,None,,,1,On Roadway,1,Daylight,1,Clear,0,No Additional Atmospheric Conditions,1,Clear,0,No,0000000,Not Applicable,10,10:00am-10:59am,48,48,11,11:00am-11:59am,0,0,88,Not Applicable (Not Transported),88,Not Applicable (Not Transported),0,None,0,None,0,None,1,0
2019,4,40280,Arizona,5,5,0,0,0,7,7,21,PINAL (21),0,NOT APPLICABLE,26,26,4,April,2019,6,Friday,16,4:00pm-4:59pm,12,12,1,This section IS ON the NHS,2,Urban,1,Interstate,1,State Highway Agency,1,Interstate,I-10,,2113,2113,32.72319722,32.72319722,-111.515461100,-111.51546111,0,No Special Jurisdiction,25,Concrete Traffic Barrier,0,The First Harmful Event was Not a Collision with a Motor Vehicle in Transport,0,No,1,Non-Junction,1,Not an Intersection,1,Construction,,,3,On Median,1,Daylight,1,Clear,0,No Additional Atmospheric Conditions,1,Clear,0,No,0000000,Not Applicable,16,4:00pm-4:59pm,14,14,16,4:00pm-4:59pm,30,30,99,Unknown,99,Unknown EMS Hospital Arrival Time,3,Other Maintenance or Construction-Created Condition,14,"Motor Vehicle struck by falling cargo,or something that came loose from or something that was set in motion by a vehicle",0,None,1,0
2019,4,40281,Arizona,1,1,0,0,0,1,1,7,GILA (7),0,NOT APPLICABLE,26,26,4,April,2019,6,Friday,17,5:00pm-5:59pm,59,59,0,This section IS NOT on the NHS,1,Rural,5,Major Collector,1,State Highway Agency,3,State Highway,SR-87,,1551,1551,34.42165278,34.42165278,-111.511708300,-111.51170833,0,No Special Jurisdiction,24,Guardrail Face,0,The First Harmful Event was Not a Collision with a Motor Vehicle in Transport,0,No,1,Non-Junction,1,Not an Intersection,0,None,,,4,On Roadside,1,Daylight,1,Clear,0,No Additional Atmospheric Conditions,1,Clear,0,No,0000000,Not Applicable,17,5:00pm-5:59pm,59,59,18,6:00pm-6:59pm,9,9,19,7:00pm-7:59pm,0,0,0,None,0,None,0,None,1,0
2019,4,40282,Arizona,1,1,0,1,1,2,2,13,MARICOPA (13),290,MESA,26,26,4,April,2019,6,Friday,20,8:00pm-8:59pm,11,11,0,This section IS NOT on the NHS,2,Urban,3,Principal Arterial - Other,4,City or Municipal Highway Agency,6,Local Street - Municipality,SOUTHERN AVE,,0,None,33.39334167,33.39334167,-111.810919400,-111.81091944,0,No Special Jurisdiction,8,Pedestrian,0,The First Harmful Event was Not a Collision with a Motor Vehicle in Transport,0,No,1,Non-Junction,1,Not an Intersection,0,None,,,1,On Roadway,3,Dark - Lighted,1,Clear,0,No Additional Atmospheric Conditions,1,Clear,0,No,0000000,Not Applicable,99,Unknown,99,Unknown,99,Unknown EMS Scene Arrival Hour,99,Unknown EMS Scene Arrival Minutes,99,Unknown,99,Unknown EMS Hospital Arrival Time,0,None,0,None,0,None,1,0
2019,4,40283,Arizona,1,1,0,0,0,1,1,21,PINAL (21),70,CASA GRANDE,27,27,4,April,2019,7,Saturday,2,2:00am-2:59am,33,33,0,This section IS NOT on the NHS,1,Rural,4,Minor Arterial,4,City or Municipal Highway Agency,6,Local Street - Municipality,PEART RD,RODEO RD,0,None,32.92366389,32.92366389,-111.722450000,-111.722450000,0,No Special Jurisdiction,35,Embankment,0,The First Harmful Event was Not a Collision with a Motor Vehicle in Transport,0,No,3,Intersection-Related,3,T-Intersection,0,None,,,4,On Roadside,2,Dark - Not Lighted,1,Clear,0,No Additional Atmospheric Conditions,1,Clear,0,No,0000000,Not Applicable,2,2:00am-2:59am,33,33,2,2:00am-2:59am,41,41,88,Not Applicable (Not Transported),88,Not Applicable (Not Transported),0,None,0,None,0,None,1,1