caseyear,state,st_case,statename,ve_total,ve_forms,pvh_invl,peds,pernotmvit,permvit,persons,county,countyname,city,cityname,day,dayname,month,monthname,year,day_week,day_weekname,hour,hourname,minute,minutename,nhs,nhsname,rur_urb,rur_urbname,func_sys,func_sysname,rd_owner,rd_ownername,route,routename,tway_id,tway_id2,milept,mileptname,latitude,latitudename,longitud,longitudname,sp_jur,sp_jurname,harm_ev,harm_evname,man_coll,man_collname,reljct1,reljct1name,reljct2,reljct2name,typ_int,typ_intname,wrk_zone,wrk_zonename,road_fnc,road_fncname,rel_road,rel_roadname,lgt_cond,lgt_condname,weather1,weather1name,weather2,weather2name,weather,weathername,sch_bus,sch_busname,rail,railname,not_hour,not_hourname,not_min,not_minname,arr_hour,arr_hourname,arr_min,arr_minname,hosp_hr,hosp_hrname,hosp_mn,hosp_mnname,cf1,cf1name,cf2,cf2name,cf3,cf3name,fatals,drunk_dr
2019,4,40284,Arizona,1,1,0,0,0,1,1,25,YAVAPAI (25),0,NOT APPLICABLE,27,27,4,April,2019,7,Saturday,14,2:00pm-2:59pm,48,48,1,This section IS ON the NHS,1,Rural,1,Interstate,1,State Highway Agency,1,Interstate,I-17,,966,966,34.62048056,34.62048056,-111.844211100,-111.84421111,0,No Special Jurisdiction,35,Embankment,0,The First Harmful Event was Not a Collision with a Motor Vehicle in Transport,0,No,1,Non-Junction,1,Not an Intersection,0,None,,,4,On Roadside,1,Daylight,1,Clear,0,No Additional Atmospheric Conditions,1,Clear,0,No,0000000,Not Applicable,14,2:00pm-2:59pm,48,48,14,2:00pm-2:59pm,52,52,88,Not Applicable (Not Transported),88,Not Applicable (Not Transported),0,None,0,None,0,None,1,0
2019,4,40285,Arizona,2,2,0,0,0,2,2,13,MARICOPA (13),420,SCOTTSDALE,28,28,4,April,2019,1,Sunday,2,2:00am-2:59am,37,37,0,This section IS NOT on the NHS,2,Urban,3,Principal Arterial - Other,4,City or Municipal Highway Agency,6,Local Street - Municipality,HAYEDEN RD,CHAPARRAL RD,0,None,33.50944722,33.50944722,-111.908516700,-111.90851667,0,No Special Jurisdiction,12,Motor Vehicle In-Transport,6,Angle,0,No,2,Intersection,2,Four-Way Intersection,0,None,,,1,On Roadway,3,Dark - Lighted,1,Clear,0,No Additional Atmospheric Conditions,1,Clear,0,No,0000000,Not Applicable,2,2:00am-2:59am,38,38,2,2:00am-2:59am,42,42,3,3:00am-3:59am,7,7,0,None,0,None,0,None,1,1
2019,4,40286,Arizona,2,1,1,0,1,1,2,13,MARICOPA (13),80,CHANDLER,28,28,4,April,2019,1,Sunday,4,4:00am-4:59am,2,2,1,This section IS ON the NHS,2,Urban,1,Interstate,1,State Highway Agency,1,Interstate,I-10,,1592,1592,33.31975833,33.31975833,-111.972063900,-111.97206389,0,No Special Jurisdiction,14,Parked Motor Vehicle,0,The First Harmful Event was Not a Collision with a Motor Vehicle in Transport,0,No,1,Non-Junction,1,Not an Intersection,0,None,,,2,On Shoulder,3,Dark - Lighted,1,Clear,0,No Additional Atmospheric Conditions,1,Clear,0,No,0000000,Not Applicable,4,4:00am-4:59am,2,2,4,4:00am-4:59am,56,56,88,Not Applicable (Not Transported),88,Not Applicable (Not Transported),0,None,0,None,0,None,1,0
2019,4,40287,Arizona,2,2,0,0,0,3,3,13,MARICOPA (13),490,TEMPE,28,28,4,April,2019,1,Sunday,6,6:00am-6:59am,46,46,1,This section IS ON the NHS,2,Urban,1,Interstate,1,State Highway Agency,1,Interstate,I-10,,1550,1550,33.38196111,33.38196111,-111.967991700,-111.96799167,0,No Special Jurisdiction,12,Motor Vehicle In-Transport,1,Front-to-Rear,0,No,1,Non-Junction,1,Not an Intersection,0,None,,,2,On Shoulder,1,Daylight,1,Clear,0,No Additional Atmospheric Conditions,1,Clear,0,No,0000000,Not Applicable,6,6:00am-6:59am,47,47,6,6:00am-6:59am,57,57,88,Not Applicable (Not Transported),88,Not Applicable (Not Transported),0,None,0,None,0,None,1,1
2019,4,40288,Arizona,1,1,0,0,0,1,1,13,MARICOPA (13),510,TOLLESON,28,28,4,April,2019,1,Sunday,8,8:00am-8:59am,46,46,1,This section IS ON the NHS,2,Urban,1,Interstate,1,State Highway Agency,1,Interstate,I-10,,1350,1350,33.46241667,33.46241667,-112.240827800,-112.24082778,0,No Special Jurisdiction,1,Rollover/Overturn,0,The First Harmful Event was Not a Collision with a Motor Vehicle in Transport,0,No,1,Non-Junction,1,Not an Intersection,0,None,,,4,On Roadside,1,Daylight,1,Clear,0,No Additional Atmospheric Conditions,1,Clear,0,No,0000000,Not Applicable,8,8:00am-8:59am,46,46,8,8:00am-8:59am,49,49,9,9:00am-9:59am,25,25,0,None,0,None,0,None,1,0
2019,4,40289,Arizona,2,2,0,0,0,4,4,13,MARICOPA (13),0,NOT APPLICABLE,28,28,4,April,2019,1,Sunday,14,2:00pm-2:59pm,26,26,0,This section IS NOT on the NHS,1,Rural,5,Major Collector,1,State Highway Agency,3,State Highway,SR-88,,118,118,33.51972222,33.51972222,-111.450847200,-111.45084722,0,No Special Jurisdiction,12,Motor Vehicle In-Transport,6,Angle,0,No,1,Non-Junction,1,Not an Intersection,0,None,,,1,On Roadway,1,Daylight,1,Clear,0,No Additional Atmospheric Conditions,1,Clear,0,No,0000000,Not Applicable,14,2:00pm-2:59pm,28,28,14,2:00pm-2:59pm,56,56,99,Unknown,96,Terminated Transport,0,None,0,None,0,None,1,0
2019,4,40290,Arizona,2,2,0,0,0,1,1,13,MARICOPA (13),370,PHOENIX,6,6,4,April,2019,7,Saturday,15,3:00pm-3:59pm,52,52,0,This section IS NOT on the NHS,2,Urban,7,Local,4,City or Municipal Highway Agency,6,Local Street - Municipality,W GRANDVIEW RD,,0,None,33.63324722,33.63324722,-112.132150000,-112.132150000,0,No Special Jurisdiction,12,Motor Vehicle In-Transport,99,Reported as Unknown,0,No,99,Reported as Unknown,99,Reported as Unknown,0,None,,,99,Reported as Unknown,9,Reported as Unknown,99,Reported as Unknown,0,No Additional Atmospheric Conditions,99,Reported as Unknown,0,No,0000000,Not Applicable,99,Unknown,99,Unknown,99,Unknown EMS Scene Arrival Hour,99,Unknown EMS Scene Arrival Minutes,99,Unknown,99,Unknown EMS Hospital Arrival Time,99,Reported as Unknown,99,Reported as Unknown,99,Reported as Unknown,1,0
2019,4,40291,Arizona,1,1,0,0,0,1,1,13,MARICOPA (13),370,PHOENIX,7,7,4,April,2019,1,Sunday,13,1:00pm-1:59pm,57,57,0,This section IS NOT on the NHS,2,Urban,4,Minor Arterial,4,City or Municipal Highway Agency,3,State Highway,SR-74 CAREFREE HWY,,0,None,33.79844444,33.79844444,-112.117022200,-112.11702222,0,No Special Jurisdiction,33,Curb,0,The First Harmful Event was Not a Collision with a Motor Vehicle in Transport,0,No,1,Non-Junction,1,Not an Intersection,0,None,,,3,On Median,1,Daylight,1,Clear,0,No Additional Atmospheric Conditions,1,Clear,0,No,0000000,Not Applicable,13,1:00pm-1:59pm,57,57,14,2:00pm-2:59pm,5,5,14,2:00pm-2:59pm,37,37,0,None,0,None,0,None,1,0
2019,4,40292,Arizona,2,2,0,0,0,6,6,13,MARICOPA (13),370,PHOENIX,7,7,4,April,2019,1,Sunday,9,9:00am-9:59am,13,13,0,This section IS NOT on the NHS,2,Urban,4,Minor Arterial,4,City or Municipal Highway Agency,6,Local Street - Municipality,BETHANY HOME RD,29TH AVE,0,None,33.52403333,33.52403333,-112.121400000,-112.121400000,0,No Special Jurisdiction,12,Motor Vehicle In-Transport,6,Angle,0,No,2,Intersection,2,Four-Way Intersection,0,None,,,1,On Roadway,1,Daylight,1,Clear,0,No Additional Atmospheric Conditions,1,Clear,0,No,0000000,Not Applicable,9,9:00am-9:59am,13,13,9,9:00am-9:59am,13,13,9,9:00am-9:59am,36,36,0,None,0,None,0,None,3,0
2019,4,40293,Arizona,1,1,0,1,1,1,1,13,MARICOPA (13),370,PHOENIX,10,10,4,April,2019,4,Wednesday,23,11:00pm-11:59pm,32,32,1,This section IS ON the NHS,2,Urban,3,Principal Arterial - Other,4,City or Municipal Highway Agency,6,Local Street - Municipality,INDIAN SCHOOL RD,,0,None,33.49477500,33.49477500,-112.074047200,-112.07404722,0,No Special Jurisdiction,8,Pedestrian,0,The First Harmful Event was Not a Collision with a Motor Vehicle in Transport,0,No,1,Non-Junction,1,Not an Intersection,0,None,,,1,On Roadway,3,Dark - Lighted,1,Clear,0,No Additional Atmospheric Conditions,1,Clear,0,No,0000000,Not Applicable,99,Unknown,99,Unknown,99,Unknown EMS Scene Arrival Hour,99,Unknown EMS Scene Arrival Minutes,88,Not Applicable (Not Transported),88,Not Applicable (Not Transported),0,None,0,None,0,None,1,0
2019,4,40294,Arizona,1,1,0,1,1,1,1,13,MARICOPA (13),370,PHOENIX,12,12,4,April,2019,6,Friday,22,10:00pm-10:59pm,54,54,1,This section IS ON the NHS,2,Urban,3,Principal Arterial - Other,4,City or Municipal Highway Agency,6,Local Street - Municipality,7TH ST,,0,None,33.57166111,33.57166111,-112.065188900,-112.06518889,0,No Special Jurisdiction,8,Pedestrian,0,The First Harmful Event was Not a Collision with a Motor Vehicle in Transport,0,No,1,Non-Junction,1,Not an Intersection,0,None,,,1,On Roadway,3,Dark - Lighted,1,Clear,0,No Additional Atmospheric Conditions,1,Clear,0,No,0000000,Not Applicable,22,10:00pm-10:59pm,55,55,22,10:00pm-10:59pm,57,57,23,11:00pm-11:59pm,14,14,0,None,0,None,0,None,1,0
2019,4,40295,Arizona,2,2,0,0,0,3,3,13,MARICOPA (13),370,PHOENIX,13,13,4,April,2019,7,Saturday,10,10:00am-10:59am,1,1,1,This section IS ON the NHS,2,Urban,3,Principal Arterial - Other,4,City or Municipal Highway Agency,6,Local Street - Municipality,INDIAN SCHOOL RD,,0,None,33.49503333,33.49503333,-112.176350000,-112.176350000,0,No Special Jurisdiction,12,Motor Vehicle In-Transport,6,Angle,0,No,8,Driveway Access Related,1,Not an Intersection,0,None,,,1,On Roadway,1,Daylight,1,Clear,0,No Additional Atmospheric Conditions,1,Clear,0,No,0000000,Not Applicable,10,10:00am-10:59am,2,2,10,10:00am-10:59am,2,2,10,10:00am-10:59am,22,22,0,None,0,None,0,None,1,0
2019,4,40296,Arizona,1,1,0,1,1,3,3,13,MARICOPA (13),370,PHOENIX,13,13,4,April,2019,7,Saturday,22,10:00pm-10:59pm,13,13,1,This section IS ON the NHS,2,Urban,3,Principal Arterial - Other,4,City or Municipal Highway Agency,6,Local Street - Municipality,INDIAN SCHOOL RD,,0,None,33.49495278,33.49495278,-112.171163900,-112.17116389,0,No Special Jurisdiction,8,Pedestrian,0,The First Harmful Event was Not a Collision with a Motor Vehicle in Transport,0,No,1,Non-Junction,1,Not an Intersection,0,None,,,1,On Roadway,3,Dark - Lighted,1,Clear,0,No Additional Atmospheric Conditions,1,Clear,0,No,0000000,Not Applicable,22,10:00pm-10:59pm,14,14,22,10:00pm-10:59pm,18,18,22,10:00pm-10:59pm,32,32,0,None,0,None,0,None,1,0
2019,4,40297,Arizona,1,1,0,1,1,1,1,13,MARICOPA (13),490,TEMPE,16,16,4,April,2019,3,Tuesday,17,5:00pm-5:59pm,38,38,0,This section IS NOT on the NHS,2,Urban,4,Minor Arterial,4,City or Municipal Highway Agency,6,Local Street - Municipality,CURRY RD,,0,None,33.43916944,33.43916944,-111.938261100,-111.93826111,0,No Special Jurisdiction,8,Pedestrian,0,The First Harmful Event was Not a Collision with a Motor Vehicle in Transport,0,No,1,Non-Junction,1,Not an Intersection,0,None,,,1,On Roadway,1,Daylight,1,Clear,0,No Additional Atmospheric Conditions,1,Clear,0,No,0000000,Not Applicable,17,5:00pm-5:59pm,38,38,17,5:00pm-5:59pm,42,42,18,6:00pm-6:59pm,18,18,0,None,0,None,0,None,1,0
2019,4,40298,Arizona,1,1,0,1,1,1,1,13,MARICOPA (13),30,AVONDALE,20,20,4,April,2019,7,Saturday,5,5:00am-5:59am,23,23,0,This section IS NOT on the NHS,2,Urban,3,Principal Arterial - Other,2,County Highway Agency,6,Local Street - Municipality,BUCKEY RD,107TH AVE,0,None,33.43545278,33.43545278,-112.289700000,-112.289700000,0,No Special Jurisdiction,8,Pedestrian,0,The First Harmful Event was Not a Collision with a Motor Vehicle in Transport,0,No,3,Intersection-Related,2,Four-Way Intersection,0,None,,,1,On Roadway,4,Dawn,1,Clear,0,No Additional Atmospheric Conditions,1,Clear,0,No,0000000,Not Applicable,5,5:00am-5:59am,23,23,5,5:00am-5:59am,32,32,88,Not Applicable (Not Transported),88,Not Applicable (Not Transported),0,None,0,None,0,None,1,0
2019,4,40299,Arizona,2,1,1,0,0,2,2,13,MARICOPA (13),370,PHOENIX,20,20,4,April,2019,7,Saturday,13,1:00pm-1:59pm,34,34,0,This section IS NOT on the NHS,2,Urban,7,Local,98,Not Reported,6,Local Street - Municipality,WIER AVE,,0,None,33.40310278,33.40310278,-112.092419400,-112.09241944,0,No Special Jurisdiction,14,Parked Motor Vehicle,0,The First Harmful Event was Not a Collision with a Motor Vehicle in Transport,0,No,1,Non-Junction,1,Not an Intersection,0,None,,,7,In Parking Lane/Zone,1,Daylight,1,Clear,0,No Additional Atmospheric Conditions,1,Clear,0,No,0000000,Not Applicable,13,1:00pm-1:59pm,35,35,13,1:00pm-1:59pm,39,39,14,2:00pm-2:59pm,3,3,0,None,0,None,0,None,1,0
2019,4,40300,Arizona,1,1,0,0,0,2,2,17,NAVAJO (17),9997,Other,21,21,4,April,2019,1,Sunday,99,Unknown Hours,99,Unknown Minutes,0,This section IS NOT on the NHS,2,Urban,5,Major Collector,1,State Highway Agency,3,State Highway,SR-73,,224,224,33.79092500,33.79092500,-110.026400000,-110.026400000,0,No Special Jurisdiction,99,Reported as Unknown,99,Reported as Unknown,0,No,99,Reported as Unknown,99,Reported as Unknown,0,None,,,99,Reported as Unknown,9,Reported as Unknown,98,Not Reported,0,No Additional Atmospheric Conditions,98,Not Reported,0,No,0000000,Not Applicable,99,Unknown,99,Unknown,99,Unknown EMS Scene Arrival Hour,99,Unknown EMS Scene Arrival Minutes,99,Unknown,99,Unknown EMS Hospital Arrival Time,99,Reported as Unknown,99,Reported as Unknown,99,Reported as Unknown,1,0
2019,4,40301,Arizona,2,2,0,0,0,2,2,13,MARICOPA (13),370,PHOENIX,21,21,4,April,2019,1,Sunday,0,0:00am-0:59am,40,40,0,This section IS NOT on the NHS,2,Urban,4,Minor Arterial,4,City or Municipal Highway Agency,6,Local Street - Municipality,24TH ST,MCDOWELL RD,0,None,33.46580833,33.46580833,-112.030233300,-112.03023333,0,No Special Jurisdiction,12,Motor Vehicle In-Transport,6,Angle,0,No,2,Intersection,2,Four-Way Intersection,0,None,,,1,On Roadway,6,Dark - Unknown Lighting,1,Clear,0,No Additional Atmospheric Conditions,1,Clear,0,No,0000000,Not Applicable,0,0:00am-0:59am,41,41,0,0:00am-0:59am,46,46,0,0:00am-0:59am,58,58,0,None,0,None,0,None,1,0
2019,4,40302,Arizona,2,2,0,0,0,2,2,13,MARICOPA (13),370,PHOENIX,20,20,4,April,2019,7,Saturday,6,6:00am-6:59am,13,13,0,This section IS NOT on the NHS,2,Urban,3,Principal Arterial - Other,4,City or Municipal Highway Agency,6,Local Street - Municipality,24TH ST,RIVERVIEW DR,0,None,33.41879444,33.41879444,-112.030077800,-112.03007778,0,No Special Jurisdiction,12,Motor Vehicle In-Transport,6,Angle,0,No,2,Intersection,3,T-Intersection,0,None,,,1,On Roadway,1,Daylight,1,Clear,0,No Additional Atmospheric Conditions,1,Clear,0,No,0000000,Not Applicable,6,6:00am-6:59am,15,15,6,6:00am-6:59am,23,23,6,6:00am-6:59am,38,38,0,None,0,None,0,None,1,0
2019,4,40303,Arizona,1,1,0,1,1,1,1,13,MARICOPA (13),370,PHOENIX,23,23,4,April,2019,3,Tuesday,20,8:00pm-8:59pm,7,7,0,This section IS NOT on the NHS,2,Urban,3,Principal Arterial - Other,4,City or Municipal Highway Agency,6,Local Street - Municipality,THOMAS RD,,0,None,33.48038056,33.48038056,-112.022672200,-112.02267222,0,No Special Jurisdiction,8,Pedestrian,0,The First Harmful Event was Not a Collision with a Motor Vehicle in Transport,0,No,1,Non-Junction,1,Not an Intersection,0,None,,,1,On Roadway,3,Dark - Lighted,1,Clear,0,No Additional Atmospheric Conditions,1,Clear,0,No,0000000,Not Applicable,20,8:00pm-8:59pm,8,8,20,8:00pm-8:59pm,13,13,20,8:00pm-8:59pm,31,31,0,None,0,None,0,None,1,0
2019,4,40304,Arizona,1,1,0,1,1,1,1,13,MARICOPA (13),370,PHOENIX,23,23,4,April,2019,3,Tuesday,23,11:00pm-11:59pm,1,1,0,This section IS NOT on the NHS,2,Urban,4,Minor Arterial,4,City or Municipal Highway Agency,6,Local Street - Municipality,MCDOWELL RD,,0,None,33.46573333,33.46573333,-112.002055600,-112.00205556,0,No Special Jurisdiction,33,Curb,0,The First Harmful Event was Not a Collision with a Motor Vehicle in Transport,0,No,1,Non-Junction,1,Not an Intersection,0,None,,,4,On Roadside,3,Dark - Lighted,1,Clear,0,No Additional Atmospheric Conditions,1,Clear,0,No,0000000,Not Applicable,23,11:00pm-11:59pm,5,5,23,11:00pm-11:59pm,8,8,23,11:00pm-11:59pm,22,22,0,None,0,None,0,None,1,1
2019,4,40305,Arizona,1,1,0,1,1,3,3,13,MARICOPA (13),0,NOT APPLICABLE,24,24,4,April,2019,4,Wednesday,13,1:00pm-1:59pm,28,28,0,This section IS NOT on the NHS,1,Rural,98,Not Reported,98,Not Reported,9,Unknown,BARTLETT DAM RD,,0,None,33.85960833,33.85960833,-111.688291700,-111.68829167,0,No Special Jurisdiction,9,Pedalcyclist,0,The First Harmful Event was Not a Collision with a Motor Vehicle in Transport,0,No,1,Non-Junction,1,Not an Intersection,0,None,,,1,On Roadway,1,Daylight,1,Clear,0,No Additional Atmospheric Conditions,1,Clear,0,No,0000000,Not Applicable,13,1:00pm-1:59pm,28,28,13,1:00pm-1:59pm,41,41,14,2:00pm-2:59pm,0,0,0,None,0,None,0,None,1,0
2019,4,40306,Arizona,1,1,0,1,1,1,1,13,MARICOPA (13),370,PHOENIX,26,26,4,April,2019,6,Friday,21,9:00pm-9:59pm,27,27,0,This section IS NOT on the NHS,2,Urban,3,Principal Arterial - Other,4,City or Municipal Highway Agency,6,Local Street - Municipality,35TH AVE,VERNON AVE,0,None,33.47334167,33.47334167,-112.134377800,-112.13437778,0,No Special Jurisdiction,8,Pedestrian,0,The First Harmful Event was Not a Collision with a Motor Vehicle in Transport,0,No,2,Intersection,3,T-Intersection,0,None,,,1,On Roadway,3,Dark - Lighted,1,Clear,0,No Additional Atmospheric Conditions,1,Clear,0,No,0000000,Not Applicable,21,9:00pm-9:59pm,29,29,21,9:00pm-9:59pm,37,37,21,9:00pm-9:59pm,52,52,0,None,0,None,0,None,1,1
2019,4,40307,Arizona,2,2,0,0,0,3,3,13,MARICOPA (13),370,PHOENIX,27,27,4,April,2019,7,Saturday,19,7:00pm-7:59pm,20,20,0,This section IS NOT on the NHS,2,Urban,4,Minor Arterial,4,City or Municipal Highway Agency,6,Local Street - Municipality,16TH ST,,0,None,33.50265833,33.50265833,-112.047561100,-112.04756111,0,No Special Jurisdiction,12,Motor Vehicle In-Transport,6,Angle,0,No,8,Driveway Access Related,1,Not an Intersection,0,None,,,1,On Roadway,3,Dark - Lighted,1,Clear,0,No Additional Atmospheric Conditions,1,Clear,0,No,0000000,Not Applicable,19,7:00pm-7:59pm,21,21,19,7:00pm-7:59pm,26,26,19,7:00pm-7:59pm,41,41,0,None,0,None,0,None,1,0
2019,4,40308,Arizona,1,1,0,1,1,1,1,13,MARICOPA (13),370,PHOENIX,29,29,4,April,2019,2,Monday,21,9:00pm-9:59pm,0,0,0,This section IS NOT on the NHS,2,Urban,7,Local,4,City or Municipal Highway Agency,6,Local Street - Municipality,15TH AVE,,0,None,33.58058611,33.58058611,-112.091216700,-112.09121667,0,No Special Jurisdiction,8,Pedestrian,0,The First Harmful Event was Not a Collision with a Motor Vehicle in Transport,0,No,1,Non-Junction,1,Not an Intersection,0,None,,,1,On Roadway,3,Dark - Lighted,2,Rain,0,No Additional Atmospheric Conditions,2,Rain,0,No,0000000,Not Applicable,21,9:00pm-9:59pm,1,1,21,9:00pm-9:59pm,7,7,21,9:00pm-9:59pm,13,13,0,None,0,None,0,None,1,0
2019,4,40311,Arizona,1,1,0,0,0,1,1,19,PIMA (19),530,TUCSON,1,1,5,May,2019,4,Wednesday,8,8:00am-8:59am,37,37,1,This section IS ON the NHS,2,Urban,1,Interstate,1,State Highway Agency,1,Interstate,I-10,,2593,2593,32.20153611,32.20153611,-110.979261100,-110.97926111,0,No Special Jurisdiction,1,Rollover/Overturn,0,The First Harmful Event was Not a Collision with a Motor Vehicle in Transport,0,No,1,Non-Junction,1,Not an Intersection,0,None,,,1,On Roadway,1,Daylight,1,Clear,0,No Additional Atmospheric Conditions,1,Clear,0,No,0000000,Not Applicable,8,8:00am-8:59am,40,40,8,8:00am-8:59am,44,44,9,9:00am-9:59am,3,3,0,None,0,None,0,None,1,0
2019,4,40312,Arizona,2,2,0,0,0,2,2,25,YAVAPAI (25),65,CAMP VERDE,2,2,5,May,2019,5,Thursday,12,12:00pm-12:59pm,36,36,0,This section IS NOT on the NHS,2,Urban,5,Major Collector,3,Town or Township Highway Agency,5,Local Street - Township,MONTEZUMA CASTLE HWY,,0,None,34.60843611,34.60843611,-111.860305600,-111.86030556,0,No Special Jurisdiction,12,Motor Vehicle In-Transport,7,Sideswipe - Same Direction,0,No,1,Non-Junction,1,Not an Intersection,0,None,,,1,On Roadway,1,Daylight,1,Clear,0,No Additional Atmospheric Conditions,1,Clear,0,No,0000000,Not Applicable,12,12:00pm-12:59pm,39,39,12,12:00pm-12:59pm,46,46,13,1:00pm-1:59pm,50,50,0,None,0,None,0,None,1,0
2019,4,40313,Arizona,1,1,0,0,0,2,2,19,PIMA (19),530,TUCSON,2,2,5,May,2019,5,Thursday,14,2:00pm-2:59pm,59,59,0,This section IS NOT on the NHS,2,Urban,5,Major Collector,4,City or Municipal Highway Agency,6,Local Street - Municipality,FONTANA AVE,,0,None,32.26233889,32.26233889,-110.967772200,-110.96777222,0,No Special Jurisdiction,33,Curb,0,The First Harmful Event was Not a Collision with a Motor Vehicle in Transport,0,No,1,Non-Junction,1,Not an Intersection,0,None,,,4,On Roadside,1,Daylight,1,Clear,0,No Additional Atmospheric Conditions,1,Clear,0,No,0000000,Not Applicable,14,2:00pm-2:59pm,59,59,15,3:00pm-3:59pm,0,0,15,3:00pm-3:59pm,30,30,0,None,0,None,0,None,1,1
2019,4,40314,Arizona,2,2,0,0,0,6,6,15,MOHAVE (15),0,NOT APPLICABLE,3,3,5,May,2019,6,Friday,11,11:00am-11:59am,3,3,1,This section IS ON the NHS,1,Rural,1,Interstate,1,State Highway Agency,1,Interstate,I-15,,130,130,36.92145833,36.92145833,-113.857788900,-113.85778889,0,No Special Jurisdiction,54,"Motor Vehicle In-Transport Strikes or is Struck by Cargo, Persons or Objects Set-in-Motion from/by Another Motor Vehicle In Transport",11,Other,0,No,1,Non-Junction,1,Not an Intersection,0,None,,,1,On Roadway,1,Daylight,1,Clear,0,No Additional Atmospheric Conditions,1,Clear,0,No,0000000,Not Applicable,11,11:00am-11:59am,4,4,11,11:00am-11:59am,27,27,12,12:00pm-12:59pm,51,51,14,"Motor Vehicle struck by falling cargo,or something that came loose from or something that was set in motion by a vehicle",0,None,0,None,1,0
2019,4,40315,Arizona,1,1,0,0,0,3,3,23,SANTA CRUZ (23),392,RIO RICO,4,4,5,May,2019,7,Saturday,14,2:00pm-2:59pm,35,35,1,This section IS ON the NHS,2,Urban,1,Interstate,1,State Highway Agency,1,Interstate,I-19,,80,80,31.43642778,31.43642778,-110.965650000,-110.965650000,0,No Special Jurisdiction,42,Tree (Standing Only),0,The First Harmful Event was Not a Collision with a Motor Vehicle in Transport,0,No,1,Non-Junction,1,Not an Intersection,0,None,,,3,On Median,1,Daylight,1,Clear,0,No Additional Atmospheric Conditions,1,Clear,0,No,0000000,Not Applicable,14,2:00pm-2:59pm,23,23,14,2:00pm-2:59pm,28,28,99,Unknown,99,Unknown EMS Hospital Arrival Time,24,Unstabilized Situation Began and All Harmful Events Occurred Off of the Roadway,0,None,0,None,1,0
2019,4,40316,Arizona,2,2,0,0,0,3,3,25,YAVAPAI (25),0,NOT APPLICABLE,4,4,5,May,2019,7,Saturday,23,11:00pm-11:59pm,20,20,1,This section IS ON the NHS,1,Rural,1,Interstate,1,State Highway Agency,1,Interstate,I-17,,616,616,34.24471944,34.24471944,-112.111991700,-112.11199167,0,No Special Jurisdiction,12,Motor Vehicle In-Transport,7,Sideswipe - Same Direction,0,No,1,Non-Junction,1,Not an Intersection,0,None,,,1,On Roadway,2,Dark - Not Lighted,1,Clear,0,No Additional Atmospheric Conditions,1,Clear,0,No,0000000,Not Applicable,23,11:00pm-11:59pm,23,23,23,11:00pm-11:59pm,40,40,1,1:00am-1:59am,15,15,0,None,0,None,0,None,1,1
2019,4,40317,Arizona,2,2,0,0,0,5,5,19,PIMA (19),219,GREEN VALLEY,5,5,5,May,2019,1,Sunday,0,0:00am-0:59am,45,45,1,This section IS ON the NHS,2,Urban,1,Interstate,1,State Highway Agency,1,Interstate,I-19,,380,380,31.83216944,31.83216944,-111.000361100,-111.00036111,0,No Special Jurisdiction,12,Motor Vehicle In-Transport,2,Front-to-Front,0,No,1,Non-Junction,1,Not an Intersection,0,None,,,1,On Roadway,3,Dark - Lighted,1,Clear,0,No Additional Atmospheric Conditions,1,Clear,0,No,0000000,Not Applicable,0,0:00am-0:59am,48,48,1,1:00am-1:59am,1,1,99,Unknown,99,Unknown EMS Hospital Arrival Time,0,None,0,None,0,None,4,1
2019,4,40318,Arizona,1,1,0,0,0,1,1,19,PIMA (19),0,NOT APPLICABLE,5,5,5,May,2019,1,Sunday,5,5:00am-5:59am,43,43,0,This section IS NOT on the NHS,2,Urban,3,Principal Arterial - Other,4,City or Municipal Highway Agency,6,Local Street - Municipality,RIVER RD,,0,None,32.30656111,32.30656111,-111.022461100,-111.02246111,0,No Special Jurisdiction,42,Tree (Standing Only),0,The First Harmful Event was Not a Collision with a Motor Vehicle in Transport,0,No,1,Non-Junction,1,Not an Intersection,0,None,,,3,On Median,1,Daylight,1,Clear,0,No Additional Atmospheric Conditions,1,Clear,0,No,0000000,Not Applicable,5,5:00am-5:59am,44,44,5,5:00am-5:59am,51,51,88,Not Applicable (Not Transported),88,Not Applicable (Not Transported),0,None,0,None,0,None,1,0
2019,4,40319,Arizona,1,1,0,0,0,2,2,13,MARICOPA (13),290,MESA,5,5,5,May,2019,1,Sunday,14,2:00pm-2:59pm,17,17,1,This section IS ON the NHS,2,Urban,2,Principal Arterial - Other Freeways and Expressways,1,State Highway Agency,2,U.S. Highway,US-60 C1-RAMP,,1587,1587,33.38956111,33.38956111,-111.646655600,-111.64665556,0,No Special Jurisdiction,25,Concrete Traffic Barrier,0,The First Harmful Event was Not a Collision with a Motor Vehicle in Transport,0,No,5,Entrance/Exit Ramp Related,1,Not an Intersection,0,None,,,4,On Roadside,1,Daylight,10,Cloudy,0,No Additional Atmospheric Conditions,10,Cloudy,0,No,0000000,Not Applicable,14,2:00pm-2:59pm,18,18,14,2:00pm-2:59pm,26,26,88,Not Applicable (Not Transported),88,Not Applicable (Not Transported),0,None,0,None,0,None,1,1