caseyear,state,st_case,statename,ve_total,ve_forms,pvh_invl,peds,pernotmvit,permvit,persons,county,countyname,city,cityname,day,dayname,month,monthname,year,day_week,day_weekname,hour,hourname,minute,minutename,nhs,nhsname,rur_urb,rur_urbname,func_sys,func_sysname,rd_owner,rd_ownername,route,routename,tway_id,tway_id2,milept,mileptname,latitude,latitudename,longitud,longitudname,sp_jur,sp_jurname,harm_ev,harm_evname,man_coll,man_collname,reljct1,reljct1name,reljct2,reljct2name,typ_int,typ_intname,wrk_zone,wrk_zonename,road_fnc,road_fncname,rel_road,rel_roadname,lgt_cond,lgt_condname,weather1,weather1name,weather2,weather2name,weather,weathername,sch_bus,sch_busname,rail,railname,not_hour,not_hourname,not_min,not_minname,arr_hour,arr_hourname,arr_min,arr_minname,hosp_hr,hosp_hrname,hosp_mn,hosp_mnname,cf1,cf1name,cf2,cf2name,cf3,cf3name,fatals,drunk_dr
2019,4,40361,Arizona,1,1,0,0,0,2,2,13,MARICOPA (13),0,NOT APPLICABLE,10,10,6,June,2019,2,Monday,13,1:00pm-1:59pm,30,30,1,This section IS ON the NHS,1,Rural,1,Interstate,1,State Highway Agency,1,Interstate,I-10,,1110,1110,33.43583611,33.43583611,-112.662922200,-112.66292222,0,No Special Jurisdiction,1,Rollover/Overturn,0,The First Harmful Event was Not a Collision with a Motor Vehicle in Transport,0,No,1,Non-Junction,1,Not an Intersection,0,None,,,4,On Roadside,1,Daylight,1,Clear,0,No Additional Atmospheric Conditions,1,Clear,0,No,0000000,Not Applicable,13,1:00pm-1:59pm,31,31,13,1:00pm-1:59pm,32,32,99,Unknown,99,Unknown EMS Hospital Arrival Time,0,None,0,None,0,None,1,0
2019,4,40362,Arizona,2,1,1,2,2,1,1,19,PIMA (19),530,TUCSON,10,10,6,June,2019,2,Monday,21,9:00pm-9:59pm,50,50,1,This section IS ON the NHS,2,Urban,3,Principal Arterial - Other,1,State Highway Agency,3,State Highway,SR-77,SIMMONS RD,99999,Unknown,32.27517500,32.27517500,-110.977986100,-110.97798611,0,No Special Jurisdiction,8,Pedestrian,0,The First Harmful Event was Not a Collision with a Motor Vehicle in Transport,0,No,3,Intersection-Related,3,T-Intersection,0,None,,,4,On Roadside,3,Dark - Lighted,1,Clear,0,No Additional Atmospheric Conditions,1,Clear,0,No,0000000,Not Applicable,21,9:00pm-9:59pm,50,50,21,9:00pm-9:59pm,55,55,22,10:00pm-10:59pm,11,11,24,Unstabilized Situation Began and All Harmful Events Occurred Off of the Roadway,20,Police Pursuit Involved,0,None,2,0
2019,4,40363,Arizona,2,2,0,0,0,3,3,19,PIMA (19),93,CATALINA,11,11,6,June,2019,3,Tuesday,15,3:00pm-3:59pm,33,33,1,This section IS ON the NHS,2,Urban,3,Principal Arterial - Other,1,State Highway Agency,3,State Highway,SR-77,GOLDER RANCH DR,169,169,32.48163611,32.48163611,-110.921719400,-110.92171944,0,No Special Jurisdiction,12,Motor Vehicle In-Transport,2,Front-to-Front,0,No,2,Intersection,3,T-Intersection,0,None,,,1,On Roadway,1,Daylight,1,Clear,0,No Additional Atmospheric Conditions,1,Clear,0,No,0000000,Not Applicable,15,3:00pm-3:59pm,36,36,15,3:00pm-3:59pm,40,40,16,4:00pm-4:59pm,15,15,0,None,0,None,0,None,1,0
2019,4,40364,Arizona,1,1,0,0,0,1,1,13,MARICOPA (13),220,GOODYEAR,11,11,6,June,2019,3,Tuesday,20,8:00pm-8:59pm,40,40,0,This section IS NOT on the NHS,2,Urban,7,Local,4,City or Municipal Highway Agency,6,Local Street - Municipality,THOMAS RD,144TH AVE,0,None,33.47705000,33.47705000,-112.367466700,-112.36746667,0,No Special Jurisdiction,33,Curb,0,The First Harmful Event was Not a Collision with a Motor Vehicle in Transport,0,No,3,Intersection-Related,3,T-Intersection,0,None,,,4,On Roadside,3,Dark - Lighted,1,Clear,0,No Additional Atmospheric Conditions,1,Clear,0,No,0000000,Not Applicable,20,8:00pm-8:59pm,42,42,20,8:00pm-8:59pm,46,46,21,9:00pm-9:59pm,5,5,0,None,0,None,0,None,1,1
2019,4,40365,Arizona,1,1,0,1,1,2,2,19,PIMA (19),530,TUCSON,13,13,6,June,2019,5,Thursday,23,11:00pm-11:59pm,41,41,0,This section IS NOT on the NHS,2,Urban,3,Principal Arterial - Other,4,City or Municipal Highway Agency,6,Local Street - Municipality,22ND ST,,0,None,32.20704444,32.20704444,-110.886702800,-110.88670278,0,No Special Jurisdiction,15,Non-Motorist on Personal Conveyance,0,The First Harmful Event was Not a Collision with a Motor Vehicle in Transport,0,No,1,Non-Junction,1,Not an Intersection,0,None,,,1,On Roadway,3,Dark - Lighted,1,Clear,0,No Additional Atmospheric Conditions,1,Clear,0,No,0000000,Not Applicable,23,11:00pm-11:59pm,41,41,23,11:00pm-11:59pm,42,42,88,Not Applicable (Not Transported),88,Not Applicable (Not Transported),0,None,0,None,0,None,1,1
2019,4,40366,Arizona,1,1,0,0,0,3,3,5,COCONINO (5),0,NOT APPLICABLE,16,16,6,June,2019,1,Sunday,13,1:00pm-1:59pm,27,27,0,This section IS NOT on the NHS,1,Rural,5,Major Collector,1,State Highway Agency,2,U.S. Highway,US-180,,83,83,35.27570556,35.27570556,-111.744519400,-111.74451944,0,No Special Jurisdiction,43,Other Fixed Object,0,The First Harmful Event was Not a Collision with a Motor Vehicle in Transport,0,No,1,Non-Junction,1,Not an Intersection,0,None,,,4,On Roadside,1,Daylight,1,Clear,0,No Additional Atmospheric Conditions,1,Clear,0,No,0000000,Not Applicable,13,1:00pm-1:59pm,28,28,13,1:00pm-1:59pm,35,35,13,1:00pm-1:59pm,53,53,0,None,0,None,0,None,1,0
2019,4,40367,Arizona,1,1,0,1,1,1,1,19,PIMA (19),530,TUCSON,17,17,6,June,2019,2,Monday,23,11:00pm-11:59pm,10,10,0,This section IS NOT on the NHS,2,Urban,4,Minor Arterial,4,City or Municipal Highway Agency,6,Local Street - Municipality,SPEEDWAY BLVD,MAIN AVE,0,None,32.23576389,32.23576389,-110.977897200,-110.97789722,0,No Special Jurisdiction,8,Pedestrian,0,The First Harmful Event was Not a Collision with a Motor Vehicle in Transport,0,No,3,Intersection-Related,2,Four-Way Intersection,0,None,,,1,On Roadway,3,Dark - Lighted,1,Clear,0,No Additional Atmospheric Conditions,1,Clear,0,No,0000000,Not Applicable,23,11:00pm-11:59pm,10,10,23,11:00pm-11:59pm,11,11,23,11:00pm-11:59pm,26,26,0,None,0,None,0,None,1,0
2019,4,40368,Arizona,1,1,0,0,0,1,1,19,PIMA (19),0,NOT APPLICABLE,20,20,6,June,2019,5,Thursday,11,11:00am-11:59am,39,39,0,This section IS NOT on the NHS,1,Rural,5,Major Collector,1,State Highway Agency,3,State Highway,SR-386,,80,80,31.95154722,31.95154722,-111.627444400,-111.62744444,3,Indian Reservation,33,Curb,0,The First Harmful Event was Not a Collision with a Motor Vehicle in Transport,0,No,1,Non-Junction,1,Not an Intersection,0,None,,,4,On Roadside,1,Daylight,1,Clear,0,No Additional Atmospheric Conditions,1,Clear,0,No,0000000,Not Applicable,99,Unknown,98,Unknown if Notified,99,Unknown EMS Scene Arrival Hour,98,Unknown if Arrived,88,Not Applicable (Not Transported),88,Not Applicable (Not Transported),0,None,0,None,0,None,1,1
2019,4,40369,Arizona,2,2,0,0,0,3,3,5,COCONINO (5),170,FLAGSTAFF,20,20,6,June,2019,5,Thursday,15,3:00pm-3:59pm,34,34,1,This section IS ON the NHS,2,Urban,1,Interstate,1,State Highway Agency,1,Interstate,I-40,,2038,2038,35.21070556,35.21070556,-111.524700000,-111.524700000,0,No Special Jurisdiction,12,Motor Vehicle In-Transport,1,Front-to-Rear,0,No,1,Non-Junction,1,Not an Intersection,4,"Work Zone, Type Unknown",,,1,On Roadway,1,Daylight,1,Clear,0,No Additional Atmospheric Conditions,1,Clear,0,No,0000000,Not Applicable,15,3:00pm-3:59pm,36,36,15,3:00pm-3:59pm,40,40,88,Not Applicable (Not Transported),88,Not Applicable (Not Transported),0,None,0,None,0,None,1,0
2019,4,40370,Arizona,1,1,0,0,0,1,1,21,PINAL (21),297,MARICOPA WELLS,22,22,6,June,2019,7,Saturday,2,2:00am-2:59am,22,22,0,This section IS NOT on the NHS,1,Rural,4,Minor Arterial,4,City or Municipal Highway Agency,6,Local Street - Municipality,MARICOPA-CASA GRANDE HWY,,0,None,33.02943611,33.02943611,-112.003825000,-112.003825000,0,No Special Jurisdiction,30,Utility Pole/Light Support,0,The First Harmful Event was Not a Collision with a Motor Vehicle in Transport,0,No,1,Non-Junction,1,Not an Intersection,0,None,,,4,On Roadside,2,Dark - Not Lighted,1,Clear,0,No Additional Atmospheric Conditions,1,Clear,0,No,0000000,Not Applicable,2,2:00am-2:59am,22,22,2,2:00am-2:59am,32,32,88,Not Applicable (Not Transported),88,Not Applicable (Not Transported),0,None,0,None,0,None,1,0
2019,4,40371,Arizona,1,1,0,0,0,5,5,19,PIMA (19),295,MARANA,22,22,6,June,2019,7,Saturday,6,6:00am-6:59am,4,4,1,This section IS ON the NHS,1,Rural,1,Interstate,1,State Highway Agency,1,Interstate,I-10,,2353,2353,32.47115278,32.47115278,-111.229369400,-111.22936944,0,No Special Jurisdiction,1,Rollover/Overturn,0,The First Harmful Event was Not a Collision with a Motor Vehicle in Transport,0,No,1,Non-Junction,1,Not an Intersection,0,None,,,3,On Median,1,Daylight,1,Clear,0,No Additional Atmospheric Conditions,1,Clear,0,No,0000000,Not Applicable,6,6:00am-6:59am,4,4,6,6:00am-6:59am,13,13,99,Unknown,99,Unknown EMS Hospital Arrival Time,0,None,0,None,0,None,1,0
2019,4,40372,Arizona,2,2,0,0,0,2,2,13,MARICOPA (13),290,MESA,21,21,6,June,2019,6,Friday,23,11:00pm-11:59pm,42,42,0,This section IS NOT on the NHS,2,Urban,3,Principal Arterial - Other,4,City or Municipal Highway Agency,6,Local Street - Municipality,DOBSON RD,,0,None,33.39688333,33.39688333,-111.874630600,-111.87463056,0,No Special Jurisdiction,12,Motor Vehicle In-Transport,2,Front-to-Front,0,No,1,Non-Junction,1,Not an Intersection,0,None,,,1,On Roadway,3,Dark - Lighted,1,Clear,0,No Additional Atmospheric Conditions,1,Clear,0,No,0000000,Not Applicable,99,Unknown,99,Unknown,99,Unknown EMS Scene Arrival Hour,99,Unknown EMS Scene Arrival Minutes,99,Unknown,99,Unknown EMS Hospital Arrival Time,0,None,0,None,0,None,1,0
2019,4,40373,Arizona,1,1,0,0,0,3,3,15,MOHAVE (15),0,NOT APPLICABLE,22,22,6,June,2019,7,Saturday,14,2:00pm-2:59pm,9,9,1,This section IS ON the NHS,1,Rural,1,Interstate,1,State Highway Agency,1,Interstate,I-40,,690,690,35.16692500,35.16692500,-113.748433300,-113.74843333,0,No Special Jurisdiction,1,Rollover/Overturn,0,The First Harmful Event was Not a Collision with a Motor Vehicle in Transport,0,No,1,Non-Junction,1,Not an Intersection,0,None,,,3,On Median,1,Daylight,1,Clear,0,No Additional Atmospheric Conditions,1,Clear,0,No,0000000,Not Applicable,14,2:00pm-2:59pm,12,12,14,2:00pm-2:59pm,24,24,99,Unknown,99,Unknown EMS Hospital Arrival Time,0,None,0,None,0,None,1,0
2019,4,40374,Arizona,2,2,0,0,0,2,2,25,YAVAPAI (25),0,NOT APPLICABLE,22,22,6,June,2019,7,Saturday,15,3:00pm-3:59pm,27,27,0,This section IS NOT on the NHS,1,Rural,4,Minor Arterial,1,State Highway Agency,3,State Highway,SR-89,,819,819,34.92521111,34.92521111,-112.449613900,-112.44961389,0,No Special Jurisdiction,12,Motor Vehicle In-Transport,2,Front-to-Front,0,No,1,Non-Junction,1,Not an Intersection,0,None,,,1,On Roadway,1,Daylight,1,Clear,0,No Additional Atmospheric Conditions,1,Clear,0,No,0000000,Not Applicable,15,3:00pm-3:59pm,27,27,15,3:00pm-3:59pm,31,31,99,Unknown,99,Unknown EMS Hospital Arrival Time,0,None,0,None,0,None,1,0
2019,4,40375,Arizona,1,1,0,0,0,2,2,15,MOHAVE (15),0,NOT APPLICABLE,22,22,6,June,2019,7,Saturday,16,4:00pm-4:59pm,14,14,0,This section IS NOT on the NHS,1,Rural,5,Major Collector,1,State Highway Agency,3,State Highway,SR-66,,216,216,35.40245556,35.40245556,-113.763055600,-113.76305556,0,No Special Jurisdiction,41,Shrubbery,0,The First Harmful Event was Not a Collision with a Motor Vehicle in Transport,0,No,1,Non-Junction,1,Not an Intersection,0,None,,,4,On Roadside,1,Daylight,1,Clear,0,No Additional Atmospheric Conditions,1,Clear,0,No,0000000,Not Applicable,16,4:00pm-4:59pm,16,16,16,4:00pm-4:59pm,35,35,99,Unknown,99,Unknown EMS Hospital Arrival Time,0,None,0,None,0,None,1,1
2019,4,40376,Arizona,1,1,0,0,0,1,1,25,YAVAPAI (25),0,NOT APPLICABLE,23,23,6,June,2019,1,Sunday,10,10:00am-10:59am,28,28,1,This section IS ON the NHS,1,Rural,3,Principal Arterial - Other,1,State Highway Agency,3,State Highway,SR-89A,,479,479,34.83965556,34.83965556,-111.869369400,-111.86936944,0,No Special Jurisdiction,41,Shrubbery,0,The First Harmful Event was Not a Collision with a Motor Vehicle in Transport,0,No,1,Non-Junction,1,Not an Intersection,0,None,,,4,On Roadside,1,Daylight,1,Clear,0,No Additional Atmospheric Conditions,1,Clear,0,No,0000000,Not Applicable,10,10:00am-10:59am,28,28,10,10:00am-10:59am,35,35,88,Not Applicable (Not Transported),88,Not Applicable (Not Transported),0,None,0,None,0,None,1,0
2019,4,40377,Arizona,1,1,0,0,0,1,1,3,COCHISE (3),0,NOT APPLICABLE,23,23,6,June,2019,1,Sunday,19,7:00pm-7:59pm,38,38,0,This section IS NOT on the NHS,1,Rural,4,Minor Arterial,1,State Highway Agency,3,State Highway,SR-80,,314,314,31.61962500,31.61962500,-110.051586100,-110.05158611,0,No Special Jurisdiction,1,Rollover/Overturn,0,The First Harmful Event was Not a Collision with a Motor Vehicle in Transport,0,No,1,Non-Junction,1,Not an Intersection,0,None,,,4,On Roadside,2,Dark - Not Lighted,1,Clear,0,No Additional Atmospheric Conditions,1,Clear,0,No,0000000,Not Applicable,19,7:00pm-7:59pm,38,38,19,7:00pm-7:59pm,45,45,21,9:00pm-9:59pm,40,40,0,None,0,None,0,None,1,1
2019,4,40378,Arizona,1,1,0,0,0,1,1,13,MARICOPA (13),490,TEMPE,23,23,6,June,2019,1,Sunday,22,10:00pm-10:59pm,32,32,1,This section IS ON the NHS,2,Urban,2,Principal Arterial - Other Freeways and Expressways,1,State Highway Agency,3,State Highway,SR-101 RAMP,,548,548,33.35905556,33.35905556,-111.894358300,-111.89435833,0,No Special Jurisdiction,25,Concrete Traffic Barrier,0,The First Harmful Event was Not a Collision with a Motor Vehicle in Transport,0,No,5,Entrance/Exit Ramp Related,1,Not an Intersection,0,None,,,3,On Median,3,Dark - Lighted,1,Clear,0,No Additional Atmospheric Conditions,1,Clear,0,No,0000000,Not Applicable,22,10:00pm-10:59pm,34,34,22,10:00pm-10:59pm,42,42,23,11:00pm-11:59pm,4,4,0,None,0,None,0,None,1,0
2019,4,40380,Arizona,1,1,0,1,1,1,1,19,PIMA (19),530,TUCSON,27,27,6,June,2019,5,Thursday,15,3:00pm-3:59pm,50,50,1,This section IS ON the NHS,2,Urban,3,Principal Arterial - Other,1,State Highway Agency,3,State Highway,SR-77,FORT LOWELL RD,15,15,32.26472778,32.26472778,-110.977963900,-110.97796389,0,No Special Jurisdiction,8,Pedestrian,0,The First Harmful Event was Not a Collision with a Motor Vehicle in Transport,0,No,3,Intersection-Related,2,Four-Way Intersection,0,None,,,1,On Roadway,1,Daylight,1,Clear,0,No Additional Atmospheric Conditions,1,Clear,0,No,0000000,Not Applicable,15,3:00pm-3:59pm,50,50,15,3:00pm-3:59pm,51,51,88,Not Applicable (Not Transported),88,Not Applicable (Not Transported),0,None,0,None,0,None,1,0
2019,4,40381,Arizona,1,1,0,1,1,1,1,13,MARICOPA (13),290,MESA,27,27,6,June,2019,5,Thursday,19,7:00pm-7:59pm,15,15,0,This section IS NOT on the NHS,2,Urban,7,Local,4,City or Municipal Highway Agency,6,Local Street - Municipality,GLADE CIR,,0,None,33.39155556,33.39155556,-111.767513900,-111.76751389,0,No Special Jurisdiction,9,Pedalcyclist,0,The First Harmful Event was Not a Collision with a Motor Vehicle in Transport,0,No,1,Non-Junction,1,Not an Intersection,0,None,,,1,On Roadway,1,Daylight,1,Clear,0,No Additional Atmospheric Conditions,1,Clear,0,No,0000000,Not Applicable,99,Unknown,99,Unknown,99,Unknown EMS Scene Arrival Hour,99,Unknown EMS Scene Arrival Minutes,88,Not Applicable (Not Transported),88,Not Applicable (Not Transported),0,None,0,None,0,None,1,0
2019,4,40382,Arizona,1,1,0,0,0,2,2,13,MARICOPA (13),370,PHOENIX,27,27,6,June,2019,5,Thursday,23,11:00pm-11:59pm,10,10,0,This section IS NOT on the NHS,2,Urban,4,Minor Arterial,4,City or Municipal Highway Agency,6,Local Street - Municipality,DURANGO ST,35TH AVE,0,None,33.42963611,33.42963611,-112.134586100,-112.13458611,0,No Special Jurisdiction,33,Curb,0,The First Harmful Event was Not a Collision with a Motor Vehicle in Transport,0,No,3,Intersection-Related,3,T-Intersection,0,None,,,4,On Roadside,3,Dark - Lighted,1,Clear,0,No Additional Atmospheric Conditions,1,Clear,0,No,0000000,Not Applicable,99,Unknown,99,Unknown,99,Unknown EMS Scene Arrival Hour,99,Unknown EMS Scene Arrival Minutes,88,Not Applicable (Not Transported),88,Not Applicable (Not Transported),0,None,0,None,0,None,1,1
2019,4,40383,Arizona,1,1,0,0,0,1,1,1,APACHE (1),280,MCNARY,28,28,6,June,2019,6,Friday,22,10:00pm-10:59pm,21,21,0,This section IS NOT on the NHS,1,Rural,5,Major Collector,1,State Highway Agency,3,State Highway,SR-260,,1813,1813,34.07326667,34.07326667,-109.832288900,-109.83228889,0,No Special Jurisdiction,1,Rollover/Overturn,0,The First Harmful Event was Not a Collision with a Motor Vehicle in Transport,0,No,1,Non-Junction,1,Not an Intersection,0,None,,,4,On Roadside,2,Dark - Not Lighted,1,Clear,0,No Additional Atmospheric Conditions,1,Clear,0,No,0000000,Not Applicable,22,10:00pm-10:59pm,3,3,22,10:00pm-10:59pm,15,15,88,Not Applicable (Not Transported),88,Not Applicable (Not Transported),0,None,0,None,0,None,1,0
2019,4,40385,Arizona,1,1,0,0,0,2,2,7,GILA (7),0,NOT APPLICABLE,29,29,6,June,2019,7,Saturday,9,9:00am-9:59am,1,1,1,This section IS ON the NHS,1,Rural,3,Principal Arterial - Other,1,State Highway Agency,3,State Highway,SR-87,,1155,1155,33.99677500,33.99677500,-111.364972200,-111.36497222,0,No Special Jurisdiction,24,Guardrail Face,0,The First Harmful Event was Not a Collision with a Motor Vehicle in Transport,0,No,1,Non-Junction,1,Not an Intersection,0,None,,,4,On Roadside,1,Daylight,10,Cloudy,0,No Additional Atmospheric Conditions,10,Cloudy,0,No,0000000,Not Applicable,9,9:00am-9:59am,3,3,9,9:00am-9:59am,25,25,10,10:00am-10:59am,10,10,0,None,0,None,0,None,1,0
2019,4,40386,Arizona,1,1,0,0,0,1,1,5,COCONINO (5),0,NOT APPLICABLE,29,29,6,June,2019,7,Saturday,11,11:00am-11:59am,33,33,0,This section IS NOT on the NHS,1,Rural,5,Major Collector,1,State Highway Agency,2,U.S. Highway,US-180,,122,122,35.32534722,35.32534722,-111.773183300,-111.77318333,0,No Special Jurisdiction,17,Boulder,0,The First Harmful Event was Not a Collision with a Motor Vehicle in Transport,0,No,1,Non-Junction,1,Not an Intersection,0,None,,,4,On Roadside,1,Daylight,1,Clear,0,No Additional Atmospheric Conditions,1,Clear,0,No,0000000,Not Applicable,11,11:00am-11:59am,34,34,11,11:00am-11:59am,54,54,88,Not Applicable (Not Transported),88,Not Applicable (Not Transported),0,None,0,None,0,None,1,0
2019,4,40387,Arizona,2,2,0,0,0,3,3,19,PIMA (19),0,NOT APPLICABLE,29,29,6,June,2019,7,Saturday,20,8:00pm-8:59pm,1,1,0,This section IS NOT on the NHS,1,Rural,5,Major Collector,2,County Highway Agency,4,County Road,CR-ROLLER COASTER RD,,0,None,32.30479444,32.30479444,-110.988075000,-110.988075000,0,No Special Jurisdiction,12,Motor Vehicle In-Transport,2,Front-to-Front,0,No,1,Non-Junction,1,Not an Intersection,0,None,,,1,On Roadway,2,Dark - Not Lighted,1,Clear,0,No Additional Atmospheric Conditions,1,Clear,0,No,0000000,Not Applicable,20,8:00pm-8:59pm,1,1,99,Unknown EMS Scene Arrival Hour,99,Unknown EMS Scene Arrival Minutes,99,Unknown,99,Unknown EMS Hospital Arrival Time,0,None,0,None,0,None,2,2
2019,4,40388,Arizona,1,1,0,0,0,6,6,13,MARICOPA (13),0,NOT APPLICABLE,30,30,6,June,2019,1,Sunday,17,5:00pm-5:59pm,25,25,1,This section IS ON the NHS,1,Rural,1,Interstate,1,State Highway Agency,1,Interstate,I-10,,740,740,33.55674167,33.55674167,-113.270486100,-113.27048611,0,No Special Jurisdiction,1,Rollover/Overturn,0,The First Harmful Event was Not a Collision with a Motor Vehicle in Transport,0,No,1,Non-Junction,1,Not an Intersection,0,None,,,3,On Median,1,Daylight,1,Clear,0,No Additional Atmospheric Conditions,1,Clear,0,No,0000000,Not Applicable,17,5:00pm-5:59pm,28,28,17,5:00pm-5:59pm,47,47,99,Unknown,99,Unknown EMS Hospital Arrival Time,0,None,0,None,0,None,2,0
2019,4,40389,Arizona,1,1,0,0,0,2,2,19,PIMA (19),530,TUCSON,24,24,4,April,2019,4,Wednesday,99,Unknown Hours,99,Unknown Minutes,1,This section IS ON the NHS,2,Urban,3,Principal Arterial - Other,1,State Highway Agency,6,Local Street - Municipality,MISSION RD,SR-86,0,None,32.17791389,32.17791389,-111.003241700,-111.00324167,0,No Special Jurisdiction,99,Reported as Unknown,99,Reported as Unknown,0,No,99,Reported as Unknown,99,Reported as Unknown,0,None,,,99,Reported as Unknown,9,Reported as Unknown,99,Reported as Unknown,0,No Additional Atmospheric Conditions,99,Reported as Unknown,0,No,0000000,Not Applicable,99,Unknown,99,Unknown,99,Unknown EMS Scene Arrival Hour,99,Unknown EMS Scene Arrival Minutes,99,Unknown,99,Unknown EMS Hospital Arrival Time,99,Reported as Unknown,99,Reported as Unknown,99,Reported as Unknown,1,0
2019,4,40390,Arizona,1,1,0,0,0,2,2,1,APACHE (1),0,NOT APPLICABLE,29,29,4,April,2019,2,Monday,21,9:00pm-9:59pm,30,30,0,This section IS NOT on the NHS,1,Rural,5,Major Collector,62,Bureau of Indian Affairs,8,Other,BIA 15,,0,None,35.58470000,35.58470000,-109.768522200,-109.76852222,3,Indian Reservation,99,Reported as Unknown,99,Reported as Unknown,0,No,99,Reported as Unknown,99,Reported as Unknown,0,None,,,99,Reported as Unknown,9,Reported as Unknown,99,Reported as Unknown,0,No Additional Atmospheric Conditions,99,Reported as Unknown,0,No,0000000,Not Applicable,99,Unknown,99,Unknown,99,Unknown EMS Scene Arrival Hour,99,Unknown EMS Scene Arrival Minutes,99,Unknown,99,Unknown EMS Hospital Arrival Time,99,Reported as Unknown,99,Reported as Unknown,99,Reported as Unknown,1,0
2019,4,40391,Arizona,1,1,0,1,1,1,1,13,MARICOPA (13),0,NOT APPLICABLE,1,1,5,May,2019,4,Wednesday,14,2:00pm-2:59pm,16,16,0,This section IS NOT on the NHS,2,Urban,7,Local,4,City or Municipal Highway Agency,6,Local Street - Municipality,CORALBELL RD,,0,None,33.40420833,33.40420833,-111.629163900,-111.62916389,0,No Special Jurisdiction,8,Pedestrian,0,The First Harmful Event was Not a Collision with a Motor Vehicle in Transport,0,No,1,Non-Junction,1,Not an Intersection,4,"Work Zone, Type Unknown",,,2,On Shoulder,1,Daylight,1,Clear,0,No Additional Atmospheric Conditions,1,Clear,0,No,0000000,Not Applicable,14,2:00pm-2:59pm,17,17,14,2:00pm-2:59pm,32,32,15,3:00pm-3:59pm,0,0,0,None,0,None,0,None,1,0
2019,4,40392,Arizona,1,1,0,0,0,2,2,19,PIMA (19),0,NOT APPLICABLE,4,4,5,May,2019,7,Saturday,23,11:00pm-11:59pm,35,35,0,This section IS NOT on the NHS,1,Rural,4,Minor Arterial,1,State Highway Agency,3,State Highway,SR-86,,429,429,32.12046944,32.12046944,-112.081866700,-112.08186667,0,No Special Jurisdiction,1,Rollover/Overturn,0,The First Harmful Event was Not a Collision with a Motor Vehicle in Transport,0,No,1,Non-Junction,1,Not an Intersection,0,None,,,4,On Roadside,6,Dark - Unknown Lighting,1,Clear,0,No Additional Atmospheric Conditions,1,Clear,0,No,0000000,Not Applicable,23,11:00pm-11:59pm,45,45,0,0:00am-0:59am,7,7,99,Unknown,99,Unknown EMS Hospital Arrival Time,0,None,0,None,0,None,1,1
2019,4,40393,Arizona,3,3,0,0,0,7,7,13,MARICOPA (13),370,PHOENIX,5,5,5,May,2019,1,Sunday,19,7:00pm-7:59pm,40,40,0,This section IS NOT on the NHS,2,Urban,4,Minor Arterial,4,City or Municipal Highway Agency,6,Local Street - Municipality,67TH AVE,,0,None,33.41807500,33.41807500,-112.203972200,-112.20397222,0,No Special Jurisdiction,12,Motor Vehicle In-Transport,98,Not Reported,0,No,1,Non-Junction,1,Not an Intersection,0,None,,,1,On Roadway,3,Dark - Lighted,10,Cloudy,0,No Additional Atmospheric Conditions,10,Cloudy,0,No,0000000,Not Applicable,19,7:00pm-7:59pm,42,42,19,7:00pm-7:59pm,47,47,20,8:00pm-8:59pm,15,15,0,None,0,None,0,None,2,0
2019,4,40394,Arizona,2,2,0,0,0,2,2,13,MARICOPA (13),370,PHOENIX,8,8,5,May,2019,4,Wednesday,20,8:00pm-8:59pm,39,39,0,This section IS NOT on the NHS,2,Urban,7,Local,4,City or Municipal Highway Agency,6,Local Street - Municipality,7TH AVE,NORTHERN AVE,0,None,33.55294167,33.55294167,-112.082538900,-112.08253889,0,No Special Jurisdiction,12,Motor Vehicle In-Transport,6,Angle,0,No,2,Intersection,2,Four-Way Intersection,0,None,,,1,On Roadway,3,Dark - Lighted,1,Clear,0,No Additional Atmospheric Conditions,1,Clear,0,No,0000000,Not Applicable,20,8:00pm-8:59pm,39,39,20,8:00pm-8:59pm,44,44,20,8:00pm-8:59pm,55,55,0,None,0,None,0,None,1,1
2019,4,40395,Arizona,2,2,0,0,0,2,2,13,MARICOPA (13),190,GILBERT,8,8,5,May,2019,4,Wednesday,15,3:00pm-3:59pm,22,22,0,This section IS NOT on the NHS,2,Urban,3,Principal Arterial - Other,4,City or Municipal Highway Agency,6,Local Street - Municipality,GUADALUPE RD,VAL VISTA DR,0,None,33.36472222,33.36472222,-111.756013900,-111.75601389,0,No Special Jurisdiction,12,Motor Vehicle In-Transport,6,Angle,0,No,2,Intersection,2,Four-Way Intersection,0,None,,,1,On Roadway,1,Daylight,10,Cloudy,0,No Additional Atmospheric Conditions,10,Cloudy,0,No,0000000,Not Applicable,15,3:00pm-3:59pm,22,22,15,3:00pm-3:59pm,28,28,15,3:00pm-3:59pm,57,57,0,None,0,None,0,None,1,0