caseyear,state,st_case,statename,ve_total,ve_forms,pvh_invl,peds,pernotmvit,permvit,persons,county,countyname,city,cityname,day,dayname,month,monthname,year,day_week,day_weekname,hour,hourname,minute,minutename,nhs,nhsname,rur_urb,rur_urbname,func_sys,func_sysname,rd_owner,rd_ownername,route,routename,tway_id,tway_id2,milept,mileptname,latitude,latitudename,longitud,longitudname,sp_jur,sp_jurname,harm_ev,harm_evname,man_coll,man_collname,reljct1,reljct1name,reljct2,reljct2name,typ_int,typ_intname,wrk_zone,wrk_zonename,road_fnc,road_fncname,rel_road,rel_roadname,lgt_cond,lgt_condname,weather1,weather1name,weather2,weather2name,weather,weathername,sch_bus,sch_busname,rail,railname,not_hour,not_hourname,not_min,not_minname,arr_hour,arr_hourname,arr_min,arr_minname,hosp_hr,hosp_hrname,hosp_mn,hosp_mnname,cf1,cf1name,cf2,cf2name,cf3,cf3name,fatals,drunk_dr
2019,4,40396,Arizona,1,1,0,1,1,1,1,19,PIMA (19),0,NOT APPLICABLE,8,8,5,May,2019,4,Wednesday,21,9:00pm-9:59pm,23,23,0,This section IS NOT on the NHS,2,Urban,3,Principal Arterial - Other,2,County Highway Agency,4,County Road,CR-SUNRISE DR,,0,None,32.30890278,32.30890278,-110.908116700,-110.90811667,0,No Special Jurisdiction,8,Pedestrian,0,The First Harmful Event was Not a Collision with a Motor Vehicle in Transport,0,No,1,Non-Junction,1,Not an Intersection,0,None,,,1,On Roadway,2,Dark - Not Lighted,1,Clear,0,No Additional Atmospheric Conditions,1,Clear,0,No,0000000,Not Applicable,99,Unknown,99,Unknown,99,Unknown EMS Scene Arrival Hour,99,Unknown EMS Scene Arrival Minutes,88,Not Applicable (Not Transported),88,Not Applicable (Not Transported),0,None,0,None,0,None,1,1
2019,4,40397,Arizona,1,1,0,0,0,4,4,21,PINAL (21),0,NOT APPLICABLE,10,10,5,May,2019,6,Friday,10,10:00am-10:59am,0,0,0,This section IS NOT on the NHS,1,Rural,5,Major Collector,2,County Highway Agency,4,County Road,CR-WHITE AND PARKER,,0,None,32.96234444,32.96234444,-111.996777800,-111.99677778,0,No Special Jurisdiction,99,Reported as Unknown,99,Reported as Unknown,0,No,99,Reported as Unknown,99,Reported as Unknown,0,None,,,99,Reported as Unknown,9,Reported as Unknown,99,Reported as Unknown,0,No Additional Atmospheric Conditions,99,Reported as Unknown,0,No,0000000,Not Applicable,99,Unknown,99,Unknown,99,Unknown EMS Scene Arrival Hour,99,Unknown EMS Scene Arrival Minutes,99,Unknown,99,Unknown EMS Hospital Arrival Time,0,None,0,None,0,None,2,0
2019,4,40398,Arizona,1,1,0,1,1,2,2,13,MARICOPA (13),370,PHOENIX,10,10,5,May,2019,6,Friday,21,9:00pm-9:59pm,5,5,0,This section IS NOT on the NHS,2,Urban,4,Minor Arterial,4,City or Municipal Highway Agency,6,Local Street - Municipality,NORTHERN AVE,,0,None,33.55313889,33.55313889,-112.136533300,-112.13653333,0,No Special Jurisdiction,8,Pedestrian,0,The First Harmful Event was Not a Collision with a Motor Vehicle in Transport,0,No,1,Non-Junction,1,Not an Intersection,0,None,,,1,On Roadway,3,Dark - Lighted,1,Clear,0,No Additional Atmospheric Conditions,1,Clear,0,No,0000000,Not Applicable,21,9:00pm-9:59pm,6,6,21,9:00pm-9:59pm,9,9,21,9:00pm-9:59pm,26,26,0,None,0,None,0,None,1,1
2019,4,40399,Arizona,1,1,0,0,0,2,2,7,GILA (7),0,NOT APPLICABLE,12,12,5,May,2019,1,Sunday,4,4:00am-4:59am,0,0,0,This section IS NOT on the NHS,1,Rural,6,Minor Collector,62,Bureau of Indian Affairs,8,Other,BIA 3,,0,None,33.26522500,33.26522500,-110.461308300,-110.46130833,0,No Special Jurisdiction,99,Reported as Unknown,99,Reported as Unknown,0,No,99,Reported as Unknown,99,Reported as Unknown,0,None,,,99,Reported as Unknown,9,Reported as Unknown,99,Reported as Unknown,0,No Additional Atmospheric Conditions,99,Reported as Unknown,0,No,0000000,Not Applicable,99,Unknown,99,Unknown,99,Unknown EMS Scene Arrival Hour,99,Unknown EMS Scene Arrival Minutes,99,Unknown,99,Unknown EMS Hospital Arrival Time,0,None,0,None,0,None,1,0
2019,4,40400,Arizona,1,1,0,1,1,1,1,17,NAVAJO (17),0,NOT APPLICABLE,14,14,5,May,2019,3,Tuesday,20,8:00pm-8:59pm,0,0,0,This section IS NOT on the NHS,1,Rural,4,Minor Arterial,1,State Highway Agency,3,State Highway,SR-260,,420,420,34.06544722,34.06544722,-109.911777800,-109.91177778,0,No Special Jurisdiction,8,Pedestrian,0,The First Harmful Event was Not a Collision with a Motor Vehicle in Transport,0,No,99,Reported as Unknown,99,Reported as Unknown,0,None,,,99,Reported as Unknown,9,Reported as Unknown,99,Reported as Unknown,0,No Additional Atmospheric Conditions,99,Reported as Unknown,0,No,0000000,Not Applicable,99,Unknown,99,Unknown,99,Unknown EMS Scene Arrival Hour,99,Unknown EMS Scene Arrival Minutes,99,Unknown,99,Unknown EMS Hospital Arrival Time,0,None,0,None,0,None,1,0
2019,4,40401,Arizona,1,1,0,0,0,2,2,3,COCHISE (3),40,BENSON,14,14,5,May,2019,3,Tuesday,99,Unknown Hours,99,Unknown Minutes,1,This section IS ON the NHS,1,Rural,3,Principal Arterial - Other,1,State Highway Agency,3,State Highway,SR-90,,15,15,31.94118056,31.94118056,-110.340972200,-110.34097222,0,No Special Jurisdiction,99,Reported as Unknown,99,Reported as Unknown,0,No,99,Reported as Unknown,99,Reported as Unknown,0,None,,,99,Reported as Unknown,9,Reported as Unknown,99,Reported as Unknown,0,No Additional Atmospheric Conditions,99,Reported as Unknown,0,No,0000000,Not Applicable,99,Unknown,99,Unknown,99,Unknown EMS Scene Arrival Hour,99,Unknown EMS Scene Arrival Minutes,99,Unknown,99,Unknown EMS Hospital Arrival Time,0,None,0,None,0,None,1,0
2019,4,40402,Arizona,1,1,0,1,1,1,1,13,MARICOPA (13),370,PHOENIX,17,17,5,May,2019,6,Friday,21,9:00pm-9:59pm,0,0,0,This section IS NOT on the NHS,2,Urban,4,Minor Arterial,4,City or Municipal Highway Agency,6,Local Street - Municipality,32ND ST,MULBERRY ST,0,None,33.48686944,33.48686944,-112.012913900,-112.01291389,0,No Special Jurisdiction,8,Pedestrian,0,The First Harmful Event was Not a Collision with a Motor Vehicle in Transport,0,No,3,Intersection-Related,3,T-Intersection,0,None,,,1,On Roadway,3,Dark - Lighted,1,Clear,0,No Additional Atmospheric Conditions,1,Clear,0,No,0000000,Not Applicable,21,9:00pm-9:59pm,2,2,21,9:00pm-9:59pm,5,5,88,Not Applicable (Not Transported),88,Not Applicable (Not Transported),0,None,0,None,0,None,1,0
2019,4,40403,Arizona,1,1,0,0,0,2,2,5,COCONINO (5),0,NOT APPLICABLE,18,18,5,May,2019,7,Saturday,99,Unknown Hours,99,Unknown Minutes,0,This section IS NOT on the NHS,1,Rural,98,Not Reported,64,U.S. Forest Service,8,Other,NF-535,,0,None,35.05649167,35.05649167,-111.769527800,-111.76952778,0,No Special Jurisdiction,99,Reported as Unknown,99,Reported as Unknown,0,No,99,Reported as Unknown,99,Reported as Unknown,0,None,,,99,Reported as Unknown,9,Reported as Unknown,99,Reported as Unknown,0,No Additional Atmospheric Conditions,99,Reported as Unknown,0,No,0000000,Not Applicable,99,Unknown,99,Unknown,99,Unknown EMS Scene Arrival Hour,99,Unknown EMS Scene Arrival Minutes,99,Unknown,99,Unknown EMS Hospital Arrival Time,99,Reported as Unknown,99,Reported as Unknown,99,Reported as Unknown,1,0
2019,4,40404,Arizona,1,1,0,1,1,1,1,13,MARICOPA (13),370,PHOENIX,24,24,5,May,2019,6,Friday,17,5:00pm-5:59pm,59,59,0,This section IS NOT on the NHS,2,Urban,3,Principal Arterial - Other,4,City or Municipal Highway Agency,7,Local Street - Frontage Road,THOMAS RD,,0,None,33.48040556,33.48040556,-112.199219400,-112.19921944,0,No Special Jurisdiction,15,Non-Motorist on Personal Conveyance,0,The First Harmful Event was Not a Collision with a Motor Vehicle in Transport,0,No,1,Non-Junction,1,Not an Intersection,0,None,,,1,On Roadway,1,Daylight,1,Clear,0,No Additional Atmospheric Conditions,1,Clear,0,No,0000000,Not Applicable,18,6:00pm-6:59pm,0,0,18,6:00pm-6:59pm,2,2,18,6:00pm-6:59pm,22,22,0,None,0,None,0,None,1,0
2019,4,40405,Arizona,1,1,0,0,0,1,1,21,PINAL (21),9898,Not Reported,25,25,5,May,2019,7,Saturday,15,3:00pm-3:59pm,29,29,9,Unknown if this section is on the NHS,9,Unknown,99,Unknown,99,Unknown,9,Unknown,UNKNOWN,,99999,Unknown,99.99990000,Unknown,999.999900000,Unknown,9,Unknown,99,Reported as Unknown,99,Reported as Unknown,9,Reported as Unknown,99,Reported as Unknown,99,Reported as Unknown,0,None,,,99,Reported as Unknown,9,Reported as Unknown,99,Reported as Unknown,0,No Additional Atmospheric Conditions,99,Reported as Unknown,0,No,0000000,Not Applicable,15,3:00pm-3:59pm,40,40,99,Unknown EMS Scene Arrival Hour,99,Unknown EMS Scene Arrival Minutes,99,Unknown,99,Unknown EMS Hospital Arrival Time,99,Reported as Unknown,99,Reported as Unknown,99,Reported as Unknown,1,0
2019,4,40406,Arizona,2,2,0,0,0,4,4,13,MARICOPA (13),60,BUCKEYE,25,25,5,May,2019,7,Saturday,8,8:00am-8:59am,54,54,0,This section IS NOT on the NHS,1,Rural,7,Local,4,City or Municipal Highway Agency,6,Local Street - Municipality,PALO VERDE RD,YUMA RD,0,None,33.43354722,33.43354722,-112.677319400,-112.67731944,0,No Special Jurisdiction,12,Motor Vehicle In-Transport,6,Angle,0,No,2,Intersection,2,Four-Way Intersection,0,None,,,1,On Roadway,1,Daylight,1,Clear,0,No Additional Atmospheric Conditions,1,Clear,0,No,0000000,Not Applicable,8,8:00am-8:59am,54,54,9,9:00am-9:59am,3,3,99,Unknown,99,Unknown EMS Hospital Arrival Time,0,None,0,None,0,None,1,0
2019,4,40407,Arizona,1,1,0,1,1,2,2,13,MARICOPA (13),370,PHOENIX,26,26,5,May,2019,1,Sunday,19,7:00pm-7:59pm,58,58,0,This section IS NOT on the NHS,2,Urban,4,Minor Arterial,4,City or Municipal Highway Agency,6,Local Street - Municipality,UNION HILLS DR,43RD AVE,0,None,33.65461111,33.65461111,-112.151933300,-112.15193333,0,No Special Jurisdiction,8,Pedestrian,0,The First Harmful Event was Not a Collision with a Motor Vehicle in Transport,0,No,3,Intersection-Related,2,Four-Way Intersection,0,None,,,1,On Roadway,3,Dark - Lighted,1,Clear,0,No Additional Atmospheric Conditions,1,Clear,0,No,0000000,Not Applicable,20,8:00pm-8:59pm,0,0,20,8:00pm-8:59pm,6,6,20,8:00pm-8:59pm,25,25,0,None,0,None,0,None,1,0
2019,4,40409,Arizona,6,3,3,0,0,6,6,13,MARICOPA (13),370,PHOENIX,27,27,5,May,2019,2,Monday,9,9:00am-9:59am,21,21,0,This section IS NOT on the NHS,2,Urban,7,Local,4,City or Municipal Highway Agency,6,Local Street - Municipality,19TH AVE,PIMA ST,0,None,33.43305000,33.43305000,-112.099966700,-112.09996667,0,No Special Jurisdiction,12,Motor Vehicle In-Transport,6,Angle,0,No,2,Intersection,2,Four-Way Intersection,0,None,,,1,On Roadway,1,Daylight,1,Clear,0,No Additional Atmospheric Conditions,1,Clear,0,No,0000000,Not Applicable,9,9:00am-9:59am,22,22,9,9:00am-9:59am,28,28,9,9:00am-9:59am,46,46,0,None,0,None,0,None,1,0
2019,4,40410,Arizona,1,1,0,1,1,1,1,17,NAVAJO (17),565,WHITERIVER,28,28,5,May,2019,3,Tuesday,99,Unknown Hours,99,Unknown Minutes,0,This section IS NOT on the NHS,2,Urban,3,Principal Arterial - Other,1,State Highway Agency,3,State Highway,SR-73,,253,253,33.81053889,33.81053889,-109.988369400,-109.98836944,0,No Special Jurisdiction,8,Pedestrian,0,The First Harmful Event was Not a Collision with a Motor Vehicle in Transport,0,No,1,Non-Junction,1,Not an Intersection,0,None,,,1,On Roadway,9,Reported as Unknown,98,Not Reported,0,No Additional Atmospheric Conditions,98,Not Reported,0,No,0000000,Not Applicable,99,Unknown,99,Unknown,99,Unknown EMS Scene Arrival Hour,99,Unknown EMS Scene Arrival Minutes,88,Not Applicable (Not Transported),88,Not Applicable (Not Transported),0,None,0,None,0,None,1,0
2019,4,40412,Arizona,2,2,0,0,0,2,2,13,MARICOPA (13),290,MESA,7,7,6,June,2019,6,Friday,99,Unknown Hours,99,Unknown Minutes,0,This section IS NOT on the NHS,2,Urban,3,Principal Arterial - Other,4,City or Municipal Highway Agency,6,Local Street - Municipality,DOBSON RD,,0,None,33.39663611,33.39663611,-111.874583300,-111.87458333,0,No Special Jurisdiction,12,Motor Vehicle In-Transport,6,Angle,0,No,4,Driveway Access,1,Not an Intersection,0,None,,,1,On Roadway,1,Daylight,1,Clear,0,No Additional Atmospheric Conditions,1,Clear,0,No,0000000,Not Applicable,10,10:00am-10:59am,50,50,10,10:00am-10:59am,52,52,11,11:00am-11:59am,0,0,0,None,0,None,0,None,1,0
2019,4,40413,Arizona,1,1,0,0,0,2,2,13,MARICOPA (13),30,AVONDALE,9,9,6,June,2019,1,Sunday,7,7:00am-7:59am,32,32,0,This section IS NOT on the NHS,2,Urban,7,Local,4,City or Municipal Highway Agency,6,Local Street - Municipality,N 125TH LN,,0,None,33.49185833,33.49185833,-112.329536100,-112.32953611,0,No Special Jurisdiction,5,Fell/Jumped from Vehicle,0,The First Harmful Event was Not a Collision with a Motor Vehicle in Transport,0,No,1,Non-Junction,1,Not an Intersection,0,None,,,1,On Roadway,1,Daylight,1,Clear,0,No Additional Atmospheric Conditions,1,Clear,0,No,0000000,Not Applicable,7,7:00am-7:59am,34,34,7,7:00am-7:59am,42,42,88,Not Applicable (Not Transported),88,Not Applicable (Not Transported),0,None,0,None,0,None,1,0
2019,4,40414,Arizona,1,1,0,1,1,1,1,13,MARICOPA (13),0,NOT APPLICABLE,8,8,6,June,2019,7,Saturday,22,10:00pm-10:59pm,1,1,0,This section IS NOT on the NHS,2,Urban,5,Major Collector,2,County Highway Agency,4,County Road,CR-RAINBOW VALLEY RD,,0,None,33.34396389,33.34396389,-112.469827800,-112.46982778,0,No Special Jurisdiction,9,Pedalcyclist,0,The First Harmful Event was Not a Collision with a Motor Vehicle in Transport,0,No,1,Non-Junction,1,Not an Intersection,0,None,,,1,On Roadway,2,Dark - Not Lighted,1,Clear,0,No Additional Atmospheric Conditions,1,Clear,0,No,0000000,Not Applicable,21,9:00pm-9:59pm,55,55,22,10:00pm-10:59pm,4,4,22,10:00pm-10:59pm,45,45,0,None,0,None,0,None,2,0
2019,4,40415,Arizona,2,2,0,0,0,3,3,13,MARICOPA (13),420,SCOTTSDALE,10,10,6,June,2019,2,Monday,14,2:00pm-2:59pm,33,33,0,This section IS NOT on the NHS,2,Urban,5,Major Collector,4,City or Municipal Highway Agency,6,Local Street - Municipality,101ST WAY,DYNAMITE BLVD,0,None,33.74315833,33.74315833,-111.863733300,-111.86373333,0,No Special Jurisdiction,12,Motor Vehicle In-Transport,6,Angle,0,No,3,Intersection-Related,2,Four-Way Intersection,0,None,,,1,On Roadway,1,Daylight,1,Clear,0,No Additional Atmospheric Conditions,1,Clear,0,No,0000000,Not Applicable,14,2:00pm-2:59pm,33,33,14,2:00pm-2:59pm,40,40,15,3:00pm-3:59pm,10,10,0,None,0,None,0,None,1,0
2019,4,40416,Arizona,1,1,0,1,1,3,3,13,MARICOPA (13),370,PHOENIX,12,12,6,June,2019,4,Wednesday,15,3:00pm-3:59pm,25,25,0,This section IS NOT on the NHS,2,Urban,3,Principal Arterial - Other,4,City or Municipal Highway Agency,7,Local Street - Frontage Road,DUNLAP AVE,19TH AVE,0,None,33.56763611,33.56763611,-112.099605600,-112.09960556,0,No Special Jurisdiction,9,Pedalcyclist,0,The First Harmful Event was Not a Collision with a Motor Vehicle in Transport,0,No,2,Intersection,2,Four-Way Intersection,0,None,,,1,On Roadway,1,Daylight,1,Clear,0,No Additional Atmospheric Conditions,1,Clear,0,No,0000000,Not Applicable,99,Unknown,99,Unknown,99,Unknown EMS Scene Arrival Hour,99,Unknown EMS Scene Arrival Minutes,99,Unknown,99,Unknown EMS Hospital Arrival Time,0,None,0,None,0,None,1,0
2019,4,40417,Arizona,1,1,0,1,1,1,1,5,COCONINO (5),170,FLAGSTAFF,13,13,6,June,2019,5,Thursday,11,11:00am-11:59am,6,6,1,This section IS ON the NHS,2,Urban,3,Principal Arterial - Other,1,State Highway Agency,2,U.S. Highway,US-89,MARKETPLACE DR,16,16,35.22578611,35.22578611,-111.581544400,-111.58154444,0,No Special Jurisdiction,8,Pedestrian,0,The First Harmful Event was Not a Collision with a Motor Vehicle in Transport,0,No,3,Intersection-Related,4,Y-Intersection,0,None,,,1,On Roadway,1,Daylight,1,Clear,0,No Additional Atmospheric Conditions,1,Clear,0,No,0000000,Not Applicable,99,Unknown,99,Unknown,99,Unknown EMS Scene Arrival Hour,99,Unknown EMS Scene Arrival Minutes,99,Unknown,99,Unknown EMS Hospital Arrival Time,0,None,0,None,0,None,1,0
2019,4,40418,Arizona,2,2,0,0,0,4,4,23,SANTA CRUZ (23),330,NOGALES,14,14,6,June,2019,6,Friday,6,6:00am-6:59am,56,56,0,This section IS NOT on the NHS,2,Urban,3,Principal Arterial - Other,1,State Highway Agency,3,State Highway,SR-189,,99999,Unknown,31.36599444,31.36599444,-110.940775000,-110.940775000,0,No Special Jurisdiction,12,Motor Vehicle In-Transport,2,Front-to-Front,0,No,1,Non-Junction,1,Not an Intersection,0,None,,,1,On Roadway,1,Daylight,1,Clear,0,No Additional Atmospheric Conditions,1,Clear,0,No,0000000,Not Applicable,6,6:00am-6:59am,56,56,7,7:00am-7:59am,3,3,7,7:00am-7:59am,26,26,0,None,0,None,0,None,1,0
2019,4,40419,Arizona,1,1,0,0,0,1,1,25,YAVAPAI (25),33,BAGDAD,16,16,6,June,2019,1,Sunday,11,11:00am-11:59am,31,31,0,This section IS NOT on the NHS,1,Rural,7,Local,4,City or Municipal Highway Agency,6,Local Street - Municipality,LAWLER TERRACE,,0,None,34.56783611,34.56783611,-113.180802800,-113.18080278,0,No Special Jurisdiction,98,"Harmful Event, Details Not Reported",0,The First Harmful Event was Not a Collision with a Motor Vehicle in Transport,0,No,98,Not Reported,98,Not Reported,0,None,,,98,Not Reported,1,Daylight,1,Clear,0,No Additional Atmospheric Conditions,1,Clear,0,No,0000000,Not Applicable,11,11:00am-11:59am,31,31,99,Unknown EMS Scene Arrival Hour,99,Unknown EMS Scene Arrival Minutes,99,Unknown,99,Unknown EMS Hospital Arrival Time,0,None,0,None,0,None,1,1
2019,4,40420,Arizona,1,1,0,1,1,1,1,13,MARICOPA (13),80,CHANDLER,17,17,6,June,2019,2,Monday,4,4:00am-4:59am,36,36,0,This section IS NOT on the NHS,2,Urban,3,Principal Arterial - Other,4,City or Municipal Highway Agency,6,Local Street - Municipality,COOPER RD,,0,None,33.32411111,33.32411111,-111.807011100,-111.80701111,0,No Special Jurisdiction,9,Pedalcyclist,0,The First Harmful Event was Not a Collision with a Motor Vehicle in Transport,0,No,1,Non-Junction,1,Not an Intersection,0,None,,,1,On Roadway,3,Dark - Lighted,1,Clear,0,No Additional Atmospheric Conditions,1,Clear,0,No,0000000,Not Applicable,4,4:00am-4:59am,34,34,4,4:00am-4:59am,48,48,4,4:00am-4:59am,58,58,0,None,0,None,0,None,1,0
2019,4,40422,Arizona,1,1,0,0,0,1,1,13,MARICOPA (13),80,CHANDLER,21,21,6,June,2019,6,Friday,15,3:00pm-3:59pm,47,47,0,This section IS NOT on the NHS,2,Urban,7,Local,4,City or Municipal Highway Agency,6,Local Street - Municipality,CLUBHOUSE DR,,0,None,33.25006389,33.25006389,-111.871941700,-111.87194167,0,No Special Jurisdiction,33,Curb,0,The First Harmful Event was Not a Collision with a Motor Vehicle in Transport,0,No,1,Non-Junction,1,Not an Intersection,0,None,,,3,On Median,1,Daylight,1,Clear,0,No Additional Atmospheric Conditions,1,Clear,0,No,0000000,Not Applicable,15,3:00pm-3:59pm,48,48,15,3:00pm-3:59pm,53,53,16,4:00pm-4:59pm,9,9,0,None,0,None,0,None,1,0
2019,4,40423,Arizona,1,1,0,0,0,2,2,3,COCHISE (3),431,SIERRA VISTA,24,24,6,June,2019,2,Monday,0,0:00am-0:59am,11,11,0,This section IS NOT on the NHS,2,Urban,7,Local,4,City or Municipal Highway Agency,6,Local Street - Municipality,AVENIDA ESCUELA,,0,None,31.55053333,31.55053333,-110.261530600,-110.26153056,0,No Special Jurisdiction,5,Fell/Jumped from Vehicle,0,The First Harmful Event was Not a Collision with a Motor Vehicle in Transport,0,No,1,Non-Junction,1,Not an Intersection,0,None,,,1,On Roadway,3,Dark - Lighted,1,Clear,0,No Additional Atmospheric Conditions,1,Clear,0,No,0000000,Not Applicable,0,0:00am-0:59am,11,11,0,0:00am-0:59am,18,18,0,0:00am-0:59am,29,29,0,None,0,None,0,None,1,0
2019,4,40425,Arizona,2,1,1,1,1,0,0,23,SANTA CRUZ (23),330,NOGALES,28,28,6,June,2019,6,Friday,18,6:00pm-6:59pm,31,31,0,This section IS NOT on the NHS,1,Rural,5,Major Collector,4,City or Municipal Highway Agency,6,Local Street - Municipality,MACNAB DR,,0,None,31.34166667,31.34166667,-110.947086100,-110.94708611,0,No Special Jurisdiction,8,Pedestrian,0,The First Harmful Event was Not a Collision with a Motor Vehicle in Transport,0,No,1,Non-Junction,1,Not an Intersection,0,None,,,7,In Parking Lane/Zone,1,Daylight,10,Cloudy,0,No Additional Atmospheric Conditions,10,Cloudy,0,No,0000000,Not Applicable,18,6:00pm-6:59pm,34,34,18,6:00pm-6:59pm,38,38,18,6:00pm-6:59pm,54,54,24,Unstabilized Situation Began and All Harmful Events Occurred Off of the Roadway,0,None,0,None,1,0
2019,4,40426,Arizona,1,1,0,0,0,1,1,13,MARICOPA (13),9997,Other,10,10,4,April,2019,4,Wednesday,7,7:00am-7:59am,28,28,0,This section IS NOT on the NHS,2,Urban,7,Local,4,City or Municipal Highway Agency,6,Local Street - Municipality,HERITAGE DR,,0,None,33.67999444,33.67999444,-112.376433300,-112.37643333,0,No Special Jurisdiction,18,Other Object (not fixed),0,The First Harmful Event was Not a Collision with a Motor Vehicle in Transport,0,No,1,Non-Junction,1,Not an Intersection,0,None,,,1,On Roadway,4,Dawn,1,Clear,0,No Additional Atmospheric Conditions,1,Clear,0,No,0000000,Not Applicable,99,Unknown,99,Unknown,99,Unknown EMS Scene Arrival Hour,99,Unknown EMS Scene Arrival Minutes,99,Unknown,99,Unknown EMS Hospital Arrival Time,3,Other Maintenance or Construction-Created Condition,0,None,0,None,1,0
2019,4,40427,Arizona,2,2,0,0,0,5,5,13,MARICOPA (13),510,TOLLESON,13,13,4,April,2019,7,Saturday,16,4:00pm-4:59pm,36,36,0,This section IS NOT on the NHS,2,Urban,3,Principal Arterial - Other,2,County Highway Agency,4,County Road,CR-MC 85,94TH AVE,0,None,33.43580833,33.43580833,-112.261269400,-112.26126944,0,No Special Jurisdiction,12,Motor Vehicle In-Transport,2,Front-to-Front,0,No,3,Intersection-Related,3,T-Intersection,0,None,,,1,On Roadway,1,Daylight,1,Clear,0,No Additional Atmospheric Conditions,1,Clear,0,No,0000000,Not Applicable,99,Unknown,99,Unknown,99,Unknown EMS Scene Arrival Hour,99,Unknown EMS Scene Arrival Minutes,99,Unknown,99,Unknown EMS Hospital Arrival Time,0,None,0,None,0,None,1,0
2019,4,40428,Arizona,4,4,0,0,0,5,5,13,MARICOPA (13),0,NOT APPLICABLE,14,14,4,April,2019,1,Sunday,20,8:00pm-8:59pm,37,37,0,This section IS NOT on the NHS,2,Urban,4,Minor Arterial,2,County Highway Agency,4,County Road,CR-LITCHFIELD RD,,0,None,33.56888333,33.56888333,-112.358958300,-112.35895833,0,No Special Jurisdiction,12,Motor Vehicle In-Transport,1,Front-to-Rear,0,No,1,Non-Junction,1,Not an Intersection,0,None,,,1,On Roadway,2,Dark - Not Lighted,1,Clear,0,No Additional Atmospheric Conditions,1,Clear,0,No,0000000,Not Applicable,20,8:00pm-8:59pm,37,37,20,8:00pm-8:59pm,40,40,21,9:00pm-9:59pm,3,3,0,None,0,None,0,None,1,1
2019,4,40429,Arizona,2,2,0,0,0,6,6,13,MARICOPA (13),322,MORRISTOWN,19,19,4,April,2019,6,Friday,13,1:00pm-1:59pm,50,50,0,This section IS NOT on the NHS,1,Rural,5,Major Collector,1,State Highway Agency,3,State Highway,SR-74,CASTLE HOT SPRINGS RD,9,9,33.86221667,33.86221667,-112.613816700,-112.61381667,0,No Special Jurisdiction,12,Motor Vehicle In-Transport,6,Angle,0,No,2,Intersection,2,Four-Way Intersection,0,None,,,1,On Roadway,1,Daylight,1,Clear,0,No Additional Atmospheric Conditions,1,Clear,0,No,0000000,Not Applicable,99,Unknown,99,Unknown,99,Unknown EMS Scene Arrival Hour,99,Unknown EMS Scene Arrival Minutes,88,Not Applicable (Not Transported),88,Not Applicable (Not Transported),0,None,0,None,0,None,1,0
2019,4,40430,Arizona,1,1,0,0,0,1,1,13,MARICOPA (13),0,NOT APPLICABLE,20,20,4,April,2019,7,Saturday,14,2:00pm-2:59pm,47,47,0,This section IS NOT on the NHS,1,Rural,5,Major Collector,2,County Highway Agency,4,County Road,CR-MARICOPA RD,,0,None,32.99778056,32.99778056,-112.501741700,-112.50174167,0,No Special Jurisdiction,1,Rollover/Overturn,0,The First Harmful Event was Not a Collision with a Motor Vehicle in Transport,0,No,1,Non-Junction,1,Not an Intersection,0,None,,,4,On Roadside,1,Daylight,1,Clear,0,No Additional Atmospheric Conditions,1,Clear,0,No,0000000,Not Applicable,13,1:00pm-1:59pm,40,40,14,2:00pm-2:59pm,0,0,88,Not Applicable (Not Transported),88,Not Applicable (Not Transported),0,None,0,None,0,None,1,1
2019,4,40431,Arizona,1,1,0,0,0,2,2,13,MARICOPA (13),200,GLENDALE,23,23,4,April,2019,3,Tuesday,5,5:00am-5:59am,4,4,0,This section IS NOT on the NHS,2,Urban,4,Minor Arterial,4,City or Municipal Highway Agency,6,Local Street - Municipality,75TH AVE,,0,None,33.55039167,33.55039167,-112.220411100,-112.22041111,0,No Special Jurisdiction,33,Curb,0,The First Harmful Event was Not a Collision with a Motor Vehicle in Transport,0,No,1,Non-Junction,1,Not an Intersection,0,None,,,4,On Roadside,3,Dark - Lighted,1,Clear,0,No Additional Atmospheric Conditions,1,Clear,0,No,0000000,Not Applicable,5,5:00am-5:59am,3,3,5,5:00am-5:59am,11,11,99,Unknown,99,Unknown EMS Hospital Arrival Time,0,None,0,None,0,None,1,1
2019,4,40432,Arizona,1,1,0,0,0,1,1,13,MARICOPA (13),0,NOT APPLICABLE,28,28,4,April,2019,1,Sunday,13,1:00pm-1:59pm,5,5,0,This section IS NOT on the NHS,2,Urban,99,Unknown,99,Unknown,6,Local Street - Municipality,EL GRANADA BLVD,RANGE MULE DRIVE,0,None,33.71554722,33.71554722,-112.346700000,-112.346700000,0,No Special Jurisdiction,42,Tree (Standing Only),0,The First Harmful Event was Not a Collision with a Motor Vehicle in Transport,0,No,3,Intersection-Related,3,T-Intersection,0,None,,,4,On Roadside,1,Daylight,1,Clear,0,No Additional Atmospheric Conditions,1,Clear,0,No,0000000,Not Applicable,13,1:00pm-1:59pm,5,5,13,1:00pm-1:59pm,18,18,13,1:00pm-1:59pm,55,55,0,None,0,None,0,None,1,1