caseyear,state,st_case,statename,ve_total,ve_forms,pvh_invl,peds,pernotmvit,permvit,persons,county,countyname,city,cityname,day,dayname,month,monthname,year,day_week,day_weekname,hour,hourname,minute,minutename,nhs,nhsname,rur_urb,rur_urbname,func_sys,func_sysname,rd_owner,rd_ownername,route,routename,tway_id,tway_id2,milept,mileptname,latitude,latitudename,longitud,longitudname,sp_jur,sp_jurname,harm_ev,harm_evname,man_coll,man_collname,reljct1,reljct1name,reljct2,reljct2name,typ_int,typ_intname,wrk_zone,wrk_zonename,road_fnc,road_fncname,rel_road,rel_roadname,lgt_cond,lgt_condname,weather1,weather1name,weather2,weather2name,weather,weathername,sch_bus,sch_busname,rail,railname,not_hour,not_hourname,not_min,not_minname,arr_hour,arr_hourname,arr_min,arr_minname,hosp_hr,hosp_hrname,hosp_mn,hosp_mnname,cf1,cf1name,cf2,cf2name,cf3,cf3name,fatals,drunk_dr
2019,4,40468,Arizona,1,1,0,0,0,1,1,27,YUMA (27),0,NOT APPLICABLE,3,3,7,July,2019,4,Wednesday,12,12:00pm-12:59pm,55,55,1,This section IS ON the NHS,1,Rural,1,Interstate,1,State Highway Agency,1,Interstate,I-8,,777,777,32.83264722,32.83264722,-113.379244400,-113.37924444,0,No Special Jurisdiction,1,Rollover/Overturn,0,The First Harmful Event was Not a Collision with a Motor Vehicle in Transport,0,No,1,Non-Junction,1,Not an Intersection,0,None,,,4,On Roadside,1,Daylight,1,Clear,0,No Additional Atmospheric Conditions,1,Clear,0,No,0000000,Not Applicable,12,12:00pm-12:59pm,57,57,13,1:00pm-1:59pm,40,40,88,Not Applicable (Not Transported),88,Not Applicable (Not Transported),0,None,0,None,0,None,1,0
2019,4,40469,Arizona,1,1,0,0,0,2,2,5,COCONINO (5),170,FLAGSTAFF,5,5,7,July,2019,6,Friday,14,2:00pm-2:59pm,21,21,1,This section IS ON the NHS,2,Urban,1,Interstate,1,State Highway Agency,1,Interstate,I-17,,1446,1446,35.16824167,35.16824167,-111.667205600,-111.66720556,0,No Special Jurisdiction,1,Rollover/Overturn,0,The First Harmful Event was Not a Collision with a Motor Vehicle in Transport,0,No,1,Non-Junction,1,Not an Intersection,0,None,,,3,On Median,1,Daylight,1,Clear,0,No Additional Atmospheric Conditions,1,Clear,0,No,0000000,Not Applicable,14,2:00pm-2:59pm,23,23,14,2:00pm-2:59pm,31,31,99,Unknown,99,Unknown EMS Hospital Arrival Time,0,None,0,None,0,None,1,0
2019,4,40470,Arizona,1,1,0,0,0,2,2,13,MARICOPA (13),290,MESA,6,6,7,July,2019,7,Saturday,0,0:00am-0:59am,52,52,1,This section IS ON the NHS,2,Urban,2,Principal Arterial - Other Freeways and Expressways,2,County Highway Agency,2,U.S. Highway,US-60 RAMP,,1446,1446,33.38611667,33.38611667,-111.875280600,-111.87528056,0,No Special Jurisdiction,39,Wall,0,The First Harmful Event was Not a Collision with a Motor Vehicle in Transport,0,No,5,Entrance/Exit Ramp Related,1,Not an Intersection,0,None,,,4,On Roadside,3,Dark - Lighted,1,Clear,0,No Additional Atmospheric Conditions,1,Clear,0,No,0000000,Not Applicable,0,0:00am-0:59am,55,55,1,1:00am-1:59am,1,1,88,Not Applicable (Not Transported),88,Not Applicable (Not Transported),0,None,0,None,0,None,2,1
2019,4,40471,Arizona,1,1,0,0,0,1,1,19,PIMA (19),0,NOT APPLICABLE,6,6,7,July,2019,7,Saturday,13,1:00pm-1:59pm,56,56,0,This section IS NOT on the NHS,2,Urban,4,Minor Arterial,2,County Highway Agency,4,County Road,CR-SUNRISE DR,,0,None,32.30893611,32.30893611,-110.829152800,-110.82915278,0,No Special Jurisdiction,24,Guardrail Face,0,The First Harmful Event was Not a Collision with a Motor Vehicle in Transport,0,No,1,Non-Junction,1,Not an Intersection,0,None,,,4,On Roadside,1,Daylight,10,Cloudy,0,No Additional Atmospheric Conditions,10,Cloudy,0,No,0000000,Not Applicable,13,1:00pm-1:59pm,56,56,14,2:00pm-2:59pm,5,5,14,2:00pm-2:59pm,34,34,0,None,0,None,0,None,1,1
2019,4,40472,Arizona,1,1,0,0,0,1,1,25,YAVAPAI (25),0,NOT APPLICABLE,6,6,7,July,2019,7,Saturday,14,2:00pm-2:59pm,20,20,0,This section IS NOT on the NHS,1,Rural,5,Major Collector,1,State Highway Agency,3,State Highway,SR-260,,302,302,34.49980556,34.49980556,-111.638072200,-111.63807222,0,No Special Jurisdiction,1,Rollover/Overturn,0,The First Harmful Event was Not a Collision with a Motor Vehicle in Transport,0,No,1,Non-Junction,1,Not an Intersection,0,None,,,4,On Roadside,1,Daylight,1,Clear,0,No Additional Atmospheric Conditions,1,Clear,0,No,0000000,Not Applicable,14,2:00pm-2:59pm,20,20,14,2:00pm-2:59pm,38,38,88,Not Applicable (Not Transported),88,Not Applicable (Not Transported),0,None,0,None,0,None,1,0
2019,4,40473,Arizona,1,1,0,0,0,1,1,17,NAVAJO (17),0,NOT APPLICABLE,6,6,7,July,2019,7,Saturday,16,4:00pm-4:59pm,52,52,0,This section IS NOT on the NHS,1,Rural,7,Local,64,U.S. Forest Service,8,Other,FS RD 9053,,0,None,34.38770000,34.38770000,-110.615391700,-110.61539167,0,No Special Jurisdiction,42,Tree (Standing Only),0,The First Harmful Event was Not a Collision with a Motor Vehicle in Transport,0,No,1,Non-Junction,1,Not an Intersection,0,None,,,4,On Roadside,1,Daylight,1,Clear,0,No Additional Atmospheric Conditions,1,Clear,0,No,0000000,Not Applicable,99,Unknown,99,Unknown,99,Unknown EMS Scene Arrival Hour,99,Unknown EMS Scene Arrival Minutes,99,Unknown,99,Unknown EMS Hospital Arrival Time,0,None,0,None,0,None,1,0
2019,4,40474,Arizona,2,2,0,0,0,4,4,17,NAVAJO (17),429,SHOW LOW,7,7,7,July,2019,1,Sunday,1,1:00am-1:59am,24,24,1,This section IS ON the NHS,1,Rural,3,Principal Arterial - Other,1,State Highway Agency,3,State Highway,SR-77,,178,178,34.34527222,34.34527222,-110.052280600,-110.05228056,0,No Special Jurisdiction,12,Motor Vehicle In-Transport,1,Front-to-Rear,0,No,1,Non-Junction,1,Not an Intersection,0,None,,,1,On Roadway,2,Dark - Not Lighted,1,Clear,0,No Additional Atmospheric Conditions,1,Clear,0,No,0000000,Not Applicable,1,1:00am-1:59am,27,27,1,1:00am-1:59am,38,38,99,Unknown,99,Unknown EMS Hospital Arrival Time,0,None,0,None,0,None,1,1
2019,4,40475,Arizona,2,2,0,0,0,3,3,19,PIMA (19),530,TUCSON,7,7,7,July,2019,1,Sunday,12,12:00pm-12:59pm,52,52,0,This section IS NOT on the NHS,2,Urban,4,Minor Arterial,4,City or Municipal Highway Agency,6,Local Street - Municipality,MISSION RD,IRVINGTON PL,0,None,32.16313889,32.16313889,-111.006638900,-111.00663889,0,No Special Jurisdiction,12,Motor Vehicle In-Transport,6,Angle,0,No,2,Intersection,4,Y-Intersection,0,None,,,1,On Roadway,1,Daylight,2,Rain,0,No Additional Atmospheric Conditions,2,Rain,0,No,0000000,Not Applicable,12,12:00pm-12:59pm,52,52,12,12:00pm-12:59pm,52,52,12,12:00pm-12:59pm,52,52,0,None,0,None,0,None,1,0
2019,4,40476,Arizona,1,1,0,0,0,1,1,5,COCONINO (5),0,NOT APPLICABLE,7,7,7,July,2019,1,Sunday,14,2:00pm-2:59pm,22,22,1,This section IS ON the NHS,1,Rural,1,Interstate,1,State Highway Agency,1,Interstate,I-40,,2183,2183,35.15873611,35.15873611,-111.299536100,-111.29953611,0,No Special Jurisdiction,24,Guardrail Face,0,The First Harmful Event was Not a Collision with a Motor Vehicle in Transport,0,No,1,Non-Junction,1,Not an Intersection,0,None,,,4,On Roadside,1,Daylight,1,Clear,0,No Additional Atmospheric Conditions,1,Clear,0,No,0000000,Not Applicable,14,2:00pm-2:59pm,23,23,14,2:00pm-2:59pm,42,42,15,3:00pm-3:59pm,18,18,0,None,0,None,0,None,1,0
2019,4,40478,Arizona,1,1,0,1,1,1,1,19,PIMA (19),0,NOT APPLICABLE,7,7,7,July,2019,1,Sunday,22,10:00pm-10:59pm,9,9,0,This section IS NOT on the NHS,2,Urban,3,Principal Arterial - Other,4,City or Municipal Highway Agency,6,Local Street - Municipality,PALO VERDE RD,COACH DR,0,None,32.17058611,32.17058611,-110.917669400,-110.91766944,0,No Special Jurisdiction,9,Pedalcyclist,0,The First Harmful Event was Not a Collision with a Motor Vehicle in Transport,0,No,3,Intersection-Related,2,Four-Way Intersection,0,None,,,1,On Roadway,3,Dark - Lighted,1,Clear,0,No Additional Atmospheric Conditions,1,Clear,0,No,0000000,Not Applicable,22,10:00pm-10:59pm,9,9,22,10:00pm-10:59pm,17,17,99,Unknown,99,Unknown EMS Hospital Arrival Time,0,None,0,None,0,None,1,0
2019,4,40479,Arizona,1,1,0,1,1,1,1,13,MARICOPA (13),290,MESA,9,9,7,July,2019,3,Tuesday,17,5:00pm-5:59pm,12,12,0,This section IS NOT on the NHS,2,Urban,4,Minor Arterial,4,City or Municipal Highway Agency,6,Local Street - Municipality,MCDOWELL RD,,0,None,33.46631111,33.46631111,-111.727408300,-111.72740833,0,No Special Jurisdiction,9,Pedalcyclist,0,The First Harmful Event was Not a Collision with a Motor Vehicle in Transport,0,No,1,Non-Junction,1,Not an Intersection,0,None,,,4,On Roadside,1,Daylight,1,Clear,0,No Additional Atmospheric Conditions,1,Clear,0,No,0000000,Not Applicable,99,Unknown,99,Unknown,99,Unknown EMS Scene Arrival Hour,99,Unknown EMS Scene Arrival Minutes,88,Not Applicable (Not Transported),88,Not Applicable (Not Transported),0,None,0,None,0,None,1,1
2019,4,40480,Arizona,1,1,0,1,1,1,1,13,MARICOPA (13),510,TOLLESON,10,10,7,July,2019,4,Wednesday,4,4:00am-4:59am,41,41,1,This section IS ON the NHS,1,Rural,1,Interstate,1,State Highway Agency,1,Interstate,I-10,,1340,1340,33.46171667,33.46171667,-112.271200000,-112.271200000,0,No Special Jurisdiction,8,Pedestrian,0,The First Harmful Event was Not a Collision with a Motor Vehicle in Transport,0,No,1,Non-Junction,1,Not an Intersection,0,None,,,1,On Roadway,3,Dark - Lighted,1,Clear,0,No Additional Atmospheric Conditions,1,Clear,0,No,0000000,Not Applicable,4,4:00am-4:59am,42,42,4,4:00am-4:59am,48,48,99,Unknown,99,Unknown EMS Hospital Arrival Time,0,None,0,None,0,None,1,0
2019,4,40482,Arizona,1,1,0,0,0,2,2,1,APACHE (1),0,NOT APPLICABLE,12,12,7,July,2019,6,Friday,15,3:00pm-3:59pm,57,57,0,This section IS NOT on the NHS,1,Rural,5,Major Collector,1,State Highway Agency,2,U.S. Highway,US-191,,3348,3348,34.81400833,34.81400833,-109.237619400,-109.23761944,0,No Special Jurisdiction,1,Rollover/Overturn,0,The First Harmful Event was Not a Collision with a Motor Vehicle in Transport,0,No,1,Non-Junction,1,Not an Intersection,0,None,,,4,On Roadside,1,Daylight,10,Cloudy,0,No Additional Atmospheric Conditions,10,Cloudy,0,No,0000000,Not Applicable,16,4:00pm-4:59pm,0,0,16,4:00pm-4:59pm,19,19,99,Unknown,99,Unknown EMS Hospital Arrival Time,0,None,0,None,0,None,1,0
2019,4,40483,Arizona,1,1,0,0,0,1,1,1,APACHE (1),0,NOT APPLICABLE,12,12,7,July,2019,6,Friday,21,9:00pm-9:59pm,40,40,0,This section IS NOT on the NHS,1,Rural,6,Minor Collector,1,State Highway Agency,3,State Highway,SR-61,,668,668,34.98514444,34.98514444,-109.121388900,-109.12138889,0,No Special Jurisdiction,41,Shrubbery,0,The First Harmful Event was Not a Collision with a Motor Vehicle in Transport,0,No,1,Non-Junction,1,Not an Intersection,0,None,,,4,On Roadside,2,Dark - Not Lighted,1,Clear,0,No Additional Atmospheric Conditions,1,Clear,0,No,0000000,Not Applicable,21,9:00pm-9:59pm,40,40,22,10:00pm-10:59pm,16,16,88,Not Applicable (Not Transported),88,Not Applicable (Not Transported),0,None,0,None,0,None,1,1
2019,4,40484,Arizona,2,2,0,1,1,2,2,19,PIMA (19),530,TUCSON,12,12,7,July,2019,6,Friday,23,11:00pm-11:59pm,1,1,0,This section IS NOT on the NHS,2,Urban,3,Principal Arterial - Other,4,City or Municipal Highway Agency,6,Local Street - Municipality,BROADWAY BLVD,,0,None,32.22095556,32.22095556,-110.846047200,-110.84604722,0,No Special Jurisdiction,8,Pedestrian,0,The First Harmful Event was Not a Collision with a Motor Vehicle in Transport,0,No,1,Non-Junction,1,Not an Intersection,0,None,,,1,On Roadway,3,Dark - Lighted,1,Clear,0,No Additional Atmospheric Conditions,1,Clear,0,No,0000000,Not Applicable,99,Unknown,99,Unknown,99,Unknown EMS Scene Arrival Hour,99,Unknown EMS Scene Arrival Minutes,88,Not Applicable (Not Transported),88,Not Applicable (Not Transported),0,None,0,None,0,None,1,0
2019,4,40485,Arizona,1,1,0,0,0,4,4,21,PINAL (21),0,NOT APPLICABLE,12,12,7,July,2019,6,Friday,23,11:00pm-11:59pm,58,58,1,This section IS ON the NHS,1,Rural,1,Interstate,1,State Highway Agency,1,Interstate,I-8,,1507,1507,32.83484722,32.83484722,-112.153619400,-112.15361944,0,No Special Jurisdiction,18,Other Object (not fixed),0,The First Harmful Event was Not a Collision with a Motor Vehicle in Transport,0,No,1,Non-Junction,1,Not an Intersection,1,Construction,,,4,On Roadside,2,Dark - Not Lighted,1,Clear,0,No Additional Atmospheric Conditions,1,Clear,0,No,0000000,Not Applicable,0,0:00am-0:59am,0,0,0,0:00am-0:59am,18,18,1,1:00am-1:59am,0,0,3,Other Maintenance or Construction-Created Condition,0,None,0,None,1,0
2019,4,40486,Arizona,2,2,0,0,0,5,5,7,GILA (7),0,NOT APPLICABLE,13,13,7,July,2019,7,Saturday,10,10:00am-10:59am,15,15,1,This section IS ON the NHS,1,Rural,3,Principal Arterial - Other,1,State Highway Agency,3,State Highway,SR-87,,1305,1305,34.18353611,34.18353611,-111.334105600,-111.33410556,0,No Special Jurisdiction,12,Motor Vehicle In-Transport,6,Angle,0,No,7,Crossover-Related,1,Not an Intersection,0,None,,,1,On Roadway,1,Daylight,10,Cloudy,0,No Additional Atmospheric Conditions,10,Cloudy,0,No,0000000,Not Applicable,10,10:00am-10:59am,15,15,10,10:00am-10:59am,22,22,99,Unknown,99,Unknown EMS Hospital Arrival Time,0,None,0,None,0,None,1,0
2019,4,40487,Arizona,2,2,0,0,0,2,2,19,PIMA (19),355,ORO VALLEY,13,13,7,July,2019,7,Saturday,21,9:00pm-9:59pm,7,7,0,This section IS NOT on the NHS,2,Urban,5,Major Collector,3,Town or Township Highway Agency,5,Local Street - Township,MOORE RD,,0,None,32.43833056,32.43833056,-110.997330600,-110.99733056,0,No Special Jurisdiction,12,Motor Vehicle In-Transport,2,Front-to-Front,0,No,1,Non-Junction,1,Not an Intersection,0,None,,,1,On Roadway,2,Dark - Not Lighted,10,Cloudy,0,No Additional Atmospheric Conditions,10,Cloudy,0,No,0000000,Not Applicable,21,9:00pm-9:59pm,7,7,21,9:00pm-9:59pm,15,15,22,10:00pm-10:59pm,8,8,0,None,0,None,0,None,1,0
2019,4,40488,Arizona,1,1,0,1,1,1,1,13,MARICOPA (13),0,NOT APPLICABLE,14,14,7,July,2019,1,Sunday,6,6:00am-6:59am,15,15,0,This section IS NOT on the NHS,2,Urban,99,Unknown,99,Unknown,9,Unknown,WILD HORSE PASS BLVD,48TH ST,0,None,33.27639167,33.27639167,-111.978636100,-111.97863611,0,No Special Jurisdiction,9,Pedalcyclist,0,The First Harmful Event was Not a Collision with a Motor Vehicle in Transport,0,No,3,Intersection-Related,2,Four-Way Intersection,0,None,,,1,On Roadway,1,Daylight,1,Clear,0,No Additional Atmospheric Conditions,1,Clear,0,No,0000000,Not Applicable,6,6:00am-6:59am,15,15,6,6:00am-6:59am,25,25,88,Not Applicable (Not Transported),88,Not Applicable (Not Transported),0,None,0,None,0,None,1,0
2019,4,40489,Arizona,2,2,0,0,0,3,3,5,COCONINO (5),590,WILLIAMS,14,14,7,July,2019,1,Sunday,12,12:00pm-12:59pm,56,56,1,This section IS ON the NHS,1,Rural,1,Interstate,1,State Highway Agency,1,Interstate,I-40,,1586,1586,35.22247500,35.22247500,-112.245966700,-112.24596667,0,No Special Jurisdiction,24,Guardrail Face,0,The First Harmful Event was Not a Collision with a Motor Vehicle in Transport,0,No,1,Non-Junction,1,Not an Intersection,0,None,,,4,On Roadside,1,Daylight,2,Rain,0,No Additional Atmospheric Conditions,2,Rain,0,No,0000000,Not Applicable,13,1:00pm-1:59pm,20,20,13,1:00pm-1:59pm,26,26,88,Not Applicable (Not Transported),88,Not Applicable (Not Transported),0,None,0,None,0,None,2,0
2019,4,40490,Arizona,1,1,0,0,0,1,1,13,MARICOPA (13),490,TEMPE,14,14,7,July,2019,1,Sunday,18,6:00pm-6:59pm,37,37,1,This section IS ON the NHS,2,Urban,1,Interstate,1,State Highway Agency,1,Interstate,I-10,,1582,1582,33.34442778,33.34442778,-111.972355600,-111.97235556,0,No Special Jurisdiction,42,Tree (Standing Only),0,The First Harmful Event was Not a Collision with a Motor Vehicle in Transport,0,No,1,Non-Junction,1,Not an Intersection,0,None,,,4,On Roadside,1,Daylight,1,Clear,0,No Additional Atmospheric Conditions,1,Clear,0,No,0000000,Not Applicable,18,6:00pm-6:59pm,39,39,18,6:00pm-6:59pm,48,48,88,Not Applicable (Not Transported),88,Not Applicable (Not Transported),0,None,0,None,0,None,1,1
2019,4,40491,Arizona,1,1,0,0,0,4,4,21,PINAL (21),0,NOT APPLICABLE,14,14,7,July,2019,1,Sunday,19,7:00pm-7:59pm,56,56,0,This section IS NOT on the NHS,1,Rural,5,Major Collector,1,State Highway Agency,3,State Highway,SR-88,,71,71,33.46270556,33.46270556,-111.484675000,-111.484675000,0,No Special Jurisdiction,1,Rollover/Overturn,0,The First Harmful Event was Not a Collision with a Motor Vehicle in Transport,0,No,1,Non-Junction,1,Not an Intersection,1,Construction,,,4,On Roadside,2,Dark - Not Lighted,1,Clear,0,No Additional Atmospheric Conditions,1,Clear,0,No,0000000,Not Applicable,19,7:00pm-7:59pm,59,59,20,8:00pm-8:59pm,13,13,20,8:00pm-8:59pm,53,53,0,None,0,None,0,None,1,1
2019,4,40493,Arizona,1,1,0,1,1,1,1,13,MARICOPA (13),190,GILBERT,16,16,7,July,2019,3,Tuesday,19,7:00pm-7:59pm,59,59,0,This section IS NOT on the NHS,2,Urban,3,Principal Arterial - Other,4,City or Municipal Highway Agency,6,Local Street - Municipality,BASELINE RD,,0,None,33.37925833,33.37925833,-111.727538900,-111.72753889,0,No Special Jurisdiction,8,Pedestrian,0,The First Harmful Event was Not a Collision with a Motor Vehicle in Transport,0,No,1,Non-Junction,1,Not an Intersection,0,None,,,1,On Roadway,3,Dark - Lighted,1,Clear,0,No Additional Atmospheric Conditions,1,Clear,0,No,0000000,Not Applicable,20,8:00pm-8:59pm,6,6,20,8:00pm-8:59pm,6,6,88,Not Applicable (Not Transported),88,Not Applicable (Not Transported),0,None,0,None,0,None,1,0
2019,4,40494,Arizona,2,2,0,0,0,3,3,13,MARICOPA (13),510,TOLLESON,17,17,7,July,2019,4,Wednesday,0,0:00am-0:59am,14,14,1,This section IS ON the NHS,2,Urban,2,Principal Arterial - Other Freeways and Expressways,1,State Highway Agency,3,State Highway,SR-101 RAMP,,10,10,33.46136111,33.46136111,-112.264866700,-112.26486667,0,No Special Jurisdiction,25,Concrete Traffic Barrier,0,The First Harmful Event was Not a Collision with a Motor Vehicle in Transport,0,No,5,Entrance/Exit Ramp Related,1,Not an Intersection,0,None,,,4,On Roadside,3,Dark - Lighted,1,Clear,0,No Additional Atmospheric Conditions,1,Clear,0,No,0000000,Not Applicable,0,0:00am-0:59am,14,14,0,0:00am-0:59am,25,25,0,0:00am-0:59am,55,55,0,None,0,None,0,None,1,0
2019,4,40495,Arizona,2,2,0,0,0,2,2,21,PINAL (21),180,FLORENCE,17,17,7,July,2019,4,Wednesday,2,2:00am-2:59am,33,33,0,This section IS NOT on the NHS,1,Rural,4,Minor Arterial,4,City or Municipal Highway Agency,6,Local Street - Municipality,ATTAWAY RD,,0,None,33.03873611,33.03873611,-111.473305600,-111.47330556,0,No Special Jurisdiction,12,Motor Vehicle In-Transport,8,Sideswipe - Opposite Direction,0,No,1,Non-Junction,1,Not an Intersection,0,None,,,1,On Roadway,2,Dark - Not Lighted,10,Cloudy,0,No Additional Atmospheric Conditions,10,Cloudy,0,No,0000000,Not Applicable,2,2:00am-2:59am,34,34,2,2:00am-2:59am,46,46,99,Unknown,99,Unknown EMS Hospital Arrival Time,0,None,0,None,0,None,1,1
2019,4,40499,Arizona,2,2,0,0,0,4,4,25,YAVAPAI (25),0,NOT APPLICABLE,20,20,7,July,2019,7,Saturday,10,10:00am-10:59am,33,33,1,This section IS ON the NHS,1,Rural,3,Principal Arterial - Other,1,State Highway Agency,3,State Highway,SR-89A,PAGE SPRINGS RD,1037,1037,34.79318333,34.79318333,-111.916719400,-111.91671944,0,No Special Jurisdiction,12,Motor Vehicle In-Transport,6,Angle,0,No,2,Intersection,2,Four-Way Intersection,0,None,,,1,On Roadway,1,Daylight,1,Clear,0,No Additional Atmospheric Conditions,1,Clear,0,No,0000000,Not Applicable,10,10:00am-10:59am,33,33,10,10:00am-10:59am,42,42,99,Unknown,99,Unknown EMS Hospital Arrival Time,0,None,0,None,0,None,1,0
2019,4,40500,Arizona,1,1,0,0,0,1,1,3,COCHISE (3),9997,Other,20,20,7,July,2019,7,Saturday,19,7:00pm-7:59pm,18,18,0,This section IS NOT on the NHS,1,Rural,5,Major Collector,1,State Highway Agency,3,State Highway,SR-82,,492,492,31.69287222,31.69287222,-110.344613900,-110.34461389,0,No Special Jurisdiction,44,"Pavement Surface Irregularity (Ruts, Potholes, Grates, etc.)",0,The First Harmful Event was Not a Collision with a Motor Vehicle in Transport,0,No,8,Driveway Access Related,1,Not an Intersection,0,None,,,1,On Roadway,1,Daylight,1,Clear,0,No Additional Atmospheric Conditions,1,Clear,0,No,0000000,Not Applicable,19,7:00pm-7:59pm,13,13,19,7:00pm-7:59pm,15,15,99,Unknown,99,Unknown EMS Hospital Arrival Time,0,None,0,None,0,None,1,1
2019,4,40501,Arizona,2,2,0,0,0,2,2,13,MARICOPA (13),370,PHOENIX,22,22,7,July,2019,2,Monday,18,6:00pm-6:59pm,26,26,1,This section IS ON the NHS,2,Urban,3,Principal Arterial - Other,4,City or Municipal Highway Agency,6,Local Street - Municipality,NISBET RD,CAVE CREEK RD,0,None,33.62320556,33.62320556,-112.030713900,-112.03071389,0,No Special Jurisdiction,12,Motor Vehicle In-Transport,6,Angle,0,No,2,Intersection,4,Y-Intersection,0,None,,,1,On Roadway,1,Daylight,1,Clear,0,No Additional Atmospheric Conditions,1,Clear,0,No,0000000,Not Applicable,18,6:00pm-6:59pm,27,27,18,6:00pm-6:59pm,31,31,88,Not Applicable (Not Transported),88,Not Applicable (Not Transported),0,None,0,None,0,None,1,0
2019,4,40502,Arizona,1,1,0,0,0,1,1,21,PINAL (21),0,NOT APPLICABLE,22,22,7,July,2019,2,Monday,19,7:00pm-7:59pm,40,40,0,This section IS NOT on the NHS,1,Rural,7,Local,62,Bureau of Indian Affairs,8,Other,BIA 90,,99999,Unknown,33.08744722,33.08744722,-111.864555600,-111.86455556,3,Indian Reservation,34,Ditch,0,The First Harmful Event was Not a Collision with a Motor Vehicle in Transport,0,No,1,Non-Junction,1,Not an Intersection,0,None,,,5,Outside Trafficway,5,Dusk,10,Cloudy,0,No Additional Atmospheric Conditions,10,Cloudy,0,No,0000000,Not Applicable,19,7:00pm-7:59pm,43,43,19,7:00pm-7:59pm,55,55,88,Not Applicable (Not Transported),88,Not Applicable (Not Transported),0,None,0,None,0,None,1,0
2019,4,40503,Arizona,1,1,0,1,1,2,2,13,MARICOPA (13),290,MESA,26,26,7,July,2019,6,Friday,20,8:00pm-8:59pm,9,9,0,This section IS NOT on the NHS,2,Urban,3,Principal Arterial - Other,4,City or Municipal Highway Agency,6,Local Street - Municipality,BROADWAY RD,,0,None,33.40810278,33.40810278,-111.786288900,-111.78628889,0,No Special Jurisdiction,8,Pedestrian,0,The First Harmful Event was Not a Collision with a Motor Vehicle in Transport,0,No,1,Non-Junction,1,Not an Intersection,0,None,,,1,On Roadway,3,Dark - Lighted,1,Clear,0,No Additional Atmospheric Conditions,1,Clear,0,No,0000000,Not Applicable,20,8:00pm-8:59pm,9,9,20,8:00pm-8:59pm,15,15,20,8:00pm-8:59pm,38,38,0,None,0,None,0,None,1,0
2019,4,40504,Arizona,2,2,0,0,0,4,4,25,YAVAPAI (25),0,NOT APPLICABLE,27,27,7,July,2019,7,Saturday,23,11:00pm-11:59pm,28,28,1,This section IS ON the NHS,1,Rural,1,Interstate,1,State Highway Agency,1,Interstate,I-40,,1046,1046,35.26883056,35.26883056,-113.147225000,-113.147225000,0,No Special Jurisdiction,12,Motor Vehicle In-Transport,7,Sideswipe - Same Direction,0,No,1,Non-Junction,1,Not an Intersection,0,None,,,1,On Roadway,2,Dark - Not Lighted,1,Clear,0,No Additional Atmospheric Conditions,1,Clear,0,No,0000000,Not Applicable,23,11:00pm-11:59pm,30,30,0,0:00am-0:59am,29,29,2,2:00am-2:59am,37,37,0,None,0,None,0,None,1,0
2019,4,40505,Arizona,1,1,0,0,0,1,1,13,MARICOPA (13),60,BUCKEYE,28,28,7,July,2019,1,Sunday,6,6:00am-6:59am,24,24,1,This section IS ON the NHS,2,Urban,1,Interstate,1,State Highway Agency,1,Interstate,I-10,,1190,1190,33.45780000,33.45780000,-112.515366700,-112.51536667,0,No Special Jurisdiction,1,Rollover/Overturn,0,The First Harmful Event was Not a Collision with a Motor Vehicle in Transport,0,No,1,Non-Junction,1,Not an Intersection,0,None,,,3,On Median,4,Dawn,10,Cloudy,0,No Additional Atmospheric Conditions,10,Cloudy,0,No,0000000,Not Applicable,6,6:00am-6:59am,25,25,6,6:00am-6:59am,34,34,6,6:00am-6:59am,55,55,0,None,0,None,0,None,1,0
2019,4,40506,Arizona,2,2,0,0,0,5,5,5,COCONINO (5),170,FLAGSTAFF,29,29,7,July,2019,2,Monday,8,8:00am-8:59am,16,16,1,This section IS ON the NHS,2,Urban,1,Interstate,1,State Highway Agency,1,Interstate,I-40,,1948,1948,35.17166389,35.17166389,-111.655172200,-111.65517222,0,No Special Jurisdiction,12,Motor Vehicle In-Transport,6,Angle,0,No,1,Non-Junction,1,Not an Intersection,0,None,,,1,On Roadway,1,Daylight,1,Clear,0,No Additional Atmospheric Conditions,1,Clear,0,No,0000000,Not Applicable,8,8:00am-8:59am,18,18,8,8:00am-8:59am,19,19,99,Unknown,99,Unknown EMS Hospital Arrival Time,0,None,0,None,0,None,1,0
2019,4,40508,Arizona,1,1,0,0,0,2,2,25,YAVAPAI (25),0,NOT APPLICABLE,30,30,7,July,2019,3,Tuesday,16,4:00pm-4:59pm,13,13,1,This section IS ON the NHS,1,Rural,1,Interstate,1,State Highway Agency,1,Interstate,I-17,,1016,1016,34.67103889,34.67103889,-111.777897200,-111.77789722,0,No Special Jurisdiction,44,"Pavement Surface Irregularity (Ruts, Potholes, Grates, etc.)",0,The First Harmful Event was Not a Collision with a Motor Vehicle in Transport,0,No,1,Non-Junction,1,Not an Intersection,0,None,,,1,On Roadway,1,Daylight,10,Cloudy,2,Rain,2,Rain,0,No,0000000,Not Applicable,16,4:00pm-4:59pm,14,14,16,4:00pm-4:59pm,22,22,17,5:00pm-5:59pm,27,27,0,None,0,None,0,None,1,0