caseyear,state,st_case,statename,ve_total,ve_forms,pvh_invl,peds,pernotmvit,permvit,persons,county,countyname,city,cityname,day,dayname,month,monthname,year,day_week,day_weekname,hour,hourname,minute,minutename,nhs,nhsname,rur_urb,rur_urbname,func_sys,func_sysname,rd_owner,rd_ownername,route,routename,tway_id,tway_id2,milept,mileptname,latitude,latitudename,longitud,longitudname,sp_jur,sp_jurname,harm_ev,harm_evname,man_coll,man_collname,reljct1,reljct1name,reljct2,reljct2name,typ_int,typ_intname,wrk_zone,wrk_zonename,road_fnc,road_fncname,rel_road,rel_roadname,lgt_cond,lgt_condname,weather1,weather1name,weather2,weather2name,weather,weathername,sch_bus,sch_busname,rail,railname,not_hour,not_hourname,not_min,not_minname,arr_hour,arr_hourname,arr_min,arr_minname,hosp_hr,hosp_hrname,hosp_mn,hosp_mnname,cf1,cf1name,cf2,cf2name,cf3,cf3name,fatals,drunk_dr
2019,4,40543,Arizona,1,1,0,1,1,1,1,13,MARICOPA (13),370,PHOENIX,15,15,5,May,2019,4,Wednesday,19,7:00pm-7:59pm,55,55,0,This section IS NOT on the NHS,2,Urban,4,Minor Arterial,4,City or Municipal Highway Agency,6,Local Street - Municipality,32ND ST,,0,None,33.49014167,33.49014167,-112.013008300,-112.01300833,0,No Special Jurisdiction,8,Pedestrian,0,The First Harmful Event was Not a Collision with a Motor Vehicle in Transport,0,No,1,Non-Junction,1,Not an Intersection,0,None,,,1,On Roadway,3,Dark - Lighted,1,Clear,0,No Additional Atmospheric Conditions,1,Clear,0,No,0000000,Not Applicable,99,Unknown,99,Unknown,20,8:00pm-8:59pm,0,0,20,8:00pm-8:59pm,14,14,0,None,0,None,0,None,1,0
2019,4,40544,Arizona,1,1,0,0,0,3,3,19,PIMA (19),530,TUCSON,1,1,8,August,2019,5,Thursday,2,2:00am-2:59am,34,34,0,This section IS NOT on the NHS,2,Urban,3,Principal Arterial - Other,99,Unknown,9,Unknown,AJO WAY,,0,None,32.17787778,32.17787778,-110.942294400,-110.94229444,0,No Special Jurisdiction,33,Curb,0,The First Harmful Event was Not a Collision with a Motor Vehicle in Transport,0,No,1,Non-Junction,1,Not an Intersection,0,None,,,4,On Roadside,2,Dark - Not Lighted,1,Clear,0,No Additional Atmospheric Conditions,1,Clear,0,No,0000000,Not Applicable,2,2:00am-2:59am,34,34,2,2:00am-2:59am,39,39,3,3:00am-3:59am,40,40,0,None,0,None,0,None,1,1
2019,4,40545,Arizona,2,2,0,0,0,5,5,5,COCONINO (5),254,KAIBITO,1,1,8,August,2019,5,Thursday,15,3:00pm-3:59pm,43,43,0,This section IS NOT on the NHS,1,Rural,5,Major Collector,1,State Highway Agency,3,State Highway,SR-89,,698,698,36.57982222,36.57982222,-111.138313900,-111.13831389,0,No Special Jurisdiction,12,Motor Vehicle In-Transport,8,Sideswipe - Opposite Direction,0,No,1,Non-Junction,1,Not an Intersection,0,None,,,1,On Roadway,1,Daylight,1,Clear,0,No Additional Atmospheric Conditions,1,Clear,0,No,0000000,Not Applicable,15,3:00pm-3:59pm,43,43,16,4:00pm-4:59pm,4,4,99,Unknown,99,Unknown EMS Hospital Arrival Time,0,None,0,None,0,None,1,0
2019,4,40546,Arizona,1,1,0,0,0,2,2,21,PINAL (21),0,NOT APPLICABLE,2,2,8,August,2019,6,Friday,22,10:00pm-10:59pm,34,34,0,This section IS NOT on the NHS,1,Rural,6,Minor Collector,98,Not Reported,9,Unknown,RIVER RD,,0,None,32.71800000,32.71800000,-110.624300000,-110.624300000,0,No Special Jurisdiction,5,Fell/Jumped from Vehicle,0,The First Harmful Event was Not a Collision with a Motor Vehicle in Transport,0,No,1,Non-Junction,1,Not an Intersection,0,None,,,4,On Roadside,2,Dark - Not Lighted,1,Clear,0,No Additional Atmospheric Conditions,1,Clear,0,No,0000000,Not Applicable,23,11:00pm-11:59pm,2,2,23,11:00pm-11:59pm,9,9,88,Not Applicable (Not Transported),88,Not Applicable (Not Transported),24,Unstabilized Situation Began and All Harmful Events Occurred Off of the Roadway,0,None,0,None,1,0
2019,4,40547,Arizona,1,1,0,0,0,1,1,13,MARICOPA (13),0,NOT APPLICABLE,3,3,8,August,2019,7,Saturday,12,12:00pm-12:59pm,26,26,1,This section IS ON the NHS,1,Rural,1,Interstate,1,State Highway Agency,1,Interstate,I-8,,997,997,32.90450278,32.90450278,-112.993311100,-112.99331111,0,No Special Jurisdiction,1,Rollover/Overturn,0,The First Harmful Event was Not a Collision with a Motor Vehicle in Transport,0,No,1,Non-Junction,1,Not an Intersection,0,None,,,4,On Roadside,1,Daylight,1,Clear,0,No Additional Atmospheric Conditions,1,Clear,0,No,0000000,Not Applicable,12,12:00pm-12:59pm,30,30,12,12:00pm-12:59pm,51,51,88,Not Applicable (Not Transported),88,Not Applicable (Not Transported),0,None,0,None,0,None,1,0
2019,4,40548,Arizona,2,2,0,0,0,3,3,13,MARICOPA (13),420,SCOTTSDALE,3,3,8,August,2019,7,Saturday,15,3:00pm-3:59pm,47,47,0,This section IS NOT on the NHS,2,Urban,7,Local,98,Not Reported,9,Unknown,MILLER RD,WILLIAMS RD,0,None,33.69140833,33.69140833,-111.916616700,-111.91661667,0,No Special Jurisdiction,12,Motor Vehicle In-Transport,6,Angle,0,No,2,Intersection,2,Four-Way Intersection,0,None,,,1,On Roadway,1,Daylight,1,Clear,0,No Additional Atmospheric Conditions,1,Clear,0,No,0000000,Not Applicable,15,3:00pm-3:59pm,47,47,15,3:00pm-3:59pm,54,54,16,4:00pm-4:59pm,37,37,0,None,0,None,0,None,1,1
2019,4,40549,Arizona,2,2,0,0,0,3,3,13,MARICOPA (13),420,SCOTTSDALE,3,3,8,August,2019,7,Saturday,17,5:00pm-5:59pm,0,0,1,This section IS ON the NHS,2,Urban,2,Principal Arterial - Other Freeways and Expressways,1,State Highway Agency,3,State Highway,SR-101,,330,330,33.65484167,33.65484167,-111.909808300,-111.90980833,0,No Special Jurisdiction,54,"Motor Vehicle In-Transport Strikes or is Struck by Cargo, Persons or Objects Set-in-Motion from/by Another Motor Vehicle In Transport",11,Other,0,No,1,Non-Junction,1,Not an Intersection,1,Construction,,,1,On Roadway,1,Daylight,1,Clear,0,No Additional Atmospheric Conditions,1,Clear,0,No,0000000,Not Applicable,17,5:00pm-5:59pm,0,0,17,5:00pm-5:59pm,12,12,99,Unknown,99,Unknown EMS Hospital Arrival Time,14,"Motor Vehicle struck by falling cargo,or something that came loose from or something that was set in motion by a vehicle",0,None,0,None,1,1
2019,4,40551,Arizona,2,2,0,0,0,3,3,17,NAVAJO (17),0,NOT APPLICABLE,4,4,8,August,2019,1,Sunday,19,7:00pm-7:59pm,50,50,0,This section IS NOT on the NHS,1,Rural,5,Major Collector,1,State Highway Agency,3,State Highway,SR-277,,101,101,34.46038889,34.46038889,-110.417372200,-110.41737222,0,No Special Jurisdiction,12,Motor Vehicle In-Transport,2,Front-to-Front,0,No,1,Non-Junction,1,Not an Intersection,0,None,,,1,On Roadway,2,Dark - Not Lighted,10,Cloudy,0,No Additional Atmospheric Conditions,10,Cloudy,0,No,0000000,Not Applicable,19,7:00pm-7:59pm,55,55,20,8:00pm-8:59pm,20,20,99,Unknown,99,Unknown EMS Hospital Arrival Time,0,None,0,None,0,None,1,0
2019,4,40552,Arizona,2,2,0,0,0,3,3,19,PIMA (19),355,ORO VALLEY,5,5,8,August,2019,2,Monday,11,11:00am-11:59am,11,11,0,This section IS NOT on the NHS,2,Urban,3,Principal Arterial - Other,1,State Highway Agency,3,State Highway,SR-989,INNOVATION PARK DR,10,10,32.42710000,32.42710000,-110.946863900,-110.94686389,0,No Special Jurisdiction,12,Motor Vehicle In-Transport,6,Angle,0,No,2,Intersection,2,Four-Way Intersection,0,None,,,1,On Roadway,1,Daylight,1,Clear,0,No Additional Atmospheric Conditions,1,Clear,0,No,0000000,Not Applicable,11,11:00am-11:59am,14,14,11,11:00am-11:59am,15,15,12,12:00pm-12:59pm,9,9,0,None,0,None,0,None,1,0
2019,4,40553,Arizona,1,1,0,0,0,3,3,5,COCONINO (5),0,NOT APPLICABLE,5,5,8,August,2019,2,Monday,13,1:00pm-1:59pm,11,11,1,This section IS ON the NHS,1,Rural,3,Principal Arterial - Other,1,State Highway Agency,2,U.S. Highway,US-89,,226,226,35.52212222,35.52212222,-111.543638900,-111.54363889,0,No Special Jurisdiction,5,Fell/Jumped from Vehicle,0,The First Harmful Event was Not a Collision with a Motor Vehicle in Transport,0,No,1,Non-Junction,1,Not an Intersection,0,None,,,1,On Roadway,1,Daylight,10,Cloudy,0,No Additional Atmospheric Conditions,10,Cloudy,0,No,0000000,Not Applicable,13,1:00pm-1:59pm,12,12,13,1:00pm-1:59pm,12,12,99,Unknown,99,Unknown EMS Hospital Arrival Time,0,None,0,None,0,None,1,0
2019,4,40554,Arizona,2,2,0,1,1,2,2,19,PIMA (19),530,TUCSON,5,5,8,August,2019,2,Monday,22,10:00pm-10:59pm,7,7,0,This section IS NOT on the NHS,2,Urban,3,Principal Arterial - Other,4,City or Municipal Highway Agency,6,Local Street - Municipality,STONE AVE,MABLE ST,0,None,32.23851111,32.23851111,-110.971825000,-110.971825000,0,No Special Jurisdiction,15,Non-Motorist on Personal Conveyance,0,The First Harmful Event was Not a Collision with a Motor Vehicle in Transport,0,No,3,Intersection-Related,3,T-Intersection,0,None,,,1,On Roadway,3,Dark - Lighted,2,Rain,0,No Additional Atmospheric Conditions,2,Rain,0,No,0000000,Not Applicable,22,10:00pm-10:59pm,7,7,22,10:00pm-10:59pm,12,12,22,10:00pm-10:59pm,28,28,0,None,0,None,0,None,1,0
2019,4,40556,Arizona,3,2,1,0,0,2,2,19,PIMA (19),530,TUCSON,7,7,8,August,2019,4,Wednesday,12,12:00pm-12:59pm,48,48,0,This section IS NOT on the NHS,2,Urban,4,Minor Arterial,4,City or Municipal Highway Agency,6,Local Street - Municipality,SILVERLAKE RD,FREEWAY,0,None,32.19951111,32.19951111,-110.978505600,-110.97850556,0,No Special Jurisdiction,12,Motor Vehicle In-Transport,6,Angle,0,No,2,Intersection,98,Not Reported,0,None,,,1,On Roadway,1,Daylight,1,Clear,0,No Additional Atmospheric Conditions,1,Clear,0,No,0000000,Not Applicable,12,12:00pm-12:59pm,48,48,12,12:00pm-12:59pm,52,52,99,Unknown,99,Unknown EMS Hospital Arrival Time,0,None,0,None,0,None,1,0
2019,4,40558,Arizona,1,1,0,0,0,1,1,5,COCONINO (5),0,NOT APPLICABLE,9,9,8,August,2019,6,Friday,15,3:00pm-3:59pm,4,4,0,This section IS NOT on the NHS,1,Rural,4,Minor Arterial,1,State Highway Agency,3,State Highway,SR-89A,,775,775,35.12113056,35.12113056,-111.705827800,-111.70582778,0,No Special Jurisdiction,38,Fence,0,The First Harmful Event was Not a Collision with a Motor Vehicle in Transport,0,No,1,Non-Junction,1,Not an Intersection,0,None,,,4,On Roadside,1,Daylight,10,Cloudy,0,No Additional Atmospheric Conditions,10,Cloudy,0,No,0000000,Not Applicable,15,3:00pm-3:59pm,6,6,15,3:00pm-3:59pm,17,17,15,3:00pm-3:59pm,45,45,0,None,0,None,0,None,1,0
2019,4,40559,Arizona,1,1,0,1,1,4,4,19,PIMA (19),530,TUCSON,9,9,8,August,2019,6,Friday,20,8:00pm-8:59pm,26,26,0,This section IS NOT on the NHS,2,Urban,5,Major Collector,4,City or Municipal Highway Agency,6,Local Street - Municipality,BENSON HWY,,0,None,32.18061944,32.18061944,-110.955166700,-110.95516667,0,No Special Jurisdiction,8,Pedestrian,0,The First Harmful Event was Not a Collision with a Motor Vehicle in Transport,0,No,1,Non-Junction,1,Not an Intersection,0,None,,,1,On Roadway,2,Dark - Not Lighted,10,Cloudy,0,No Additional Atmospheric Conditions,10,Cloudy,0,No,0000000,Not Applicable,20,8:00pm-8:59pm,26,26,20,8:00pm-8:59pm,28,28,20,8:00pm-8:59pm,45,45,0,None,0,None,0,None,1,0
2019,4,40560,Arizona,1,1,0,1,1,1,1,13,MARICOPA (13),368,PEORIA,10,10,8,August,2019,7,Saturday,0,0:00am-0:59am,17,17,1,This section IS ON the NHS,2,Urban,2,Principal Arterial - Other Freeways and Expressways,1,State Highway Agency,3,State Highway,SR-101,,108,108,33.60548333,33.60548333,-112.249536100,-112.24953611,0,No Special Jurisdiction,8,Pedestrian,0,The First Harmful Event was Not a Collision with a Motor Vehicle in Transport,0,No,1,Non-Junction,1,Not an Intersection,0,None,,,1,On Roadway,3,Dark - Lighted,1,Clear,0,No Additional Atmospheric Conditions,1,Clear,0,No,0000000,Not Applicable,0,0:00am-0:59am,30,30,0,0:00am-0:59am,30,30,88,Not Applicable (Not Transported),88,Not Applicable (Not Transported),0,None,0,None,0,None,1,0
2019,4,40561,Arizona,1,1,0,0,0,3,3,21,PINAL (21),297,MARICOPA WELLS,10,10,8,August,2019,7,Saturday,22,10:00pm-10:59pm,26,26,0,This section IS NOT on the NHS,1,Rural,4,Minor Arterial,4,City or Municipal Highway Agency,6,Local Street - Municipality,MARICOPA - CASA GRANDE HWY,,0,None,33.00911944,33.00911944,-111.970663900,-111.97066389,0,No Special Jurisdiction,1,Rollover/Overturn,0,The First Harmful Event was Not a Collision with a Motor Vehicle in Transport,0,No,1,Non-Junction,1,Not an Intersection,0,None,,,4,On Roadside,2,Dark - Not Lighted,1,Clear,0,No Additional Atmospheric Conditions,1,Clear,0,No,0000000,Not Applicable,22,10:00pm-10:59pm,27,27,22,10:00pm-10:59pm,38,38,99,Unknown,99,Unknown EMS Hospital Arrival Time,0,None,0,None,0,None,1,0
2019,4,40562,Arizona,1,1,0,0,0,3,3,13,MARICOPA (13),290,MESA,11,11,8,August,2019,1,Sunday,7,7:00am-7:59am,21,21,0,This section IS NOT on the NHS,2,Urban,4,Minor Arterial,4,City or Municipal Highway Agency,6,Local Street - Municipality,SIGNAL BUTTE RD,,0,None,33.40349722,33.40349722,-111.597986100,-111.59798611,0,No Special Jurisdiction,1,Rollover/Overturn,0,The First Harmful Event was Not a Collision with a Motor Vehicle in Transport,0,No,1,Non-Junction,1,Not an Intersection,0,None,,,4,On Roadside,1,Daylight,10,Cloudy,0,No Additional Atmospheric Conditions,10,Cloudy,0,No,0000000,Not Applicable,99,Unknown,99,Unknown,99,Unknown EMS Scene Arrival Hour,99,Unknown EMS Scene Arrival Minutes,99,Unknown,99,Unknown EMS Hospital Arrival Time,0,None,0,None,0,None,1,0
2019,4,40563,Arizona,1,1,0,0,0,1,1,25,YAVAPAI (25),0,NOT APPLICABLE,12,12,8,August,2019,2,Monday,13,1:00pm-1:59pm,0,0,0,This section IS NOT on the NHS,1,Rural,5,Major Collector,1,State Highway Agency,3,State Highway,SR-89A,,839,839,34.73991111,34.73991111,-112.123838900,-112.12383889,0,No Special Jurisdiction,38,Fence,0,The First Harmful Event was Not a Collision with a Motor Vehicle in Transport,0,No,1,Non-Junction,1,Not an Intersection,0,None,,,4,On Roadside,1,Daylight,1,Clear,0,No Additional Atmospheric Conditions,1,Clear,0,No,0000000,Not Applicable,13,1:00pm-1:59pm,26,26,13,1:00pm-1:59pm,42,42,14,2:00pm-2:59pm,43,43,0,None,0,None,0,None,1,0
2019,4,40564,Arizona,1,1,0,0,0,4,4,19,PIMA (19),530,TUCSON,12,12,8,August,2019,2,Monday,8,8:00am-8:59am,43,43,0,This section IS NOT on the NHS,1,Rural,4,Minor Arterial,1,State Highway Agency,3,State Highway,SR-86,,1006,1006,32.10306111,32.10306111,-111.247325000,-111.247325000,0,No Special Jurisdiction,1,Rollover/Overturn,0,The First Harmful Event was Not a Collision with a Motor Vehicle in Transport,0,No,1,Non-Junction,1,Not an Intersection,0,None,,,4,On Roadside,1,Daylight,1,Clear,0,No Additional Atmospheric Conditions,1,Clear,0,No,0000000,Not Applicable,8,8:00am-8:59am,43,43,8,8:00am-8:59am,51,51,99,Unknown,99,Unknown EMS Hospital Arrival Time,0,None,0,None,0,None,2,0
2019,4,40565,Arizona,2,2,0,0,0,3,3,5,COCONINO (5),0,NOT APPLICABLE,14,14,8,August,2019,4,Wednesday,12,12:00pm-12:59pm,21,21,0,This section IS NOT on the NHS,1,Rural,5,Major Collector,1,State Highway Agency,3,State Highway,SR-87,,1818,1818,34.61458889,34.61458889,-111.184633300,-111.18463333,0,No Special Jurisdiction,12,Motor Vehicle In-Transport,6,Angle,0,No,1,Non-Junction,1,Not an Intersection,0,None,,,1,On Roadway,1,Daylight,10,Cloudy,0,No Additional Atmospheric Conditions,10,Cloudy,0,No,0000000,Not Applicable,12,12:00pm-12:59pm,22,22,12,12:00pm-12:59pm,29,29,99,Unknown,99,Unknown EMS Hospital Arrival Time,0,None,0,None,0,None,1,0
2019,4,40566,Arizona,1,1,0,1,1,2,2,13,MARICOPA (13),370,PHOENIX,14,14,8,August,2019,4,Wednesday,22,10:00pm-10:59pm,24,24,0,This section IS NOT on the NHS,2,Urban,3,Principal Arterial - Other,4,City or Municipal Highway Agency,6,Local Street - Municipality,CENTRAL AVE,,0,None,33.43723333,33.43723333,-112.073830600,-112.07383056,0,No Special Jurisdiction,8,Pedestrian,0,The First Harmful Event was Not a Collision with a Motor Vehicle in Transport,0,No,1,Non-Junction,1,Not an Intersection,0,None,,,1,On Roadway,3,Dark - Lighted,1,Clear,0,No Additional Atmospheric Conditions,1,Clear,0,No,0000000,Not Applicable,99,Unknown,99,Unknown,99,Unknown EMS Scene Arrival Hour,99,Unknown EMS Scene Arrival Minutes,99,Unknown,99,Unknown EMS Hospital Arrival Time,0,None,0,None,0,None,1,0
2019,4,40567,Arizona,5,5,0,0,0,12,12,13,MARICOPA (13),420,SCOTTSDALE,16,16,8,August,2019,6,Friday,13,1:00pm-1:59pm,9,9,0,This section IS NOT on the NHS,2,Urban,3,Principal Arterial - Other,4,City or Municipal Highway Agency,6,Local Street - Municipality,MCDOWELL RD,68TH ST,0,None,33.46571389,33.46571389,-111.934836100,-111.93483611,0,No Special Jurisdiction,12,Motor Vehicle In-Transport,6,Angle,0,No,2,Intersection,4,Y-Intersection,0,None,,,1,On Roadway,1,Daylight,1,Clear,0,No Additional Atmospheric Conditions,1,Clear,0,No,0000000,Not Applicable,99,Unknown,99,Unknown,99,Unknown EMS Scene Arrival Hour,99,Unknown EMS Scene Arrival Minutes,99,Unknown,99,Unknown EMS Hospital Arrival Time,0,None,0,None,0,None,1,0
2019,4,40568,Arizona,2,2,0,1,1,4,4,19,PIMA (19),530,TUCSON,17,17,8,August,2019,7,Saturday,0,0:00am-0:59am,3,3,0,This section IS NOT on the NHS,2,Urban,3,Principal Arterial - Other,4,City or Municipal Highway Agency,6,Local Street - Municipality,1ST AVE,,0,None,32.25568056,32.25568056,-110.960980600,-110.96098056,0,No Special Jurisdiction,8,Pedestrian,0,The First Harmful Event was Not a Collision with a Motor Vehicle in Transport,0,No,1,Non-Junction,1,Not an Intersection,0,None,,,1,On Roadway,3,Dark - Lighted,1,Clear,0,No Additional Atmospheric Conditions,1,Clear,0,No,0000000,Not Applicable,99,Unknown,99,Unknown,99,Unknown EMS Scene Arrival Hour,99,Unknown EMS Scene Arrival Minutes,88,Not Applicable (Not Transported),88,Not Applicable (Not Transported),0,None,0,None,0,None,1,0
2019,4,40569,Arizona,1,1,0,0,0,3,3,13,MARICOPA (13),0,NOT APPLICABLE,17,17,8,August,2019,7,Saturday,16,4:00pm-4:59pm,16,16,0,This section IS NOT on the NHS,1,Rural,5,Major Collector,2,County Highway Agency,4,County Road,CR-MCDOWELL MOUNTAIN RD,,0,None,33.68326111,33.68326111,-111.693788900,-111.69378889,0,No Special Jurisdiction,35,Embankment,0,The First Harmful Event was Not a Collision with a Motor Vehicle in Transport,0,No,1,Non-Junction,1,Not an Intersection,0,None,,,4,On Roadside,1,Daylight,1,Clear,0,No Additional Atmospheric Conditions,1,Clear,0,No,0000000,Not Applicable,16,4:00pm-4:59pm,16,16,16,4:00pm-4:59pm,23,23,16,4:00pm-4:59pm,59,59,0,None,0,None,0,None,1,0
2019,4,40570,Arizona,1,1,0,0,0,1,1,13,MARICOPA (13),370,PHOENIX,18,18,8,August,2019,1,Sunday,1,1:00am-1:59am,1,1,0,This section IS NOT on the NHS,2,Urban,4,Minor Arterial,2,County Highway Agency,4,County Road,CR-CAREFREE HWY,,0,None,33.79828889,33.79828889,-112.126322200,-112.12632222,0,No Special Jurisdiction,33,Curb,0,The First Harmful Event was Not a Collision with a Motor Vehicle in Transport,0,No,1,Non-Junction,1,Not an Intersection,0,None,,,4,On Roadside,3,Dark - Lighted,1,Clear,0,No Additional Atmospheric Conditions,1,Clear,0,No,0000000,Not Applicable,1,1:00am-1:59am,2,2,1,1:00am-1:59am,6,6,1,1:00am-1:59am,31,31,0,None,0,None,0,None,1,1
2019,4,40571,Arizona,2,2,0,0,0,3,3,13,MARICOPA (13),370,PHOENIX,18,18,8,August,2019,1,Sunday,10,10:00am-10:59am,48,48,0,This section IS NOT on the NHS,2,Urban,4,Minor Arterial,4,City or Municipal Highway Agency,6,Local Street - Municipality,NORTHERN AVE,,0,None,33.55313889,33.55313889,-112.137952800,-112.13795278,0,No Special Jurisdiction,12,Motor Vehicle In-Transport,6,Angle,0,No,8,Driveway Access Related,1,Not an Intersection,0,None,,,1,On Roadway,1,Daylight,1,Clear,0,No Additional Atmospheric Conditions,1,Clear,0,No,0000000,Not Applicable,99,Unknown,99,Unknown,99,Unknown EMS Scene Arrival Hour,99,Unknown EMS Scene Arrival Minutes,99,Unknown,99,Unknown EMS Hospital Arrival Time,0,None,0,None,0,None,1,0
2019,4,40572,Arizona,2,2,0,0,0,2,2,19,PIMA (19),530,TUCSON,20,20,8,August,2019,3,Tuesday,17,5:00pm-5:59pm,50,50,0,This section IS NOT on the NHS,2,Urban,3,Principal Arterial - Other,4,City or Municipal Highway Agency,6,Local Street - Municipality,GOLF LINKS RD,KOLB RD,0,None,32.19187222,32.19187222,-110.841050000,-110.841050000,0,No Special Jurisdiction,12,Motor Vehicle In-Transport,6,Angle,0,No,2,Intersection,2,Four-Way Intersection,0,None,,,1,On Roadway,1,Daylight,1,Clear,0,No Additional Atmospheric Conditions,1,Clear,0,No,0000000,Not Applicable,17,5:00pm-5:59pm,50,50,17,5:00pm-5:59pm,53,53,18,6:00pm-6:59pm,12,12,0,None,0,None,0,None,1,0
2019,4,40573,Arizona,1,1,0,1,1,2,2,25,YAVAPAI (25),373,PRESCOTT VALLEY,20,20,8,August,2019,3,Tuesday,20,8:00pm-8:59pm,1,1,1,This section IS ON the NHS,2,Urban,3,Principal Arterial - Other,1,State Highway Agency,3,State Highway,SR-69 FRONTAGE RD,,270,270,34.58206667,34.58206667,-112.350238900,-112.35023889,0,No Special Jurisdiction,9,Pedalcyclist,0,The First Harmful Event was Not a Collision with a Motor Vehicle in Transport,0,No,1,Non-Junction,1,Not an Intersection,0,None,,,1,On Roadway,2,Dark - Not Lighted,1,Clear,0,No Additional Atmospheric Conditions,1,Clear,0,No,0000000,Not Applicable,20,8:00pm-8:59pm,2,2,20,8:00pm-8:59pm,4,4,21,9:00pm-9:59pm,17,17,0,None,0,None,0,None,1,0
2019,4,40574,Arizona,2,2,0,0,0,3,3,25,YAVAPAI (25),373,PRESCOTT VALLEY,21,21,8,August,2019,4,Wednesday,19,7:00pm-7:59pm,16,16,0,This section IS NOT on the NHS,2,Urban,4,Minor Arterial,3,Town or Township Highway Agency,5,Local Street - Township,LAKE SHORE DR,,0,None,34.60638333,34.60638333,-112.303233300,-112.30323333,0,No Special Jurisdiction,12,Motor Vehicle In-Transport,7,Sideswipe - Same Direction,0,No,1,Non-Junction,1,Not an Intersection,0,None,,,1,On Roadway,2,Dark - Not Lighted,1,Clear,0,No Additional Atmospheric Conditions,1,Clear,0,No,0000000,Not Applicable,19,7:00pm-7:59pm,16,16,19,7:00pm-7:59pm,25,25,20,8:00pm-8:59pm,28,28,0,None,0,None,0,None,1,0
2019,4,40575,Arizona,1,1,0,2,2,1,1,13,MARICOPA (13),200,GLENDALE,23,23,8,August,2019,6,Friday,20,8:00pm-8:59pm,25,25,0,This section IS NOT on the NHS,2,Urban,4,Minor Arterial,4,City or Municipal Highway Agency,6,Local Street - Municipality,67TH AVE,MISSOURI AVE,0,None,33.51658611,33.51658611,-112.203130600,-112.20313056,0,No Special Jurisdiction,8,Pedestrian,0,The First Harmful Event was Not a Collision with a Motor Vehicle in Transport,0,No,3,Intersection-Related,2,Four-Way Intersection,0,None,,,1,On Roadway,3,Dark - Lighted,1,Clear,0,No Additional Atmospheric Conditions,1,Clear,0,No,0000000,Not Applicable,99,Unknown,99,Unknown,99,Unknown EMS Scene Arrival Hour,99,Unknown EMS Scene Arrival Minutes,99,Unknown,99,Unknown EMS Hospital Arrival Time,0,None,0,None,0,None,1,0
2019,4,40576,Arizona,1,1,0,1,1,2,2,19,PIMA (19),9997,Other,23,23,8,August,2019,6,Friday,21,9:00pm-9:59pm,26,26,0,This section IS NOT on the NHS,2,Urban,4,Minor Arterial,2,County Highway Agency,4,County Road,CR-VALENCIA RD,,0,None,32.13283611,32.13283611,-111.054350000,-111.054350000,0,No Special Jurisdiction,8,Pedestrian,0,The First Harmful Event was Not a Collision with a Motor Vehicle in Transport,0,No,1,Non-Junction,1,Not an Intersection,0,None,,,1,On Roadway,2,Dark - Not Lighted,1,Clear,0,No Additional Atmospheric Conditions,1,Clear,0,No,0000000,Not Applicable,21,9:00pm-9:59pm,44,44,21,9:00pm-9:59pm,42,42,88,Not Applicable (Not Transported),88,Not Applicable (Not Transported),0,None,0,None,0,None,1,0
2019,4,40577,Arizona,2,2,0,0,0,2,2,13,MARICOPA (13),368,PEORIA,24,24,8,August,2019,7,Saturday,21,9:00pm-9:59pm,36,36,1,This section IS ON the NHS,2,Urban,2,Principal Arterial - Other Freeways and Expressways,1,State Highway Agency,3,State Highway,SR-101,,108,108,33.61184167,33.61184167,-112.242252800,-112.24225278,0,No Special Jurisdiction,12,Motor Vehicle In-Transport,1,Front-to-Rear,0,No,1,Non-Junction,1,Not an Intersection,0,None,,,1,On Roadway,3,Dark - Lighted,1,Clear,0,No Additional Atmospheric Conditions,1,Clear,0,No,0000000,Not Applicable,19,7:00pm-7:59pm,52,52,20,8:00pm-8:59pm,3,3,20,8:00pm-8:59pm,24,24,0,None,0,None,0,None,1,0
2019,4,40578,Arizona,2,2,0,0,0,3,3,9,GRAHAM (9),410,SAFFORD,25,25,8,August,2019,1,Sunday,6,6:00am-6:59am,28,28,0,This section IS NOT on the NHS,2,Urban,3,Principal Arterial - Other,1,State Highway Agency,2,U.S. Highway,US-70,,0,None,32.83433889,32.83433889,-109.706833300,-109.70683333,0,No Special Jurisdiction,12,Motor Vehicle In-Transport,1,Front-to-Rear,0,No,1,Non-Junction,1,Not an Intersection,0,None,,,1,On Roadway,1,Daylight,1,Clear,0,No Additional Atmospheric Conditions,1,Clear,0,No,0000000,Not Applicable,6,6:00am-6:59am,33,33,6,6:00am-6:59am,35,35,6,6:00am-6:59am,51,51,0,None,0,None,0,None,1,0
2019,4,40579,Arizona,1,1,0,1,1,1,1,19,PIMA (19),530,TUCSON,25,25,8,August,2019,1,Sunday,19,7:00pm-7:59pm,42,42,0,This section IS NOT on the NHS,2,Urban,4,Minor Arterial,4,City or Municipal Highway Agency,6,Local Street - Municipality,FLOWING WELLS RD,,0,None,32.26746667,32.26746667,-110.995055600,-110.99505556,0,No Special Jurisdiction,8,Pedestrian,0,The First Harmful Event was Not a Collision with a Motor Vehicle in Transport,0,No,1,Non-Junction,1,Not an Intersection,0,None,,,1,On Roadway,3,Dark - Lighted,1,Clear,0,No Additional Atmospheric Conditions,1,Clear,0,No,0000000,Not Applicable,99,Unknown,99,Unknown,99,Unknown EMS Scene Arrival Hour,99,Unknown EMS Scene Arrival Minutes,99,Unknown,99,Unknown EMS Hospital Arrival Time,0,None,0,None,0,None,1,0