caseyear,state,st_case,statename,ve_total,ve_forms,pvh_invl,peds,pernotmvit,permvit,persons,county,countyname,city,cityname,day,dayname,month,monthname,year,day_week,day_weekname,hour,hourname,minute,minutename,nhs,nhsname,rur_urb,rur_urbname,func_sys,func_sysname,rd_owner,rd_ownername,route,routename,tway_id,tway_id2,milept,mileptname,latitude,latitudename,longitud,longitudname,sp_jur,sp_jurname,harm_ev,harm_evname,man_coll,man_collname,reljct1,reljct1name,reljct2,reljct2name,typ_int,typ_intname,wrk_zone,wrk_zonename,road_fnc,road_fncname,rel_road,rel_roadname,lgt_cond,lgt_condname,weather1,weather1name,weather2,weather2name,weather,weathername,sch_bus,sch_busname,rail,railname,not_hour,not_hourname,not_min,not_minname,arr_hour,arr_hourname,arr_min,arr_minname,hosp_hr,hosp_hrname,hosp_mn,hosp_mnname,cf1,cf1name,cf2,cf2name,cf3,cf3name,fatals,drunk_dr
2019,4,40618,Arizona,1,1,0,1,1,1,1,19,PIMA (19),0,NOT APPLICABLE,26,26,9,September,2019,5,Thursday,10,10:00am-10:59am,49,49,0,This section IS NOT on the NHS,2,Urban,99,Unknown,99,Unknown,9,Unknown,BOWES RD,,0,None,32.30298611,32.30298611,-110.789738900,-110.78973889,0,No Special Jurisdiction,8,Pedestrian,0,The First Harmful Event was Not a Collision with a Motor Vehicle in Transport,0,No,1,Non-Junction,1,Not an Intersection,0,None,,,2,On Shoulder,1,Daylight,10,Cloudy,0,No Additional Atmospheric Conditions,10,Cloudy,0,No,0000000,Not Applicable,10,10:00am-10:59am,50,50,99,Unknown EMS Scene Arrival Hour,99,Unknown EMS Scene Arrival Minutes,99,Unknown,99,Unknown EMS Hospital Arrival Time,0,None,0,None,0,None,1,0
2019,4,40619,Arizona,2,2,0,0,0,2,2,25,YAVAPAI (25),386,PRESCOTT,27,27,9,September,2019,6,Friday,13,1:00pm-1:59pm,48,48,1,This section IS ON the NHS,2,Urban,2,Principal Arterial - Other Freeways and Expressways,1,State Highway Agency,3,State Highway,SR-89A,,0,None,34.63183889,34.63183889,-112.430650000,-112.430650000,0,No Special Jurisdiction,43,Other Fixed Object,0,The First Harmful Event was Not a Collision with a Motor Vehicle in Transport,0,No,1,Non-Junction,1,Not an Intersection,1,Construction,,,3,On Median,1,Daylight,1,Clear,0,No Additional Atmospheric Conditions,1,Clear,0,No,0000000,Not Applicable,13,1:00pm-1:59pm,48,48,13,1:00pm-1:59pm,55,55,99,Unknown,99,Unknown EMS Hospital Arrival Time,4,No or Obscured Pavement Marking,0,None,0,None,1,0
2019,4,40620,Arizona,1,1,0,0,0,1,1,13,MARICOPA (13),477,SUN LAKES,27,27,9,September,2019,6,Friday,23,11:00pm-11:59pm,15,15,0,This section IS NOT on the NHS,2,Urban,7,Local,4,City or Municipal Highway Agency,6,Local Street - Municipality,BRENTWOOD DR,,0,None,33.21333611,33.21333611,-111.868169400,-111.86816944,0,No Special Jurisdiction,18,Other Object (not fixed),0,The First Harmful Event was Not a Collision with a Motor Vehicle in Transport,0,No,1,Non-Junction,1,Not an Intersection,0,None,,,1,On Roadway,2,Dark - Not Lighted,1,Clear,0,No Additional Atmospheric Conditions,1,Clear,0,No,0000000,Not Applicable,99,Unknown,99,Unknown,99,Unknown EMS Scene Arrival Hour,99,Unknown EMS Scene Arrival Minutes,99,Unknown,99,Unknown EMS Hospital Arrival Time,0,None,0,None,0,None,1,0
2019,4,40621,Arizona,1,1,0,0,0,1,1,7,GILA (7),0,NOT APPLICABLE,28,28,9,September,2019,7,Saturday,17,5:00pm-5:59pm,39,39,0,This section IS NOT on the NHS,1,Rural,5,Major Collector,1,State Highway Agency,3,State Highway,SR-87,,1551,1551,34.42148611,34.42148611,-111.511466700,-111.51146667,0,No Special Jurisdiction,24,Guardrail Face,0,The First Harmful Event was Not a Collision with a Motor Vehicle in Transport,0,No,1,Non-Junction,1,Not an Intersection,0,None,,,4,On Roadside,5,Dusk,1,Clear,0,No Additional Atmospheric Conditions,1,Clear,0,No,0000000,Not Applicable,17,5:00pm-5:59pm,39,39,17,5:00pm-5:59pm,47,47,88,Not Applicable (Not Transported),88,Not Applicable (Not Transported),0,None,0,None,0,None,1,0
2019,4,40622,Arizona,1,1,0,0,0,2,2,19,PIMA (19),530,TUCSON,29,29,9,September,2019,1,Sunday,4,4:00am-4:59am,23,23,0,This section IS NOT on the NHS,2,Urban,5,Major Collector,4,City or Municipal Highway Agency,6,Local Street - Municipality,GREASEWOOD RD,,0,None,32.20572500,32.20572500,-111.020294400,-111.02029444,0,No Special Jurisdiction,33,Curb,0,The First Harmful Event was Not a Collision with a Motor Vehicle in Transport,0,No,1,Non-Junction,1,Not an Intersection,0,None,,,4,On Roadside,2,Dark - Not Lighted,1,Clear,0,No Additional Atmospheric Conditions,1,Clear,0,No,0000000,Not Applicable,4,4:00am-4:59am,23,23,4,4:00am-4:59am,30,30,4,4:00am-4:59am,56,56,0,None,0,None,0,None,1,0
2019,4,40623,Arizona,2,2,0,0,0,3,3,23,SANTA CRUZ (23),392,RIO RICO,29,29,9,September,2019,1,Sunday,5,5:00am-5:59am,25,25,1,This section IS ON the NHS,1,Rural,1,Interstate,1,State Highway Agency,1,Interstate,I-19,,150,150,31.45451667,31.45451667,-110.982327800,-110.98232778,0,No Special Jurisdiction,12,Motor Vehicle In-Transport,1,Front-to-Rear,0,No,1,Non-Junction,1,Not an Intersection,0,None,,,1,On Roadway,2,Dark - Not Lighted,1,Clear,0,No Additional Atmospheric Conditions,1,Clear,0,No,0000000,Not Applicable,5,5:00am-5:59am,28,28,5,5:00am-5:59am,38,38,6,6:00am-6:59am,9,9,0,None,0,None,0,None,1,1
2019,4,40624,Arizona,1,1,0,0,0,1,1,25,YAVAPAI (25),386,PRESCOTT,30,30,9,September,2019,2,Monday,13,1:00pm-1:59pm,8,8,1,This section IS ON the NHS,2,Urban,2,Principal Arterial - Other Freeways and Expressways,1,State Highway Agency,3,State Highway,SR-89A,,15,15,34.63134167,34.63134167,-112.432330600,-112.43233056,0,No Special Jurisdiction,43,Other Fixed Object,0,The First Harmful Event was Not a Collision with a Motor Vehicle in Transport,0,No,1,Non-Junction,1,Not an Intersection,0,None,,,3,On Median,1,Daylight,1,Clear,0,No Additional Atmospheric Conditions,1,Clear,0,No,0000000,Not Applicable,13,1:00pm-1:59pm,8,8,13,1:00pm-1:59pm,13,13,14,2:00pm-2:59pm,5,5,0,None,0,None,0,None,1,0
2019,4,40625,Arizona,2,2,0,0,0,3,3,5,COCONINO (5),170,FLAGSTAFF,1,1,9,September,2019,1,Sunday,12,12:00pm-12:59pm,44,44,1,This section IS ON the NHS,2,Urban,1,Interstate,1,State Highway Agency,1,Interstate,I-40,,1928,1928,35.18330556,35.18330556,-111.700336100,-111.70033611,0,No Special Jurisdiction,12,Motor Vehicle In-Transport,6,Angle,0,No,7,Crossover-Related,1,Not an Intersection,0,None,,,1,On Roadway,1,Daylight,10,Cloudy,0,No Additional Atmospheric Conditions,10,Cloudy,0,No,0000000,Not Applicable,99,Unknown,99,Unknown,99,Unknown EMS Scene Arrival Hour,99,Unknown EMS Scene Arrival Minutes,99,Unknown,99,Unknown EMS Hospital Arrival Time,0,None,0,None,0,None,1,0
2019,4,40626,Arizona,2,2,0,0,0,2,2,13,MARICOPA (13),290,MESA,5,5,9,September,2019,5,Thursday,8,8:00am-8:59am,44,44,1,This section IS ON the NHS,2,Urban,3,Principal Arterial - Other,4,City or Municipal Highway Agency,6,Local Street - Municipality,COUNTRY CLUB DR,,0,None,33.40493889,33.40493889,-111.840083300,-111.84008333,0,No Special Jurisdiction,12,Motor Vehicle In-Transport,6,Angle,0,No,8,Driveway Access Related,1,Not an Intersection,0,None,,,1,On Roadway,1,Daylight,1,Clear,0,No Additional Atmospheric Conditions,1,Clear,0,No,0000000,Not Applicable,8,8:00am-8:59am,44,44,8,8:00am-8:59am,50,50,9,9:00am-9:59am,0,0,0,None,0,None,0,None,1,1
2019,4,40627,Arizona,1,1,0,0,0,6,6,13,MARICOPA (13),420,SCOTTSDALE,8,8,9,September,2019,1,Sunday,18,6:00pm-6:59pm,41,41,0,This section IS NOT on the NHS,2,Urban,7,Local,98,Not Reported,9,Unknown,STETSON DR,CIVIC CENTER PLZA,0,None,33.49955278,33.49955278,-111.921375000,-111.921375000,0,No Special Jurisdiction,5,Fell/Jumped from Vehicle,0,The First Harmful Event was Not a Collision with a Motor Vehicle in Transport,0,No,2,Intersection,2,Four-Way Intersection,0,None,,,1,On Roadway,5,Dusk,1,Clear,0,No Additional Atmospheric Conditions,1,Clear,0,No,0000000,Not Applicable,18,6:00pm-6:59pm,41,41,18,6:00pm-6:59pm,46,46,18,6:00pm-6:59pm,56,56,0,None,0,None,0,None,1,0
2019,4,40628,Arizona,1,1,0,1,1,4,4,21,PINAL (21),180,FLORENCE,9,9,9,September,2019,2,Monday,22,10:00pm-10:59pm,59,59,0,This section IS NOT on the NHS,2,Urban,5,Major Collector,4,City or Municipal Highway Agency,6,Local Street - Municipality,PARK ST,ELLIOTT ST,0,None,33.02431389,33.02431389,-111.383219400,-111.38321944,0,No Special Jurisdiction,8,Pedestrian,0,The First Harmful Event was Not a Collision with a Motor Vehicle in Transport,0,No,3,Intersection-Related,4,Y-Intersection,0,None,,,1,On Roadway,2,Dark - Not Lighted,1,Clear,0,No Additional Atmospheric Conditions,1,Clear,0,No,0000000,Not Applicable,22,10:00pm-10:59pm,59,59,99,Unknown EMS Scene Arrival Hour,99,Unknown EMS Scene Arrival Minutes,99,Unknown,99,Unknown EMS Hospital Arrival Time,0,None,0,None,0,None,1,1
2019,4,40629,Arizona,1,1,0,0,0,1,1,19,PIMA (19),530,TUCSON,10,10,9,September,2019,3,Tuesday,0,0:00am-0:59am,24,24,0,This section IS NOT on the NHS,2,Urban,99,Unknown,4,City or Municipal Highway Agency,6,Local Street - Municipality,MISSION RD,,0,None,32.16804722,32.16804722,-111.005997200,-111.00599722,0,No Special Jurisdiction,59,Traffic Sign Support,0,The First Harmful Event was Not a Collision with a Motor Vehicle in Transport,0,No,1,Non-Junction,1,Not an Intersection,0,None,,,4,On Roadside,3,Dark - Lighted,1,Clear,0,No Additional Atmospheric Conditions,1,Clear,0,No,0000000,Not Applicable,0,0:00am-0:59am,12,12,0,0:00am-0:59am,19,19,88,Not Applicable (Not Transported),88,Not Applicable (Not Transported),0,None,0,None,0,None,1,1
2019,4,40631,Arizona,1,1,0,0,0,1,1,17,NAVAJO (17),0,NOT APPLICABLE,16,16,9,September,2019,2,Monday,9,9:00am-9:59am,7,7,1,This section IS ON the NHS,1,Rural,3,Principal Arterial - Other,1,State Highway Agency,3,State Highway,SR-260,,1369,1369,34.36736944,34.36736944,-110.373105600,-110.37310556,0,No Special Jurisdiction,1,Rollover/Overturn,0,The First Harmful Event was Not a Collision with a Motor Vehicle in Transport,0,No,1,Non-Junction,1,Not an Intersection,0,None,,,4,On Roadside,1,Daylight,1,Clear,0,No Additional Atmospheric Conditions,1,Clear,0,No,0000000,Not Applicable,99,Unknown,99,Unknown,99,Unknown EMS Scene Arrival Hour,99,Unknown EMS Scene Arrival Minutes,99,Unknown,99,Unknown EMS Hospital Arrival Time,0,None,0,None,0,None,1,0
2019,4,40632,Arizona,1,1,0,0,0,1,1,25,YAVAPAI (25),116,CORNVILLE,19,19,9,September,2019,5,Thursday,14,2:00pm-2:59pm,45,45,0,This section IS NOT on the NHS,1,Rural,5,Major Collector,2,County Highway Agency,4,County Road,CR-BEAVERHEAD FLATS RD,,0,None,34.70077500,34.70077500,-111.831008300,-111.83100833,0,No Special Jurisdiction,41,Shrubbery,0,The First Harmful Event was Not a Collision with a Motor Vehicle in Transport,0,No,1,Non-Junction,1,Not an Intersection,0,None,,,4,On Roadside,1,Daylight,1,Clear,0,No Additional Atmospheric Conditions,1,Clear,0,No,0000000,Not Applicable,14,2:00pm-2:59pm,53,53,15,3:00pm-3:59pm,0,0,88,Not Applicable (Not Transported),88,Not Applicable (Not Transported),0,None,0,None,0,None,1,1
2019,4,40633,Arizona,2,2,0,0,0,3,3,21,PINAL (21),70,CASA GRANDE,22,22,9,September,2019,1,Sunday,8,8:00am-8:59am,15,15,0,This section IS NOT on the NHS,2,Urban,4,Minor Arterial,4,City or Municipal Highway Agency,6,Local Street - Municipality,EARLEY RD,PEART RD,0,None,32.86495000,32.86495000,-111.722883300,-111.72288333,0,No Special Jurisdiction,12,Motor Vehicle In-Transport,6,Angle,0,No,2,Intersection,2,Four-Way Intersection,0,None,,,1,On Roadway,1,Daylight,1,Clear,0,No Additional Atmospheric Conditions,1,Clear,0,No,0000000,Not Applicable,8,8:00am-8:59am,15,15,8,8:00am-8:59am,20,20,99,Unknown,99,Unknown EMS Hospital Arrival Time,0,None,0,None,0,None,1,0
2019,4,40634,Arizona,1,1,0,1,1,1,1,13,MARICOPA (13),190,GILBERT,24,24,9,September,2019,3,Tuesday,16,4:00pm-4:59pm,33,33,0,This section IS NOT on the NHS,2,Urban,4,Minor Arterial,4,City or Municipal Highway Agency,6,Local Street - Municipality,GREENFIELD RD,,0,None,33.35747222,33.35747222,-111.738641700,-111.73864167,0,No Special Jurisdiction,9,Pedalcyclist,0,The First Harmful Event was Not a Collision with a Motor Vehicle in Transport,0,No,1,Non-Junction,1,Not an Intersection,0,None,,,1,On Roadway,1,Daylight,1,Clear,0,No Additional Atmospheric Conditions,1,Clear,0,No,0000000,Not Applicable,16,4:00pm-4:59pm,33,33,16,4:00pm-4:59pm,40,40,17,5:00pm-5:59pm,0,0,0,None,0,None,0,None,1,0
2019,4,40635,Arizona,1,1,0,1,1,1,1,5,COCONINO (5),267,LEUPP,26,26,1,January,2019,7,Saturday,12,12:00pm-12:59pm,39,39,0,This section IS NOT on the NHS,1,Rural,5,Major Collector,62,Bureau of Indian Affairs,8,Other,BIA 15,,0,None,35.29749444,35.29749444,-111.017980600,-111.01798056,3,Indian Reservation,8,Pedestrian,0,The First Harmful Event was Not a Collision with a Motor Vehicle in Transport,0,No,99,Reported as Unknown,99,Reported as Unknown,0,None,,,99,Reported as Unknown,1,Daylight,99,Reported as Unknown,0,No Additional Atmospheric Conditions,99,Reported as Unknown,0,No,0000000,Not Applicable,99,Unknown,99,Unknown,99,Unknown EMS Scene Arrival Hour,99,Unknown EMS Scene Arrival Minutes,99,Unknown,99,Unknown EMS Hospital Arrival Time,0,None,0,None,0,None,1,0
2019,4,40636,Arizona,1,1,0,0,0,1,1,1,APACHE (1),222,GREER,11,11,7,July,2019,5,Thursday,14,2:00pm-2:59pm,0,0,0,This section IS NOT on the NHS,1,Rural,98,Not Reported,1,State Highway Agency,3,State Highway,SR-373,,99998,Not Reported,99.99990000,Unknown,999.999900000,Unknown,0,No Special Jurisdiction,99,Reported as Unknown,99,Reported as Unknown,9,Reported as Unknown,99,Reported as Unknown,99,Reported as Unknown,0,None,,,99,Reported as Unknown,1,Daylight,99,Reported as Unknown,0,No Additional Atmospheric Conditions,99,Reported as Unknown,0,No,0000000,Not Applicable,99,Unknown,99,Unknown,99,Unknown EMS Scene Arrival Hour,99,Unknown EMS Scene Arrival Minutes,99,Unknown,99,Unknown EMS Hospital Arrival Time,99,Reported as Unknown,99,Reported as Unknown,99,Reported as Unknown,1,0
2019,4,40637,Arizona,1,1,0,0,0,1,1,13,MARICOPA (13),0,NOT APPLICABLE,8,8,8,August,2019,5,Thursday,16,4:00pm-4:59pm,54,54,0,This section IS NOT on the NHS,1,Rural,5,Major Collector,2,County Highway Agency,4,County Road,CR-MCDOWELL MOUNTAIN RD,,0,None,33.71009444,33.71009444,-111.687052800,-111.68705278,0,No Special Jurisdiction,52,Guardrail End,0,The First Harmful Event was Not a Collision with a Motor Vehicle in Transport,0,No,1,Non-Junction,1,Not an Intersection,0,None,,,4,On Roadside,1,Daylight,1,Clear,0,No Additional Atmospheric Conditions,1,Clear,0,No,0000000,Not Applicable,16,4:00pm-4:59pm,54,54,17,5:00pm-5:59pm,4,4,18,6:00pm-6:59pm,0,0,0,None,0,None,0,None,1,1
2019,4,40639,Arizona,1,1,0,0,0,2,2,13,MARICOPA (13),0,NOT APPLICABLE,24,24,8,August,2019,7,Saturday,20,8:00pm-8:59pm,13,13,0,This section IS NOT on the NHS,2,Urban,3,Principal Arterial - Other,2,County Highway Agency,4,County Road,CR-DYSART RD,COLTER ST,0,None,33.51137500,33.51137500,-112.340905600,-112.34090556,0,No Special Jurisdiction,1,Rollover/Overturn,0,The First Harmful Event was Not a Collision with a Motor Vehicle in Transport,0,No,3,Intersection-Related,2,Four-Way Intersection,0,None,,,4,On Roadside,3,Dark - Lighted,1,Clear,0,No Additional Atmospheric Conditions,1,Clear,0,No,0000000,Not Applicable,20,8:00pm-8:59pm,13,13,20,8:00pm-8:59pm,23,23,20,8:00pm-8:59pm,35,35,0,None,0,None,0,None,1,0
2019,4,40640,Arizona,1,1,0,0,0,1,1,13,MARICOPA (13),189,GILA BEND,25,25,8,August,2019,1,Sunday,7,7:00am-7:59am,44,44,0,This section IS NOT on the NHS,1,Rural,5,Major Collector,3,Town or Township Highway Agency,5,Local Street - Township,OLD US 80,,0,None,32.96697500,32.96697500,-112.687877800,-112.68787778,0,No Special Jurisdiction,52,Guardrail End,0,The First Harmful Event was Not a Collision with a Motor Vehicle in Transport,0,No,1,Non-Junction,1,Not an Intersection,0,None,,,4,On Roadside,2,Dark - Not Lighted,1,Clear,0,No Additional Atmospheric Conditions,1,Clear,0,No,0000000,Not Applicable,7,7:00am-7:59am,22,22,7,7:00am-7:59am,32,32,88,Not Applicable (Not Transported),88,Not Applicable (Not Transported),0,None,0,None,0,None,1,1
2019,4,40642,Arizona,1,1,0,1,1,1,1,13,MARICOPA (13),370,PHOENIX,10,10,9,September,2019,3,Tuesday,6,6:00am-6:59am,55,55,1,This section IS ON the NHS,2,Urban,3,Principal Arterial - Other,4,City or Municipal Highway Agency,6,Local Street - Municipality,INDIAN SCHOOL RD,,0,None,33.49493333,33.49493333,-112.159175000,-112.159175000,0,No Special Jurisdiction,9,Pedalcyclist,0,The First Harmful Event was Not a Collision with a Motor Vehicle in Transport,0,No,1,Non-Junction,1,Not an Intersection,0,None,,,1,On Roadway,1,Daylight,1,Clear,0,No Additional Atmospheric Conditions,1,Clear,0,No,0000000,Not Applicable,99,Unknown,99,Unknown,99,Unknown EMS Scene Arrival Hour,99,Unknown EMS Scene Arrival Minutes,99,Unknown,99,Unknown EMS Hospital Arrival Time,0,None,0,None,0,None,1,0
2019,4,40643,Arizona,1,1,0,1,1,1,1,19,PIMA (19),530,TUCSON,21,21,9,September,2019,7,Saturday,22,10:00pm-10:59pm,25,25,0,This section IS NOT on the NHS,2,Urban,3,Principal Arterial - Other,4,City or Municipal Highway Agency,6,Local Street - Municipality,GRANT RD,,0,None,32.25060556,32.25060556,-110.901752800,-110.90175278,0,No Special Jurisdiction,8,Pedestrian,0,The First Harmful Event was Not a Collision with a Motor Vehicle in Transport,0,No,1,Non-Junction,1,Not an Intersection,0,None,,,1,On Roadway,3,Dark - Lighted,1,Clear,0,No Additional Atmospheric Conditions,1,Clear,0,No,0000000,Not Applicable,22,10:00pm-10:59pm,25,25,22,10:00pm-10:59pm,29,29,22,10:00pm-10:59pm,54,54,0,None,0,None,0,None,1,0
2019,4,40644,Arizona,1,1,0,1,1,1,1,19,PIMA (19),530,TUCSON,23,23,9,September,2019,2,Monday,21,9:00pm-9:59pm,6,6,0,This section IS NOT on the NHS,2,Urban,3,Principal Arterial - Other,1,State Highway Agency,3,State Highway,SR-86,,1174,1174,32.17788056,32.17788056,-110.992602800,-110.99260278,0,No Special Jurisdiction,8,Pedestrian,0,The First Harmful Event was Not a Collision with a Motor Vehicle in Transport,0,No,1,Non-Junction,1,Not an Intersection,1,Construction,,,1,On Roadway,2,Dark - Not Lighted,2,Rain,10,Cloudy,2,Rain,0,No,0000000,Not Applicable,21,9:00pm-9:59pm,8,8,21,9:00pm-9:59pm,17,17,21,9:00pm-9:59pm,41,41,1,"Inadequate Warning of Exits, Lanes Narrowing, Traffic Controls, etc.",0,None,0,None,1,0
2019,4,40645,Arizona,2,2,0,0,0,3,3,19,PIMA (19),530,TUCSON,30,30,9,September,2019,2,Monday,20,8:00pm-8:59pm,9,9,0,This section IS NOT on the NHS,2,Urban,3,Principal Arterial - Other,4,City or Municipal Highway Agency,6,Local Street - Municipality,BROADWAY BLVD,SARNOFF DR,0,None,32.22089167,32.22089167,-110.815358300,-110.81535833,0,No Special Jurisdiction,12,Motor Vehicle In-Transport,6,Angle,0,No,2,Intersection,4,Y-Intersection,0,None,,,1,On Roadway,3,Dark - Lighted,1,Clear,0,No Additional Atmospheric Conditions,1,Clear,0,No,0000000,Not Applicable,99,Unknown,99,Unknown,99,Unknown EMS Scene Arrival Hour,99,Unknown EMS Scene Arrival Minutes,99,Unknown,99,Unknown EMS Hospital Arrival Time,0,None,0,None,0,None,2,0
2019,4,40646,Arizona,2,2,0,0,0,3,3,21,PINAL (21),0,NOT APPLICABLE,1,1,8,August,2019,5,Thursday,12,12:00pm-12:59pm,22,22,0,This section IS NOT on the NHS,1,Rural,5,Major Collector,2,County Highway Agency,4,County Road,CR-FLORENCE KELVIN HWY,,0,None,32.99865000,32.99865000,-111.073000000,-111.073000000,0,No Special Jurisdiction,12,Motor Vehicle In-Transport,2,Front-to-Front,0,No,1,Non-Junction,1,Not an Intersection,0,None,,,1,On Roadway,1,Daylight,1,Clear,0,No Additional Atmospheric Conditions,1,Clear,0,No,0000000,Not Applicable,12,12:00pm-12:59pm,22,22,13,1:00pm-1:59pm,10,10,99,Unknown,99,Unknown EMS Hospital Arrival Time,4,No or Obscured Pavement Marking,0,None,0,None,1,0
2019,4,40647,Arizona,1,1,0,0,0,1,1,21,PINAL (21),70,CASA GRANDE,2,2,8,August,2019,6,Friday,13,1:00pm-1:59pm,30,30,0,This section IS NOT on the NHS,1,Rural,98,Not Reported,2,County Highway Agency,4,County Road,CR-CLAYTON RD,,0,None,32.89396389,32.89396389,-111.799175000,-111.799175000,0,No Special Jurisdiction,38,Fence,0,The First Harmful Event was Not a Collision with a Motor Vehicle in Transport,0,No,1,Non-Junction,1,Not an Intersection,0,None,,,4,On Roadside,1,Daylight,1,Clear,0,No Additional Atmospheric Conditions,1,Clear,0,No,0000000,Not Applicable,13,1:00pm-1:59pm,31,31,13,1:00pm-1:59pm,46,46,88,Not Applicable (Not Transported),88,Not Applicable (Not Transported),0,None,0,None,0,None,1,0
2019,4,40648,Arizona,1,1,0,1,1,1,1,13,MARICOPA (13),370,PHOENIX,8,8,8,August,2019,5,Thursday,2,2:00am-2:59am,32,32,1,This section IS ON the NHS,2,Urban,3,Principal Arterial - Other,4,City or Municipal Highway Agency,6,Local Street - Municipality,51ST AVE,CAMPBELL AVE,0,None,33.50214444,33.50214444,-112.168872200,-112.16887222,0,No Special Jurisdiction,8,Pedestrian,0,The First Harmful Event was Not a Collision with a Motor Vehicle in Transport,0,No,3,Intersection-Related,2,Four-Way Intersection,0,None,,,1,On Roadway,3,Dark - Lighted,1,Clear,0,No Additional Atmospheric Conditions,1,Clear,0,No,0000000,Not Applicable,2,2:00am-2:59am,32,32,2,2:00am-2:59am,33,33,2,2:00am-2:59am,39,39,0,None,0,None,0,None,1,0
2019,4,40650,Arizona,2,2,0,0,0,3,3,13,MARICOPA (13),370,PHOENIX,14,14,8,August,2019,4,Wednesday,5,5:00am-5:59am,39,39,0,This section IS NOT on the NHS,2,Urban,4,Minor Arterial,4,City or Municipal Highway Agency,6,Local Street - Municipality,LOWER BUCKEY RD,SR-202,0,None,33.42255000,33.42255000,-112.188952800,-112.18895278,0,No Special Jurisdiction,12,Motor Vehicle In-Transport,6,Angle,1,Yes,2,Intersection,3,T-Intersection,1,Construction,,,1,On Roadway,1,Daylight,1,Clear,0,No Additional Atmospheric Conditions,1,Clear,0,No,0000000,Not Applicable,5,5:00am-5:59am,39,39,5,5:00am-5:59am,46,46,88,Not Applicable (Not Transported),88,Not Applicable (Not Transported),28,Regular Congestion,0,None,0,None,1,0
2019,4,40651,Arizona,1,1,0,0,0,1,1,3,COCHISE (3),9999,Unknown,14,14,8,August,2019,4,Wednesday,6,6:00am-6:59am,12,12,0,This section IS NOT on the NHS,1,Rural,98,Not Reported,62,Bureau of Indian Affairs,8,Other,BIA 6,,99998,Not Reported,99.99990000,Unknown,999.999900000,Unknown,3,Indian Reservation,99,Reported as Unknown,98,Not Reported,9,Reported as Unknown,99,Reported as Unknown,98,Not Reported,0,None,,,98,Not Reported,4,Dawn,98,Not Reported,0,No Additional Atmospheric Conditions,98,Not Reported,0,No,0000000,Not Applicable,99,Unknown,99,Unknown,99,Unknown EMS Scene Arrival Hour,99,Unknown EMS Scene Arrival Minutes,88,Not Applicable (Not Transported),88,Not Applicable (Not Transported),0,None,0,None,0,None,1,0
2019,4,40652,Arizona,2,2,0,0,0,2,2,13,MARICOPA (13),370,PHOENIX,15,15,8,August,2019,5,Thursday,9,9:00am-9:59am,2,2,0,This section IS NOT on the NHS,2,Urban,3,Principal Arterial - Other,4,City or Municipal Highway Agency,6,Local Street - Municipality,19TH AVE,,0,None,33.47903889,33.47903889,-112.100016700,-112.10001667,0,No Special Jurisdiction,12,Motor Vehicle In-Transport,2,Front-to-Front,0,No,1,Non-Junction,1,Not an Intersection,0,None,,,1,On Roadway,1,Daylight,1,Clear,0,No Additional Atmospheric Conditions,1,Clear,0,No,0000000,Not Applicable,99,Unknown,99,Unknown,99,Unknown EMS Scene Arrival Hour,99,Unknown EMS Scene Arrival Minutes,99,Unknown,99,Unknown EMS Hospital Arrival Time,0,None,0,None,0,None,1,0
2019,4,40653,Arizona,1,1,0,1,1,1,1,13,MARICOPA (13),80,CHANDLER,16,16,8,August,2019,6,Friday,6,6:00am-6:59am,15,15,0,This section IS NOT on the NHS,2,Urban,3,Principal Arterial - Other,4,City or Municipal Highway Agency,6,Local Street - Municipality,RAY RD,,0,None,33.32067222,33.32067222,-111.844105600,-111.84410556,0,No Special Jurisdiction,15,Non-Motorist on Personal Conveyance,0,The First Harmful Event was Not a Collision with a Motor Vehicle in Transport,0,No,1,Non-Junction,1,Not an Intersection,0,None,,,1,On Roadway,1,Daylight,1,Clear,0,No Additional Atmospheric Conditions,1,Clear,0,No,0000000,Not Applicable,6,6:00am-6:59am,20,20,6,6:00am-6:59am,25,25,6,6:00am-6:59am,34,34,0,None,0,None,0,None,1,0