caseyear,state,st_case,statename,ve_total,ve_forms,pvh_invl,peds,pernotmvit,permvit,persons,county,countyname,city,cityname,day,dayname,month,monthname,year,day_week,day_weekname,hour,hourname,minute,minutename,nhs,nhsname,rur_urb,rur_urbname,func_sys,func_sysname,rd_owner,rd_ownername,route,routename,tway_id,tway_id2,milept,mileptname,latitude,latitudename,longitud,longitudname,sp_jur,sp_jurname,harm_ev,harm_evname,man_coll,man_collname,reljct1,reljct1name,reljct2,reljct2name,typ_int,typ_intname,wrk_zone,wrk_zonename,road_fnc,road_fncname,rel_road,rel_roadname,lgt_cond,lgt_condname,weather1,weather1name,weather2,weather2name,weather,weathername,sch_bus,sch_busname,rail,railname,not_hour,not_hourname,not_min,not_minname,arr_hour,arr_hourname,arr_min,arr_minname,hosp_hr,hosp_hrname,hosp_mn,hosp_mnname,cf1,cf1name,cf2,cf2name,cf3,cf3name,fatals,drunk_dr
2019,4,40654,Arizona,1,1,0,0,0,1,1,13,MARICOPA (13),184,FORT MCDOWELL,17,17,8,August,2019,7,Saturday,6,6:00am-6:59am,28,28,1,This section IS ON the NHS,2,Urban,3,Principal Arterial - Other,1,State Highway Agency,3,State Highway,SR-87,,99999,Unknown,99.99990000,Unknown,999.999900000,Unknown,0,No Special Jurisdiction,99,Reported as Unknown,99,Reported as Unknown,9,Reported as Unknown,99,Reported as Unknown,99,Reported as Unknown,0,None,,,99,Reported as Unknown,1,Daylight,99,Reported as Unknown,0,No Additional Atmospheric Conditions,99,Reported as Unknown,0,No,0000000,Not Applicable,88,Not Applicable (Not Notified),88,Not Applicable (Not Notified),88,Not Applicable,88,Not Applicable,88,Not Applicable (Not Transported),88,Not Applicable (Not Transported),0,None,0,None,0,None,1,0
2019,4,40655,Arizona,1,1,0,0,0,4,4,21,PINAL (21),160,ELOY,21,21,8,August,2019,4,Wednesday,21,9:00pm-9:59pm,47,47,0,This section IS NOT on the NHS,1,Rural,99,Unknown,4,City or Municipal Highway Agency,6,Local Street - Municipality,CORNMAN RD,,0,None,32.83571389,32.83571389,-111.612736100,-111.61273611,0,No Special Jurisdiction,58,Ground,0,The First Harmful Event was Not a Collision with a Motor Vehicle in Transport,0,No,1,Non-Junction,1,Not an Intersection,0,None,,,1,On Roadway,6,Dark - Unknown Lighting,1,Clear,0,No Additional Atmospheric Conditions,1,Clear,0,No,0000000,Not Applicable,99,Unknown,99,Unknown,99,Unknown EMS Scene Arrival Hour,99,Unknown EMS Scene Arrival Minutes,99,Unknown,99,Unknown EMS Hospital Arrival Time,0,None,0,None,0,None,2,0
2019,4,40656,Arizona,2,2,0,0,0,3,3,13,MARICOPA (13),370,PHOENIX,22,22,8,August,2019,5,Thursday,4,4:00am-4:59am,25,25,0,This section IS NOT on the NHS,2,Urban,4,Minor Arterial,4,City or Municipal Highway Agency,6,Local Street - Municipality,43RD AVE,,0,None,33.45182222,33.45182222,-112.151772200,-112.15177222,0,No Special Jurisdiction,12,Motor Vehicle In-Transport,6,Angle,0,No,8,Driveway Access Related,1,Not an Intersection,0,None,,,1,On Roadway,3,Dark - Lighted,1,Clear,0,No Additional Atmospheric Conditions,1,Clear,0,No,0000000,Not Applicable,4,4:00am-4:59am,26,26,4,4:00am-4:59am,35,35,99,Unknown,99,Unknown EMS Hospital Arrival Time,0,None,0,None,0,None,1,0
2019,4,40657,Arizona,1,1,0,0,0,1,1,13,MARICOPA (13),370,PHOENIX,24,24,8,August,2019,7,Saturday,18,6:00pm-6:59pm,40,40,1,This section IS ON the NHS,2,Urban,3,Principal Arterial - Other,4,City or Municipal Highway Agency,6,Local Street - Municipality,INDIAN SCHOOL RD,,0,None,33.49499444,33.49499444,-112.092625000,-112.092625000,0,No Special Jurisdiction,40,Fire Hydrant,0,The First Harmful Event was Not a Collision with a Motor Vehicle in Transport,0,No,1,Non-Junction,1,Not an Intersection,0,None,,,4,On Roadside,3,Dark - Lighted,1,Clear,0,No Additional Atmospheric Conditions,1,Clear,0,No,0000000,Not Applicable,18,6:00pm-6:59pm,41,41,18,6:00pm-6:59pm,42,42,88,Not Applicable (Not Transported),88,Not Applicable (Not Transported),0,None,0,None,0,None,1,1
2019,4,40658,Arizona,1,1,0,1,1,1,1,13,MARICOPA (13),370,PHOENIX,24,24,8,August,2019,7,Saturday,23,11:00pm-11:59pm,4,4,1,This section IS ON the NHS,2,Urban,3,Principal Arterial - Other,4,City or Municipal Highway Agency,6,Local Street - Municipality,BELL RD,21ST ST,0,None,33.64014444,33.64014444,-112.105663900,-112.10566389,0,No Special Jurisdiction,8,Pedestrian,0,The First Harmful Event was Not a Collision with a Motor Vehicle in Transport,0,No,3,Intersection-Related,2,Four-Way Intersection,0,None,,,1,On Roadway,3,Dark - Lighted,1,Clear,0,No Additional Atmospheric Conditions,1,Clear,0,No,0000000,Not Applicable,99,Unknown,99,Unknown,99,Unknown EMS Scene Arrival Hour,99,Unknown EMS Scene Arrival Minutes,99,Unknown,99,Unknown EMS Hospital Arrival Time,0,None,0,None,0,None,1,0
2019,4,40659,Arizona,1,1,0,0,0,2,2,25,YAVAPAI (25),386,PRESCOTT,31,31,8,August,2019,7,Saturday,1,1:00am-1:59am,38,38,0,This section IS NOT on the NHS,2,Urban,5,Major Collector,2,County Highway Agency,4,County Road,CR-WILLIAMSON VALLEY RD,,0,None,34.61940278,34.61940278,-112.493083300,-112.49308333,0,No Special Jurisdiction,1,Rollover/Overturn,0,The First Harmful Event was Not a Collision with a Motor Vehicle in Transport,0,No,1,Non-Junction,1,Not an Intersection,0,None,,,4,On Roadside,2,Dark - Not Lighted,1,Clear,0,No Additional Atmospheric Conditions,1,Clear,0,No,0000000,Not Applicable,1,1:00am-1:59am,40,40,1,1:00am-1:59am,56,56,99,Unknown,99,Unknown EMS Hospital Arrival Time,0,None,0,None,0,None,1,1
2019,4,40660,Arizona,1,1,0,0,0,1,1,13,MARICOPA (13),0,NOT APPLICABLE,31,31,8,August,2019,7,Saturday,10,10:00am-10:59am,27,27,0,This section IS NOT on the NHS,1,Rural,5,Major Collector,2,County Highway Agency,2,U.S. Highway,US-80,,99999,Unknown,33.17972222,33.17972222,-112.694158300,-112.69415833,0,No Special Jurisdiction,30,Utility Pole/Light Support,0,The First Harmful Event was Not a Collision with a Motor Vehicle in Transport,0,No,1,Non-Junction,1,Not an Intersection,0,None,,,4,On Roadside,1,Daylight,1,Clear,0,No Additional Atmospheric Conditions,1,Clear,0,No,0000000,Not Applicable,10,10:00am-10:59am,27,27,10,10:00am-10:59am,45,45,11,11:00am-11:59am,10,10,0,None,0,None,0,None,1,0
2019,4,40661,Arizona,1,1,0,1,1,1,1,13,MARICOPA (13),370,PHOENIX,31,31,8,August,2019,7,Saturday,14,2:00pm-2:59pm,20,20,0,This section IS NOT on the NHS,2,Urban,3,Principal Arterial - Other,4,City or Municipal Highway Agency,6,Local Street - Municipality,35TH AVE,,0,None,33.45322500,33.45322500,-112.134483300,-112.13448333,0,No Special Jurisdiction,9,Pedalcyclist,0,The First Harmful Event was Not a Collision with a Motor Vehicle in Transport,0,No,1,Non-Junction,1,Not an Intersection,0,None,,,1,On Roadway,1,Daylight,1,Clear,0,No Additional Atmospheric Conditions,1,Clear,0,No,0000000,Not Applicable,14,2:00pm-2:59pm,21,21,14,2:00pm-2:59pm,26,26,14,2:00pm-2:59pm,38,38,0,None,0,None,0,None,1,0
2019,4,40662,Arizona,1,1,0,1,1,1,1,13,MARICOPA (13),370,PHOENIX,31,31,8,August,2019,7,Saturday,23,11:00pm-11:59pm,10,10,0,This section IS NOT on the NHS,2,Urban,4,Minor Arterial,4,City or Municipal Highway Agency,6,Local Street - Municipality,MCDOWELL RD,41ST ST,0,None,33.46570556,33.46570556,-111.992769400,-111.99276944,0,No Special Jurisdiction,8,Pedestrian,0,The First Harmful Event was Not a Collision with a Motor Vehicle in Transport,0,No,3,Intersection-Related,3,T-Intersection,0,None,,,1,On Roadway,3,Dark - Lighted,1,Clear,0,No Additional Atmospheric Conditions,1,Clear,0,No,0000000,Not Applicable,23,11:00pm-11:59pm,10,10,23,11:00pm-11:59pm,13,13,23,11:00pm-11:59pm,30,30,0,None,0,None,0,None,1,1
2019,4,40663,Arizona,2,2,0,0,0,2,2,13,MARICOPA (13),370,PHOENIX,20,20,7,July,2019,7,Saturday,23,11:00pm-11:59pm,23,23,1,This section IS ON the NHS,2,Urban,3,Principal Arterial - Other,4,City or Municipal Highway Agency,6,Local Street - Municipality,INDIAN SCHOOL RD,,0,None,33.49484444,33.49484444,-112.030613900,-112.03061389,0,No Special Jurisdiction,12,Motor Vehicle In-Transport,7,Sideswipe - Same Direction,0,No,8,Driveway Access Related,1,Not an Intersection,0,None,,,1,On Roadway,3,Dark - Lighted,1,Clear,0,No Additional Atmospheric Conditions,1,Clear,0,No,0000000,Not Applicable,23,11:00pm-11:59pm,24,24,23,11:00pm-11:59pm,27,27,23,11:00pm-11:59pm,41,41,0,None,0,None,0,None,1,2
2019,4,40664,Arizona,1,1,0,2,2,1,1,13,MARICOPA (13),370,PHOENIX,3,3,9,September,2019,3,Tuesday,21,9:00pm-9:59pm,13,13,1,This section IS ON the NHS,2,Urban,3,Principal Arterial - Other,4,City or Municipal Highway Agency,6,Local Street - Municipality,INDIAN SCHOOL RD,16TH ST,0,None,33.49469444,33.49469444,-112.047666700,-112.04766667,1,National Park Service,8,Pedestrian,0,The First Harmful Event was Not a Collision with a Motor Vehicle in Transport,0,No,3,Intersection-Related,2,Four-Way Intersection,0,None,,,1,On Roadway,3,Dark - Lighted,1,Clear,0,No Additional Atmospheric Conditions,1,Clear,0,No,0000000,Not Applicable,21,9:00pm-9:59pm,13,13,21,9:00pm-9:59pm,19,19,99,Unknown,99,Unknown EMS Hospital Arrival Time,0,None,0,None,0,None,1,0
2019,4,40665,Arizona,1,1,0,0,0,1,1,19,PIMA (19),530,TUCSON,6,6,9,September,2019,6,Friday,23,11:00pm-11:59pm,0,0,0,This section IS NOT on the NHS,2,Urban,3,Principal Arterial - Other,4,City or Municipal Highway Agency,6,Local Street - Municipality,MISSION RD,,0,None,32.19434167,32.19434167,-110.998327800,-110.99832778,0,No Special Jurisdiction,33,Curb,0,The First Harmful Event was Not a Collision with a Motor Vehicle in Transport,0,No,1,Non-Junction,1,Not an Intersection,0,None,,,4,On Roadside,3,Dark - Lighted,1,Clear,0,No Additional Atmospheric Conditions,1,Clear,0,No,0000000,Not Applicable,23,11:00pm-11:59pm,0,0,23,11:00pm-11:59pm,4,4,88,Not Applicable (Not Transported),88,Not Applicable (Not Transported),0,None,0,None,0,None,1,1
2019,4,40666,Arizona,1,1,0,1,1,1,1,21,PINAL (21),0,NOT APPLICABLE,11,11,9,September,2019,4,Wednesday,5,5:00am-5:59am,10,10,1,This section IS ON the NHS,1,Rural,4,Minor Arterial,1,State Highway Agency,3,State Highway,SR-587,,51,51,33.13359722,33.13359722,-111.840950000,-111.840950000,3,Indian Reservation,8,Pedestrian,0,The First Harmful Event was Not a Collision with a Motor Vehicle in Transport,0,No,99,Reported as Unknown,99,Reported as Unknown,0,None,,,99,Reported as Unknown,4,Dawn,99,Reported as Unknown,0,No Additional Atmospheric Conditions,99,Reported as Unknown,0,No,0000000,Not Applicable,99,Unknown,99,Unknown,99,Unknown EMS Scene Arrival Hour,99,Unknown EMS Scene Arrival Minutes,99,Unknown,99,Unknown EMS Hospital Arrival Time,0,None,0,None,0,None,1,0
2019,4,40667,Arizona,1,1,0,0,0,1,1,17,NAVAJO (17),0,NOT APPLICABLE,14,14,9,September,2019,7,Saturday,4,4:00am-4:59am,10,10,0,This section IS NOT on the NHS,1,Rural,6,Minor Collector,62,Bureau of Indian Affairs,8,Other,BIA 67,,0,None,36.03115833,36.03115833,-110.042641700,-110.04264167,3,Indian Reservation,43,Other Fixed Object,0,The First Harmful Event was Not a Collision with a Motor Vehicle in Transport,0,No,99,Reported as Unknown,99,Reported as Unknown,0,None,,,4,On Roadside,9,Reported as Unknown,99,Reported as Unknown,0,No Additional Atmospheric Conditions,99,Reported as Unknown,0,No,0000000,Not Applicable,99,Unknown,99,Unknown,99,Unknown EMS Scene Arrival Hour,99,Unknown EMS Scene Arrival Minutes,88,Not Applicable (Not Transported),88,Not Applicable (Not Transported),0,None,0,None,0,None,1,0
2019,4,40668,Arizona,1,1,0,1,1,1,1,13,MARICOPA (13),370,PHOENIX,16,16,9,September,2019,2,Monday,20,8:00pm-8:59pm,14,14,0,This section IS NOT on the NHS,2,Urban,4,Minor Arterial,4,City or Municipal Highway Agency,6,Local Street - Municipality,43RD AVE,,0,None,33.56453611,33.56453611,-112.151683300,-112.15168333,0,No Special Jurisdiction,8,Pedestrian,0,The First Harmful Event was Not a Collision with a Motor Vehicle in Transport,0,No,1,Non-Junction,1,Not an Intersection,0,None,,,1,On Roadway,3,Dark - Lighted,10,Cloudy,0,No Additional Atmospheric Conditions,10,Cloudy,0,No,0000000,Not Applicable,20,8:00pm-8:59pm,14,14,20,8:00pm-8:59pm,17,17,20,8:00pm-8:59pm,39,39,0,None,0,None,0,None,1,0
2019,4,40669,Arizona,1,1,0,1,1,1,1,13,MARICOPA (13),370,PHOENIX,18,18,9,September,2019,4,Wednesday,14,2:00pm-2:59pm,23,23,0,This section IS NOT on the NHS,2,Urban,3,Principal Arterial - Other,4,City or Municipal Highway Agency,6,Local Street - Municipality,19TH AVE,BELL RD,0,None,33.64002500,33.64002500,-112.099730600,-112.09973056,0,No Special Jurisdiction,8,Pedestrian,0,The First Harmful Event was Not a Collision with a Motor Vehicle in Transport,0,No,3,Intersection-Related,2,Four-Way Intersection,0,None,,,1,On Roadway,1,Daylight,1,Clear,0,No Additional Atmospheric Conditions,1,Clear,0,No,0000000,Not Applicable,14,2:00pm-2:59pm,24,24,14,2:00pm-2:59pm,29,29,14,2:00pm-2:59pm,45,45,0,None,0,None,0,None,1,0
2019,4,40670,Arizona,2,2,0,0,0,2,2,13,MARICOPA (13),0,NOT APPLICABLE,23,23,9,September,2019,2,Monday,13,1:00pm-1:59pm,7,7,1,This section IS ON the NHS,2,Urban,3,Principal Arterial - Other,2,County Highway Agency,4,County Road,CR-MC 85,,0,None,33.39190556,33.39190556,-112.446630600,-112.44663056,0,No Special Jurisdiction,12,Motor Vehicle In-Transport,11,Other,0,No,1,Non-Junction,1,Not an Intersection,0,None,,,1,On Roadway,1,Daylight,10,Cloudy,0,No Additional Atmospheric Conditions,10,Cloudy,0,No,0000000,Not Applicable,13,1:00pm-1:59pm,0,0,13,1:00pm-1:59pm,15,15,88,Not Applicable (Not Transported),88,Not Applicable (Not Transported),0,None,0,None,0,None,1,0
2019,4,40671,Arizona,1,1,0,2,2,1,1,13,MARICOPA (13),370,PHOENIX,24,24,9,September,2019,3,Tuesday,8,8:00am-8:59am,0,0,0,This section IS NOT on the NHS,2,Urban,98,Not Reported,4,City or Municipal Highway Agency,6,Local Street - Municipality,52ND ST,,0,None,33.61956944,33.61956944,-111.969111100,-111.96911111,0,No Special Jurisdiction,8,Pedestrian,0,The First Harmful Event was Not a Collision with a Motor Vehicle in Transport,0,No,1,Non-Junction,1,Not an Intersection,0,None,,,4,On Roadside,9,Reported as Unknown,1,Clear,0,No Additional Atmospheric Conditions,1,Clear,0,No,0000000,Not Applicable,8,8:00am-8:59am,1,1,8,8:00am-8:59am,7,7,8,8:00am-8:59am,27,27,0,None,0,None,0,None,1,0
2019,4,40673,Arizona,1,1,0,0,0,1,1,21,PINAL (21),25,ARIZONA CITY,29,29,9,September,2019,1,Sunday,2,2:00am-2:59am,52,52,0,This section IS NOT on the NHS,2,Urban,5,Major Collector,2,County Highway Agency,4,County Road,CR-BATTAGLIA DR,,0,None,32.76300000,32.76300000,-111.666494400,-111.66649444,0,No Special Jurisdiction,99,Reported as Unknown,99,Reported as Unknown,0,No,99,Reported as Unknown,99,Reported as Unknown,0,None,,,99,Reported as Unknown,6,Dark - Unknown Lighting,99,Reported as Unknown,0,No Additional Atmospheric Conditions,99,Reported as Unknown,0,No,0000000,Not Applicable,99,Unknown,99,Unknown,99,Unknown EMS Scene Arrival Hour,99,Unknown EMS Scene Arrival Minutes,99,Unknown,99,Unknown EMS Hospital Arrival Time,0,None,0,None,0,None,1,0
2019,4,40674,Arizona,1,1,0,0,0,1,1,13,MARICOPA (13),370,PHOENIX,30,30,9,September,2019,2,Monday,19,7:00pm-7:59pm,16,16,1,This section IS ON the NHS,2,Urban,3,Principal Arterial - Other,4,City or Municipal Highway Agency,6,Local Street - Municipality,BELL RD,,0,None,33.63932778,33.63932778,-112.154800000,-112.154800000,0,No Special Jurisdiction,99,Reported as Unknown,99,Reported as Unknown,9,Reported as Unknown,99,Reported as Unknown,99,Reported as Unknown,0,None,,,99,Reported as Unknown,9,Reported as Unknown,99,Reported as Unknown,0,No Additional Atmospheric Conditions,99,Reported as Unknown,0,No,0000000,Not Applicable,99,Unknown,99,Unknown,99,Unknown EMS Scene Arrival Hour,99,Unknown EMS Scene Arrival Minutes,99,Unknown,99,Unknown EMS Hospital Arrival Time,0,None,0,None,0,None,1,1
2019,4,40675,Arizona,1,1,0,1,1,1,1,13,MARICOPA (13),420,SCOTTSDALE,31,31,1,January,2019,5,Thursday,23,11:00pm-11:59pm,35,35,1,This section IS ON the NHS,2,Urban,3,Principal Arterial - Other,4,City or Municipal Highway Agency,6,Local Street - Municipality,SCOTTSDALE RD,,0,None,33.65483333,33.65483333,-111.925202800,-111.92520278,0,No Special Jurisdiction,8,Pedestrian,0,The First Harmful Event was Not a Collision with a Motor Vehicle in Transport,0,No,1,Non-Junction,1,Not an Intersection,0,None,,,1,On Roadway,3,Dark - Lighted,10,Cloudy,0,No Additional Atmospheric Conditions,10,Cloudy,0,No,0000000,Not Applicable,99,Unknown,99,Unknown,99,Unknown EMS Scene Arrival Hour,99,Unknown EMS Scene Arrival Minutes,99,Unknown,99,Unknown EMS Hospital Arrival Time,0,None,0,None,0,None,1,0
2019,4,40676,Arizona,2,2,0,0,0,2,2,13,MARICOPA (13),220,GOODYEAR,11,11,9,September,2019,4,Wednesday,11,11:00am-11:59am,1,1,1,This section IS ON the NHS,2,Urban,1,Interstate,1,State Highway Agency,1,Interstate,I-10,,1290,1290,33.45797778,33.45797778,-112.342811100,-112.34281111,0,No Special Jurisdiction,12,Motor Vehicle In-Transport,1,Front-to-Rear,0,No,1,Non-Junction,1,Not an Intersection,0,None,,,1,On Roadway,1,Daylight,1,Clear,0,No Additional Atmospheric Conditions,1,Clear,0,No,0000000,Not Applicable,11,11:00am-11:59am,10,10,11,11:00am-11:59am,17,17,11,11:00am-11:59am,24,24,23,Indication of a Stalled/Disabled Vehicle,0,None,0,None,1,0
2019,4,40677,Arizona,1,1,0,0,0,2,2,5,COCONINO (5),0,NOT APPLICABLE,21,21,9,September,2019,7,Saturday,17,5:00pm-5:59pm,51,51,0,This section IS NOT on the NHS,1,Rural,7,Local,64,U.S. Forest Service,8,Other,FOREST SERVICE 34B,,0,None,34.38808333,34.38808333,-110.981886100,-110.98188611,3,Indian Reservation,44,"Pavement Surface Irregularity (Ruts, Potholes, Grates, etc.)",0,The First Harmful Event was Not a Collision with a Motor Vehicle in Transport,0,No,1,Non-Junction,1,Not an Intersection,0,None,,,1,On Roadway,1,Daylight,1,Clear,0,No Additional Atmospheric Conditions,1,Clear,0,No,0000000,Not Applicable,17,5:00pm-5:59pm,51,51,99,Unknown EMS Scene Arrival Hour,99,Unknown EMS Scene Arrival Minutes,99,Unknown,99,Unknown EMS Hospital Arrival Time,0,None,0,None,0,None,1,0
2019,4,40678,Arizona,2,2,0,0,0,2,2,25,YAVAPAI (25),0,NOT APPLICABLE,1,1,10,October,2019,3,Tuesday,5,5:00am-5:59am,15,15,1,This section IS ON the NHS,1,Rural,3,Principal Arterial - Other,1,State Highway Agency,2,U.S. Highway,US-93,,1791,1791,34.17914444,34.17914444,-113.033269400,-113.03326944,0,No Special Jurisdiction,12,Motor Vehicle In-Transport,2,Front-to-Front,0,No,1,Non-Junction,1,Not an Intersection,0,None,,,1,On Roadway,2,Dark - Not Lighted,1,Clear,0,No Additional Atmospheric Conditions,1,Clear,0,No,0000000,Not Applicable,5,5:00am-5:59am,16,16,5,5:00am-5:59am,41,41,88,Not Applicable (Not Transported),88,Not Applicable (Not Transported),0,None,0,None,0,None,2,0
2019,4,40679,Arizona,1,1,0,1,1,1,1,19,PIMA (19),530,TUCSON,1,1,10,October,2019,3,Tuesday,12,12:00pm-12:59pm,43,43,0,This section IS NOT on the NHS,2,Urban,3,Principal Arterial - Other,4,City or Municipal Highway Agency,6,Local Street - Municipality,BROADWAY BLVD,AVENIDA DE LA VISTA,0,None,32.22110000,32.22110000,-110.834586100,-110.83458611,0,No Special Jurisdiction,9,Pedalcyclist,0,The First Harmful Event was Not a Collision with a Motor Vehicle in Transport,0,No,3,Intersection-Related,2,Four-Way Intersection,0,None,,,1,On Roadway,1,Daylight,1,Clear,0,No Additional Atmospheric Conditions,1,Clear,0,No,0000000,Not Applicable,12,12:00pm-12:59pm,43,43,12,12:00pm-12:59pm,47,47,88,Not Applicable (Not Transported),88,Not Applicable (Not Transported),0,None,0,None,0,None,1,0
2019,4,40680,Arizona,1,1,0,1,1,1,1,19,PIMA (19),530,TUCSON,3,3,10,October,2019,5,Thursday,5,5:00am-5:59am,57,57,0,This section IS NOT on the NHS,2,Urban,3,Principal Arterial - Other,4,City or Municipal Highway Agency,6,Local Street - Municipality,1ST AVE,,0,None,32.27407778,32.27407778,-110.961075000,-110.961075000,0,No Special Jurisdiction,8,Pedestrian,0,The First Harmful Event was Not a Collision with a Motor Vehicle in Transport,0,No,1,Non-Junction,1,Not an Intersection,0,None,,,1,On Roadway,4,Dawn,1,Clear,0,No Additional Atmospheric Conditions,1,Clear,0,No,0000000,Not Applicable,5,5:00am-5:59am,57,57,5,5:00am-5:59am,58,58,88,Not Applicable (Not Transported),88,Not Applicable (Not Transported),0,None,0,None,0,None,1,0
2019,4,40681,Arizona,3,3,0,0,0,5,5,5,COCONINO (5),0,NOT APPLICABLE,3,3,10,October,2019,5,Thursday,15,3:00pm-3:59pm,32,32,0,This section IS NOT on the NHS,1,Rural,5,Major Collector,99,Unknown,8,Other,LEUPP RD,NF-244A,0,None,35.29854722,35.29854722,-111.336722200,-111.33672222,9,Unknown,12,Motor Vehicle In-Transport,1,Front-to-Rear,0,No,3,Intersection-Related,3,T-Intersection,0,None,,,1,On Roadway,1,Daylight,1,Clear,0,No Additional Atmospheric Conditions,1,Clear,0,No,0000000,Not Applicable,15,3:00pm-3:59pm,33,33,15,3:00pm-3:59pm,46,46,16,4:00pm-4:59pm,22,22,0,None,0,None,0,None,1,0
2019,4,40685,Arizona,1,1,0,0,0,1,1,19,PIMA (19),530,TUCSON,5,5,10,October,2019,7,Saturday,2,2:00am-2:59am,44,44,1,This section IS ON the NHS,2,Urban,3,Principal Arterial - Other,4,City or Municipal Highway Agency,6,Local Street - Municipality,KOLB RD,,0,None,32.16098611,32.16098611,-110.840863900,-110.84086389,0,No Special Jurisdiction,33,Curb,0,The First Harmful Event was Not a Collision with a Motor Vehicle in Transport,0,No,1,Non-Junction,1,Not an Intersection,0,None,,,4,On Roadside,2,Dark - Not Lighted,1,Clear,0,No Additional Atmospheric Conditions,1,Clear,0,No,0000000,Not Applicable,2,2:00am-2:59am,44,44,2,2:00am-2:59am,44,44,88,Not Applicable (Not Transported),88,Not Applicable (Not Transported),0,None,0,None,0,None,1,1
2019,4,40686,Arizona,2,2,0,0,0,2,2,19,PIMA (19),530,TUCSON,5,5,10,October,2019,7,Saturday,13,1:00pm-1:59pm,52,52,0,This section IS NOT on the NHS,2,Urban,3,Principal Arterial - Other,4,City or Municipal Highway Agency,6,Local Street - Municipality,HOUGHTON RD,22ND ST,0,None,32.20635556,32.20635556,-110.772763900,-110.77276389,0,No Special Jurisdiction,12,Motor Vehicle In-Transport,6,Angle,0,No,2,Intersection,2,Four-Way Intersection,0,None,,,1,On Roadway,1,Daylight,1,Clear,0,No Additional Atmospheric Conditions,1,Clear,0,No,0000000,Not Applicable,13,1:00pm-1:59pm,52,52,13,1:00pm-1:59pm,57,57,88,Not Applicable (Not Transported),88,Not Applicable (Not Transported),0,None,0,None,0,None,1,0
2019,4,40687,Arizona,1,1,0,1,1,1,1,13,MARICOPA (13),370,PHOENIX,5,5,10,October,2019,7,Saturday,19,7:00pm-7:59pm,31,31,1,This section IS ON the NHS,1,Rural,1,Interstate,1,State Highway Agency,1,Interstate,I-17,,110,110,33.53881944,33.53881944,-112.112266700,-112.11226667,0,No Special Jurisdiction,8,Pedestrian,0,The First Harmful Event was Not a Collision with a Motor Vehicle in Transport,0,No,1,Non-Junction,1,Not an Intersection,0,None,,,1,On Roadway,3,Dark - Lighted,1,Clear,0,No Additional Atmospheric Conditions,1,Clear,0,No,0000000,Not Applicable,19,7:00pm-7:59pm,32,32,19,7:00pm-7:59pm,38,38,88,Not Applicable (Not Transported),88,Not Applicable (Not Transported),0,None,0,None,0,None,1,0
2019,4,40688,Arizona,1,1,0,0,0,1,1,5,COCONINO (5),0,NOT APPLICABLE,6,6,10,October,2019,1,Sunday,1,1:00am-1:59am,6,6,1,This section IS ON the NHS,1,Rural,3,Principal Arterial - Other,1,State Highway Agency,3,State Highway,SR-260,,1005,1005,34.30155833,34.30155833,-110.901672200,-110.90167222,0,No Special Jurisdiction,1,Rollover/Overturn,0,The First Harmful Event was Not a Collision with a Motor Vehicle in Transport,0,No,1,Non-Junction,1,Not an Intersection,0,None,,,4,On Roadside,2,Dark - Not Lighted,1,Clear,0,No Additional Atmospheric Conditions,1,Clear,0,No,0000000,Not Applicable,1,1:00am-1:59am,10,10,1,1:00am-1:59am,32,32,88,Not Applicable (Not Transported),88,Not Applicable (Not Transported),0,None,0,None,0,None,1,0
2019,4,40689,Arizona,1,1,0,0,0,3,3,5,COCONINO (5),0,NOT APPLICABLE,6,6,10,October,2019,1,Sunday,2,2:00am-2:59am,30,30,1,This section IS ON the NHS,1,Rural,3,Principal Arterial - Other,1,State Highway Agency,3,State Highway,SR-260,,1048,1048,34.30301667,34.30301667,-110.897883300,-110.89788333,0,No Special Jurisdiction,35,Embankment,0,The First Harmful Event was Not a Collision with a Motor Vehicle in Transport,0,No,1,Non-Junction,1,Not an Intersection,0,None,,,4,On Roadside,2,Dark - Not Lighted,1,Clear,0,No Additional Atmospheric Conditions,1,Clear,0,No,0000000,Not Applicable,2,2:00am-2:59am,41,41,2,2:00am-2:59am,51,51,99,Unknown,99,Unknown EMS Hospital Arrival Time,0,None,0,None,0,None,2,0
2019,4,40690,Arizona,2,2,0,0,0,2,2,13,MARICOPA (13),420,SCOTTSDALE,6,6,10,October,2019,1,Sunday,7,7:00am-7:59am,24,24,0,This section IS NOT on the NHS,2,Urban,3,Principal Arterial - Other,4,City or Municipal Highway Agency,6,Local Street - Municipality,HAYDEN RD,MCDOWELLRD,0,None,33.46572778,33.46572778,-111.908972200,-111.90897222,0,No Special Jurisdiction,12,Motor Vehicle In-Transport,6,Angle,0,No,2,Intersection,2,Four-Way Intersection,0,None,,,1,On Roadway,1,Daylight,1,Clear,0,No Additional Atmospheric Conditions,1,Clear,0,No,0000000,Not Applicable,7,7:00am-7:59am,24,24,7,7:00am-7:59am,29,29,7,7:00am-7:59am,41,41,0,None,0,None,0,None,1,1