caseyear,state,st_case,statename,ve_total,ve_forms,pvh_invl,peds,pernotmvit,permvit,persons,county,countyname,city,cityname,day,dayname,month,monthname,year,day_week,day_weekname,hour,hourname,minute,minutename,nhs,nhsname,rur_urb,rur_urbname,func_sys,func_sysname,rd_owner,rd_ownername,route,routename,tway_id,tway_id2,milept,mileptname,latitude,latitudename,longitud,longitudname,sp_jur,sp_jurname,harm_ev,harm_evname,man_coll,man_collname,reljct1,reljct1name,reljct2,reljct2name,typ_int,typ_intname,wrk_zone,wrk_zonename,road_fnc,road_fncname,rel_road,rel_roadname,lgt_cond,lgt_condname,weather1,weather1name,weather2,weather2name,weather,weathername,sch_bus,sch_busname,rail,railname,not_hour,not_hourname,not_min,not_minname,arr_hour,arr_hourname,arr_min,arr_minname,hosp_hr,hosp_hrname,hosp_mn,hosp_mnname,cf1,cf1name,cf2,cf2name,cf3,cf3name,fatals,drunk_dr
2019,4,40877,Arizona,1,1,0,0,0,1,1,19,PIMA (19),530,TUCSON,22,22,12,December,2019,1,Sunday,1,1:00am-1:59am,46,46,0,This section IS NOT on the NHS,2,Urban,98,Not Reported,98,Not Reported,7,Local Street - Frontage Road,N FREEWAY,SPEEDWAY BLVD,99999,Unknown,32.23578889,32.23578889,-110.984538900,-110.98453889,0,No Special Jurisdiction,30,Utility Pole/Light Support,0,The First Harmful Event was Not a Collision with a Motor Vehicle in Transport,1,Yes,3,Intersection-Related,2,Four-Way Intersection,0,None,,,12,Pedestrian Refuge Island or Traffic Island,3,Dark - Lighted,1,Clear,0,No Additional Atmospheric Conditions,1,Clear,0,No,0000000,Not Applicable,1,1:00am-1:59am,46,46,1,1:00am-1:59am,51,51,2,2:00am-2:59am,13,13,0,None,0,None,0,None,1,1
2019,4,40878,Arizona,2,2,0,1,1,2,2,19,PIMA (19),530,TUCSON,22,22,12,December,2019,1,Sunday,15,3:00pm-3:59pm,59,59,0,This section IS NOT on the NHS,2,Urban,3,Principal Arterial - Other,4,City or Municipal Highway Agency,6,Local Street - Municipality,AJO WAY,FORGEUS AVE,0,None,32.17785278,32.17785278,-110.931986100,-110.93198611,0,No Special Jurisdiction,8,Pedestrian,0,The First Harmful Event was Not a Collision with a Motor Vehicle in Transport,0,No,3,Intersection-Related,2,Four-Way Intersection,0,None,,,1,On Roadway,1,Daylight,1,Clear,0,No Additional Atmospheric Conditions,1,Clear,0,No,0000000,Not Applicable,15,3:00pm-3:59pm,59,59,16,4:00pm-4:59pm,1,1,99,Unknown,99,Unknown EMS Hospital Arrival Time,0,None,0,None,0,None,1,1
2019,4,40880,Arizona,2,2,0,0,0,6,6,21,PINAL (21),0,NOT APPLICABLE,23,23,12,December,2019,2,Monday,15,3:00pm-3:59pm,37,37,0,This section IS NOT on the NHS,1,Rural,5,Major Collector,4,City or Municipal Highway Agency,3,State Highway,SR-87,BATTAGLIA DR,0,None,32.76313611,32.76313611,-111.515727800,-111.51572778,0,No Special Jurisdiction,12,Motor Vehicle In-Transport,9,Rear-to-Side,9,Reported as Unknown,2,Intersection,4,Y-Intersection,0,None,,,1,On Roadway,1,Daylight,10,Cloudy,0,No Additional Atmospheric Conditions,10,Cloudy,0,No,0000000,Not Applicable,15,3:00pm-3:59pm,37,37,15,3:00pm-3:59pm,37,37,88,Not Applicable (Not Transported),88,Not Applicable (Not Transported),0,None,0,None,0,None,1,0
2019,4,40881,Arizona,1,1,0,0,0,1,1,13,MARICOPA (13),290,MESA,24,24,12,December,2019,3,Tuesday,0,0:00am-0:59am,46,46,0,This section IS NOT on the NHS,2,Urban,5,Major Collector,4,City or Municipal Highway Agency,6,Local Street - Municipality,MCLELLAN RD,,0,None,33.44457500,33.44457500,-111.749225000,-111.749225000,0,No Special Jurisdiction,33,Curb,0,The First Harmful Event was Not a Collision with a Motor Vehicle in Transport,0,No,1,Non-Junction,1,Not an Intersection,0,None,,,4,On Roadside,3,Dark - Lighted,2,Rain,0,No Additional Atmospheric Conditions,2,Rain,0,No,0000000,Not Applicable,0,0:00am-0:59am,48,48,0,0:00am-0:59am,55,55,88,Not Applicable (Not Transported),88,Not Applicable (Not Transported),0,None,0,None,0,None,1,0
2019,4,40882,Arizona,2,2,0,0,0,3,3,19,PIMA (19),0,NOT APPLICABLE,24,24,12,December,2019,3,Tuesday,18,6:00pm-6:59pm,43,43,1,This section IS ON the NHS,1,Rural,1,Interstate,1,State Highway Agency,1,Interstate,I-10,,2832,2832,31.99944167,31.99944167,-110.671536100,-110.67153611,0,No Special Jurisdiction,12,Motor Vehicle In-Transport,7,Sideswipe - Same Direction,0,No,1,Non-Junction,1,Not an Intersection,0,None,,,1,On Roadway,2,Dark - Not Lighted,10,Cloudy,0,No Additional Atmospheric Conditions,10,Cloudy,0,No,0000000,Not Applicable,18,6:00pm-6:59pm,43,43,18,6:00pm-6:59pm,55,55,88,Not Applicable (Not Transported),88,Not Applicable (Not Transported),0,None,0,None,0,None,1,0
2019,4,40883,Arizona,1,1,0,0,0,1,1,13,MARICOPA (13),420,SCOTTSDALE,25,25,12,December,2019,4,Wednesday,11,11:00am-11:59am,38,38,1,This section IS ON the NHS,2,Urban,2,Principal Arterial - Other Freeways and Expressways,1,State Highway Agency,3,State Highway,SR-101 RAMP,,397,397,33.58251667,33.58251667,-111.891438900,-111.89143889,0,No Special Jurisdiction,33,Curb,0,The First Harmful Event was Not a Collision with a Motor Vehicle in Transport,1,Yes,5,Entrance/Exit Ramp Related,1,Not an Intersection,0,None,,,4,On Roadside,1,Daylight,2,Rain,0,No Additional Atmospheric Conditions,2,Rain,0,No,0000000,Not Applicable,11,11:00am-11:59am,38,38,11,11:00am-11:59am,43,43,11,11:00am-11:59am,56,56,0,None,0,None,0,None,1,0
2019,4,40885,Arizona,1,1,0,0,0,3,3,9,GRAHAM (9),410,SAFFORD,26,26,12,December,2019,5,Thursday,18,6:00pm-6:59pm,44,44,0,This section IS NOT on the NHS,2,Urban,4,Minor Arterial,4,City or Municipal Highway Agency,6,Local Street - Municipality,20TH AVE,,0,None,32.81760278,32.81760278,-109.732950000,-109.732950000,0,No Special Jurisdiction,5,Fell/Jumped from Vehicle,0,The First Harmful Event was Not a Collision with a Motor Vehicle in Transport,0,No,1,Non-Junction,1,Not an Intersection,0,None,,,1,On Roadway,2,Dark - Not Lighted,10,Cloudy,0,No Additional Atmospheric Conditions,10,Cloudy,0,No,0000000,Not Applicable,18,6:00pm-6:59pm,44,44,18,6:00pm-6:59pm,48,48,18,6:00pm-6:59pm,58,58,0,None,0,None,0,None,1,0
2019,4,40889,Arizona,2,2,0,0,0,4,4,13,MARICOPA (13),370,PHOENIX,31,31,12,December,2019,3,Tuesday,21,9:00pm-9:59pm,58,58,0,This section IS NOT on the NHS,2,Urban,3,Principal Arterial - Other,4,City or Municipal Highway Agency,6,Local Street - Municipality,WASHINGTON ST,32ND ST,0,None,33.44810000,33.44810000,-112.012886100,-112.01288611,0,No Special Jurisdiction,12,Motor Vehicle In-Transport,6,Angle,0,No,2,Intersection,2,Four-Way Intersection,0,None,,,1,On Roadway,2,Dark - Not Lighted,1,Clear,0,No Additional Atmospheric Conditions,1,Clear,0,No,0000000,Not Applicable,22,10:00pm-10:59pm,0,0,22,10:00pm-10:59pm,4,4,22,10:00pm-10:59pm,25,25,0,None,0,None,0,None,1,1
2019,4,40890,Arizona,1,1,0,0,0,1,1,7,GILA (7),365,PAYSON,1,1,12,December,2019,1,Sunday,14,2:00pm-2:59pm,55,55,9,Unknown if this section is on the NHS,9,Unknown,99,Unknown,99,Unknown,9,Unknown,FLOWING SPRINGS RD,,99999,Unknown,99.99990000,Unknown,999.999900000,Unknown,9,Unknown,1,Rollover/Overturn,0,The First Harmful Event was Not a Collision with a Motor Vehicle in Transport,9,Reported as Unknown,99,Reported as Unknown,99,Reported as Unknown,0,None,,,4,On Roadside,1,Daylight,99,Reported as Unknown,0,No Additional Atmospheric Conditions,99,Reported as Unknown,0,No,0000000,Not Applicable,14,2:00pm-2:59pm,55,55,99,Unknown EMS Scene Arrival Hour,99,Unknown EMS Scene Arrival Minutes,88,Not Applicable (Not Transported),88,Not Applicable (Not Transported),0,None,0,None,0,None,1,0
2019,4,40891,Arizona,1,1,0,0,0,1,1,21,PINAL (21),0,NOT APPLICABLE,5,5,12,December,2019,5,Thursday,9,9:00am-9:59am,42,42,0,This section IS NOT on the NHS,1,Rural,99,Unknown,2,County Highway Agency,4,County Road,CR-DIFFIN RD,,0,None,32.97813611,32.97813611,-111.320094400,-111.32009444,0,No Special Jurisdiction,99,Reported as Unknown,99,Reported as Unknown,9,Reported as Unknown,99,Reported as Unknown,99,Reported as Unknown,0,None,,,99,Reported as Unknown,1,Daylight,99,Reported as Unknown,0,No Additional Atmospheric Conditions,99,Reported as Unknown,0,No,0000000,Not Applicable,9,9:00am-9:59am,42,42,99,Unknown EMS Scene Arrival Hour,99,Unknown EMS Scene Arrival Minutes,99,Unknown,99,Unknown EMS Hospital Arrival Time,99,Reported as Unknown,99,Reported as Unknown,99,Reported as Unknown,1,0
2019,4,40892,Arizona,1,1,0,0,0,1,1,21,PINAL (21),160,ELOY,7,7,12,December,2019,7,Saturday,9,9:00am-9:59am,19,19,0,This section IS NOT on the NHS,1,Rural,99,Unknown,4,City or Municipal Highway Agency,6,Local Street - Municipality,MILLGAN RD,WHEELER RD,0,None,32.73414722,32.73414722,-111.463586100,-111.46358611,0,No Special Jurisdiction,35,Embankment,0,The First Harmful Event was Not a Collision with a Motor Vehicle in Transport,0,No,3,Intersection-Related,3,T-Intersection,0,None,,,4,On Roadside,1,Daylight,1,Clear,0,No Additional Atmospheric Conditions,1,Clear,0,No,0000000,Not Applicable,9,9:00am-9:59am,19,19,9,9:00am-9:59am,19,19,88,Not Applicable (Not Transported),88,Not Applicable (Not Transported),0,None,0,None,0,None,1,1
2019,4,40893,Arizona,1,1,0,1,1,1,1,13,MARICOPA (13),370,PHOENIX,7,7,12,December,2019,7,Saturday,20,8:00pm-8:59pm,11,11,0,This section IS NOT on the NHS,2,Urban,4,Minor Arterial,4,City or Municipal Highway Agency,6,Local Street - Municipality,BROADWAY RD,20TH ST,0,None,33.40682222,33.40682222,-112.038572200,-112.03857222,0,No Special Jurisdiction,8,Pedestrian,0,The First Harmful Event was Not a Collision with a Motor Vehicle in Transport,0,No,3,Intersection-Related,3,T-Intersection,0,None,,,1,On Roadway,3,Dark - Lighted,2,Rain,0,No Additional Atmospheric Conditions,2,Rain,0,No,0000000,Not Applicable,20,8:00pm-8:59pm,12,12,20,8:00pm-8:59pm,12,12,20,8:00pm-8:59pm,31,31,0,None,0,None,0,None,1,0
2019,4,40894,Arizona,1,1,0,1,1,1,1,13,MARICOPA (13),370,PHOENIX,10,10,12,December,2019,3,Tuesday,5,5:00am-5:59am,50,50,0,This section IS NOT on the NHS,2,Urban,3,Principal Arterial - Other,4,City or Municipal Highway Agency,6,Local Street - Municipality,67TH AVE,THOMAS RD,0,None,33.48025556,33.48025556,-112.203205600,-112.20320556,0,No Special Jurisdiction,8,Pedestrian,0,The First Harmful Event was Not a Collision with a Motor Vehicle in Transport,0,No,3,Intersection-Related,2,Four-Way Intersection,0,None,,,1,On Roadway,3,Dark - Lighted,99,Reported as Unknown,0,No Additional Atmospheric Conditions,99,Reported as Unknown,0,No,0000000,Not Applicable,5,5:00am-5:59am,50,50,99,Unknown EMS Scene Arrival Hour,99,Unknown EMS Scene Arrival Minutes,99,Unknown,99,Unknown EMS Hospital Arrival Time,0,None,0,None,0,None,1,0
2019,4,40895,Arizona,1,1,0,1,1,1,1,13,MARICOPA (13),0,NOT APPLICABLE,10,10,12,December,2019,3,Tuesday,18,6:00pm-6:59pm,46,46,0,This section IS NOT on the NHS,2,Urban,4,Minor Arterial,2,County Highway Agency,4,County Road,CR-ELLSWORTH RD,,0,None,33.40787222,33.40787222,-111.630991700,-111.63099167,0,No Special Jurisdiction,8,Pedestrian,0,The First Harmful Event was Not a Collision with a Motor Vehicle in Transport,0,No,1,Non-Junction,1,Not an Intersection,0,None,,,1,On Roadway,3,Dark - Lighted,1,Clear,0,No Additional Atmospheric Conditions,1,Clear,0,No,0000000,Not Applicable,18,6:00pm-6:59pm,46,46,18,6:00pm-6:59pm,51,51,88,Not Applicable (Not Transported),88,Not Applicable (Not Transported),0,None,0,None,0,None,1,0
2019,4,40896,Arizona,1,1,0,0,0,1,1,13,MARICOPA (13),370,PHOENIX,12,12,12,December,2019,5,Thursday,6,6:00am-6:59am,57,57,0,This section IS NOT on the NHS,2,Urban,99,Unknown,99,Unknown,9,Unknown,DOVE VALLEY RD,,0,None,33.78425833,33.78425833,-112.091622200,-112.09162222,0,No Special Jurisdiction,43,Other Fixed Object,0,The First Harmful Event was Not a Collision with a Motor Vehicle in Transport,0,No,1,Non-Junction,1,Not an Intersection,0,None,,,4,On Roadside,3,Dark - Lighted,1,Clear,0,No Additional Atmospheric Conditions,1,Clear,0,No,0000000,Not Applicable,7,7:00am-7:59am,8,8,7,7:00am-7:59am,9,9,88,Not Applicable (Not Transported),88,Not Applicable (Not Transported),18,Date of Crash and Date of EMS Notification were not the same day,0,None,0,None,1,1
2019,4,40897,Arizona,1,1,0,1,1,1,1,13,MARICOPA (13),370,PHOENIX,13,13,12,December,2019,6,Friday,5,5:00am-5:59am,23,23,0,This section IS NOT on the NHS,2,Urban,4,Minor Arterial,4,City or Municipal Highway Agency,6,Local Street - Municipality,NORTHERN AVE,,0,None,33.55310000,33.55310000,-112.100238900,-112.10023889,0,No Special Jurisdiction,8,Pedestrian,0,The First Harmful Event was Not a Collision with a Motor Vehicle in Transport,0,No,1,Non-Junction,1,Not an Intersection,0,None,,,1,On Roadway,3,Dark - Lighted,1,Clear,0,No Additional Atmospheric Conditions,1,Clear,0,No,0000000,Not Applicable,5,5:00am-5:59am,23,23,5,5:00am-5:59am,25,25,88,Not Applicable (Not Transported),88,Not Applicable (Not Transported),0,None,0,None,0,None,1,0
2019,4,40898,Arizona,1,1,0,0,0,1,1,13,MARICOPA (13),370,PHOENIX,14,14,12,December,2019,7,Saturday,2,2:00am-2:59am,24,24,0,This section IS NOT on the NHS,2,Urban,5,Major Collector,4,City or Municipal Highway Agency,6,Local Street - Municipality,31ST AVE,ENCANTO BLVE,0,None,33.47309444,33.47309444,-112.125811100,-112.12581111,0,No Special Jurisdiction,39,Wall,0,The First Harmful Event was Not a Collision with a Motor Vehicle in Transport,0,No,3,Intersection-Related,3,T-Intersection,0,None,,,4,On Roadside,3,Dark - Lighted,1,Clear,0,No Additional Atmospheric Conditions,1,Clear,0,No,0000000,Not Applicable,2,2:00am-2:59am,25,25,2,2:00am-2:59am,28,28,88,Not Applicable (Not Transported),88,Not Applicable (Not Transported),0,None,0,None,0,None,1,1
2019,4,40899,Arizona,1,1,0,0,0,1,1,5,COCONINO (5),9898,Not Reported,15,15,12,December,2019,1,Sunday,13,1:00pm-1:59pm,29,29,0,This section IS NOT on the NHS,1,Rural,99,Unknown,62,Bureau of Indian Affairs,8,Other,BIA 6150,,99998,Not Reported,99.99990000,Unknown,999.999900000,Unknown,3,Indian Reservation,1,Rollover/Overturn,0,The First Harmful Event was Not a Collision with a Motor Vehicle in Transport,0,No,1,Non-Junction,1,Not an Intersection,0,None,,,4,On Roadside,1,Daylight,1,Clear,0,No Additional Atmospheric Conditions,1,Clear,0,No,0000000,Not Applicable,13,1:00pm-1:59pm,29,29,99,Unknown EMS Scene Arrival Hour,99,Unknown EMS Scene Arrival Minutes,88,Not Applicable (Not Transported),88,Not Applicable (Not Transported),0,None,0,None,0,None,1,1
2019,4,40900,Arizona,1,1,0,1,1,1,1,13,MARICOPA (13),370,PHOENIX,17,17,12,December,2019,3,Tuesday,1,1:00am-1:59am,52,52,0,This section IS NOT on the NHS,2,Urban,4,Minor Arterial,4,City or Municipal Highway Agency,6,Local Street - Municipality,43RD AVE,,0,None,33.44806667,33.44806667,-112.151811100,-112.15181111,0,No Special Jurisdiction,8,Pedestrian,0,The First Harmful Event was Not a Collision with a Motor Vehicle in Transport,0,No,1,Non-Junction,1,Not an Intersection,0,None,,,1,On Roadway,3,Dark - Lighted,1,Clear,0,No Additional Atmospheric Conditions,1,Clear,0,No,0000000,Not Applicable,1,1:00am-1:59am,52,52,2,2:00am-2:59am,2,2,88,Not Applicable (Not Transported),88,Not Applicable (Not Transported),0,None,0,None,0,None,1,0
2019,4,40901,Arizona,1,1,0,1,1,1,1,5,COCONINO (5),0,NOT APPLICABLE,18,18,12,December,2019,4,Wednesday,17,5:00pm-5:59pm,39,39,0,This section IS NOT on the NHS,9,Unknown,99,Unknown,62,Bureau of Indian Affairs,8,Other,BIA 16,,0,None,36.59245000,36.59245000,-110.789536100,-110.78953611,3,Indian Reservation,8,Pedestrian,0,The First Harmful Event was Not a Collision with a Motor Vehicle in Transport,0,No,1,Non-Junction,1,Not an Intersection,0,None,,,1,On Roadway,6,Dark - Unknown Lighting,99,Reported as Unknown,0,No Additional Atmospheric Conditions,99,Reported as Unknown,0,No,0000000,Not Applicable,17,5:00pm-5:59pm,39,39,99,Unknown EMS Scene Arrival Hour,99,Unknown EMS Scene Arrival Minutes,88,Not Applicable (Not Transported),88,Not Applicable (Not Transported),0,None,0,None,0,None,1,0
2019,4,40902,Arizona,2,2,0,0,0,3,3,19,PIMA (19),530,TUCSON,19,19,12,December,2019,5,Thursday,10,10:00am-10:59am,3,3,0,This section IS NOT on the NHS,2,Urban,3,Principal Arterial - Other,4,City or Municipal Highway Agency,6,Local Street - Municipality,SPEEDWAY BLVD,OLSEN AVE,0,None,32.23597500,32.23597500,-110.941008300,-110.94100833,0,No Special Jurisdiction,12,Motor Vehicle In-Transport,6,Angle,0,No,2,Intersection,2,Four-Way Intersection,0,None,,,1,On Roadway,1,Daylight,1,Clear,0,No Additional Atmospheric Conditions,1,Clear,0,No,0000000,Not Applicable,10,10:00am-10:59am,3,3,10,10:00am-10:59am,6,6,10,10:00am-10:59am,25,25,0,None,0,None,0,None,1,0
2019,4,40903,Arizona,2,2,0,0,0,7,7,13,MARICOPA (13),370,PHOENIX,20,20,12,December,2019,6,Friday,12,12:00pm-12:59pm,3,3,1,This section IS ON the NHS,2,Urban,3,Principal Arterial - Other,4,City or Municipal Highway Agency,6,Local Street - Municipality,CAVE CREEK RD,SONORAN DESERT DR,0,None,33.73451667,33.73451667,-112.003636100,-112.00363611,0,No Special Jurisdiction,12,Motor Vehicle In-Transport,6,Angle,0,No,2,Intersection,3,T-Intersection,0,None,,,1,On Roadway,1,Daylight,1,Clear,0,No Additional Atmospheric Conditions,1,Clear,0,No,0000000,Not Applicable,12,12:00pm-12:59pm,6,6,12,12:00pm-12:59pm,10,10,12,12:00pm-12:59pm,39,39,0,None,0,None,0,None,1,0
2019,4,40904,Arizona,1,1,0,0,0,1,1,13,MARICOPA (13),370,PHOENIX,22,22,12,December,2019,1,Sunday,2,2:00am-2:59am,17,17,0,This section IS NOT on the NHS,2,Urban,4,Minor Arterial,4,City or Municipal Highway Agency,6,Local Street - Municipality,WASHINGTON ST,1ST AVE,0,None,33.44823889,33.44823889,-112.075102800,-112.07510278,0,No Special Jurisdiction,74,Road Vehicle on Rails,0,The First Harmful Event was Not a Collision with a Motor Vehicle in Transport,0,No,2,Intersection,2,Four-Way Intersection,0,None,,,1,On Roadway,3,Dark - Lighted,99,Reported as Unknown,0,No Additional Atmospheric Conditions,99,Reported as Unknown,0,No,9999999,Unknown,99,Unknown,99,Unknown,99,Unknown EMS Scene Arrival Hour,99,Unknown EMS Scene Arrival Minutes,88,Not Applicable (Not Transported),88,Not Applicable (Not Transported),0,None,0,None,0,None,1,1
2019,4,40905,Arizona,2,2,0,0,0,2,2,13,MARICOPA (13),370,PHOENIX,23,23,12,December,2019,2,Monday,15,3:00pm-3:59pm,28,28,1,This section IS ON the NHS,2,Urban,3,Principal Arterial - Other,4,City or Municipal Highway Agency,6,Local Street - Municipality,BELL RD,26TH ST,0,None,33.64043333,33.64043333,-112.026516700,-112.02651667,0,No Special Jurisdiction,12,Motor Vehicle In-Transport,6,Angle,0,No,2,Intersection,2,Four-Way Intersection,0,None,,,1,On Roadway,1,Daylight,10,Cloudy,0,No Additional Atmospheric Conditions,10,Cloudy,0,No,0000000,Not Applicable,15,3:00pm-3:59pm,28,28,99,Unknown EMS Scene Arrival Hour,99,Unknown EMS Scene Arrival Minutes,99,Unknown,99,Unknown EMS Hospital Arrival Time,0,None,0,None,0,None,1,0
2019,4,40906,Arizona,2,2,0,0,0,2,2,13,MARICOPA (13),370,PHOENIX,26,26,12,December,2019,5,Thursday,6,6:00am-6:59am,15,15,0,This section IS NOT on the NHS,2,Urban,4,Minor Arterial,4,City or Municipal Highway Agency,6,Local Street - Municipality,27TH AVE,,0,None,33.46357222,33.46357222,-112.117233300,-112.11723333,0,No Special Jurisdiction,12,Motor Vehicle In-Transport,6,Angle,0,No,8,Driveway Access Related,1,Not an Intersection,0,None,,,1,On Roadway,3,Dark - Lighted,1,Clear,0,No Additional Atmospheric Conditions,1,Clear,0,No,0000000,Not Applicable,99,Unknown,99,Unknown,99,Unknown EMS Scene Arrival Hour,99,Unknown EMS Scene Arrival Minutes,88,Not Applicable (Not Transported),88,Not Applicable (Not Transported),0,None,0,None,0,None,1,0
2019,4,40907,Arizona,2,2,0,0,0,2,2,13,MARICOPA (13),370,PHOENIX,28,28,12,December,2019,7,Saturday,3,3:00am-3:59am,39,39,1,This section IS ON the NHS,2,Urban,3,Principal Arterial - Other,4,City or Municipal Highway Agency,6,Local Street - Municipality,51ST AVE,UNION HILLS DR,0,None,33.65466944,33.65466944,-112.168872200,-112.16887222,0,No Special Jurisdiction,12,Motor Vehicle In-Transport,1,Front-to-Rear,0,No,3,Intersection-Related,2,Four-Way Intersection,0,None,,,1,On Roadway,3,Dark - Lighted,2,Rain,0,No Additional Atmospheric Conditions,2,Rain,0,No,0000000,Not Applicable,3,3:00am-3:59am,39,39,3,3:00am-3:59am,45,45,4,4:00am-4:59am,3,3,0,None,0,None,0,None,1,0
2019,4,40908,Arizona,2,2,0,0,0,3,3,13,MARICOPA (13),370,PHOENIX,31,31,12,December,2019,3,Tuesday,17,5:00pm-5:59pm,11,11,0,This section IS NOT on the NHS,2,Urban,4,Minor Arterial,1,State Highway Agency,6,Local Street - Municipality,W DUNLAP AVE,N BLACK CANYON HWY,19,19,33.56753611,33.56753611,-112.117786100,-112.11778611,0,No Special Jurisdiction,12,Motor Vehicle In-Transport,6,Angle,0,No,2,Intersection,2,Four-Way Intersection,0,None,,,1,On Roadway,3,Dark - Lighted,1,Clear,0,No Additional Atmospheric Conditions,1,Clear,0,No,0000000,Not Applicable,17,5:00pm-5:59pm,11,11,17,5:00pm-5:59pm,14,14,17,5:00pm-5:59pm,21,21,0,None,0,None,0,None,1,0
2019,4,40909,Arizona,1,1,0,0,0,1,1,13,MARICOPA (13),200,GLENDALE,6,6,9,September,2019,6,Friday,20,8:00pm-8:59pm,32,32,0,This section IS NOT on the NHS,2,Urban,4,Minor Arterial,4,City or Municipal Highway Agency,6,Local Street - Municipality,UNION HILLS DR,,0,None,33.65439444,33.65439444,-112.187286100,-112.18728611,0,No Special Jurisdiction,33,Curb,0,The First Harmful Event was Not a Collision with a Motor Vehicle in Transport,0,No,1,Non-Junction,1,Not an Intersection,0,None,,,4,On Roadside,3,Dark - Lighted,1,Clear,0,No Additional Atmospheric Conditions,1,Clear,0,No,0000000,Not Applicable,99,Unknown,99,Unknown,99,Unknown EMS Scene Arrival Hour,99,Unknown EMS Scene Arrival Minutes,99,Unknown,99,Unknown EMS Hospital Arrival Time,0,None,0,None,0,None,1,1
2019,4,40910,Arizona,2,2,0,0,0,5,5,25,YAVAPAI (25),0,NOT APPLICABLE,1,1,10,October,2019,3,Tuesday,10,10:00am-10:59am,43,43,1,This section IS ON the NHS,1,Rural,3,Principal Arterial - Other,1,State Highway Agency,2,U.S. Highway,US-93,,1741,1741,34.23615000,34.23615000,-113.073277800,-113.07327778,0,No Special Jurisdiction,12,Motor Vehicle In-Transport,1,Front-to-Rear,0,No,1,Non-Junction,1,Not an Intersection,0,None,,,1,On Roadway,1,Daylight,1,Clear,0,No Additional Atmospheric Conditions,1,Clear,0,No,0000000,Not Applicable,99,Unknown,99,Unknown,99,Unknown EMS Scene Arrival Hour,99,Unknown EMS Scene Arrival Minutes,99,Unknown,99,Unknown EMS Hospital Arrival Time,0,None,0,None,0,None,1,0
2019,4,40911,Arizona,2,2,0,0,0,3,3,13,MARICOPA (13),200,GLENDALE,2,2,11,November,2019,7,Saturday,12,12:00pm-12:59pm,39,39,1,This section IS ON the NHS,2,Urban,3,Principal Arterial - Other,4,City or Municipal Highway Agency,6,Local Street - Municipality,51ST AVE,,0,None,33.53257222,33.53257222,-112.168630600,-112.16863056,0,No Special Jurisdiction,12,Motor Vehicle In-Transport,2,Front-to-Front,0,No,1,Non-Junction,1,Not an Intersection,0,None,,,1,On Roadway,1,Daylight,1,Clear,0,No Additional Atmospheric Conditions,1,Clear,0,No,0000000,Not Applicable,99,Unknown,99,Unknown,99,Unknown EMS Scene Arrival Hour,99,Unknown EMS Scene Arrival Minutes,99,Unknown,99,Unknown EMS Hospital Arrival Time,0,None,0,None,0,None,1,0
2019,4,40912,Arizona,1,1,0,0,0,2,2,13,MARICOPA (13),0,NOT APPLICABLE,4,4,11,November,2019,2,Monday,0,0:00am-0:59am,23,23,0,This section IS NOT on the NHS,2,Urban,99,Unknown,99,Unknown,9,Unknown,OAKMONT RD,,0,None,33.60071944,33.60071944,-112.294927800,-112.29492778,0,No Special Jurisdiction,42,Tree (Standing Only),0,The First Harmful Event was Not a Collision with a Motor Vehicle in Transport,0,No,1,Non-Junction,1,Not an Intersection,0,None,,,4,On Roadside,6,Dark - Unknown Lighting,1,Clear,0,No Additional Atmospheric Conditions,1,Clear,0,No,0000000,Not Applicable,0,0:00am-0:59am,25,25,0,0:00am-0:59am,29,29,1,1:00am-1:59am,0,0,0,None,0,None,0,None,1,1
2019,4,40913,Arizona,1,1,0,1,1,1,1,13,MARICOPA (13),200,GLENDALE,4,4,11,November,2019,2,Monday,10,10:00am-10:59am,27,27,1,This section IS ON the NHS,2,Urban,3,Principal Arterial - Other,4,City or Municipal Highway Agency,6,Local Street - Municipality,51ST AVE,CAMELBACK RD,0,None,33.50951944,33.50951944,-112.168752800,-112.16875278,0,No Special Jurisdiction,9,Pedalcyclist,0,The First Harmful Event was Not a Collision with a Motor Vehicle in Transport,0,No,3,Intersection-Related,2,Four-Way Intersection,0,None,,,1,On Roadway,1,Daylight,1,Clear,0,No Additional Atmospheric Conditions,1,Clear,0,No,0000000,Not Applicable,10,10:00am-10:59am,28,28,10,10:00am-10:59am,33,33,10,10:00am-10:59am,53,53,0,None,0,None,0,None,1,0
2019,4,40915,Arizona,2,2,0,0,0,2,2,13,MARICOPA (13),370,PHOENIX,14,14,11,November,2019,5,Thursday,16,4:00pm-4:59pm,32,32,0,This section IS NOT on the NHS,2,Urban,3,Principal Arterial - Other,4,City or Municipal Highway Agency,6,Local Street - Municipality,24TH ST,,0,None,33.45343333,33.45343333,-112.030180600,-112.03018056,0,No Special Jurisdiction,12,Motor Vehicle In-Transport,6,Angle,0,No,4,Driveway Access,1,Not an Intersection,0,None,,,1,On Roadway,1,Daylight,1,Clear,0,No Additional Atmospheric Conditions,1,Clear,0,No,0000000,Not Applicable,16,4:00pm-4:59pm,36,36,16,4:00pm-4:59pm,39,39,16,4:00pm-4:59pm,57,57,0,None,0,None,0,None,1,1