caseyear,state,st_case,statename,ve_total,ve_forms,pvh_invl,peds,pernotmvit,permvit,persons,county,countyname,city,cityname,day,dayname,month,monthname,year,day_week,day_weekname,hour,hourname,minute,minutename,nhs,nhsname,rur_urb,rur_urbname,func_sys,func_sysname,rd_owner,rd_ownername,route,routename,tway_id,tway_id2,milept,mileptname,latitude,latitudename,longitud,longitudname,sp_jur,sp_jurname,harm_ev,harm_evname,man_coll,man_collname,reljct1,reljct1name,reljct2,reljct2name,typ_int,typ_intname,wrk_zone,wrk_zonename,road_fnc,road_fncname,rel_road,rel_roadname,lgt_cond,lgt_condname,weather1,weather1name,weather2,weather2name,weather,weathername,sch_bus,sch_busname,rail,railname,not_hour,not_hourname,not_min,not_minname,arr_hour,arr_hourname,arr_min,arr_minname,hosp_hr,hosp_hrname,hosp_mn,hosp_mnname,cf1,cf1name,cf2,cf2name,cf3,cf3name,fatals,drunk_dr
2019,4,40916,Arizona,1,1,0,1,1,1,1,13,MARICOPA (13),220,GOODYEAR,15,15,11,November,2019,6,Friday,16,4:00pm-4:59pm,4,4,0,This section IS NOT on the NHS,2,Urban,3,Principal Arterial - Other,4,City or Municipal Highway Agency,6,Local Street - Municipality,INDIAN SCHOOL RD,144TH AVE,0,None,33.48577222,33.48577222,-112.368450000,-112.368450000,0,No Special Jurisdiction,8,Pedestrian,0,The First Harmful Event was Not a Collision with a Motor Vehicle in Transport,0,No,3,Intersection-Related,2,Four-Way Intersection,0,None,,,1,On Roadway,1,Daylight,1,Clear,0,No Additional Atmospheric Conditions,1,Clear,1,Yes,0000000,Not Applicable,16,4:00pm-4:59pm,4,4,16,4:00pm-4:59pm,12,12,16,4:00pm-4:59pm,47,47,0,None,0,None,0,None,1,0
2019,4,40917,Arizona,2,2,0,0,0,2,2,25,YAVAPAI (25),373,PRESCOTT VALLEY,7,7,6,June,2019,6,Friday,15,3:00pm-3:59pm,13,13,1,This section IS ON the NHS,2,Urban,3,Principal Arterial - Other,1,State Highway Agency,3,State Highway,SR-69,,23,23,34.58018889,34.58018889,-112.299966700,-112.29996667,0,No Special Jurisdiction,54,"Motor Vehicle In-Transport Strikes or is Struck by Cargo, Persons or Objects Set-in-Motion from/by Another Motor Vehicle In Transport",11,Other,0,No,1,Non-Junction,1,Not an Intersection,0,None,,,1,On Roadway,1,Daylight,1,Clear,0,No Additional Atmospheric Conditions,1,Clear,0,No,0000000,Not Applicable,15,3:00pm-3:59pm,13,13,15,3:00pm-3:59pm,33,33,16,4:00pm-4:59pm,44,44,14,"Motor Vehicle struck by falling cargo,or something that came loose from or something that was set in motion by a vehicle",0,None,0,None,1,0
2019,4,40918,Arizona,1,1,0,1,1,1,1,19,PIMA (19),530,TUCSON,3,3,12,December,2019,3,Tuesday,23,11:00pm-11:59pm,3,3,0,This section IS NOT on the NHS,2,Urban,5,Major Collector,4,City or Municipal Highway Agency,6,Local Street - Municipality,ANKLAM RD,TUMAMOC HILL RD,0,None,32.22610833,32.22610833,-111.001077800,-111.00107778,0,No Special Jurisdiction,8,Pedestrian,0,The First Harmful Event was Not a Collision with a Motor Vehicle in Transport,0,No,3,Intersection-Related,3,T-Intersection,0,None,,,1,On Roadway,2,Dark - Not Lighted,1,Clear,0,No Additional Atmospheric Conditions,1,Clear,0,No,0000000,Not Applicable,99,Unknown,99,Unknown,99,Unknown EMS Scene Arrival Hour,99,Unknown EMS Scene Arrival Minutes,88,Not Applicable (Not Transported),88,Not Applicable (Not Transported),0,None,0,None,0,None,1,0
2019,4,40919,Arizona,3,3,0,0,0,5,5,13,MARICOPA (13),370,PHOENIX,27,27,12,December,2019,6,Friday,19,7:00pm-7:59pm,30,30,1,This section IS ON the NHS,2,Urban,3,Principal Arterial - Other,4,City or Municipal Highway Agency,6,Local Street - Municipality,INIDAN SCHOOL RD,57TH AVE,0,None,33.49509722,33.49509722,-112.182030600,-112.18203056,0,No Special Jurisdiction,12,Motor Vehicle In-Transport,6,Angle,0,No,2,Intersection,4,Y-Intersection,0,None,,,1,On Roadway,3,Dark - Lighted,2,Rain,0,No Additional Atmospheric Conditions,2,Rain,0,No,0000000,Not Applicable,19,7:00pm-7:59pm,32,32,19,7:00pm-7:59pm,36,36,19,7:00pm-7:59pm,41,41,14,"Motor Vehicle struck by falling cargo,or something that came loose from or something that was set in motion by a vehicle",0,None,0,None,1,1
2019,4,40920,Arizona,1,1,0,0,0,1,1,7,GILA (7),210,GLOBE,2,2,7,July,2019,3,Tuesday,12,12:00pm-12:59pm,49,49,0,This section IS NOT on the NHS,2,Urban,5,Major Collector,1,State Highway Agency,3,State Highway,SR-188,,0,None,33.41673333,33.41673333,-110.828669400,-110.82866944,0,No Special Jurisdiction,31,"Post, Pole or Other Supports",0,The First Harmful Event was Not a Collision with a Motor Vehicle in Transport,0,No,1,Non-Junction,1,Not an Intersection,0,None,,,4,On Roadside,1,Daylight,1,Clear,0,No Additional Atmospheric Conditions,1,Clear,0,No,0000000,Not Applicable,99,Unknown,99,Unknown,99,Unknown EMS Scene Arrival Hour,99,Unknown EMS Scene Arrival Minutes,99,Unknown,99,Unknown EMS Hospital Arrival Time,0,None,0,None,0,None,1,0
2019,4,40921,Arizona,3,3,0,0,0,4,4,13,MARICOPA (13),370,PHOENIX,8,8,11,November,2019,6,Friday,18,6:00pm-6:59pm,53,53,1,This section IS ON the NHS,2,Urban,3,Principal Arterial - Other,4,City or Municipal Highway Agency,6,Local Street - Municipality,THUNDERBIRD RD,,0,None,33.61105556,33.61105556,-112.103877800,-112.10387778,0,No Special Jurisdiction,12,Motor Vehicle In-Transport,6,Angle,0,No,8,Driveway Access Related,1,Not an Intersection,0,None,,,1,On Roadway,2,Dark - Not Lighted,1,Clear,0,No Additional Atmospheric Conditions,1,Clear,0,No,0000000,Not Applicable,18,6:00pm-6:59pm,53,53,18,6:00pm-6:59pm,57,57,19,7:00pm-7:59pm,10,10,0,None,0,None,0,None,1,0
2019,4,40922,Arizona,1,1,0,1,1,1,1,13,MARICOPA (13),370,PHOENIX,8,8,11,November,2019,6,Friday,20,8:00pm-8:59pm,28,28,0,This section IS NOT on the NHS,2,Urban,3,Principal Arterial - Other,4,City or Municipal Highway Agency,6,Local Street - Municipality,THOMAS RD,,0,None,33.48055278,33.48055278,-112.012930600,-112.01293056,0,No Special Jurisdiction,9,Pedalcyclist,0,The First Harmful Event was Not a Collision with a Motor Vehicle in Transport,0,No,1,Non-Junction,1,Not an Intersection,0,None,,,1,On Roadway,3,Dark - Lighted,1,Clear,0,No Additional Atmospheric Conditions,1,Clear,0,No,0000000,Not Applicable,20,8:00pm-8:59pm,29,29,20,8:00pm-8:59pm,30,30,88,Not Applicable (Not Transported),88,Not Applicable (Not Transported),0,None,0,None,0,None,1,0
2019,4,40923,Arizona,3,3,0,0,0,3,3,13,MARICOPA (13),370,PHOENIX,18,18,12,December,2019,4,Wednesday,13,1:00pm-1:59pm,4,4,0,This section IS NOT on the NHS,2,Urban,4,Minor Arterial,4,City or Municipal Highway Agency,6,Local Street - Municipality,7TH AVE,ALTAV ISTA RD,0,None,33.38858333,33.38858333,-112.081963900,-112.08196389,0,No Special Jurisdiction,12,Motor Vehicle In-Transport,6,Angle,0,No,2,Intersection,4,Y-Intersection,0,None,,,1,On Roadway,1,Daylight,1,Clear,0,No Additional Atmospheric Conditions,1,Clear,0,No,0000000,Not Applicable,13,1:00pm-1:59pm,9,9,13,1:00pm-1:59pm,13,13,13,1:00pm-1:59pm,33,33,0,None,0,None,0,None,1,0
2019,4,40924,Arizona,2,2,0,4,4,2,2,13,MARICOPA (13),370,PHOENIX,26,26,12,December,2019,5,Thursday,11,11:00am-11:59am,35,35,1,This section IS ON the NHS,2,Urban,3,Principal Arterial - Other,4,City or Municipal Highway Agency,6,Local Street - Municipality,BELL,35TH AVE,0,None,33.63966667,33.63966667,-112.134291700,-112.13429167,0,No Special Jurisdiction,12,Motor Vehicle In-Transport,6,Angle,0,No,2,Intersection,2,Four-Way Intersection,0,None,,,1,On Roadway,1,Daylight,1,Clear,0,No Additional Atmospheric Conditions,1,Clear,0,No,0000000,Not Applicable,11,11:00am-11:59am,18,18,11,11:00am-11:59am,22,22,11,11:00am-11:59am,36,36,0,None,0,None,0,None,1,0
2019,4,40925,Arizona,2,2,0,0,0,2,2,13,MARICOPA (13),370,PHOENIX,10,10,9,September,2019,3,Tuesday,18,6:00pm-6:59pm,0,0,0,This section IS NOT on the NHS,2,Urban,4,Minor Arterial,4,City or Municipal Highway Agency,6,Local Street - Municipality,32ND ST,,0,None,33.59746944,33.59746944,-112.013322200,-112.01332222,0,No Special Jurisdiction,12,Motor Vehicle In-Transport,1,Front-to-Rear,0,No,1,Non-Junction,1,Not an Intersection,0,None,,,1,On Roadway,1,Daylight,99,Reported as Unknown,0,No Additional Atmospheric Conditions,99,Reported as Unknown,0,No,0000000,Not Applicable,99,Unknown,99,Unknown,99,Unknown EMS Scene Arrival Hour,99,Unknown EMS Scene Arrival Minutes,88,Not Applicable (Not Transported),88,Not Applicable (Not Transported),0,None,0,None,0,None,1,0
2019,4,40926,Arizona,1,1,0,1,1,1,1,13,MARICOPA (13),200,GLENDALE,28,28,12,December,2019,7,Saturday,23,11:00pm-11:59pm,35,35,0,This section IS NOT on the NHS,2,Urban,4,Minor Arterial,4,City or Municipal Highway Agency,6,Local Street - Municipality,BETHANY HOME RD,,0,None,33.52404444,33.52404444,-112.180230600,-112.18023056,0,No Special Jurisdiction,8,Pedestrian,0,The First Harmful Event was Not a Collision with a Motor Vehicle in Transport,0,No,1,Non-Junction,1,Not an Intersection,0,None,,,1,On Roadway,3,Dark - Lighted,1,Clear,0,No Additional Atmospheric Conditions,1,Clear,0,No,0000000,Not Applicable,99,Unknown,99,Unknown,99,Unknown EMS Scene Arrival Hour,99,Unknown EMS Scene Arrival Minutes,99,Unknown,99,Unknown EMS Hospital Arrival Time,0,None,0,None,0,None,1,0
2019,4,40927,Arizona,1,1,0,1,1,1,1,13,MARICOPA (13),200,GLENDALE,16,16,12,December,2019,2,Monday,19,7:00pm-7:59pm,58,58,0,This section IS NOT on the NHS,2,Urban,3,Principal Arterial - Other,4,City or Municipal Highway Agency,6,Local Street - Municipality,59TH AVE,,0,None,33.51056389,33.51056389,-112.186344400,-112.18634444,0,No Special Jurisdiction,8,Pedestrian,0,The First Harmful Event was Not a Collision with a Motor Vehicle in Transport,0,No,1,Non-Junction,1,Not an Intersection,0,None,,,1,On Roadway,3,Dark - Lighted,1,Clear,0,No Additional Atmospheric Conditions,1,Clear,0,No,0000000,Not Applicable,99,Unknown,99,Unknown,99,Unknown EMS Scene Arrival Hour,99,Unknown EMS Scene Arrival Minutes,99,Unknown,99,Unknown EMS Hospital Arrival Time,0,None,0,None,0,None,1,0
2019,4,40928,Arizona,4,4,0,2,2,4,4,13,MARICOPA (13),30,AVONDALE,23,23,10,October,2019,4,Wednesday,0,0:00am-0:59am,15,15,0,This section IS NOT on the NHS,2,Urban,3,Principal Arterial - Other,4,City or Municipal Highway Agency,6,Local Street - Municipality,MC 85,,0,None,33.43508333,33.43508333,-112.334947200,-112.33494722,0,No Special Jurisdiction,12,Motor Vehicle In-Transport,98,Not Reported,0,No,1,Non-Junction,1,Not an Intersection,4,"Work Zone, Type Unknown",,,1,On Roadway,2,Dark - Not Lighted,1,Clear,0,No Additional Atmospheric Conditions,1,Clear,0,No,0000000,Not Applicable,0,0:00am-0:59am,16,16,0,0:00am-0:59am,24,24,0,0:00am-0:59am,40,40,23,Indication of a Stalled/Disabled Vehicle,0,None,0,None,1,0
2019,4,40929,Arizona,3,3,0,0,0,7,7,13,MARICOPA (13),370,PHOENIX,2,2,11,November,2019,7,Saturday,18,6:00pm-6:59pm,0,0,0,This section IS NOT on the NHS,2,Urban,3,Principal Arterial - Other,1,State Highway Agency,7,Local Street - Frontage Road,I-17 RAMP,THUNDERBIRD RD,0,None,33.61094444,33.61094444,-112.114936100,-112.11493611,0,No Special Jurisdiction,12,Motor Vehicle In-Transport,6,Angle,1,Yes,5,Entrance/Exit Ramp Related,1,Not an Intersection,0,None,,,1,On Roadway,3,Dark - Lighted,1,Clear,0,No Additional Atmospheric Conditions,1,Clear,0,No,0000000,Not Applicable,99,Unknown,99,Unknown,99,Unknown EMS Scene Arrival Hour,99,Unknown EMS Scene Arrival Minutes,99,Unknown,99,Unknown EMS Hospital Arrival Time,0,None,0,None,0,None,1,0
2020,4,40001,Arizona,1,1,0,0,0,6,6,13,MARICOPA (13),370,PHOENIX,1,1,1,January,2020,4,Wednesday,3,3:00am-3:59am,10,10,0,This section IS NOT on the NHS,2,Urban,4,Minor Arterial,4,City or Municipal Highway Agency,6,Local Street - Municipality,16TH ST,,0,None,33.40306944,33.40306944,-112.047194440,-112.047194440,0,No Special Jurisdiction,33,Curb,0,The First Harmful Event was Not a Collision with a Motor Vehicle in Transport,0,No,1,Non-Junction,1,Not an Intersection,0,None,,,4,On Roadside,3,Dark - Lighted,,,,,1,Clear,0,No,0000000,Not Applicable,3,3:00am-3:59am,15,15,3,3:00am-3:59am,21,21,99,Unknown,99,Unknown EMS Hospital Arrival Time,,,,,,,1,1
2020,4,40002,Arizona,1,1,0,1,1,1,1,19,PIMA (19),530,TUCSON,1,1,1,January,2020,4,Wednesday,6,6:00am-6:59am,15,15,0,This section IS NOT on the NHS,2,Urban,3,Principal Arterial - Other,2,County Highway Agency,4,County Road,CR-LA CHOLLA BLVD,,0,None,32.31210556,32.31210556,-111.012016670,-111.012016670,0,No Special Jurisdiction,8,Pedestrian,0,The First Harmful Event was Not a Collision with a Motor Vehicle in Transport,0,No,1,Non-Junction,1,Not an Intersection,0,None,,,1,On Roadway,2,Dark - Not Lighted,,,,,1,Clear,0,No,0000000,Not Applicable,6,6:00am-6:59am,15,15,6,6:00am-6:59am,20,20,88,"Not Applicable (Not Transported) ",88,Not Applicable (Not Transported),,,,,,,1,1
2020,4,40003,Arizona,1,1,0,0,0,5,5,5,COCONINO (5),277,MARBLE CANYON,2,2,1,January,2020,5,Thursday,13,1:00pm-1:59pm,14,14,0,This section IS NOT on the NHS,1,Rural,5,Major Collector,1,State Highway Agency,2,U.S. Highway,US-89A,,240,240,36.74675278,36.74675278,-111.749213890,-111.749213890,0,No Special Jurisdiction,59,"Traffic Sign Support ",0,The First Harmful Event was Not a Collision with a Motor Vehicle in Transport,0,No,1,Non-Junction,1,Not an Intersection,0,None,,,4,On Roadside,1,Daylight,,,,,1,Clear,0,No,0000000,Not Applicable,13,1:00pm-1:59pm,18,18,13,1:00pm-1:59pm,47,47,99,Unknown,99,Unknown EMS Hospital Arrival Time,,,,,,,3,0
2020,4,40004,Arizona,2,2,0,0,0,2,2,13,MARICOPA (13),370,PHOENIX,4,4,1,January,2020,7,Saturday,2,2:00am-2:59am,47,47,1,This section IS ON the NHS,2,Urban,2,Principal Arterial - Other Freeways and Expressways,1,State Highway Agency,3,State Highway,SR-202,,99999,Unknown,33.37192222,33.37192222,-112.189713890,-112.189713890,0,No Special Jurisdiction,12,Motor Vehicle In-Transport,2,Front-to-Front,0,No,1,Non-Junction,1,Not an Intersection,0,None,,,1,On Roadway,2,Dark - Not Lighted,,,,,1,Clear,0,No,0000000,Not Applicable,2,2:00am-2:59am,55,55,2,2:00am-2:59am,58,58,88,"Not Applicable (Not Transported) ",88,Not Applicable (Not Transported),,,,,,,1,1
2020,4,40005,Arizona,1,1,0,1,1,7,7,1,APACHE (1),278,MANY FARMS,4,4,1,January,2020,7,Saturday,4,4:00am-4:59am,24,24,0,This section IS NOT on the NHS,1,Rural,4,Minor Arterial,1,State Highway Agency,2,U.S. Highway,US-191,,4626,4626,36.38883333,36.38883333,-109.610586110,-109.610586110,3,Indian Reservation,8,Pedestrian,0,The First Harmful Event was Not a Collision with a Motor Vehicle in Transport,0,No,1,Non-Junction,1,Not an Intersection,0,None,,,1,On Roadway,2,Dark - Not Lighted,,,,,1,Clear,0,No,0000000,Not Applicable,4,4:00am-4:59am,25,25,4,4:00am-4:59am,55,55,99,Unknown,99,Unknown EMS Hospital Arrival Time,,,,,,,1,0
2020,4,40006,Arizona,2,2,0,0,0,3,3,13,MARICOPA (13),370,PHOENIX,4,4,1,January,2020,7,Saturday,11,11:00am-11:59am,30,30,1,This section IS ON the NHS,2,Urban,3,Principal Arterial - Other,4,City or Municipal Highway Agency,6,Local Street - Municipality,INDIAN SCHOOL RD,,0,None,33.49431389,33.49431389,-112.235566670,-112.235566670,0,No Special Jurisdiction,12,Motor Vehicle In-Transport,6,Angle,0,No,8,Driveway Access Related,1,Not an Intersection,0,None,,,1,On Roadway,1,Daylight,,,,,1,Clear,0,No,0000000,Not Applicable,99,Unknown,99,Unknown,99,Unknown EMS Scene Arrival Hour,99,Unknown EMS Scene Arrival Minutes,99,Unknown,99,Unknown EMS Hospital Arrival Time,,,,,,,1,0
2020,4,40007,Arizona,1,1,0,0,0,5,5,19,PIMA (19),530,TUCSON,4,4,1,January,2020,7,Saturday,17,5:00pm-5:59pm,50,50,0,This section IS NOT on the NHS,2,Urban,4,Minor Arterial,2,County Highway Agency,4,County Road,CR-SNYDER RD,RIO VISTA DR,0,None,32.29489167,32.29489167,-110.773030560,-110.773030560,0,No Special Jurisdiction,44,"Pavement Surface Irregularity (Ruts, Potholes, Grates, etc.)",0,The First Harmful Event was Not a Collision with a Motor Vehicle in Transport,1,Yes,2,Intersection,3,T-Intersection,0,None,,,1,On Roadway,5,Dusk,,,,,1,Clear,0,No,0000000,Not Applicable,99,Unknown,99,Unknown,99,Unknown EMS Scene Arrival Hour,99,Unknown EMS Scene Arrival Minutes,99,Unknown,99,Unknown EMS Hospital Arrival Time,,,,,,,2,1
2020,4,40008,Arizona,1,1,0,0,0,1,1,13,MARICOPA (13),0,NOT APPLICABLE,4,4,1,January,2020,7,Saturday,23,11:00pm-11:59pm,54,54,1,This section IS ON the NHS,2,Urban,3,Principal Arterial - Other,4,City or Municipal Highway Agency,6,Local Street - Municipality,SHEA BLVD,SR-87,0,None,33.56611944,33.56611944,-111.708297220,-111.708297220,0,No Special Jurisdiction,35,Embankment,0,The First Harmful Event was Not a Collision with a Motor Vehicle in Transport,0,No,3,Intersection-Related,3,T-Intersection,0,None,,,4,On Roadside,2,Dark - Not Lighted,,,,,1,Clear,0,No,0000000,Not Applicable,23,11:00pm-11:59pm,56,56,0,0:00am-0:59am,3,3,0,0:00am-0:59am,40,40,,,,,,,1,0
2020,4,40009,Arizona,4,4,0,0,0,8,8,25,YAVAPAI (25),386,PRESCOTT,5,5,1,January,2020,1,Sunday,13,1:00pm-1:59pm,0,0,1,This section IS ON the NHS,2,Urban,3,Principal Arterial - Other,1,State Highway Agency,3,State Highway,SR-69,,309,309,34.54843611,34.54843611,-112.400461110,-112.400461110,0,No Special Jurisdiction,12,Motor Vehicle In-Transport,8,Sideswipe - Opposite Direction,0,No,1,Non-Junction,1,Not an Intersection,0,None,,,1,On Roadway,1,Daylight,,,,,1,Clear,0,No,0000000,Not Applicable,13,1:00pm-1:59pm,0,0,13,1:00pm-1:59pm,7,7,14,2:00pm-2:59pm,12,12,,,,,,,1,0
2020,4,40010,Arizona,1,1,0,1,1,1,1,19,PIMA (19),530,TUCSON,6,6,1,January,2020,2,Monday,20,8:00pm-8:59pm,6,6,0,This section IS NOT on the NHS,2,Urban,4,Minor Arterial,2,County Highway Agency,4,County Road,CR-CARDINAL AVE,,0,None,32.13503333,32.13503333,-111.028836110,-111.028836110,0,No Special Jurisdiction,8,Pedestrian,0,The First Harmful Event was Not a Collision with a Motor Vehicle in Transport,0,No,1,Non-Junction,1,Not an Intersection,0,None,,,1,On Roadway,2,Dark - Not Lighted,,,,,1,Clear,0,No,0000000,Not Applicable,20,8:00pm-8:59pm,11,11,20,8:00pm-8:59pm,15,15,20,8:00pm-8:59pm,38,38,,,,,,,1,1
2020,4,40012,Arizona,2,2,0,0,0,3,3,17,NAVAJO (17),429,SHOW LOW,9,9,1,January,2020,5,Thursday,2,2:00am-2:59am,18,18,1,This section IS ON the NHS,2,Urban,3,Principal Arterial - Other,1,State Highway Agency,2,U.S. Highway,US-60,SR-77,3066,3066,34.25710833,34.25710833,-110.018552780,-110.018552780,0,No Special Jurisdiction,12,Motor Vehicle In-Transport,1,Front-to-Rear,0,No,3,Intersection-Related,2,Four-Way Intersection,0,None,,,1,On Roadway,3,Dark - Lighted,,,,,1,Clear,0,No,0000000,Not Applicable,2,2:00am-2:59am,20,20,2,2:00am-2:59am,27,27,88,"Not Applicable (Not Transported) ",88,Not Applicable (Not Transported),,,,,,,1,0
2020,4,40013,Arizona,2,2,0,0,0,2,2,19,PIMA (19),530,TUCSON,10,10,1,January,2020,6,Friday,10,10:00am-10:59am,39,39,1,This section IS ON the NHS,2,Urban,1,Interstate,1,State Highway Agency,1,Interstate,I-10,,2622,2622,32.17705556,32.17705556,-110.943758330,-110.943758330,0,No Special Jurisdiction,12,Motor Vehicle In-Transport,1,Front-to-Rear,0,No,1,Non-Junction,1,Not an Intersection,0,None,,,1,On Roadway,1,Daylight,,,,,1,Clear,0,No,0000000,Not Applicable,10,10:00am-10:59am,39,39,10,10:00am-10:59am,50,50,11,11:00am-11:59am,20,20,,,,,,,1,0
2020,4,40014,Arizona,2,2,0,0,0,4,4,21,PINAL (21),487,SUPERIOR,10,10,1,January,2020,6,Friday,14,2:00pm-2:59pm,44,44,1,This section IS ON the NHS,1,Rural,3,Principal Arterial - Other,1,State Highway Agency,2,U.S. Highway,US-60,ARBORETUM WAY,1905,1905,33.28253889,33.28253889,-111.165800000,-111.165800000,0,No Special Jurisdiction,12,Motor Vehicle In-Transport,6,Angle,1,Yes,2,Intersection,2,Four-Way Intersection,0,None,,,1,On Roadway,1,Daylight,,,,,1,Clear,0,No,0000000,Not Applicable,14,2:00pm-2:59pm,44,44,14,2:00pm-2:59pm,59,59,16,4:00pm-4:59pm,9,9,,,,,,,2,0
2020,4,40015,Arizona,1,1,0,1,1,1,1,13,MARICOPA (13),290,MESA,10,10,1,January,2020,6,Friday,18,6:00pm-6:59pm,34,34,0,This section IS NOT on the NHS,2,Urban,3,Principal Arterial - Other,4,City or Municipal Highway Agency,6,Local Street - Municipality,MCKELLIPS RD,,0,None,33.45181667,33.45181667,-111.772622220,-111.772622220,0,No Special Jurisdiction,8,Pedestrian,0,The First Harmful Event was Not a Collision with a Motor Vehicle in Transport,0,No,1,Non-Junction,1,Not an Intersection,0,None,,,1,On Roadway,3,Dark - Lighted,,,,,1,Clear,0,No,0000000,Not Applicable,18,6:00pm-6:59pm,34,34,18,6:00pm-6:59pm,41,41,19,7:00pm-7:59pm,16,16,,,,,,,1,0
2020,4,40017,Arizona,2,2,0,0,0,2,2,19,PIMA (19),530,TUCSON,12,12,1,January,2020,1,Sunday,10,10:00am-10:59am,47,47,0,This section IS NOT on the NHS,2,Urban,3,Principal Arterial - Other,4,City or Municipal Highway Agency,6,Local Street - Municipality,22ND ST,KOLB RD,0,None,32.20659167,32.20659167,-110.840875000,-110.840875000,0,No Special Jurisdiction,12,Motor Vehicle In-Transport,6,Angle,0,No,2,Intersection,2,Four-Way Intersection,0,None,,,1,On Roadway,1,Daylight,,,,,1,Clear,0,No,0000000,Not Applicable,10,10:00am-10:59am,47,47,10,10:00am-10:59am,54,54,11,11:00am-11:59am,10,10,,,,,,,1,0
2020,4,40019,Arizona,2,1,1,0,0,2,2,21,PINAL (21),426,SAN MANUEL,14,14,1,January,2020,3,Tuesday,3,3:00am-3:59am,54,54,0,This section IS NOT on the NHS,1,Rural,7,Local,2,County Highway Agency,4,County Road,CR-WEBB DR,,0,None,32.60491389,32.60491389,-110.634775000,-110.634775000,0,No Special Jurisdiction,14,Parked Motor Vehicle,0,The First Harmful Event was Not a Collision with a Motor Vehicle in Transport,0,No,1,Non-Junction,1,Not an Intersection,0,None,,,1,On Roadway,2,Dark - Not Lighted,,,,,10,Cloudy,0,No,0000000,Not Applicable,3,3:00am-3:59am,59,59,4,4:00am-4:59am,7,7,99,Unknown,99,Unknown EMS Hospital Arrival Time,,,,,,,1,1
2020,4,40020,Arizona,1,1,0,0,0,2,2,3,COCHISE (3),424,SAN SIMON,14,14,1,January,2020,3,Tuesday,9,9:00am-9:59am,45,45,1,This section IS ON the NHS,1,Rural,1,Interstate,1,State Highway Agency,1,Interstate,I-10,,3888,3888,32.23583056,32.23583056,-109.085483330,-109.085483330,0,No Special Jurisdiction,38,Fence,0,The First Harmful Event was Not a Collision with a Motor Vehicle in Transport,0,No,1,Non-Junction,1,Not an Intersection,0,None,,,4,On Roadside,1,Daylight,,,,,1,Clear,0,No,0000000,Not Applicable,9,9:00am-9:59am,45,45,11,11:00am-11:59am,10,10,99,Unknown,99,Unknown EMS Hospital Arrival Time,,,,,,,1,0
2020,4,40021,Arizona,2,2,0,0,0,3,3,19,PIMA (19),530,TUCSON,14,14,1,January,2020,3,Tuesday,21,9:00pm-9:59pm,46,46,0,This section IS NOT on the NHS,2,Urban,4,Minor Arterial,2,County Highway Agency,4,County Road,CR-LA CANADA DR,EMERINE DR,0,None,32.35552222,32.35552222,-110.995625000,-110.995625000,0,No Special Jurisdiction,12,Motor Vehicle In-Transport,7,Sideswipe - Same Direction,0,No,3,Intersection-Related,3,T-Intersection,0,None,,,1,On Roadway,3,Dark - Lighted,,,,,1,Clear,0,No,0000000,Not Applicable,21,9:00pm-9:59pm,46,46,99,Unknown EMS Scene Arrival Hour,99,Unknown EMS Scene Arrival Minutes,99,Unknown,99,Unknown EMS Hospital Arrival Time,,,,,,,1,0
2020,4,40022,Arizona,1,1,0,0,0,1,1,13,MARICOPA (13),220,GOODYEAR,16,16,1,January,2020,5,Thursday,21,9:00pm-9:59pm,6,6,0,This section IS NOT on the NHS,2,Urban,3,Principal Arterial - Other,4,City or Municipal Highway Agency,6,Local Street - Municipality,PEBBLE CREEK PKWY,,0,None,33.49633333,33.49633333,-112.401327780,-112.401327780,0,No Special Jurisdiction,43,Other Fixed Object,0,The First Harmful Event was Not a Collision with a Motor Vehicle in Transport,0,No,1,Non-Junction,1,Not an Intersection,0,None,,,4,On Roadside,3,Dark - Lighted,,,,,1,Clear,0,No,0000000,Not Applicable,21,9:00pm-9:59pm,6,6,21,9:00pm-9:59pm,11,11,88,"Not Applicable (Not Transported) ",88,Not Applicable (Not Transported),,,,,,,1,0
2020,4,40023,Arizona,1,1,0,0,0,2,2,19,PIMA (19),530,TUCSON,17,17,1,January,2020,6,Friday,2,2:00am-2:59am,11,11,1,This section IS ON the NHS,2,Urban,1,Interstate,1,State Highway Agency,7,Local Street - Frontage Road,I-10 EXIT RAMP,SPEEDWAY BLVD,99998,Not Reported,32.23592500,32.23592500,-110.983666670,-110.983666670,0,No Special Jurisdiction,46,Traffic Signal Support,0,The First Harmful Event was Not a Collision with a Motor Vehicle in Transport,1,Yes,3,Intersection-Related,2,Four-Way Intersection,0,None,,,4,On Roadside,3,Dark - Lighted,,,,,2,Rain,0,No,0000000,Not Applicable,2,2:00am-2:59am,12,12,2,2:00am-2:59am,18,18,99,Unknown,99,Unknown EMS Hospital Arrival Time,,,,,,,1,1
2020,4,40024,Arizona,2,2,0,0,0,2,2,13,MARICOPA (13),370,PHOENIX,17,17,1,January,2020,6,Friday,12,12:00pm-12:59pm,36,36,0,This section IS NOT on the NHS,2,Urban,3,Principal Arterial - Other,4,City or Municipal Highway Agency,6,Local Street - Municipality,35TH AVE,,0,None,33.55306944,33.55306944,-112.134258330,-112.134258330,0,No Special Jurisdiction,12,Motor Vehicle In-Transport,6,Angle,0,No,8,Driveway Access Related,1,Not an Intersection,0,None,,,1,On Roadway,1,Daylight,,,,,10,Cloudy,0,No,0000000,Not Applicable,12,12:00pm-12:59pm,37,37,12,12:00pm-12:59pm,40,40,12,12:00pm-12:59pm,58,58,,,,,,,1,0