caseyear,state,st_case,statename,ve_total,ve_forms,pvh_invl,peds,pernotmvit,permvit,persons,county,countyname,city,cityname,day,dayname,month,monthname,year,day_week,day_weekname,hour,hourname,minute,minutename,nhs,nhsname,rur_urb,rur_urbname,func_sys,func_sysname,rd_owner,rd_ownername,route,routename,tway_id,tway_id2,milept,mileptname,latitude,latitudename,longitud,longitudname,sp_jur,sp_jurname,harm_ev,harm_evname,man_coll,man_collname,reljct1,reljct1name,reljct2,reljct2name,typ_int,typ_intname,wrk_zone,wrk_zonename,road_fnc,road_fncname,rel_road,rel_roadname,lgt_cond,lgt_condname,weather1,weather1name,weather2,weather2name,weather,weathername,sch_bus,sch_busname,rail,railname,not_hour,not_hourname,not_min,not_minname,arr_hour,arr_hourname,arr_min,arr_minname,hosp_hr,hosp_hrname,hosp_mn,hosp_mnname,cf1,cf1name,cf2,cf2name,cf3,cf3name,fatals,drunk_dr
2020,4,40065,Arizona,2,2,0,0,0,3,3,25,YAVAPAI (25),120,COTTONWOOD,27,27,2,February,2020,5,Thursday,11,11:00am-11:59am,32,32,0,This section IS NOT on the NHS,2,Urban,3,Principal Arterial - Other,1,State Highway Agency,3,State Highway,SR-89,,99999,Unknown,34.72504444,34.72504444,-112.007044440,-112.007044440,0,No Special Jurisdiction,12,Motor Vehicle In-Transport,6,Angle,0,No,8,Driveway Access Related,1,Not an Intersection,0,None,,,1,On Roadway,1,Daylight,,,,,1,Clear,0,No,0000000,Not Applicable,11,11:00am-11:59am,32,32,11,11:00am-11:59am,33,33,11,11:00am-11:59am,54,54,,,,,,,1,0
2020,4,40066,Arizona,1,1,0,0,0,2,2,19,PIMA (19),0,NOT APPLICABLE,28,28,2,February,2020,6,Friday,17,5:00pm-5:59pm,24,24,0,This section IS NOT on the NHS,1,Rural,7,Local,98,Not Reported,9,Unknown,MCGEE RANCH RD,,99998,Not Reported,31.89728056,31.89728056,-111.141877780,-111.141877780,0,No Special Jurisdiction,5,Fell/Jumped from Vehicle,0,The First Harmful Event was Not a Collision with a Motor Vehicle in Transport,0,No,1,Non-Junction,1,Not an Intersection,0,None,,,2,On Shoulder,1,Daylight,,,,,1,Clear,0,No,0000000,Not Applicable,17,5:00pm-5:59pm,24,24,17,5:00pm-5:59pm,36,36,88,"Not Applicable (Not Transported) ",88,Not Applicable (Not Transported),,,,,,,1,0
2020,4,40067,Arizona,2,2,0,0,0,4,4,19,PIMA (19),530,TUCSON,29,29,2,February,2020,7,Saturday,22,10:00pm-10:59pm,44,44,0,This section IS NOT on the NHS,2,Urban,4,Minor Arterial,2,County Highway Agency,4,County Road,CR-MAGEE RD,PASEO DEL NORTE,0,None,32.35172778,32.35172778,-110.982825000,-110.982825000,0,No Special Jurisdiction,12,Motor Vehicle In-Transport,6,Angle,0,No,2,Intersection,3,T-Intersection,0,None,,,1,On Roadway,3,Dark - Lighted,,,,,1,Clear,0,No,0000000,Not Applicable,22,10:00pm-10:59pm,44,44,22,10:00pm-10:59pm,44,44,99,Unknown,99,Unknown EMS Hospital Arrival Time,,,,,,,2,0
2020,4,40068,Arizona,3,3,0,0,0,4,4,19,PIMA (19),530,TUCSON,24,24,2,February,2020,2,Monday,11,11:00am-11:59am,8,8,0,This section IS NOT on the NHS,2,Urban,3,Principal Arterial - Other,4,City or Municipal Highway Agency,6,Local Street - Municipality,WILMONT RD,PARK PLACE DR,0,None,32.21806111,32.21806111,-110.858122220,-110.858122220,0,No Special Jurisdiction,12,Motor Vehicle In-Transport,6,Angle,0,No,2,Intersection,3,T-Intersection,0,None,,,1,On Roadway,1,Daylight,,,,,1,Clear,0,No,0000000,Not Applicable,99,Unknown,99,Unknown,99,Unknown EMS Scene Arrival Hour,99,Unknown EMS Scene Arrival Minutes,99,Unknown,99,Unknown EMS Hospital Arrival Time,,,,,,,1,0
2020,4,40069,Arizona,1,1,0,1,1,1,1,17,NAVAJO (17),430,SNOWFLAKE,25,25,2,February,2020,3,Tuesday,18,6:00pm-6:59pm,35,35,0,This section IS NOT on the NHS,1,Rural,5,Major Collector,3,Town or Township Highway Agency,5,Local Street - Township,OLD WOODRUFF RD,,0,None,34.54171389,34.54171389,-110.052927780,-110.052927780,0,No Special Jurisdiction,9,Pedalcyclist,0,The First Harmful Event was Not a Collision with a Motor Vehicle in Transport,0,No,1,Non-Junction,1,Not an Intersection,0,None,,,2,On Shoulder,5,Dusk,,,,,1,Clear,0,No,0000000,Not Applicable,18,6:00pm-6:59pm,39,39,18,6:00pm-6:59pm,51,51,88,"Not Applicable (Not Transported) ",88,Not Applicable (Not Transported),,,,,,,1,1
2020,4,40070,Arizona,1,1,0,0,0,1,1,19,PIMA (19),530,TUCSON,28,28,2,February,2020,6,Friday,13,1:00pm-1:59pm,29,29,1,This section IS ON the NHS,2,Urban,3,Principal Arterial - Other,2,County Highway Agency,4,County Road,CR-KOLB RD,,0,None,32.12631389,32.12631389,-110.840975000,-110.840975000,0,No Special Jurisdiction,33,Curb,0,The First Harmful Event was Not a Collision with a Motor Vehicle in Transport,0,No,1,Non-Junction,1,Not an Intersection,0,None,,,4,On Roadside,1,Daylight,,,,,1,Clear,0,No,0000000,Not Applicable,99,Unknown,99,Unknown,99,Unknown EMS Scene Arrival Hour,99,Unknown EMS Scene Arrival Minutes,99,Unknown,99,Unknown EMS Hospital Arrival Time,,,,,,,1,0
2020,4,40071,Arizona,1,1,0,0,0,1,1,1,APACHE (1),243,HOUCK,29,29,2,February,2020,7,Saturday,19,7:00pm-7:59pm,7,7,1,This section IS ON the NHS,1,Rural,1,Interstate,1,State Highway Agency,1,Interstate,I-40,,3547,3547,35.31206111,35.31206111,-109.102911110,-109.102911110,0,No Special Jurisdiction,38,Fence,0,The First Harmful Event was Not a Collision with a Motor Vehicle in Transport,0,No,1,Non-Junction,1,Not an Intersection,0,None,,,4,On Roadside,2,Dark - Not Lighted,,,,,1,Clear,0,No,0000000,Not Applicable,19,7:00pm-7:59pm,7,7,19,7:00pm-7:59pm,22,22,88,"Not Applicable (Not Transported) ",88,Not Applicable (Not Transported),,,,,,,1,0
2020,4,40072,Arizona,2,2,0,0,0,2,2,25,YAVAPAI (25),65,CAMP VERDE,2,2,3,March,2020,2,Monday,19,7:00pm-7:59pm,20,20,1,This section IS ON the NHS,2,Urban,3,Principal Arterial - Other,1,State Highway Agency,3,State Highway,SR-260,I-17,115,115,34.57673333,34.57673333,-111.883261110,-111.883261110,0,No Special Jurisdiction,12,Motor Vehicle In-Transport,6,Angle,0,No,2,Intersection,2,Four-Way Intersection,0,None,,,1,On Roadway,3,Dark - Lighted,,,,,1,Clear,0,No,0000000,Not Applicable,19,7:00pm-7:59pm,2,2,19,7:00pm-7:59pm,9,9,19,7:00pm-7:59pm,45,45,,,,,,,1,0
2020,4,40073,Arizona,2,2,0,0,0,2,2,19,PIMA (19),530,TUCSON,4,4,3,March,2020,4,Wednesday,15,3:00pm-3:59pm,8,8,0,This section IS NOT on the NHS,2,Urban,7,Local,4,City or Municipal Highway Agency,6,Local Street - Municipality,WOODLAND AVE,FAIRMOUNT ST,0,None,32.23979722,32.23979722,-110.877694440,-110.877694440,0,No Special Jurisdiction,12,Motor Vehicle In-Transport,6,Angle,0,No,2,Intersection,4,Y-Intersection,0,None,,,1,On Roadway,1,Daylight,,,,,1,Clear,0,No,0000000,Not Applicable,15,3:00pm-3:59pm,8,8,15,3:00pm-3:59pm,10,10,15,3:00pm-3:59pm,25,25,,,,,,,1,0
2020,4,40074,Arizona,1,1,0,0,0,2,2,21,PINAL (21),0,NOT APPLICABLE,4,4,3,March,2020,4,Wednesday,20,8:00pm-8:59pm,28,28,0,This section IS NOT on the NHS,1,Rural,7,Local,98,Not Reported,8,Other,BRADY PUMP RD,,0,None,32.80691111,32.80691111,-111.425538890,-111.425538890,0,No Special Jurisdiction,1,Rollover/Overturn,0,The First Harmful Event was Not a Collision with a Motor Vehicle in Transport,0,No,1,Non-Junction,1,Not an Intersection,0,None,,,4,On Roadside,2,Dark - Not Lighted,,,,,1,Clear,0,No,0000000,Not Applicable,99,Unknown,99,Unknown,99,Unknown EMS Scene Arrival Hour,99,Unknown EMS Scene Arrival Minutes,99,Unknown,99,Unknown EMS Hospital Arrival Time,,,,,,,1,0
2020,4,40075,Arizona,1,1,0,1,1,1,1,1,APACHE (1),273,LUPTON,5,5,3,March,2020,5,Thursday,20,8:00pm-8:59pm,30,30,1,This section IS ON the NHS,1,Rural,1,Interstate,1,State Highway Agency,1,Interstate,I-40,,3567,3567,35.32966667,35.32966667,-109.076727780,-109.076727780,0,No Special Jurisdiction,8,Pedestrian,0,The First Harmful Event was Not a Collision with a Motor Vehicle in Transport,0,No,1,Non-Junction,1,Not an Intersection,0,None,,,1,On Roadway,2,Dark - Not Lighted,,,,,1,Clear,0,No,0000000,Not Applicable,20,8:00pm-8:59pm,20,20,20,8:00pm-8:59pm,45,45,88,"Not Applicable (Not Transported) ",88,Not Applicable (Not Transported),,,,,,,1,0
2020,4,40076,Arizona,2,2,0,0,0,6,6,3,COCHISE (3),424,SAN SIMON,7,7,3,March,2020,7,Saturday,16,4:00pm-4:59pm,42,42,1,This section IS ON the NHS,1,Rural,1,Interstate,1,State Highway Agency,1,Interstate,I-10,,3867,3867,32.24337778,32.24337778,-109.118438890,-109.118438890,0,No Special Jurisdiction,1,Rollover/Overturn,0,The First Harmful Event was Not a Collision with a Motor Vehicle in Transport,0,No,1,Non-Junction,1,Not an Intersection,0,None,,,3,On Median,1,Daylight,,,,,1,Clear,0,No,0000000,Not Applicable,16,4:00pm-4:59pm,44,44,17,5:00pm-5:59pm,13,13,99,Unknown,99,Unknown EMS Hospital Arrival Time,,,,,,,2,0
2020,4,40078,Arizona,1,1,0,0,0,1,1,12,LA PAZ (12),413,SALOME,7,7,3,March,2020,7,Saturday,18,6:00pm-6:59pm,52,52,0,This section IS NOT on the NHS,1,Rural,5,Major Collector,1,State Highway Agency,2,U.S. Highway,US-60,,233,233,33.76218056,33.76218056,-113.650044440,-113.650044440,0,No Special Jurisdiction,38,Fence,0,The First Harmful Event was Not a Collision with a Motor Vehicle in Transport,0,No,1,Non-Junction,1,Not an Intersection,0,None,,,4,On Roadside,2,Dark - Not Lighted,,,,,1,Clear,0,No,0000000,Not Applicable,18,6:00pm-6:59pm,52,52,19,7:00pm-7:59pm,6,6,88,"Not Applicable (Not Transported) ",88,Not Applicable (Not Transported),,,,,,,1,0
2020,4,40080,Arizona,1,1,0,0,0,4,4,19,PIMA (19),567,WHY,12,12,3,March,2020,5,Thursday,6,6:00am-6:59am,53,53,0,This section IS NOT on the NHS,1,Rural,4,Minor Arterial,1,State Highway Agency,3,State Highway,SR-86,,0,None,32.26482500,32.26482500,-112.737527780,-112.737527780,0,No Special Jurisdiction,1,Rollover/Overturn,0,The First Harmful Event was Not a Collision with a Motor Vehicle in Transport,0,No,1,Non-Junction,1,Not an Intersection,0,None,,,4,On Roadside,4,Dawn,,,,,10,Cloudy,0,No,0000000,Not Applicable,6,6:00am-6:59am,52,52,7,7:00am-7:59am,0,0,99,Unknown,99,Unknown EMS Hospital Arrival Time,,,,,,,1,0
2020,4,40081,Arizona,2,2,0,0,0,2,2,13,MARICOPA (13),189,GILA BEND,12,12,3,March,2020,5,Thursday,8,8:00am-8:59am,30,30,1,This section IS ON the NHS,1,Rural,3,Principal Arterial - Other,1,State Highway Agency,3,State Highway,SR-85,,1573,1573,32.95841667,32.95841667,-112.682400000,-112.682400000,0,No Special Jurisdiction,12,Motor Vehicle In-Transport,2,Front-to-Front,0,No,1,Non-Junction,1,Not an Intersection,0,None,,,1,On Roadway,1,Daylight,,,,,10,Cloudy,0,No,0000000,Not Applicable,8,8:00am-8:59am,30,30,8,8:00am-8:59am,56,56,99,Unknown,99,Unknown EMS Hospital Arrival Time,,,,,,,1,0
2020,4,40082,Arizona,1,1,0,0,0,1,1,15,MOHAVE (15),260,KINGMAN,17,17,3,March,2020,3,Tuesday,9,9:00am-9:59am,55,55,1,This section IS ON the NHS,1,Rural,1,Interstate,1,State Highway Agency,1,Interstate,I-40,,727,727,35.16249167,35.16249167,-113.663666670,-113.663666670,0,No Special Jurisdiction,1,Rollover/Overturn,0,The First Harmful Event was Not a Collision with a Motor Vehicle in Transport,0,No,1,Non-Junction,1,Not an Intersection,0,None,,,3,On Median,1,Daylight,,,,,1,Clear,0,No,0000000,Not Applicable,10,10:00am-10:59am,0,0,10,10:00am-10:59am,10,10,88,"Not Applicable (Not Transported) ",88,Not Applicable (Not Transported),,,,,,,1,0
2020,4,40084,Arizona,1,1,0,1,1,1,1,19,PIMA (19),530,TUCSON,20,20,3,March,2020,6,Friday,16,4:00pm-4:59pm,38,38,0,This section IS NOT on the NHS,2,Urban,3,Principal Arterial - Other,4,City or Municipal Highway Agency,6,Local Street - Municipality,CAMPBELL AVE,PRINCE RD,0,None,32.27218889,32.27218889,-110.943833330,-110.943833330,0,No Special Jurisdiction,8,Pedestrian,0,The First Harmful Event was Not a Collision with a Motor Vehicle in Transport,0,No,3,Intersection-Related,2,Four-Way Intersection,0,None,,,1,On Roadway,1,Daylight,,,,,1,Clear,0,No,0000000,Not Applicable,99,Unknown,99,Unknown,99,Unknown EMS Scene Arrival Hour,99,Unknown EMS Scene Arrival Minutes,99,Unknown,99,Unknown EMS Hospital Arrival Time,,,,,,,1,0
2020,4,40085,Arizona,1,1,0,0,0,1,1,15,MOHAVE (15),260,KINGMAN,22,22,3,March,2020,1,Sunday,23,11:00pm-11:59pm,58,58,1,This section IS ON the NHS,1,Rural,1,Interstate,1,State Highway Agency,1,Interstate,I-40,,737,737,35.16182500,35.16182500,-113.669047220,-113.669047220,0,No Special Jurisdiction,1,Rollover/Overturn,0,The First Harmful Event was Not a Collision with a Motor Vehicle in Transport,0,No,1,Non-Junction,1,Not an Intersection,0,None,,,3,On Median,2,Dark - Not Lighted,,,,,1,Clear,0,No,0000000,Not Applicable,0,0:00am-0:59am,2,2,0,0:00am-0:59am,22,22,88,"Not Applicable (Not Transported) ",88,Not Applicable (Not Transported),,,,,,,1,1
2020,4,40086,Arizona,2,2,0,0,0,2,2,5,COCONINO (5),522,TONALEA,3,3,1,January,2020,6,Friday,22,10:00pm-10:59pm,57,57,1,This section IS ON the NHS,1,Rural,3,Principal Arterial - Other,1,State Highway Agency,2,U.S. Highway,US-160,,266,266,36.26468056,36.26468056,-111.017680560,-111.017680560,0,No Special Jurisdiction,12,Motor Vehicle In-Transport,2,Front-to-Front,9,Reported as Unknown,99,Reported as Unknown,99,Reported as Unknown,0,None,,,1,On Roadway,6,Dark - Unknown Lighting,,,,,99,Reported as Unknown,0,No,0000000,Not Applicable,99,Unknown,99,Unknown,99,Unknown EMS Scene Arrival Hour,99,Unknown EMS Scene Arrival Minutes,99,Unknown,99,Unknown EMS Hospital Arrival Time,,,,,,,1,0
2020,4,40087,Arizona,2,2,0,0,0,2,2,21,PINAL (21),70,CASA GRANDE,11,11,1,January,2020,7,Saturday,9,9:00am-9:59am,15,15,0,This section IS NOT on the NHS,2,Urban,5,Major Collector,4,City or Municipal Highway Agency,6,Local Street - Municipality,SUNLAND GIN RD,,0,None,32.79047500,32.79047500,-111.671069440,-111.671069440,0,No Special Jurisdiction,12,Motor Vehicle In-Transport,2,Front-to-Front,0,No,1,Non-Junction,1,Not an Intersection,0,None,,,1,On Roadway,1,Daylight,,,,,99,Reported as Unknown,0,No,0000000,Not Applicable,99,Unknown,99,Unknown,99,Unknown EMS Scene Arrival Hour,99,Unknown EMS Scene Arrival Minutes,99,Unknown,99,Unknown EMS Hospital Arrival Time,,,,,,,1,0
2020,4,40088,Arizona,1,1,0,2,2,1,1,13,MARICOPA (13),200,GLENDALE,11,11,1,January,2020,7,Saturday,19,7:00pm-7:59pm,17,17,0,This section IS NOT on the NHS,2,Urban,4,Minor Arterial,4,City or Municipal Highway Agency,6,Local Street - Municipality,"GLENDALE AVE ",,0,None,33.53844167,33.53844167,-112.164558330,-112.164558330,0,No Special Jurisdiction,8,Pedestrian,0,The First Harmful Event was Not a Collision with a Motor Vehicle in Transport,0,No,1,Non-Junction,1,Not an Intersection,0,None,,,11,Continuous Left - Turn Lane,2,Dark - Not Lighted,,,,,1,Clear,0,No,0000000,Not Applicable,99,Unknown,99,Unknown,99,Unknown EMS Scene Arrival Hour,99,Unknown EMS Scene Arrival Minutes,99,Unknown,99,Unknown EMS Hospital Arrival Time,,,,,,,1,0
2020,4,40089,Arizona,1,1,0,0,0,1,1,13,MARICOPA (13),200,GLENDALE,16,16,1,January,2020,5,Thursday,99,Unknown Hours,99,Unknown Minutes,9,Unknown if this section is on the NHS,9,Unknown,99,Unknown,99,Unknown,9,Unknown,UNKNOWN,,0,None,99.99990000,99.99990000,999.999900000,999.999900000,0,No Special Jurisdiction,99,Reported as Unknown,99,Reported as Unknown,9,Reported as Unknown,99,Reported as Unknown,99,Reported as Unknown,0,None,,,99,Reported as Unknown,9,Reported as Unknown,,,,,99,Reported as Unknown,0,No,0000000,Not Applicable,99,Unknown,99,Unknown,99,Unknown EMS Scene Arrival Hour,99,Unknown EMS Scene Arrival Minutes,99,Unknown,99,Unknown EMS Hospital Arrival Time,,,,,,,1,0
2020,4,40090,Arizona,1,1,0,1,1,1,1,13,MARICOPA (13),370,PHOENIX,16,16,1,January,2020,5,Thursday,5,5:00am-5:59am,1,1,0,This section IS NOT on the NHS,2,Urban,4,Minor Arterial,4,City or Municipal Highway Agency,6,Local Street - Municipality,BROADWAY RD,,0,None,33.40669444,33.40669444,-112.072463890,-112.072463890,0,No Special Jurisdiction,8,Pedestrian,0,The First Harmful Event was Not a Collision with a Motor Vehicle in Transport,0,No,1,Non-Junction,1,Not an Intersection,0,None,,,1,On Roadway,3,Dark - Lighted,,,,,1,Clear,0,No,0000000,Not Applicable,5,5:00am-5:59am,1,1,5,5:00am-5:59am,5,5,88,"Not Applicable (Not Transported) ",88,Not Applicable (Not Transported),,,,,,,1,0
2020,4,40091,Arizona,1,1,0,1,1,1,1,13,MARICOPA (13),370,PHOENIX,16,16,1,January,2020,5,Thursday,17,5:00pm-5:59pm,29,29,0,This section IS NOT on the NHS,2,Urban,4,Minor Arterial,4,City or Municipal Highway Agency,6,Local Street - Municipality,SOUTHERN AVE,,0,None,33.39223333,33.39223333,-112.088283330,-112.088283330,0,No Special Jurisdiction,9,Pedalcyclist,0,The First Harmful Event was Not a Collision with a Motor Vehicle in Transport,0,No,1,Non-Junction,1,Not an Intersection,0,None,,,11,Continuous Left - Turn Lane,1,Daylight,,,,,1,Clear,0,No,0000000,Not Applicable,17,5:00pm-5:59pm,31,31,99,Unknown EMS Scene Arrival Hour,17,17,17,5:00pm-5:59pm,53,53,,,,,,,1,0
2020,4,40093,Arizona,1,1,0,1,1,2,2,13,MARICOPA (13),370,PHOENIX,17,17,1,January,2020,6,Friday,18,6:00pm-6:59pm,4,4,1,This section IS ON the NHS,2,Urban,3,Principal Arterial - Other,4,City or Municipal Highway Agency,6,Local Street - Municipality,BELL RD,,0,None,33.64035000,33.64035000,-112.072266670,-112.072266670,0,No Special Jurisdiction,15,Non-Motorist on Personal Conveyance,0,The First Harmful Event was Not a Collision with a Motor Vehicle in Transport,0,No,1,Non-Junction,1,Not an Intersection,0,None,,,1,On Roadway,2,Dark - Not Lighted,,,,,6,Severe Crosswinds,0,No,0000000,Not Applicable,18,6:00pm-6:59pm,6,6,18,6:00pm-6:59pm,10,10,18,6:00pm-6:59pm,17,17,,,,,,,1,0
2020,4,40094,Arizona,4,4,0,0,0,6,6,13,MARICOPA (13),370,PHOENIX,18,18,1,January,2020,7,Saturday,11,11:00am-11:59am,9,9,1,This section IS ON the NHS,2,Urban,3,Principal Arterial - Other,4,City or Municipal Highway Agency,6,Local Street - Municipality,7TH ST,,0,None,33.60038333,33.60038333,-112.065391670,-112.065391670,0,No Special Jurisdiction,12,Motor Vehicle In-Transport,7,Sideswipe - Same Direction,0,No,8,Driveway Access Related,1,Not an Intersection,0,None,,,1,On Roadway,1,Daylight,,,,,1,Clear,0,No,0000000,Not Applicable,11,11:00am-11:59am,12,12,11,11:00am-11:59am,17,17,11,11:00am-11:59am,29,29,,,,,,,1,0
2020,4,40095,Arizona,1,1,0,0,0,1,1,13,MARICOPA (13),420,SCOTTSDALE,19,19,1,January,2020,1,Sunday,16,4:00pm-4:59pm,45,45,1,This section IS ON the NHS,2,Urban,3,Principal Arterial - Other,1,State Highway Agency,8,Other,INDIAN SCHOOL RD,,0,None,33.49504722,33.49504722,-111.887111110,-111.887111110,3,Indian Reservation,99,Reported as Unknown,98,Not Reported,0,No,99,Reported as Unknown,99,Reported as Unknown,0,None,,,99,Reported as Unknown,9,Reported as Unknown,,,,,99,Reported as Unknown,0,No,0000000,Not Applicable,99,Unknown,99,Unknown,99,Unknown EMS Scene Arrival Hour,99,Unknown EMS Scene Arrival Minutes,99,Unknown,99,Unknown EMS Hospital Arrival Time,,,,,,,1,0
2020,4,40096,Arizona,2,2,0,1,1,3,3,13,MARICOPA (13),370,PHOENIX,21,21,1,January,2020,3,Tuesday,21,9:00pm-9:59pm,37,37,0,This section IS NOT on the NHS,2,Urban,3,Principal Arterial - Other,4,City or Municipal Highway Agency,6,Local Street - Municipality,35TH AVE,,0,None,33.51799722,33.51799722,-112.134280560,-112.134280560,0,No Special Jurisdiction,8,Pedestrian,0,The First Harmful Event was Not a Collision with a Motor Vehicle in Transport,0,No,1,Non-Junction,1,Not an Intersection,0,None,,,1,On Roadway,3,Dark - Lighted,,,,,10,Cloudy,0,No,0000000,Not Applicable,21,9:00pm-9:59pm,38,38,21,9:00pm-9:59pm,41,41,22,10:00pm-10:59pm,1,1,,,,,,,1,0
2020,4,40097,Arizona,1,1,0,1,1,2,2,21,PINAL (21),9999,Unknown,23,23,1,January,2020,5,Thursday,3,3:00am-3:59am,57,57,0,This section IS NOT on the NHS,2,Urban,5,Major Collector,4,City or Municipal Highway Agency,6,Local Street - Municipality,SMITH-ENKE RD,,0,None,33.07246111,33.07246111,-112.041416670,-112.041416670,0,No Special Jurisdiction,8,Pedestrian,0,The First Harmful Event was Not a Collision with a Motor Vehicle in Transport,0,No,1,Non-Junction,1,Not an Intersection,0,None,,,1,On Roadway,3,Dark - Lighted,,,,,1,Clear,0,No,0000000,Not Applicable,3,3:00am-3:59am,57,57,4,4:00am-4:59am,1,1,99,Unknown,99,Unknown EMS Hospital Arrival Time,,,,,,,1,0
2020,4,40098,Arizona,1,1,0,0,0,2,2,19,PIMA (19),530,TUCSON,24,24,1,January,2020,6,Friday,22,10:00pm-10:59pm,0,0,9,Unknown if this section is on the NHS,9,Unknown,99,Unknown,99,Unknown,9,Unknown,UNKNOWN,,99999,Unknown,99.99990000,99.99990000,999.999900000,999.999900000,9,Unknown,99,Reported as Unknown,99,Reported as Unknown,9,Reported as Unknown,99,Reported as Unknown,99,Reported as Unknown,0,None,,,99,Reported as Unknown,6,Dark - Unknown Lighting,,,,,99,Reported as Unknown,0,No,0000000,Not Applicable,99,Unknown,99,Unknown,99,Unknown EMS Scene Arrival Hour,99,Unknown EMS Scene Arrival Minutes,99,Unknown,99,Unknown EMS Hospital Arrival Time,,,,,,,1,0
2020,4,40099,Arizona,2,2,0,0,0,3,3,13,MARICOPA (13),370,PHOENIX,25,25,1,January,2020,7,Saturday,0,0:00am-0:59am,10,10,0,This section IS NOT on the NHS,2,Urban,4,Minor Arterial,4,City or Municipal Highway Agency,6,Local Street - Municipality,MCDOWELL RD,23RD AVE,0,None,33.46591111,33.46591111,-112.108519440,-112.108519440,0,No Special Jurisdiction,12,Motor Vehicle In-Transport,6,Angle,0,No,2,Intersection,2,Four-Way Intersection,0,None,,,1,On Roadway,3,Dark - Lighted,,,,,1,Clear,0,No,0000000,Not Applicable,0,0:00am-0:59am,11,11,0,0:00am-0:59am,16,16,88,"Not Applicable (Not Transported) ",88,Not Applicable (Not Transported),,,,,,,1,0
2020,4,40100,Arizona,1,1,0,0,0,2,2,21,PINAL (21),0,NOT APPLICABLE,25,25,1,January,2020,7,Saturday,12,12:00pm-12:59pm,22,22,1,This section IS ON the NHS,1,Rural,4,Minor Arterial,1,State Highway Agency,3,State Highway,SR-587,,41,41,33.18571389,33.18571389,-111.841052780,-111.841052780,0,No Special Jurisdiction,30,Utility Pole/Light Support,0,The First Harmful Event was Not a Collision with a Motor Vehicle in Transport,0,No,1,Non-Junction,1,Not an Intersection,0,None,,,4,On Roadside,1,Daylight,,,,,1,Clear,0,No,0000000,Not Applicable,12,12:00pm-12:59pm,10,10,12,12:00pm-12:59pm,28,28,12,12:00pm-12:59pm,47,47,,,,,,,1,0
2020,4,40101,Arizona,2,2,0,0,0,2,2,13,MARICOPA (13),370,PHOENIX,25,25,1,January,2020,7,Saturday,15,3:00pm-3:59pm,22,22,0,This section IS NOT on the NHS,2,Urban,4,Minor Arterial,4,City or Municipal Highway Agency,6,Local Street - Municipality,107TH AVE,HIGHLAND AVE,0,None,33.50451667,33.50451667,-112.290072220,-112.290072220,0,No Special Jurisdiction,12,Motor Vehicle In-Transport,6,Angle,0,No,2,Intersection,3,T-Intersection,0,None,,,1,On Roadway,1,Daylight,,,,,1,Clear,0,No,0000000,Not Applicable,15,3:00pm-3:59pm,22,22,15,3:00pm-3:59pm,31,31,15,3:00pm-3:59pm,45,45,,,,,,,1,0
2020,4,40102,Arizona,1,1,0,1,1,1,1,21,PINAL (21),34,BAPCHULE,27,27,1,January,2020,2,Monday,19,7:00pm-7:59pm,15,15,0,This section IS NOT on the NHS,1,Rural,6,Minor Collector,62,Bureau of Indian Affairs,8,Other,ST PETERS MISSION RD,,0,None,33.13217500,33.13217500,-111.843702780,-111.843702780,0,No Special Jurisdiction,8,Pedestrian,0,The First Harmful Event was Not a Collision with a Motor Vehicle in Transport,0,No,99,Reported as Unknown,99,Reported as Unknown,0,None,,,99,Reported as Unknown,9,Reported as Unknown,,,,,99,Reported as Unknown,0,No,0000000,Not Applicable,99,Unknown,99,Unknown,99,Unknown EMS Scene Arrival Hour,99,Unknown EMS Scene Arrival Minutes,99,Unknown,99,Unknown EMS Hospital Arrival Time,,,,,,,1,0
2020,4,40103,Arizona,1,1,0,1,1,1,1,13,MARICOPA (13),370,PHOENIX,28,28,1,January,2020,3,Tuesday,99,Unknown Hours,99,Unknown Minutes,9,Unknown if this section is on the NHS,9,Unknown,99,Unknown,99,Unknown,9,Unknown,UNKNOWN,,99999,Unknown,99.99990000,99.99990000,999.999900000,999.999900000,9,Unknown,8,Pedestrian,0,The First Harmful Event was Not a Collision with a Motor Vehicle in Transport,9,Reported as Unknown,99,Reported as Unknown,99,Reported as Unknown,0,None,,,99,Reported as Unknown,9,Reported as Unknown,,,,,99,Reported as Unknown,0,No,0000000,Not Applicable,99,Unknown,99,Unknown,99,Unknown EMS Scene Arrival Hour,99,Unknown EMS Scene Arrival Minutes,99,Unknown,99,Unknown EMS Hospital Arrival Time,,,,,,,1,0
2020,4,40105,Arizona,1,1,0,0,0,1,1,13,MARICOPA (13),370,PHOENIX,28,28,1,January,2020,3,Tuesday,16,4:00pm-4:59pm,40,40,0,This section IS NOT on the NHS,2,Urban,7,Local,4,City or Municipal Highway Agency,6,Local Street - Municipality,16TH PL,,0,None,33.56952222,33.56952222,-112.046930560,-112.046930560,0,No Special Jurisdiction,39,Wall,0,The First Harmful Event was Not a Collision with a Motor Vehicle in Transport,0,No,1,Non-Junction,1,Not an Intersection,0,None,,,4,On Roadside,1,Daylight,,,,,1,Clear,0,No,0000000,Not Applicable,16,4:00pm-4:59pm,41,41,16,4:00pm-4:59pm,50,50,17,5:00pm-5:59pm,8,8,,,,,,,1,0