caseyear,state,st_case,statename,ve_total,ve_forms,pvh_invl,peds,pernotmvit,permvit,persons,county,countyname,city,cityname,day,dayname,month,monthname,year,day_week,day_weekname,hour,hourname,minute,minutename,nhs,nhsname,rur_urb,rur_urbname,func_sys,func_sysname,rd_owner,rd_ownername,route,routename,tway_id,tway_id2,milept,mileptname,latitude,latitudename,longitud,longitudname,sp_jur,sp_jurname,harm_ev,harm_evname,man_coll,man_collname,reljct1,reljct1name,reljct2,reljct2name,typ_int,typ_intname,wrk_zone,wrk_zonename,road_fnc,road_fncname,rel_road,rel_roadname,lgt_cond,lgt_condname,weather1,weather1name,weather2,weather2name,weather,weathername,sch_bus,sch_busname,rail,railname,not_hour,not_hourname,not_min,not_minname,arr_hour,arr_hourname,arr_min,arr_minname,hosp_hr,hosp_hrname,hosp_mn,hosp_mnname,cf1,cf1name,cf2,cf2name,cf3,cf3name,fatals,drunk_dr
2020,4,40106,Arizona,1,1,0,1,1,1,1,13,MARICOPA (13),370,PHOENIX,29,29,1,January,2020,4,Wednesday,6,6:00am-6:59am,54,54,1,This section IS ON the NHS,2,Urban,3,Principal Arterial - Other,4,City or Municipal Highway Agency,6,Local Street - Municipality,BELL RD,23RD AVE,0,None,33.64009167,33.64009167,-112.108380560,-112.108380560,0,No Special Jurisdiction,8,Pedestrian,0,The First Harmful Event was Not a Collision with a Motor Vehicle in Transport,0,No,3,Intersection-Related,3,T-Intersection,0,None,,,1,On Roadway,3,Dark - Lighted,,,,,10,Cloudy,0,No,0000000,Not Applicable,6,6:00am-6:59am,54,54,99,Unknown EMS Scene Arrival Hour,6,6,7,7:00am-7:59am,15,15,,,,,,,1,0
2020,4,40107,Arizona,1,1,0,1,1,0,0,13,MARICOPA (13),200,GLENDALE,30,30,1,January,2020,5,Thursday,14,2:00pm-2:59pm,2,2,1,This section IS ON the NHS,2,Urban,3,Principal Arterial - Other,4,City or Municipal Highway Agency,6,Local Street - Municipality,BELL RD,42ND AVE,0,None,33.63943889,33.63943889,-112.148972220,-112.148972220,0,No Special Jurisdiction,8,Pedestrian,0,The First Harmful Event was Not a Collision with a Motor Vehicle in Transport,0,No,3,Intersection-Related,2,Four-Way Intersection,0,None,,,1,On Roadway,1,Daylight,,,,,1,Clear,0,No,0000000,Not Applicable,14,2:00pm-2:59pm,2,2,14,2:00pm-2:59pm,8,8,14,2:00pm-2:59pm,30,30,,,,,,,1,0
2020,4,40108,Arizona,2,2,0,3,3,2,2,13,MARICOPA (13),370,PHOENIX,30,30,1,January,2020,5,Thursday,18,6:00pm-6:59pm,44,44,0,This section IS NOT on the NHS,2,Urban,3,Principal Arterial - Other,4,City or Municipal Highway Agency,6,Local Street - Municipality,GREENWAY PKWY,WALTMAN LN,0,None,33.62850833,33.62850833,-112.025430560,-112.025430560,0,No Special Jurisdiction,12,Motor Vehicle In-Transport,6,Angle,0,No,3,Intersection-Related,2,Four-Way Intersection,0,None,,,1,On Roadway,3,Dark - Lighted,,,,,1,Clear,0,No,0000000,Not Applicable,18,6:00pm-6:59pm,46,46,18,6:00pm-6:59pm,57,57,19,7:00pm-7:59pm,11,11,,,,,,,1,0
2020,4,40109,Arizona,1,1,0,1,1,1,1,13,MARICOPA (13),0,NOT APPLICABLE,5,5,1,January,2020,1,Sunday,12,12:00pm-12:59pm,58,58,0,This section IS NOT on the NHS,2,Urban,6,Minor Collector,2,County Highway Agency,4,County Road,CR-NORTHERN AVE,177TH AVE,0,None,33.55166667,33.55166667,-112.439938890,-112.439938890,0,No Special Jurisdiction,9,Pedalcyclist,0,The First Harmful Event was Not a Collision with a Motor Vehicle in Transport,0,No,3,Intersection-Related,2,Four-Way Intersection,0,None,,,1,On Roadway,1,Daylight,,,,,1,Clear,0,No,0000000,Not Applicable,12,12:00pm-12:59pm,58,58,13,1:00pm-1:59pm,8,8,13,1:00pm-1:59pm,30,30,,,,,,,1,0
2020,4,40110,Arizona,1,1,0,1,1,1,1,13,MARICOPA (13),510,TOLLESON,11,11,1,January,2020,7,Saturday,22,10:00pm-10:59pm,40,40,0,This section IS NOT on the NHS,2,Urban,3,Principal Arterial - Other,1,State Highway Agency,6,Local Street - Municipality,99TH AVE,,0,None,33.45151111,33.45151111,-112.272502780,-112.272502780,0,No Special Jurisdiction,8,Pedestrian,0,The First Harmful Event was Not a Collision with a Motor Vehicle in Transport,0,No,1,Non-Junction,1,Not an Intersection,0,None,,,1,On Roadway,2,Dark - Not Lighted,,,,,1,Clear,0,No,0000000,Not Applicable,22,10:00pm-10:59pm,40,40,22,10:00pm-10:59pm,43,43,22,10:00pm-10:59pm,51,51,,,,,,,1,0
2020,4,40111,Arizona,1,1,0,1,1,1,1,21,PINAL (21),22,APACHE JUNCTION,16,16,1,January,2020,5,Thursday,19,7:00pm-7:59pm,0,0,0,This section IS NOT on the NHS,2,Urban,4,Minor Arterial,4,City or Municipal Highway Agency,6,Local Street - Municipality,IRONWOOD DR,,0,None,33.41866111,33.41866111,-111.563391670,-111.563391670,0,No Special Jurisdiction,9,Pedalcyclist,0,The First Harmful Event was Not a Collision with a Motor Vehicle in Transport,0,No,1,Non-Junction,1,Not an Intersection,0,None,,,1,On Roadway,2,Dark - Not Lighted,,,,,1,Clear,0,No,0000000,Not Applicable,99,Unknown,99,Unknown,99,Unknown EMS Scene Arrival Hour,99,Unknown EMS Scene Arrival Minutes,99,Unknown,99,Unknown EMS Hospital Arrival Time,,,,,,,1,0
2020,4,40112,Arizona,2,2,0,0,0,2,2,13,MARICOPA (13),370,PHOENIX,17,17,1,January,2020,6,Friday,23,11:00pm-11:59pm,14,14,0,This section IS NOT on the NHS,2,Urban,4,Minor Arterial,4,City or Municipal Highway Agency,6,Local Street - Municipality,UNION HILLS DR,,0,None,33.65465000,33.65465000,-112.133677780,-112.133677780,0,No Special Jurisdiction,12,Motor Vehicle In-Transport,6,Angle,0,No,8,Driveway Access Related,1,Not an Intersection,0,None,,,11,Continuous Left - Turn Lane,3,Dark - Lighted,,,,,1,Clear,0,No,0000000,Not Applicable,23,11:00pm-11:59pm,15,15,23,11:00pm-11:59pm,16,16,23,11:00pm-11:59pm,26,26,,,,,,,1,0
2020,4,40113,Arizona,2,2,0,1,1,2,2,19,PIMA (19),530,TUCSON,19,19,1,January,2020,1,Sunday,13,1:00pm-1:59pm,23,23,0,This section IS NOT on the NHS,2,Urban,3,Principal Arterial - Other,4,City or Municipal Highway Agency,6,Local Street - Municipality,PRINCE RD,1ST AVE,0,None,32.27206667,32.27206667,-110.961066670,-110.961066670,0,No Special Jurisdiction,12,Motor Vehicle In-Transport,6,Angle,0,No,2,Intersection,4,Y-Intersection,0,None,,,1,On Roadway,1,Daylight,,,,,1,Clear,0,No,0000000,Not Applicable,99,Unknown,99,Unknown,99,Unknown EMS Scene Arrival Hour,99,Unknown EMS Scene Arrival Minutes,99,Unknown,99,Unknown EMS Hospital Arrival Time,,,,,,,1,0
2020,4,40114,Arizona,1,1,0,1,1,1,1,19,PIMA (19),530,TUCSON,21,21,1,January,2020,3,Tuesday,6,6:00am-6:59am,22,22,0,This section IS NOT on the NHS,2,Urban,3,Principal Arterial - Other,4,City or Municipal Highway Agency,6,Local Street - Municipality,GRANT RD,,0,None,32.25025833,32.25025833,-110.972794440,-110.972794440,0,No Special Jurisdiction,8,Pedestrian,0,The First Harmful Event was Not a Collision with a Motor Vehicle in Transport,0,No,1,Non-Junction,1,Not an Intersection,0,None,,,1,On Roadway,2,Dark - Not Lighted,,,,,2,Rain,0,No,0000000,Not Applicable,99,Unknown,99,Unknown,99,Unknown EMS Scene Arrival Hour,99,Unknown EMS Scene Arrival Minutes,99,Unknown,99,Unknown EMS Hospital Arrival Time,,,,,,,1,0
2020,4,40115,Arizona,1,1,0,1,1,1,1,13,MARICOPA (13),290,MESA,27,27,1,January,2020,2,Monday,20,8:00pm-8:59pm,41,41,0,This section IS NOT on the NHS,2,Urban,5,Major Collector,4,City or Municipal Highway Agency,6,Local Street - Municipality,ALMA SCHOOL RD,8TH AVE,0,None,33.40034167,33.40034167,-111.857011110,-111.857011110,0,No Special Jurisdiction,8,Pedestrian,0,The First Harmful Event was Not a Collision with a Motor Vehicle in Transport,0,No,3,Intersection-Related,2,Four-Way Intersection,0,None,,,1,On Roadway,3,Dark - Lighted,,,,,1,Clear,0,No,0000000,Not Applicable,99,Unknown,99,Unknown,99,Unknown EMS Scene Arrival Hour,99,Unknown EMS Scene Arrival Minutes,99,Unknown,99,Unknown EMS Hospital Arrival Time,,,,,,,1,0
2020,4,40116,Arizona,2,2,0,0,0,2,2,3,COCHISE (3),431,SIERRA VISTA,28,28,1,January,2020,3,Tuesday,6,6:00am-6:59am,51,51,1,This section IS ON the NHS,2,Urban,3,Principal Arterial - Other,1,State Highway Agency,3,State Highway,SR-90,SR-90 BYPASS,99999,Unknown,31.57408056,31.57408056,-110.315325000,-110.315325000,0,No Special Jurisdiction,12,Motor Vehicle In-Transport,6,Angle,0,No,2,Intersection,2,Four-Way Intersection,0,None,,,1,On Roadway,1,Daylight,,,,,1,Clear,0,No,0000000,Not Applicable,99,Unknown,99,Unknown,99,Unknown EMS Scene Arrival Hour,99,Unknown EMS Scene Arrival Minutes,99,Unknown,99,Unknown EMS Hospital Arrival Time,,,,,,,1,0
2020,4,40117,Arizona,1,1,0,0,0,2,2,19,PIMA (19),530,TUCSON,1,1,2,February,2020,7,Saturday,9,9:00am-9:59am,34,34,0,This section IS NOT on the NHS,1,Rural,7,Local,62,Bureau of Indian Affairs,8,Other,BIA 34,,0,None,32.26612500,32.26612500,-112.028458330,-112.028458330,3,Indian Reservation,1,Rollover/Overturn,0,The First Harmful Event was Not a Collision with a Motor Vehicle in Transport,0,No,1,Non-Junction,1,Not an Intersection,0,None,,,1,On Roadway,1,Daylight,,,,,1,Clear,0,No,0000000,Not Applicable,9,9:00am-9:59am,35,35,9,9:00am-9:59am,53,53,99,Unknown,99,Unknown EMS Hospital Arrival Time,,,,,,,1,0
2020,4,40118,Arizona,2,2,0,0,0,5,5,19,PIMA (19),530,TUCSON,1,1,2,February,2020,7,Saturday,18,6:00pm-6:59pm,31,31,1,This section IS ON the NHS,2,Urban,3,Principal Arterial - Other,4,City or Municipal Highway Agency,6,Local Street - Municipality,KOLB RD,VERNICE ST,0,None,32.18385833,32.18385833,-110.841047220,-110.841047220,0,No Special Jurisdiction,12,Motor Vehicle In-Transport,1,Front-to-Rear,0,No,3,Intersection-Related,3,T-Intersection,0,None,,,1,On Roadway,3,Dark - Lighted,,,,,1,Clear,0,No,0000000,Not Applicable,18,6:00pm-6:59pm,30,30,18,6:00pm-6:59pm,34,34,19,7:00pm-7:59pm,1,1,,,,,,,1,1
2020,4,40119,Arizona,2,1,1,0,0,2,2,13,MARICOPA (13),490,TEMPE,1,1,2,February,2020,7,Saturday,18,6:00pm-6:59pm,41,41,0,This section IS NOT on the NHS,2,Urban,7,Local,98,Not Reported,9,Unknown,DROMEDARY DR,,0,None,33.39474444,33.39474444,-111.942661110,-111.942661110,0,No Special Jurisdiction,33,Curb,0,The First Harmful Event was Not a Collision with a Motor Vehicle in Transport,0,No,1,Non-Junction,1,Not an Intersection,0,None,,,4,On Roadside,3,Dark - Lighted,,,,,1,Clear,0,No,0000000,Not Applicable,18,6:00pm-6:59pm,43,43,18,6:00pm-6:59pm,47,47,18,6:00pm-6:59pm,59,59,,,,,,,1,1
2020,4,40120,Arizona,1,1,0,0,0,1,1,13,MARICOPA (13),370,PHOENIX,1,1,2,February,2020,7,Saturday,19,7:00pm-7:59pm,48,48,1,This section IS ON the NHS,2,Urban,2,Principal Arterial - Other Freeways and Expressways,1,State Highway Agency,3,State Highway,SR-101,,267,267,33.67283333,33.67283333,-112.023700000,-112.023700000,0,No Special Jurisdiction,25,Concrete Traffic Barrier,0,The First Harmful Event was Not a Collision with a Motor Vehicle in Transport,0,No,1,Non-Junction,1,Not an Intersection,1,Construction,,,3,On Median,3,Dark - Lighted,,,,,1,Clear,0,No,0000000,Not Applicable,19,7:00pm-7:59pm,48,48,19,7:00pm-7:59pm,57,57,20,8:00pm-8:59pm,10,10,,,,,,,1,1
2020,4,40121,Arizona,2,2,0,0,0,4,4,9,GRAHAM (9),182,FORT THOMAS,1,1,2,February,2020,7,Saturday,21,9:00pm-9:59pm,59,59,0,This section IS NOT on the NHS,1,Rural,4,Minor Arterial,1,State Highway Agency,2,U.S. Highway,US-70,,499,499,33.07326667,33.07326667,-110.023397220,-110.023397220,0,No Special Jurisdiction,12,Motor Vehicle In-Transport,2,Front-to-Front,0,No,1,Non-Junction,1,Not an Intersection,0,None,,,1,On Roadway,2,Dark - Not Lighted,,,,,1,Clear,0,No,0000000,Not Applicable,22,10:00pm-10:59pm,0,0,22,10:00pm-10:59pm,15,15,99,Unknown,99,Unknown EMS Hospital Arrival Time,,,,,,,3,1
2020,4,40122,Arizona,2,2,0,0,0,2,2,21,PINAL (21),405,SACATON,4,4,2,February,2020,3,Tuesday,5,5:00am-5:59am,55,55,0,This section IS NOT on the NHS,1,Rural,4,Minor Arterial,1,State Highway Agency,3,State Highway,SR-87,SACATON RD,356,356,33.06667222,33.06667222,-111.695233330,-111.695233330,0,No Special Jurisdiction,12,Motor Vehicle In-Transport,6,Angle,0,No,2,Intersection,2,Four-Way Intersection,0,None,,,1,On Roadway,2,Dark - Not Lighted,,,,,1,Clear,0,No,0000000,Not Applicable,5,5:00am-5:59am,55,55,6,6:00am-6:59am,2,2,99,Unknown,99,Unknown EMS Hospital Arrival Time,,,,,,,1,0
2020,4,40123,Arizona,2,2,0,0,0,4,4,13,MARICOPA (13),190,GILBERT,7,7,2,February,2020,6,Friday,14,2:00pm-2:59pm,31,31,0,This section IS NOT on the NHS,2,Urban,3,Principal Arterial - Other,4,City or Municipal Highway Agency,6,Local Street - Municipality,PECOS RD,,0,None,33.29095000,33.29095000,-111.697138890,-111.697138890,0,No Special Jurisdiction,12,Motor Vehicle In-Transport,7,Sideswipe - Same Direction,0,No,1,Non-Junction,1,Not an Intersection,0,None,,,1,On Roadway,1,Daylight,,,,,1,Clear,0,No,0000000,Not Applicable,14,2:00pm-2:59pm,32,32,14,2:00pm-2:59pm,38,38,15,3:00pm-3:59pm,1,1,,,,,,,1,0
2020,4,40124,Arizona,2,2,0,0,0,3,3,19,PIMA (19),530,TUCSON,8,8,2,February,2020,7,Saturday,13,1:00pm-1:59pm,41,41,0,This section IS NOT on the NHS,2,Urban,4,Minor Arterial,4,City or Municipal Highway Agency,6,Local Street - Municipality,29TH AVE,,0,None,32.19972500,32.19972500,-110.889705560,-110.889705560,0,No Special Jurisdiction,12,Motor Vehicle In-Transport,1,Front-to-Rear,0,No,1,Non-Junction,1,Not an Intersection,0,None,,,1,On Roadway,1,Daylight,,,,,1,Clear,0,No,0000000,Not Applicable,99,Unknown,99,Unknown,99,Unknown EMS Scene Arrival Hour,99,Unknown EMS Scene Arrival Minutes,99,Unknown,99,Unknown EMS Hospital Arrival Time,,,,,,,1,1
2020,4,40125,Arizona,5,5,0,0,0,8,8,13,MARICOPA (13),490,TEMPE,8,8,2,February,2020,7,Saturday,23,11:00pm-11:59pm,31,31,1,This section IS ON the NHS,2,Urban,1,Interstate,1,State Highway Agency,1,Interstate,I-10,,1581,1581,33.33405556,33.33405556,-111.972061110,-111.972061110,0,No Special Jurisdiction,12,Motor Vehicle In-Transport,7,Sideswipe - Same Direction,0,No,1,Non-Junction,1,Not an Intersection,0,None,,,1,On Roadway,3,Dark - Lighted,,,,,1,Clear,0,No,0000000,Not Applicable,23,11:00pm-11:59pm,32,32,23,11:00pm-11:59pm,38,38,88,"Not Applicable (Not Transported) ",88,Not Applicable (Not Transported),,,,,,,1,0
2020,4,40126,Arizona,2,2,0,0,0,3,3,13,MARICOPA (13),370,PHOENIX,13,13,2,February,2020,5,Thursday,11,11:00am-11:59am,27,27,0,This section IS NOT on the NHS,2,Urban,4,Minor Arterial,4,City or Municipal Highway Agency,6,Local Street - Municipality,GREENWAY RD,29TH AVE,0,None,33.62531667,33.62531667,-112.120311110,-112.120311110,0,No Special Jurisdiction,12,Motor Vehicle In-Transport,6,Angle,0,No,2,Intersection,4,Y-Intersection,0,None,,,1,On Roadway,1,Daylight,,,,,1,Clear,0,No,0000000,Not Applicable,11,11:00am-11:59am,28,28,11,11:00am-11:59am,32,32,11,11:00am-11:59am,47,47,,,,,,,1,0
2020,4,40127,Arizona,1,1,0,2,2,1,1,13,MARICOPA (13),490,TEMPE,16,16,2,February,2020,1,Sunday,2,2:00am-2:59am,28,28,0,This section IS NOT on the NHS,2,Urban,3,Principal Arterial - Other,4,City or Municipal Highway Agency,6,Local Street - Municipality,UNIVERSITY DR,COLLEGE AVE,0,None,33.42195833,33.42195833,-111.935044440,-111.935044440,3,Indian Reservation,8,Pedestrian,0,The First Harmful Event was Not a Collision with a Motor Vehicle in Transport,0,No,3,Intersection-Related,4,Y-Intersection,0,None,,,1,On Roadway,3,Dark - Lighted,,,,,1,Clear,0,No,0000000,Not Applicable,2,2:00am-2:59am,29,29,2,2:00am-2:59am,35,35,2,2:00am-2:59am,51,51,,,,,,,1,0
2020,4,40128,Arizona,3,3,0,0,0,7,7,13,MARICOPA (13),0,NOT APPLICABLE,16,16,2,February,2020,1,Sunday,3,3:00am-3:59am,28,28,1,This section IS ON the NHS,2,Urban,1,Interstate,1,State Highway Agency,1,Interstate,I-10,,1662,1662,33.24328056,33.24328056,-111.938569440,-111.938569440,0,No Special Jurisdiction,12,Motor Vehicle In-Transport,2,Front-to-Front,0,No,1,Non-Junction,1,Not an Intersection,0,None,,,1,On Roadway,2,Dark - Not Lighted,,,,,1,Clear,0,No,0000000,Not Applicable,3,3:00am-3:59am,36,36,3,3:00am-3:59am,42,42,4,4:00am-4:59am,0,0,,,,,,,3,0
2020,4,40129,Arizona,1,1,0,0,0,2,2,5,COCONINO (5),314,MUNDS PARK,16,16,2,February,2020,1,Sunday,22,10:00pm-10:59pm,0,0,1,This section IS ON the NHS,1,Rural,1,Interstate,1,State Highway Agency,1,Interstate,I-17,,1266,1266,34.92184167,34.92184167,-111.644027780,-111.644027780,0,No Special Jurisdiction,1,Rollover/Overturn,0,The First Harmful Event was Not a Collision with a Motor Vehicle in Transport,0,No,1,Non-Junction,1,Not an Intersection,0,None,,,4,On Roadside,2,Dark - Not Lighted,,,,,1,Clear,0,No,0000000,Not Applicable,22,10:00pm-10:59pm,20,20,22,10:00pm-10:59pm,33,33,99,Unknown,99,Unknown EMS Hospital Arrival Time,,,,,,,1,0
2020,4,40131,Arizona,1,1,0,0,0,1,1,13,MARICOPA (13),370,PHOENIX,2,2,2,February,2020,1,Sunday,16,4:00pm-4:59pm,14,14,0,This section IS NOT on the NHS,2,Urban,3,Principal Arterial - Other,4,City or Municipal Highway Agency,6,Local Street - Municipality,GREENWAY PARKWAY,,0,None,33.63745556,33.63745556,-112.067033330,-112.067033330,0,No Special Jurisdiction,7,Other Non-Collision,0,The First Harmful Event was Not a Collision with a Motor Vehicle in Transport,0,No,1,Non-Junction,1,Not an Intersection,0,None,,,1,On Roadway,3,Dark - Lighted,,,,,1,Clear,0,No,0000000,Not Applicable,16,4:00pm-4:59pm,14,14,16,4:00pm-4:59pm,18,18,16,4:00pm-4:59pm,32,32,,,,,,,1,0
2020,4,40132,Arizona,1,1,0,0,0,1,1,13,MARICOPA (13),475,SUN CITY,3,3,2,February,2020,2,Monday,13,1:00pm-1:59pm,0,0,0,This section IS NOT on the NHS,2,Urban,4,Minor Arterial,2,County Highway Agency,4,County Road,CR-DEL WEBB BLVD,TALSIMANN,0,None,33.61834167,33.61834167,-112.291083330,-112.291083330,0,No Special Jurisdiction,7,Other Non-Collision,0,The First Harmful Event was Not a Collision with a Motor Vehicle in Transport,0,No,3,Intersection-Related,3,T-Intersection,0,None,,,1,On Roadway,1,Daylight,,,,,1,Clear,0,No,0000000,Not Applicable,99,Unknown,99,Unknown,99,Unknown EMS Scene Arrival Hour,99,Unknown EMS Scene Arrival Minutes,99,Unknown,99,Unknown EMS Hospital Arrival Time,,,,,,,1,0
2020,4,40133,Arizona,2,2,0,0,0,2,2,13,MARICOPA (13),220,GOODYEAR,5,5,2,February,2020,4,Wednesday,6,6:00am-6:59am,30,30,0,This section IS NOT on the NHS,2,Urban,3,Principal Arterial - Other,4,City or Municipal Highway Agency,6,Local Street - Municipality,INDIAN SCHOOL RD,LITCHFIELD RD,0,None,33.48575278,33.48575278,-112.362666670,-112.362666670,0,No Special Jurisdiction,12,Motor Vehicle In-Transport,6,Angle,0,No,2,Intersection,2,Four-Way Intersection,0,None,,,1,On Roadway,3,Dark - Lighted,,,,,1,Clear,0,No,0000000,Not Applicable,6,6:00am-6:59am,32,32,6,6:00am-6:59am,37,37,88,"Not Applicable (Not Transported) ",88,Not Applicable (Not Transported),,,,,,,1,0
2020,4,40134,Arizona,2,2,0,0,0,3,3,9,GRAHAM (9),0,NOT APPLICABLE,9,9,2,February,2020,1,Sunday,18,6:00pm-6:59pm,19,19,0,This section IS NOT on the NHS,1,Rural,4,Minor Arterial,1,State Highway Agency,2,U.S. Highway,US-70,,399,399,33.16596389,33.16596389,-110.134633330,-110.134633330,0,No Special Jurisdiction,12,Motor Vehicle In-Transport,2,Front-to-Front,0,No,1,Non-Junction,1,Not an Intersection,0,None,,,1,On Roadway,2,Dark - Not Lighted,,,,,1,Clear,0,No,0000000,Not Applicable,18,6:00pm-6:59pm,19,19,18,6:00pm-6:59pm,30,30,99,Unknown,99,Unknown EMS Hospital Arrival Time,,,,,,,1,1
2020,4,40135,Arizona,2,2,0,0,0,4,4,13,MARICOPA (13),263,LITCHFIELD PARK,14,14,2,February,2020,6,Friday,18,6:00pm-6:59pm,52,52,0,This section IS NOT on the NHS,2,Urban,3,Principal Arterial - Other,2,County Highway Agency,4,County Road,CR-DYSART RD,MISSOURI AVE,0,None,33.51517500,33.51517500,-112.340980560,-112.340980560,0,No Special Jurisdiction,12,Motor Vehicle In-Transport,6,Angle,0,No,2,Intersection,2,Four-Way Intersection,0,None,,,1,On Roadway,3,Dark - Lighted,,,,,1,Clear,0,No,0000000,Not Applicable,18,6:00pm-6:59pm,52,52,19,7:00pm-7:59pm,1,1,19,7:00pm-7:59pm,20,20,,,,,,,1,0
2020,4,40136,Arizona,1,1,0,0,0,1,1,13,MARICOPA (13),370,PHOENIX,18,18,2,February,2020,3,Tuesday,20,8:00pm-8:59pm,12,12,1,This section IS ON the NHS,2,Urban,2,Principal Arterial - Other Freeways and Expressways,1,State Highway Agency,3,State Highway,SR-51,,95,95,33.58192222,33.58192222,-112.009911110,-112.009911110,0,No Special Jurisdiction,35,Embankment,0,The First Harmful Event was Not a Collision with a Motor Vehicle in Transport,0,No,1,Non-Junction,1,Not an Intersection,0,None,,,4,On Roadside,3,Dark - Lighted,,,,,1,Clear,0,No,0000000,Not Applicable,20,8:00pm-8:59pm,12,12,20,8:00pm-8:59pm,20,20,88,"Not Applicable (Not Transported) ",88,Not Applicable (Not Transported),,,,,,,1,1
2020,4,40137,Arizona,1,1,0,1,1,1,1,13,MARICOPA (13),189,GILA BEND,19,19,2,February,2020,4,Wednesday,6,6:00am-6:59am,7,7,1,This section IS ON the NHS,1,Rural,3,Principal Arterial - Other,1,State Highway Agency,8,Other,PIMA ST I-8 BUS LP,,0,None,32.94373056,32.94373056,-112.732897220,-112.732897220,0,No Special Jurisdiction,8,Pedestrian,0,The First Harmful Event was Not a Collision with a Motor Vehicle in Transport,0,No,1,Non-Junction,1,Not an Intersection,0,None,,,1,On Roadway,2,Dark - Not Lighted,,,,,1,Clear,0,No,0000000,Not Applicable,6,6:00am-6:59am,7,7,6,6:00am-6:59am,11,11,99,Unknown,99,Unknown EMS Hospital Arrival Time,,,,,,,1,0
2020,4,40138,Arizona,2,2,0,0,0,4,4,13,MARICOPA (13),290,MESA,20,20,2,February,2020,5,Thursday,23,11:00pm-11:59pm,22,22,1,This section IS ON the NHS,2,Urban,2,Principal Arterial - Other Freeways and Expressways,1,State Highway Agency,2,U.S. Highway,US-60,,1606,1606,33.38671111,33.38671111,-111.613930560,-111.613930560,0,No Special Jurisdiction,12,Motor Vehicle In-Transport,1,Front-to-Rear,0,No,1,Non-Junction,1,Not an Intersection,0,None,,,1,On Roadway,3,Dark - Lighted,,,,,1,Clear,0,No,0000000,Not Applicable,23,11:00pm-11:59pm,26,26,23,11:00pm-11:59pm,34,34,99,Unknown,99,Unknown EMS Hospital Arrival Time,,,,,,,1,1
2020,4,40139,Arizona,2,2,0,0,0,2,2,25,YAVAPAI (25),423,SELIGMAN,21,21,2,February,2020,6,Friday,17,5:00pm-5:59pm,56,56,0,This section IS NOT on the NHS,1,Rural,5,Major Collector,2,County Highway Agency,8,Other,CR-OLD HIGHWAY 66,,0,None,35.36895833,35.36895833,-112.976241670,-112.976241670,0,No Special Jurisdiction,12,Motor Vehicle In-Transport,2,Front-to-Front,0,No,1,Non-Junction,1,Not an Intersection,0,None,,,1,On Roadway,5,Dusk,,,,,1,Clear,0,No,0000000,Not Applicable,17,5:00pm-5:59pm,56,56,17,5:00pm-5:59pm,57,57,88,"Not Applicable (Not Transported) ",88,Not Applicable (Not Transported),,,,,,,1,0
2020,4,40140,Arizona,1,1,0,0,0,9,9,9,GRAHAM (9),380,PIMA,21,21,2,February,2020,6,Friday,22,10:00pm-10:59pm,2,2,0,This section IS NOT on the NHS,1,Rural,4,Minor Arterial,1,State Highway Agency,2,U.S. Highway,US-70,,637,637,32.92381667,32.92381667,-109.875633330,-109.875633330,0,No Special Jurisdiction,18,Other Object (not fixed),0,The First Harmful Event was Not a Collision with a Motor Vehicle in Transport,0,No,1,Non-Junction,1,Not an Intersection,0,None,,,4,On Roadside,2,Dark - Not Lighted,,,,,1,Clear,0,No,0000000,Not Applicable,22,10:00pm-10:59pm,1,1,22,10:00pm-10:59pm,14,14,99,Unknown,99,Unknown EMS Hospital Arrival Time,,,,,,,3,0
2020,4,40142,Arizona,1,1,0,0,0,6,6,15,MOHAVE (15),572,WIKIEUP,22,22,2,February,2020,7,Saturday,12,12:00pm-12:59pm,41,41,1,This section IS ON the NHS,1,Rural,3,Principal Arterial - Other,1,State Highway Agency,2,U.S. Highway,US-93,,1485,1485,34.48496667,34.48496667,-113.362225000,-113.362225000,0,No Special Jurisdiction,35,Embankment,0,The First Harmful Event was Not a Collision with a Motor Vehicle in Transport,0,No,1,Non-Junction,1,Not an Intersection,0,None,,,4,On Roadside,1,Daylight,,,,,2,Rain,0,No,0000000,Not Applicable,12,12:00pm-12:59pm,41,41,13,1:00pm-1:59pm,20,20,99,Unknown,99,Unknown EMS Hospital Arrival Time,,,,,,,1,0
2020,4,40143,Arizona,2,2,0,0,0,2,2,13,MARICOPA (13),370,PHOENIX,22,22,2,February,2020,7,Saturday,18,6:00pm-6:59pm,37,37,0,This section IS NOT on the NHS,2,Urban,7,Local,98,Not Reported,9,Unknown,MONTGOMERY RD,60TH ST,0,None,33.76290000,33.76290000,-111.951919440,-111.951919440,0,No Special Jurisdiction,12,Motor Vehicle In-Transport,6,Angle,0,No,3,Intersection-Related,2,Four-Way Intersection,2,Maintenance,,,1,On Roadway,1,Daylight,,,,,10,Cloudy,0,No,0000000,Not Applicable,17,5:00pm-5:59pm,21,21,17,5:00pm-5:59pm,21,21,88,"Not Applicable (Not Transported) ",88,Not Applicable (Not Transported),,,,,,,1,1
2020,4,40144,Arizona,1,1,0,0,0,1,1,13,MARICOPA (13),0,NOT APPLICABLE,23,23,2,February,2020,1,Sunday,13,1:00pm-1:59pm,25,25,0,This section IS NOT on the NHS,1,Rural,7,Local,98,Not Reported,9,Unknown,VAN BUREN ST,,0,None,33.45016111,33.45016111,-112.836594440,-112.836594440,0,No Special Jurisdiction,1,Rollover/Overturn,0,The First Harmful Event was Not a Collision with a Motor Vehicle in Transport,0,No,1,Non-Junction,1,Not an Intersection,0,None,,,4,On Roadside,1,Daylight,,,,,1,Clear,0,No,0000000,Not Applicable,12,12:00pm-12:59pm,39,39,12,12:00pm-12:59pm,48,48,13,1:00pm-1:59pm,28,28,,,,,,,1,1
2020,4,40145,Arizona,2,2,0,0,0,2,2,13,MARICOPA (13),370,PHOENIX,24,24,2,February,2020,2,Monday,4,4:00am-4:59am,25,25,0,This section IS NOT on the NHS,2,Urban,4,Minor Arterial,4,City or Municipal Highway Agency,6,Local Street - Municipality,BETHANY HOME RD,,0,None,33.52408611,33.52408611,-112.113825000,-112.113825000,0,No Special Jurisdiction,12,Motor Vehicle In-Transport,7,Sideswipe - Same Direction,0,No,1,Non-Junction,1,Not an Intersection,0,None,,,1,On Roadway,3,Dark - Lighted,,,,,1,Clear,0,No,0000000,Not Applicable,4,4:00am-4:59am,25,25,4,4:00am-4:59am,31,31,4,4:00am-4:59am,48,48,,,,,,,1,0