caseyear,state,st_case,statename,ve_total,ve_forms,pvh_invl,peds,pernotmvit,permvit,persons,county,countyname,city,cityname,day,dayname,month,monthname,year,day_week,day_weekname,hour,hourname,minute,minutename,nhs,nhsname,rur_urb,rur_urbname,func_sys,func_sysname,rd_owner,rd_ownername,route,routename,tway_id,tway_id2,milept,mileptname,latitude,latitudename,longitud,longitudname,sp_jur,sp_jurname,harm_ev,harm_evname,man_coll,man_collname,reljct1,reljct1name,reljct2,reljct2name,typ_int,typ_intname,wrk_zone,wrk_zonename,road_fnc,road_fncname,rel_road,rel_roadname,lgt_cond,lgt_condname,weather1,weather1name,weather2,weather2name,weather,weathername,sch_bus,sch_busname,rail,railname,not_hour,not_hourname,not_min,not_minname,arr_hour,arr_hourname,arr_min,arr_minname,hosp_hr,hosp_hrname,hosp_mn,hosp_mnname,cf1,cf1name,cf2,cf2name,cf3,cf3name,fatals,drunk_dr
2020,4,40146,Arizona,2,2,0,0,0,4,4,19,PIMA (19),530,TUCSON,24,24,2,February,2020,2,Monday,13,1:00pm-1:59pm,10,10,1,This section IS ON the NHS,2,Urban,3,Principal Arterial - Other,4,City or Municipal Highway Agency,6,Local Street - Municipality,VALENCIA RD,COUNTRY CLUB RD,0,None,32.13404722,32.13404722,-110.926125000,-110.926125000,0,No Special Jurisdiction,12,Motor Vehicle In-Transport,6,Angle,0,No,2,Intersection,2,Four-Way Intersection,0,None,,,1,On Roadway,1,Daylight,,,,,1,Clear,0,No,0000000,Not Applicable,99,Unknown,99,Unknown,99,Unknown EMS Scene Arrival Hour,99,Unknown EMS Scene Arrival Minutes,99,Unknown,99,Unknown EMS Hospital Arrival Time,,,,,,,1,0
2020,4,40147,Arizona,1,1,0,1,1,1,1,13,MARICOPA (13),370,PHOENIX,26,26,2,February,2020,4,Wednesday,19,7:00pm-7:59pm,3,3,0,This section IS NOT on the NHS,2,Urban,4,Minor Arterial,4,City or Municipal Highway Agency,6,Local Street - Municipality,16TH ST,,0,None,33.41134167,33.41134167,-112.047061110,-112.047061110,0,No Special Jurisdiction,8,Pedestrian,0,The First Harmful Event was Not a Collision with a Motor Vehicle in Transport,0,No,1,Non-Junction,1,Not an Intersection,0,None,,,1,On Roadway,3,Dark - Lighted,,,,,1,Clear,0,No,0000000,Not Applicable,19,7:00pm-7:59pm,4,4,19,7:00pm-7:59pm,10,10,19,7:00pm-7:59pm,23,23,,,,,,,1,0
2020,4,40148,Arizona,1,1,0,1,1,1,1,19,PIMA (19),530,TUCSON,26,26,2,February,2020,4,Wednesday,20,8:00pm-8:59pm,13,13,0,This section IS NOT on the NHS,2,Urban,3,Principal Arterial - Other,4,City or Municipal Highway Agency,6,Local Street - Municipality,VALENICA RD,,0,None,32.13389444,32.13389444,-111.000130560,-111.000130560,0,No Special Jurisdiction,8,Pedestrian,0,The First Harmful Event was Not a Collision with a Motor Vehicle in Transport,0,No,1,Non-Junction,1,Not an Intersection,0,None,,,1,On Roadway,3,Dark - Lighted,,,,,1,Clear,0,No,0000000,Not Applicable,20,8:00pm-8:59pm,13,13,20,8:00pm-8:59pm,18,18,20,8:00pm-8:59pm,42,42,,,,,,,1,1
2020,4,40149,Arizona,2,2,0,0,0,2,2,13,MARICOPA (13),290,MESA,27,27,2,February,2020,5,Thursday,6,6:00am-6:59am,33,33,0,This section IS NOT on the NHS,2,Urban,4,Minor Arterial,4,City or Municipal Highway Agency,6,Local Street - Municipality,BROADWAY RD,96TH ST,0,None,33.40786944,33.40786944,-111.624052780,-111.624052780,0,No Special Jurisdiction,12,Motor Vehicle In-Transport,6,Angle,0,No,2,Intersection,4,Y-Intersection,0,None,,,1,On Roadway,3,Dark - Lighted,,,,,1,Clear,0,No,0000000,Not Applicable,6,6:00am-6:59am,35,35,6,6:00am-6:59am,44,44,7,7:00am-7:59am,10,10,,,,,,,1,0
2020,4,40150,Arizona,1,1,0,0,0,1,1,13,MARICOPA (13),290,MESA,29,29,2,February,2020,7,Saturday,15,3:00pm-3:59pm,15,15,0,This section IS NOT on the NHS,2,Urban,3,Principal Arterial - Other,4,City or Municipal Highway Agency,6,Local Street - Municipality,MAIN ST,STAPLEY DR,0,None,33.41521667,33.41521667,-111.805241670,-111.805241670,0,No Special Jurisdiction,33,Curb,0,The First Harmful Event was Not a Collision with a Motor Vehicle in Transport,0,No,3,Intersection-Related,2,Four-Way Intersection,0,None,,,4,On Roadside,1,Daylight,,,,,1,Clear,0,No,0000000,Not Applicable,99,Unknown,99,Unknown,99,Unknown EMS Scene Arrival Hour,99,Unknown EMS Scene Arrival Minutes,99,Unknown,99,Unknown EMS Hospital Arrival Time,,,,,,,1,0
2020,4,40151,Arizona,4,4,0,0,0,4,4,13,MARICOPA (13),370,PHOENIX,5,5,2,February,2020,4,Wednesday,16,4:00pm-4:59pm,30,30,0,This section IS NOT on the NHS,2,Urban,4,Minor Arterial,4,City or Municipal Highway Agency,6,Local Street - Municipality,SOUTHERN AVE,,0,None,33.39276944,33.39276944,-111.979038890,-111.979038890,0,No Special Jurisdiction,12,Motor Vehicle In-Transport,6,Angle,0,No,8,Driveway Access Related,1,Not an Intersection,0,None,,,11,Continuous Left - Turn Lane,8,Not Reported,,,,,98,Not Reported,0,No,0000000,Not Applicable,99,Unknown,99,Unknown,99,Unknown EMS Scene Arrival Hour,99,Unknown EMS Scene Arrival Minutes,99,Unknown,99,Unknown EMS Hospital Arrival Time,,,,,,,1,0
2020,4,40152,Arizona,1,1,0,0,0,2,2,13,MARICOPA (13),370,PHOENIX,8,8,2,February,2020,7,Saturday,99,Unknown Hours,99,Unknown Minutes,0,This section IS NOT on the NHS,2,Urban,7,Local,98,Not Reported,9,Unknown,33RD DR,,99999,Unknown,99.99990000,99.99990000,999.999900000,999.999900000,0,No Special Jurisdiction,99,Reported as Unknown,99,Reported as Unknown,0,No,99,Reported as Unknown,99,Reported as Unknown,0,None,,,99,Reported as Unknown,9,Reported as Unknown,,,,,99,Reported as Unknown,0,No,0000000,Not Applicable,99,Unknown,99,Unknown,99,Unknown EMS Scene Arrival Hour,99,Unknown EMS Scene Arrival Minutes,99,Unknown,99,Unknown EMS Hospital Arrival Time,,,,,,,1,0
2020,4,40153,Arizona,1,1,0,1,1,1,1,13,MARICOPA (13),370,PHOENIX,8,8,2,February,2020,7,Saturday,15,3:00pm-3:59pm,42,42,0,This section IS NOT on the NHS,2,Urban,7,Local,98,Not Reported,9,Unknown,OCUPADO DR,,0,None,33.78116389,33.78116389,-111.954313890,-111.954313890,0,No Special Jurisdiction,8,Pedestrian,0,The First Harmful Event was Not a Collision with a Motor Vehicle in Transport,0,No,4,Driveway Access,1,Not an Intersection,0,None,,,1,On Roadway,1,Daylight,,,,,1,Clear,0,No,0000000,Not Applicable,15,3:00pm-3:59pm,45,45,15,3:00pm-3:59pm,52,52,16,4:00pm-4:59pm,27,27,,,,,,,1,0
2020,4,40154,Arizona,1,1,0,0,0,5,5,21,PINAL (21),0,NOT APPLICABLE,9,9,2,February,2020,1,Sunday,15,3:00pm-3:59pm,30,30,9,Unknown if this section is on the NHS,9,Unknown,99,Unknown,99,Unknown,9,Unknown,PRESBYTERIAN CHURCH RD,,0,None,33.03674722,33.03674722,-111.582636110,-111.582636110,9,Unknown,35,Embankment,0,The First Harmful Event was Not a Collision with a Motor Vehicle in Transport,0,No,1,Non-Junction,1,Not an Intersection,0,None,,,4,On Roadside,1,Daylight,,,,,1,Clear,0,No,0000000,Not Applicable,15,3:00pm-3:59pm,38,38,15,3:00pm-3:59pm,45,45,16,4:00pm-4:59pm,32,32,,,,,,,1,0
2020,4,40155,Arizona,2,2,0,0,0,2,2,13,MARICOPA (13),370,PHOENIX,10,10,2,February,2020,2,Monday,12,12:00pm-12:59pm,14,14,0,This section IS NOT on the NHS,2,Urban,7,Local,4,City or Municipal Highway Agency,6,Local Street - Municipality,MARIPOSA ST,69TH AVE,0,None,33.50778333,33.50778333,-112.207497220,-112.207497220,0,No Special Jurisdiction,12,Motor Vehicle In-Transport,6,Angle,0,No,2,Intersection,2,Four-Way Intersection,0,None,,,1,On Roadway,1,Daylight,,,,,1,Clear,0,No,0000000,Not Applicable,12,12:00pm-12:59pm,14,14,12,12:00pm-12:59pm,18,18,12,12:00pm-12:59pm,40,40,,,,,,,1,0
2020,4,40156,Arizona,2,2,0,0,0,3,3,13,MARICOPA (13),370,PHOENIX,10,10,2,February,2020,2,Monday,16,4:00pm-4:59pm,0,0,0,This section IS NOT on the NHS,1,Rural,5,Major Collector,2,County Highway Agency,4,County Road,CR-CORNVILLE RD,,0,None,99.99990000,99.99990000,999.999900000,999.999900000,0,No Special Jurisdiction,12,Motor Vehicle In-Transport,2,Front-to-Front,0,No,1,Non-Junction,1,Not an Intersection,0,None,,,1,On Roadway,1,Daylight,,,,,10,Cloudy,0,No,0000000,Not Applicable,99,Unknown,99,Unknown,99,Unknown EMS Scene Arrival Hour,99,Unknown EMS Scene Arrival Minutes,99,Unknown,99,Unknown EMS Hospital Arrival Time,,,,,,,1,0
2020,4,40157,Arizona,1,1,0,0,0,2,2,21,PINAL (21),34,BAPCHULE,12,12,2,February,2020,4,Wednesday,4,4:00am-4:59am,30,30,1,This section IS ON the NHS,1,Rural,1,Interstate,1,State Highway Agency,1,Interstate,I-10,,1752,1752,33.12262778,33.12262778,-111.845441670,-111.845441670,3,Indian Reservation,1,Rollover/Overturn,0,The First Harmful Event was Not a Collision with a Motor Vehicle in Transport,0,No,1,Non-Junction,1,Not an Intersection,0,None,,,4,On Roadside,6,Dark - Unknown Lighting,,,,,99,Reported as Unknown,0,No,0000000,Not Applicable,99,Unknown,99,Unknown,99,Unknown EMS Scene Arrival Hour,99,Unknown EMS Scene Arrival Minutes,99,Unknown,99,Unknown EMS Hospital Arrival Time,,,,,,,1,0
2020,4,40158,Arizona,1,1,0,1,1,1,1,13,MARICOPA (13),370,PHOENIX,12,12,2,February,2020,4,Wednesday,5,5:00am-5:59am,36,36,1,This section IS ON the NHS,2,Urban,1,Interstate,1,State Highway Agency,1,Interstate,I-17 ACCESS,DUNLAP,0,None,33.56750278,33.56750278,-112.116819440,-112.116819440,0,No Special Jurisdiction,8,Pedestrian,0,The First Harmful Event was Not a Collision with a Motor Vehicle in Transport,1,Yes,3,Intersection-Related,7,"Five Point, or More",0,None,,,1,On Roadway,3,Dark - Lighted,,,,,1,Clear,0,No,0000000,Not Applicable,5,5:00am-5:59am,38,38,5,5:00am-5:59am,39,39,5,5:00am-5:59am,56,56,,,,,,,1,0
2020,4,40159,Arizona,2,2,0,0,0,2,2,13,MARICOPA (13),475,SUN CITY,14,14,2,February,2020,6,Friday,99,Unknown Hours,99,Unknown Minutes,0,This section IS NOT on the NHS,2,Urban,5,Major Collector,2,County Highway Agency,4,County Road,CR-RH JOHNSON BLVD,,0,None,33.67083333,33.67083333,-112.371716670,-112.371716670,0,No Special Jurisdiction,12,Motor Vehicle In-Transport,99,Reported as Unknown,0,No,98,Not Reported,99,Reported as Unknown,0,None,,,99,Reported as Unknown,9,Reported as Unknown,,,,,99,Reported as Unknown,0,No,0000000,Not Applicable,99,Unknown,99,Unknown,99,Unknown EMS Scene Arrival Hour,99,Unknown EMS Scene Arrival Minutes,99,Unknown,99,Unknown EMS Hospital Arrival Time,,,,,,,1,0
2020,4,40161,Arizona,2,2,0,0,0,3,3,13,MARICOPA (13),486,SURPRISE,20,20,2,February,2020,5,Thursday,19,7:00pm-7:59pm,55,55,1,This section IS ON the NHS,2,Urban,3,Principal Arterial - Other,4,City or Municipal Highway Agency,6,Local Street - Municipality,BELL RD,WEST POINT PKWY,0,None,33.63873333,33.63873333,-112.355063890,-112.355063890,0,No Special Jurisdiction,12,Motor Vehicle In-Transport,6,Angle,0,No,2,Intersection,2,Four-Way Intersection,0,None,,,1,On Roadway,3,Dark - Lighted,,,,,1,Clear,0,No,0000000,Not Applicable,19,7:00pm-7:59pm,55,55,19,7:00pm-7:59pm,57,57,20,8:00pm-8:59pm,35,35,,,,,,,1,0
2020,4,40162,Arizona,1,1,0,1,1,1,1,13,MARICOPA (13),370,PHOENIX,20,20,2,February,2020,5,Thursday,20,8:00pm-8:59pm,52,52,0,This section IS NOT on the NHS,2,Urban,4,Minor Arterial,4,City or Municipal Highway Agency,6,Local Street - Municipality,27TH AVE,,0,None,33.52366944,33.52366944,-112.116930560,-112.116930560,0,No Special Jurisdiction,8,Pedestrian,0,The First Harmful Event was Not a Collision with a Motor Vehicle in Transport,0,No,1,Non-Junction,1,Not an Intersection,0,None,,,1,On Roadway,3,Dark - Lighted,,,,,1,Clear,0,No,0000000,Not Applicable,20,8:00pm-8:59pm,53,53,20,8:00pm-8:59pm,58,58,21,9:00pm-9:59pm,14,14,,,,,,,1,0
2020,4,40163,Arizona,1,1,0,1,1,1,1,13,MARICOPA (13),60,BUCKEYE,21,21,2,February,2020,6,Friday,99,Unknown Hours,99,Unknown Minutes,0,This section IS NOT on the NHS,2,Urban,99,Unknown,99,Unknown,9,Unknown,5TH AVE,,0,None,33.38200278,33.38200278,-112.588794440,-112.588794440,0,No Special Jurisdiction,8,Pedestrian,0,The First Harmful Event was Not a Collision with a Motor Vehicle in Transport,0,No,99,Reported as Unknown,99,Reported as Unknown,0,None,,,99,Reported as Unknown,8,Not Reported,,,,,98,Not Reported,0,No,0000000,Not Applicable,99,Unknown,99,Unknown,99,Unknown EMS Scene Arrival Hour,99,Unknown EMS Scene Arrival Minutes,99,Unknown,99,Unknown EMS Hospital Arrival Time,,,,,,,1,0
2020,4,40165,Arizona,2,2,0,0,0,3,3,13,MARICOPA (13),370,PHOENIX,21,21,2,February,2020,6,Friday,12,12:00pm-12:59pm,18,18,1,This section IS ON the NHS,2,Urban,3,Principal Arterial - Other,4,City or Municipal Highway Agency,6,Local Street - Municipality,THUNDERBIRD RD,35TH AVE,0,None,33.61074444,33.61074444,-112.133794440,-112.133794440,0,No Special Jurisdiction,12,Motor Vehicle In-Transport,6,Angle,0,No,2,Intersection,2,Four-Way Intersection,0,None,,,1,On Roadway,1,Daylight,,,,,1,Clear,0,No,0000000,Not Applicable,12,12:00pm-12:59pm,19,19,12,12:00pm-12:59pm,24,24,12,12:00pm-12:59pm,50,50,,,,,,,1,0
2020,4,40166,Arizona,1,1,0,1,1,1,1,13,MARICOPA (13),60,BUCKEYE,22,22,2,February,2020,7,Saturday,20,8:00pm-8:59pm,15,15,0,This section IS NOT on the NHS,9,Unknown,99,Unknown,99,Unknown,9,Unknown,DESERT VISTA,,0,None,33.66705000,33.66705000,-112.622975000,-112.622975000,0,No Special Jurisdiction,8,Pedestrian,0,The First Harmful Event was Not a Collision with a Motor Vehicle in Transport,0,No,1,Non-Junction,1,Not an Intersection,0,None,,,1,On Roadway,8,Not Reported,,,,,98,Not Reported,0,No,0000000,Not Applicable,99,Unknown,99,Unknown,99,Unknown EMS Scene Arrival Hour,99,Unknown EMS Scene Arrival Minutes,99,Unknown,99,Unknown EMS Hospital Arrival Time,,,,,,,1,0
2020,4,40168,Arizona,2,2,0,0,0,3,3,13,MARICOPA (13),370,PHOENIX,24,24,2,February,2020,2,Monday,17,5:00pm-5:59pm,57,57,0,This section IS NOT on the NHS,2,Urban,4,Minor Arterial,4,City or Municipal Highway Agency,6,Local Street - Municipality,SOUTHERN AVE,7TH AVE,0,None,33.39220833,33.39220833,-112.081986110,-112.081986110,0,No Special Jurisdiction,12,Motor Vehicle In-Transport,6,Angle,0,No,2,Intersection,4,Y-Intersection,0,None,,,1,On Roadway,5,Dusk,,,,,1,Clear,0,No,0000000,Not Applicable,18,6:00pm-6:59pm,0,0,18,6:00pm-6:59pm,3,3,18,6:00pm-6:59pm,30,30,,,,,,,1,0
2020,4,40169,Arizona,2,2,0,0,0,2,2,13,MARICOPA (13),370,PHOENIX,26,26,2,February,2020,4,Wednesday,14,2:00pm-2:59pm,53,53,1,This section IS ON the NHS,2,Urban,3,Principal Arterial - Other,4,City or Municipal Highway Agency,6,Local Street - Municipality,BELL RD,31ST AVE,0,None,33.63982778,33.63982778,-112.123558330,-112.123558330,0,No Special Jurisdiction,12,Motor Vehicle In-Transport,6,Angle,0,No,2,Intersection,3,T-Intersection,0,None,,,1,On Roadway,1,Daylight,,,,,98,Not Reported,0,No,0000000,Not Applicable,14,2:00pm-2:59pm,53,53,99,Unknown EMS Scene Arrival Hour,99,Unknown EMS Scene Arrival Minutes,88,"Not Applicable (Not Transported) ",88,Not Applicable (Not Transported),,,,,,,1,0
2020,4,40170,Arizona,1,1,0,0,0,1,1,1,APACHE (1),272,LUKACHUKAI,27,27,2,February,2020,5,Thursday,99,Unknown Hours,99,Unknown Minutes,0,This section IS NOT on the NHS,1,Rural,7,Local,62,Bureau of Indian Affairs,8,Other,BIA 13,,0,None,36.41315833,36.41315833,-109.242811110,-109.242811110,0,No Special Jurisdiction,99,Reported as Unknown,99,Reported as Unknown,0,No,99,Reported as Unknown,99,Reported as Unknown,0,None,,,99,Reported as Unknown,9,Reported as Unknown,,,,,99,Reported as Unknown,0,No,0000000,Not Applicable,99,Unknown,99,Unknown,99,Unknown EMS Scene Arrival Hour,99,Unknown EMS Scene Arrival Minutes,99,Unknown,99,Unknown EMS Hospital Arrival Time,,,,,,,1,0
2020,4,40171,Arizona,2,2,0,0,0,2,2,13,MARICOPA (13),80,CHANDLER,27,27,2,February,2020,5,Thursday,13,1:00pm-1:59pm,46,46,0,This section IS NOT on the NHS,2,Urban,4,Minor Arterial,4,City or Municipal Highway Agency,6,Local Street - Municipality,LINDSAY RD,DORAL DR,0,None,33.21193889,33.21193889,-111.772605560,-111.772605560,0,No Special Jurisdiction,12,Motor Vehicle In-Transport,6,Angle,0,No,2,Intersection,4,Y-Intersection,0,None,,,1,On Roadway,1,Daylight,,,,,1,Clear,0,No,0000000,Not Applicable,13,1:00pm-1:59pm,46,46,14,2:00pm-2:59pm,7,7,14,2:00pm-2:59pm,22,22,,,,,,,1,0
2020,4,40172,Arizona,2,2,0,0,0,4,4,13,MARICOPA (13),388,QUEEN CREEK,27,27,2,February,2020,5,Thursday,14,2:00pm-2:59pm,51,51,0,This section IS NOT on the NHS,2,Urban,4,Minor Arterial,2,County Highway Agency,4,County Road,CR-IRONWOOD RD,PIMA RD,0,None,99.99990000,99.99990000,999.999900000,999.999900000,0,No Special Jurisdiction,12,Motor Vehicle In-Transport,6,Angle,0,No,2,Intersection,2,Four-Way Intersection,0,None,,,1,On Roadway,1,Daylight,,,,,10,Cloudy,0,No,0000000,Not Applicable,14,2:00pm-2:59pm,51,51,15,3:00pm-3:59pm,0,0,88,"Not Applicable (Not Transported) ",88,Not Applicable (Not Transported),,,,,,,1,0
2020,4,40173,Arizona,1,1,0,0,0,1,1,13,MARICOPA (13),200,GLENDALE,28,28,2,February,2020,6,Friday,18,6:00pm-6:59pm,22,22,0,This section IS NOT on the NHS,2,Urban,3,Principal Arterial - Other,4,City or Municipal Highway Agency,6,Local Street - Municipality,CAMELBACK RD,,0,None,33.50953333,33.50953333,-112.181358330,-112.181358330,0,No Special Jurisdiction,33,Curb,0,The First Harmful Event was Not a Collision with a Motor Vehicle in Transport,0,No,1,Non-Junction,1,Not an Intersection,0,None,,,4,On Roadside,1,Daylight,,,,,1,Clear,0,No,0000000,Not Applicable,99,Unknown,99,Unknown,99,Unknown EMS Scene Arrival Hour,99,Unknown EMS Scene Arrival Minutes,99,Unknown,99,Unknown EMS Hospital Arrival Time,,,,,,,1,0
2020,4,40174,Arizona,1,1,0,0,0,1,1,13,MARICOPA (13),370,PHOENIX,29,29,2,February,2020,7,Saturday,8,8:00am-8:59am,42,42,0,This section IS NOT on the NHS,2,Urban,3,Principal Arterial - Other,4,City or Municipal Highway Agency,6,Local Street - Municipality,7TH ST,,0,None,33.70199444,33.70199444,-112.065733330,-112.065733330,0,No Special Jurisdiction,30,Utility Pole/Light Support,0,The First Harmful Event was Not a Collision with a Motor Vehicle in Transport,0,No,1,Non-Junction,1,Not an Intersection,0,None,,,4,On Roadside,1,Daylight,,,,,1,Clear,0,No,0000000,Not Applicable,99,Unknown,99,Unknown,99,Unknown EMS Scene Arrival Hour,99,Unknown EMS Scene Arrival Minutes,99,Unknown,99,Unknown EMS Hospital Arrival Time,,,,,,,1,0
2020,4,40176,Arizona,1,1,0,1,1,2,2,19,PIMA (19),530,TUCSON,1,1,4,April,2020,4,Wednesday,18,6:00pm-6:59pm,37,37,0,This section IS NOT on the NHS,1,Rural,6,Minor Collector,2,County Highway Agency,4,County Road,CR-MANVILLE  RD,,0,None,32.29174167,32.29174167,-111.249513890,-111.249513890,0,No Special Jurisdiction,9,Pedalcyclist,0,The First Harmful Event was Not a Collision with a Motor Vehicle in Transport,0,No,1,Non-Junction,1,Not an Intersection,0,None,,,1,On Roadway,5,Dusk,,,,,1,Clear,0,No,0000000,Not Applicable,18,6:00pm-6:59pm,41,41,18,6:00pm-6:59pm,48,48,19,7:00pm-7:59pm,26,26,,,,,,,1,0
2020,4,40178,Arizona,1,1,0,0,0,2,2,15,MOHAVE (15),260,KINGMAN,2,2,4,April,2020,5,Thursday,11,11:00am-11:59am,50,50,9,Unknown if this section is on the NHS,9,Unknown,99,Unknown,99,Unknown,9,Unknown,SILVER SPRINGS RD,,0,None,35.21171667,35.21171667,-113.564805560,-113.564805560,0,No Special Jurisdiction,43,Other Fixed Object,0,The First Harmful Event was Not a Collision with a Motor Vehicle in Transport,0,No,1,Non-Junction,1,Not an Intersection,0,None,,,4,On Roadside,1,Daylight,,,,,1,Clear,0,No,0000000,Not Applicable,11,11:00am-11:59am,50,50,12,12:00pm-12:59pm,15,15,88,"Not Applicable (Not Transported) ",88,Not Applicable (Not Transported),,,,,,,1,0
2020,4,40179,Arizona,1,1,0,0,0,1,1,12,LA PAZ (12),413,SALOME,3,3,4,April,2020,6,Friday,11,11:00am-11:59am,29,29,1,This section IS ON the NHS,1,Rural,1,Interstate,1,State Highway Agency,1,Interstate,I-10,,700,700,33.56761111,33.56761111,-113.345883330,-113.345883330,0,No Special Jurisdiction,1,Rollover/Overturn,0,The First Harmful Event was Not a Collision with a Motor Vehicle in Transport,0,No,1,Non-Junction,1,Not an Intersection,0,None,,,4,On Roadside,1,Daylight,,,,,1,Clear,0,No,0000000,Not Applicable,11,11:00am-11:59am,30,30,11,11:00am-11:59am,58,58,88,"Not Applicable (Not Transported) ",88,Not Applicable (Not Transported),,,,,,,1,0
2020,4,40180,Arizona,3,3,0,0,0,6,6,21,PINAL (21),70,CASA GRANDE,3,3,4,April,2020,6,Friday,14,2:00pm-2:59pm,9,9,0,This section IS NOT on the NHS,2,Urban,99,Unknown,2,County Highway Agency,4,County Road,CR-EARLY RD,JIMMIE KERR BLVD,0,None,32.86493611,32.86493611,-111.737044440,-111.737044440,0,No Special Jurisdiction,12,Motor Vehicle In-Transport,1,Front-to-Rear,0,No,3,Intersection-Related,3,T-Intersection,0,None,,,1,On Roadway,1,Daylight,,,,,1,Clear,0,No,0000000,Not Applicable,14,2:00pm-2:59pm,10,10,14,2:00pm-2:59pm,16,16,99,Unknown,99,Unknown EMS Hospital Arrival Time,,,,,,,2,0
2020,4,40181,Arizona,2,2,0,0,0,4,4,21,PINAL (21),22,APACHE JUNCTION,3,3,4,April,2020,6,Friday,19,7:00pm-7:59pm,2,2,0,This section IS NOT on the NHS,2,Urban,99,Unknown,4,City or Municipal Highway Agency,9,Unknown,TEPEE ST,SAN MAARCOS DR,0,None,33.42956944,33.42956944,-111.554763890,-111.554763890,0,No Special Jurisdiction,12,Motor Vehicle In-Transport,6,Angle,0,No,2,Intersection,4,Y-Intersection,0,None,,,1,On Roadway,2,Dark - Not Lighted,,,,,1,Clear,0,No,0000000,Not Applicable,19,7:00pm-7:59pm,5,5,19,7:00pm-7:59pm,8,8,19,7:00pm-7:59pm,27,27,,,,,,,1,0
2020,4,40183,Arizona,1,1,0,0,0,1,1,13,MARICOPA (13),370,PHOENIX,4,4,4,April,2020,7,Saturday,17,5:00pm-5:59pm,6,6,0,This section IS NOT on the NHS,9,Unknown,99,Unknown,99,Unknown,9,Unknown,63RD DR,,0,None,33.49711667,33.49711667,-112.196455560,-112.196455560,9,Unknown,1,Rollover/Overturn,0,The First Harmful Event was Not a Collision with a Motor Vehicle in Transport,0,No,1,Non-Junction,1,Not an Intersection,0,None,,,4,On Roadside,1,Daylight,,,,,1,Clear,0,No,0000000,Not Applicable,17,5:00pm-5:59pm,7,7,17,5:00pm-5:59pm,9,9,17,5:00pm-5:59pm,34,34,,,,,,,1,0
2020,4,40184,Arizona,2,2,0,0,0,4,4,19,PIMA (19),530,TUCSON,5,5,4,April,2020,1,Sunday,17,5:00pm-5:59pm,14,14,0,This section IS NOT on the NHS,2,Urban,98,Not Reported,4,City or Municipal Highway Agency,6,Local Street - Municipality,SPEEDWAY BLVD,GREASWOOD RD,0,None,32.23593333,32.23593333,-111.021594440,-111.021594440,0,No Special Jurisdiction,12,Motor Vehicle In-Transport,6,Angle,0,No,2,Intersection,2,Four-Way Intersection,0,None,,,1,On Roadway,1,Daylight,,,,,1,Clear,0,No,0000000,Not Applicable,17,5:00pm-5:59pm,14,14,17,5:00pm-5:59pm,19,19,99,Unknown,99,Unknown EMS Hospital Arrival Time,,,,,,,1,0
2020,4,40185,Arizona,3,3,0,0,0,3,3,13,MARICOPA (13),420,SCOTTSDALE,7,7,4,April,2020,3,Tuesday,12,12:00pm-12:59pm,52,52,1,This section IS ON the NHS,2,Urban,2,Principal Arterial - Other Freeways and Expressways,1,State Highway Agency,3,State Highway,SR-101,,397,397,33.57379167,33.57379167,-111.888919440,-111.888919440,0,No Special Jurisdiction,24,Guardrail Face,0,The First Harmful Event was Not a Collision with a Motor Vehicle in Transport,0,No,1,Non-Junction,1,Not an Intersection,0,None,,,4,On Roadside,1,Daylight,,,,,1,Clear,0,No,0000000,Not Applicable,99,Unknown,99,Unknown,99,Unknown EMS Scene Arrival Hour,99,Unknown EMS Scene Arrival Minutes,99,Unknown,99,Unknown EMS Hospital Arrival Time,,,,,,,1,0
2020,4,40186,Arizona,1,1,0,0,0,1,1,25,YAVAPAI (25),257,KIRKLAND,7,7,4,April,2020,3,Tuesday,21,9:00pm-9:59pm,0,0,0,This section IS NOT on the NHS,1,Rural,5,Major Collector,1,State Highway Agency,3,State Highway,SR-96,,186,186,34.44449444,34.44449444,-112.939594440,-112.939594440,0,No Special Jurisdiction,35,Embankment,0,The First Harmful Event was Not a Collision with a Motor Vehicle in Transport,0,No,1,Non-Junction,1,Not an Intersection,0,None,,,4,On Roadside,2,Dark - Not Lighted,,,,,1,Clear,0,No,0000000,Not Applicable,20,8:00pm-8:59pm,31,31,20,8:00pm-8:59pm,54,54,88,"Not Applicable (Not Transported) ",88,Not Applicable (Not Transported),,,,,,,1,0
2020,4,40187,Arizona,1,1,0,1,1,1,1,19,PIMA (19),530,TUCSON,8,8,4,April,2020,4,Wednesday,19,7:00pm-7:59pm,16,16,0,This section IS NOT on the NHS,2,Urban,4,Minor Arterial,4,City or Municipal Highway Agency,6,Local Street - Municipality,CAMINO SECO N,,0,None,32.23601667,32.23601667,-110.806802780,-110.806802780,0,No Special Jurisdiction,8,Pedestrian,0,The First Harmful Event was Not a Collision with a Motor Vehicle in Transport,0,No,1,Non-Junction,1,Not an Intersection,0,None,,,1,On Roadway,2,Dark - Not Lighted,,,,,1,Clear,0,No,0000000,Not Applicable,17,5:00pm-5:59pm,16,16,17,5:00pm-5:59pm,18,18,88,"Not Applicable (Not Transported) ",88,Not Applicable (Not Transported),,,,,,,1,0
2020,4,40188,Arizona,1,1,0,0,0,3,3,25,YAVAPAI (25),65,CAMP VERDE,9,9,4,April,2020,5,Thursday,19,7:00pm-7:59pm,39,39,1,This section IS ON the NHS,1,Rural,1,Interstate,1,State Highway Agency,1,Interstate,I-17,,916,916,34.57238056,34.57238056,-111.889583330,-111.889583330,0,No Special Jurisdiction,1,Rollover/Overturn,0,The First Harmful Event was Not a Collision with a Motor Vehicle in Transport,0,No,1,Non-Junction,1,Not an Intersection,0,None,,,3,On Median,2,Dark - Not Lighted,,,,,1,Clear,0,No,0000000,Not Applicable,19,7:00pm-7:59pm,43,43,19,7:00pm-7:59pm,53,53,20,8:00pm-8:59pm,45,45,,,,,,,2,0