caseyear,state,st_case,statename,ve_total,ve_forms,pvh_invl,peds,pernotmvit,permvit,persons,county,countyname,city,cityname,day,dayname,month,monthname,year,day_week,day_weekname,hour,hourname,minute,minutename,nhs,nhsname,rur_urb,rur_urbname,func_sys,func_sysname,rd_owner,rd_ownername,route,routename,tway_id,tway_id2,milept,mileptname,latitude,latitudename,longitud,longitudname,sp_jur,sp_jurname,harm_ev,harm_evname,man_coll,man_collname,reljct1,reljct1name,reljct2,reljct2name,typ_int,typ_intname,wrk_zone,wrk_zonename,road_fnc,road_fncname,rel_road,rel_roadname,lgt_cond,lgt_condname,weather1,weather1name,weather2,weather2name,weather,weathername,sch_bus,sch_busname,rail,railname,not_hour,not_hourname,not_min,not_minname,arr_hour,arr_hourname,arr_min,arr_minname,hosp_hr,hosp_hrname,hosp_mn,hosp_mnname,cf1,cf1name,cf2,cf2name,cf3,cf3name,fatals,drunk_dr
2020,4,40229,Arizona,1,1,0,0,0,4,4,1,APACHE (1),0,NOT APPLICABLE,2,2,5,May,2020,7,Saturday,12,12:00pm-12:59pm,4,4,1,This section IS ON the NHS,1,Rural,1,Interstate,1,State Highway Agency,1,Interstate,I-40,,3267,3267,35.13290833,35.13290833,-109.534441670,-109.534441670,0,No Special Jurisdiction,1,Rollover/Overturn,0,The First Harmful Event was Not a Collision with a Motor Vehicle in Transport,0,No,1,Non-Junction,1,Not an Intersection,0,None,,,1,On Roadway,1,Daylight,,,,,1,Clear,0,No,0000000,Not Applicable,12,12:00pm-12:59pm,5,5,12,12:00pm-12:59pm,24,24,99,Unknown,99,Unknown EMS Hospital Arrival Time,,,,,,,1,0
2020,4,40230,Arizona,1,1,0,0,0,4,4,25,YAVAPAI (25),116,CORNVILLE,2,2,5,May,2020,7,Saturday,19,7:00pm-7:59pm,4,4,0,This section IS NOT on the NHS,9,Unknown,99,Unknown,99,Unknown,9,Unknown,WILLOW POINT RD,,0,None,34.75386389,34.75386389,-111.902525000,-111.902525000,9,Unknown,7,Other Non-Collision,0,The First Harmful Event was Not a Collision with a Motor Vehicle in Transport,0,No,1,Non-Junction,1,Not an Intersection,0,None,,,1,On Roadway,5,Dusk,,,,,1,Clear,0,No,0000000,Not Applicable,99,Unknown,99,Unknown,99,Unknown EMS Scene Arrival Hour,99,Unknown EMS Scene Arrival Minutes,99,Unknown,99,Unknown EMS Hospital Arrival Time,,,,,,,1,1
2020,4,40231,Arizona,3,1,2,1,3,1,3,5,COCONINO (5),0,NOT APPLICABLE,3,3,5,May,2020,1,Sunday,21,9:00pm-9:59pm,53,53,1,This section IS ON the NHS,1,Rural,3,Principal Arterial - Other,1,State Highway Agency,2,U.S. Highway,US-89,,236,236,35.54726667,35.54726667,-111.537525000,-111.537525000,0,No Special Jurisdiction,14,Parked Motor Vehicle,0,The First Harmful Event was Not a Collision with a Motor Vehicle in Transport,0,No,1,Non-Junction,1,Not an Intersection,0,None,,,4,On Roadside,2,Dark - Not Lighted,,,,,1,Clear,0,No,0000000,Not Applicable,21,9:00pm-9:59pm,56,56,22,10:00pm-10:59pm,16,16,99,Unknown,99,Unknown EMS Hospital Arrival Time,,,,,,,1,1
2020,4,40232,Arizona,1,1,0,0,0,1,1,13,MARICOPA (13),200,GLENDALE,4,4,5,May,2020,2,Monday,12,12:00pm-12:59pm,20,20,1,This section IS ON the NHS,2,Urban,3,Principal Arterial - Other,1,State Highway Agency,3,State Highway,SR-101 RAMP,,137,137,33.65297500,33.65297500,-112.232816670,-112.232816670,0,No Special Jurisdiction,25,Concrete Traffic Barrier,0,The First Harmful Event was Not a Collision with a Motor Vehicle in Transport,0,No,5,Entrance/Exit Ramp Related,1,Not an Intersection,0,None,,,4,On Roadside,1,Daylight,,,,,1,Clear,0,No,0000000,Not Applicable,12,12:00pm-12:59pm,19,19,12,12:00pm-12:59pm,27,27,88,"Not Applicable (Not Transported) ",88,Not Applicable (Not Transported),,,,,,,1,0
2020,4,40233,Arizona,2,2,0,0,0,6,6,13,MARICOPA (13),525,TONOPAH,4,4,5,May,2020,2,Monday,13,1:00pm-1:59pm,36,36,1,This section IS ON the NHS,1,Rural,1,Interstate,1,State Highway Agency,1,Interstate,I-10 RAMP,,940,940,33.49588611,33.49588611,-112.931291670,-112.931291670,0,No Special Jurisdiction,12,Motor Vehicle In-Transport,8,Sideswipe - Opposite Direction,0,No,5,Entrance/Exit Ramp Related,1,Not an Intersection,0,None,,,4,On Roadside,1,Daylight,,,,,1,Clear,0,No,0000000,Not Applicable,13,1:00pm-1:59pm,39,39,13,1:00pm-1:59pm,56,56,15,3:00pm-3:59pm,0,0,,,,,,,1,0
2020,4,40234,Arizona,1,1,0,0,0,2,2,13,MARICOPA (13),370,PHOENIX,4,4,5,May,2020,2,Monday,14,2:00pm-2:59pm,44,44,1,This section IS ON the NHS,2,Urban,2,Principal Arterial - Other Freeways and Expressways,1,State Highway Agency,3,State Highway,SR-202 RAMP,,30,30,33.45826944,33.45826944,-111.989197220,-111.989197220,0,No Special Jurisdiction,20,Impact Attenuator/Crash Cushion,0,The First Harmful Event was Not a Collision with a Motor Vehicle in Transport,1,Yes,5,Entrance/Exit Ramp Related,1,Not an Intersection,0,None,,,4,On Roadside,1,Daylight,,,,,1,Clear,0,No,0000000,Not Applicable,14,2:00pm-2:59pm,47,47,14,2:00pm-2:59pm,50,50,99,Unknown,99,Unknown EMS Hospital Arrival Time,,,,,,,1,0
2020,4,40235,Arizona,2,2,0,0,0,2,2,13,MARICOPA (13),60,BUCKEYE,5,5,5,May,2020,3,Tuesday,23,11:00pm-11:59pm,8,8,1,This section IS ON the NHS,2,Urban,1,Interstate,1,State Highway Agency,1,Interstate,I-10,,1140,1140,33.42948333,33.42948333,-112.604108330,-112.604108330,0,No Special Jurisdiction,12,Motor Vehicle In-Transport,1,Front-to-Rear,0,No,1,Non-Junction,1,Not an Intersection,0,None,,,1,On Roadway,3,Dark - Lighted,,,,,1,Clear,0,No,0000000,Not Applicable,23,11:00pm-11:59pm,10,10,23,11:00pm-11:59pm,15,15,88,"Not Applicable (Not Transported) ",88,Not Applicable (Not Transported),,,,,,,1,1
2020,4,40236,Arizona,3,3,0,0,0,3,3,13,MARICOPA (13),370,PHOENIX,7,7,5,May,2020,5,Thursday,5,5:00am-5:59am,57,57,0,This section IS NOT on the NHS,2,Urban,4,Minor Arterial,4,City or Municipal Highway Agency,6,Local Street - Municipality,BETHANY HOME RD,,0,None,33.52395000,33.52395000,-112.132744440,-112.132744440,0,No Special Jurisdiction,12,Motor Vehicle In-Transport,2,Front-to-Front,0,No,1,Non-Junction,1,Not an Intersection,0,None,,,1,On Roadway,1,Daylight,,,,,1,Clear,0,No,0000000,Not Applicable,99,Unknown,99,Unknown,99,Unknown EMS Scene Arrival Hour,99,Unknown EMS Scene Arrival Minutes,99,Unknown,99,Unknown EMS Hospital Arrival Time,,,,,,,1,0
2020,4,40237,Arizona,2,2,0,0,0,2,2,19,PIMA (19),0,NOT APPLICABLE,9,9,5,May,2020,7,Saturday,18,6:00pm-6:59pm,16,16,0,This section IS NOT on the NHS,2,Urban,4,Minor Arterial,1,State Highway Agency,3,State Highway,SR-77,EDWIN RD,189,189,32.51130000,32.51130000,-110.925697220,-110.925697220,0,No Special Jurisdiction,12,Motor Vehicle In-Transport,6,Angle,0,No,3,Intersection-Related,3,T-Intersection,0,None,,,1,On Roadway,1,Daylight,,,,,1,Clear,0,No,0000000,Not Applicable,18,6:00pm-6:59pm,19,19,18,6:00pm-6:59pm,36,36,19,7:00pm-7:59pm,18,18,,,,,,,1,0
2020,4,40238,Arizona,7,7,0,0,0,8,8,15,MOHAVE (15),269,LITTLEFIELD,11,11,5,May,2020,2,Monday,8,8:00am-8:59am,23,23,1,This section IS ON the NHS,1,Rural,1,Interstate,1,State Highway Agency,1,Interstate,I-15,,170,170,36.94622500,36.94622500,-113.808552780,-113.808552780,0,No Special Jurisdiction,12,Motor Vehicle In-Transport,8,Sideswipe - Opposite Direction,0,No,1,Non-Junction,1,Not an Intersection,0,None,,,1,On Roadway,1,Daylight,,,,,1,Clear,0,No,0000000,Not Applicable,8,8:00am-8:59am,30,30,8,8:00am-8:59am,43,43,9,9:00am-9:59am,40,40,,,,,,,1,1
2020,4,40239,Arizona,1,1,0,0,0,2,2,5,COCONINO (5),9999,Unknown,12,12,5,May,2020,3,Tuesday,11,11:00am-11:59am,14,14,0,This section IS NOT on the NHS,1,Rural,5,Major Collector,1,State Highway Agency,3,State Highway,SR-87,,2158,2158,34.95330278,34.95330278,-110.757244440,-110.757244440,0,No Special Jurisdiction,34,Ditch,0,The First Harmful Event was Not a Collision with a Motor Vehicle in Transport,0,No,1,Non-Junction,1,Not an Intersection,0,None,,,4,On Roadside,1,Daylight,,,,,1,Clear,0,No,0000000,Not Applicable,11,11:00am-11:59am,14,14,11,11:00am-11:59am,33,33,99,Unknown,99,Unknown EMS Hospital Arrival Time,,,,,,,1,0
2020,4,40240,Arizona,3,3,0,0,0,3,3,21,PINAL (21),70,CASA GRANDE,12,12,5,May,2020,3,Tuesday,22,10:00pm-10:59pm,19,19,0,This section IS NOT on the NHS,2,Urban,4,Minor Arterial,1,State Highway Agency,3,State Highway,SR-387,,49,49,32.95782778,32.95782778,-111.756663890,-111.756663890,0,No Special Jurisdiction,12,Motor Vehicle In-Transport,2,Front-to-Front,0,No,1,Non-Junction,1,Not an Intersection,0,None,,,1,On Roadway,2,Dark - Not Lighted,,,,,1,Clear,0,No,0000000,Not Applicable,22,10:00pm-10:59pm,19,19,22,10:00pm-10:59pm,25,25,99,Unknown,99,Unknown EMS Hospital Arrival Time,,,,,,,1,0
2020,4,40241,Arizona,2,2,0,0,0,3,3,19,PIMA (19),530,TUCSON,13,13,5,May,2020,4,Wednesday,10,10:00am-10:59am,6,6,0,This section IS NOT on the NHS,2,Urban,4,Minor Arterial,4,City or Municipal Highway Agency,6,Local Street - Municipality,6TH AVE,PLUMER AVE,0,None,32.22790556,32.22790556,-110.939519440,-110.939519440,0,No Special Jurisdiction,12,Motor Vehicle In-Transport,6,Angle,0,No,2,Intersection,2,Four-Way Intersection,0,None,,,1,On Roadway,1,Daylight,,,,,1,Clear,0,No,0000000,Not Applicable,10,10:00am-10:59am,7,7,10,10:00am-10:59am,10,10,10,10:00am-10:59am,33,33,,,,,,,1,1
2020,4,40243,Arizona,4,4,0,0,0,5,5,19,PIMA (19),530,TUCSON,13,13,5,May,2020,4,Wednesday,15,3:00pm-3:59pm,54,54,0,This section IS NOT on the NHS,9,Unknown,99,Unknown,99,Unknown,9,Unknown,CAMINO DE LA TIERRA,,0,None,32.31295556,32.31295556,-111.037427780,-111.037427780,0,No Special Jurisdiction,12,Motor Vehicle In-Transport,8,Sideswipe - Opposite Direction,0,No,1,Non-Junction,1,Not an Intersection,0,None,,,1,On Roadway,1,Daylight,,,,,1,Clear,0,No,0000000,Not Applicable,15,3:00pm-3:59pm,54,54,16,4:00pm-4:59pm,4,4,16,4:00pm-4:59pm,12,12,,,,,,,1,1
2020,4,40245,Arizona,1,1,0,1,1,1,1,13,MARICOPA (13),370,PHOENIX,14,14,5,May,2020,5,Thursday,21,9:00pm-9:59pm,39,39,0,This section IS NOT on the NHS,2,Urban,3,Principal Arterial - Other,4,City or Municipal Highway Agency,6,Local Street - Municipality,CAMELBACK RD,16TH ST,0,None,33.50922222,33.50922222,-112.047488890,-112.047488890,0,No Special Jurisdiction,8,Pedestrian,0,The First Harmful Event was Not a Collision with a Motor Vehicle in Transport,0,No,3,Intersection-Related,4,Y-Intersection,0,None,,,1,On Roadway,3,Dark - Lighted,,,,,1,Clear,0,No,0000000,Not Applicable,21,9:00pm-9:59pm,40,40,21,9:00pm-9:59pm,41,41,21,9:00pm-9:59pm,59,59,,,,,,,1,0
2020,4,40246,Arizona,2,2,0,0,0,3,3,13,MARICOPA (13),490,TEMPE,15,15,5,May,2020,6,Friday,19,7:00pm-7:59pm,8,8,0,This section IS NOT on the NHS,2,Urban,3,Principal Arterial - Other,4,City or Municipal Highway Agency,6,Local Street - Municipality,RIVER DR,BASELINE RD,0,None,33.37842778,33.37842778,-111.897233330,-111.897233330,0,No Special Jurisdiction,12,Motor Vehicle In-Transport,6,Angle,0,No,2,Intersection,4,Y-Intersection,0,None,,,1,On Roadway,1,Daylight,,,,,1,Clear,0,No,0000000,Not Applicable,19,7:00pm-7:59pm,8,8,19,7:00pm-7:59pm,11,11,19,7:00pm-7:59pm,30,30,,,,,,,1,1
2020,4,40247,Arizona,2,2,0,0,0,2,2,19,PIMA (19),530,TUCSON,15,15,5,May,2020,6,Friday,20,8:00pm-8:59pm,42,42,0,This section IS NOT on the NHS,2,Urban,3,Principal Arterial - Other,4,City or Municipal Highway Agency,6,Local Street - Municipality,22ND ST,SWAN RD,0,None,32.20701667,32.20701667,-110.892286110,-110.892286110,0,No Special Jurisdiction,12,Motor Vehicle In-Transport,6,Angle,0,No,2,Intersection,4,Y-Intersection,0,None,,,1,On Roadway,3,Dark - Lighted,,,,,1,Clear,0,No,0000000,Not Applicable,20,8:00pm-8:59pm,45,45,20,8:00pm-8:59pm,47,47,21,9:00pm-9:59pm,3,3,,,,,,,1,2
2020,4,40248,Arizona,2,2,0,0,0,2,2,27,YUMA (27),0,NOT APPLICABLE,17,17,5,May,2020,1,Sunday,6,6:00am-6:59am,41,41,1,This section IS ON the NHS,1,Rural,1,Interstate,1,State Highway Agency,1,Interstate,I-8,,637,637,32.77207778,32.77207778,-113.606272220,-113.606272220,0,No Special Jurisdiction,12,Motor Vehicle In-Transport,2,Front-to-Front,0,No,1,Non-Junction,1,Not an Intersection,0,None,,,1,On Roadway,1,Daylight,,,,,1,Clear,0,No,0000000,Not Applicable,6,6:00am-6:59am,42,42,7,7:00am-7:59am,3,3,99,Unknown,99,Unknown EMS Hospital Arrival Time,,,,,,,1,0
2020,4,40249,Arizona,2,2,0,0,0,4,4,13,MARICOPA (13),290,MESA,17,17,5,May,2020,1,Sunday,16,4:00pm-4:59pm,14,14,0,This section IS NOT on the NHS,1,Rural,5,Major Collector,1,State Highway Agency,3,State Highway,SR-88,,100,100,33.50212778,33.50212778,-111.461544440,-111.461544440,0,No Special Jurisdiction,12,Motor Vehicle In-Transport,2,Front-to-Front,0,No,1,Non-Junction,1,Not an Intersection,0,None,,,1,On Roadway,1,Daylight,,,,,1,Clear,0,No,0000000,Not Applicable,16,4:00pm-4:59pm,17,17,16,4:00pm-4:59pm,39,39,17,5:00pm-5:59pm,41,41,,,,,,,1,0
2020,4,40250,Arizona,1,1,0,0,0,2,2,7,GILA (7),365,PAYSON,19,19,5,May,2020,3,Tuesday,18,6:00pm-6:59pm,34,34,1,This section IS ON the NHS,1,Rural,3,Principal Arterial - Other,1,State Highway Agency,3,State Highway,SR-260,,816,816,34.28242500,34.28242500,-111.144911110,-111.144911110,0,No Special Jurisdiction,24,Guardrail Face,0,The First Harmful Event was Not a Collision with a Motor Vehicle in Transport,0,No,1,Non-Junction,1,Not an Intersection,0,None,,,4,On Roadside,1,Daylight,,,,,1,Clear,0,No,0000000,Not Applicable,18,6:00pm-6:59pm,37,37,18,6:00pm-6:59pm,52,52,99,Unknown,99,Unknown EMS Hospital Arrival Time,,,,,,,1,0
2020,4,40251,Arizona,1,1,0,2,2,2,2,13,MARICOPA (13),200,GLENDALE,21,21,5,May,2020,5,Thursday,13,1:00pm-1:59pm,40,40,0,This section IS NOT on the NHS,2,Urban,99,Unknown,99,Unknown,9,Unknown,70TH AVE,,0,None,33.65185278,33.65185278,-112.210141670,-112.210141670,0,No Special Jurisdiction,9,Pedalcyclist,0,The First Harmful Event was Not a Collision with a Motor Vehicle in Transport,0,No,1,Non-Junction,1,Not an Intersection,0,None,,,1,On Roadway,1,Daylight,,,,,1,Clear,0,No,0000000,Not Applicable,99,Unknown,99,Unknown,99,Unknown EMS Scene Arrival Hour,99,Unknown EMS Scene Arrival Minutes,99,Unknown,99,Unknown EMS Hospital Arrival Time,,,,,,,1,0
2020,4,40252,Arizona,2,2,0,0,0,2,2,13,MARICOPA (13),290,MESA,21,21,5,May,2020,5,Thursday,16,4:00pm-4:59pm,55,55,0,This section IS NOT on the NHS,2,Urban,3,Principal Arterial - Other,4,City or Municipal Highway Agency,6,Local Street - Municipality,GILBERT RD,,0,None,33.38838611,33.38838611,-111.788236110,-111.788236110,0,No Special Jurisdiction,12,Motor Vehicle In-Transport,1,Front-to-Rear,0,No,1,Non-Junction,1,Not an Intersection,0,None,,,1,On Roadway,1,Daylight,,,,,1,Clear,0,No,0000000,Not Applicable,16,4:00pm-4:59pm,57,57,17,5:00pm-5:59pm,8,8,17,5:00pm-5:59pm,30,30,,,,,,,1,0
2020,4,40253,Arizona,1,1,0,1,1,2,2,13,MARICOPA (13),490,TEMPE,21,21,5,May,2020,5,Thursday,20,8:00pm-8:59pm,54,54,0,This section IS NOT on the NHS,2,Urban,4,Minor Arterial,4,City or Municipal Highway Agency,6,Local Street - Municipality,MILL AVE,,0,None,33.39760833,33.39760833,-111.939644440,-111.939644440,0,No Special Jurisdiction,8,Pedestrian,0,The First Harmful Event was Not a Collision with a Motor Vehicle in Transport,0,No,1,Non-Junction,1,Not an Intersection,0,None,,,1,On Roadway,3,Dark - Lighted,,,,,1,Clear,0,No,0000000,Not Applicable,20,8:00pm-8:59pm,55,55,21,9:00pm-9:59pm,0,0,88,"Not Applicable (Not Transported) ",88,Not Applicable (Not Transported),,,,,,,1,0
2020,4,40254,Arizona,2,2,0,0,0,4,4,19,PIMA (19),530,TUCSON,21,21,5,May,2020,5,Thursday,22,10:00pm-10:59pm,3,3,0,This section IS NOT on the NHS,2,Urban,99,Unknown,99,Unknown,9,Unknown,"7TH AVE ",MICHIGAN DR,0,None,32.17041389,32.17041389,-110.969613890,-110.969613890,0,No Special Jurisdiction,12,Motor Vehicle In-Transport,6,Angle,0,No,3,Intersection-Related,6,Roundabout,0,None,,,1,On Roadway,3,Dark - Lighted,,,,,1,Clear,0,No,0000000,Not Applicable,99,Unknown,99,Unknown,99,Unknown EMS Scene Arrival Hour,99,Unknown EMS Scene Arrival Minutes,99,Unknown,99,Unknown EMS Hospital Arrival Time,,,,,,,1,0
2020,4,40255,Arizona,1,1,0,1,1,1,1,19,PIMA (19),530,TUCSON,22,22,5,May,2020,6,Friday,1,1:00am-1:59am,5,5,0,This section IS NOT on the NHS,2,Urban,4,Minor Arterial,2,County Highway Agency,4,County Road,CR-IRVINGTON RD,,0,None,32.15968889,32.15968889,-111.030005560,-111.030005560,0,No Special Jurisdiction,8,Pedestrian,0,The First Harmful Event was Not a Collision with a Motor Vehicle in Transport,0,No,1,Non-Junction,1,Not an Intersection,0,None,,,1,On Roadway,2,Dark - Not Lighted,,,,,1,Clear,0,No,0000000,Not Applicable,99,Unknown,99,Unknown,99,Unknown EMS Scene Arrival Hour,99,Unknown EMS Scene Arrival Minutes,88,"Not Applicable (Not Transported) ",88,Not Applicable (Not Transported),,,,,,,1,0
2020,4,40256,Arizona,2,2,0,0,0,3,3,25,YAVAPAI (25),0,NOT APPLICABLE,22,22,5,May,2020,6,Friday,12,12:00pm-12:59pm,7,7,1,This section IS ON the NHS,1,Rural,3,Principal Arterial - Other,1,State Highway Agency,2,U.S. Highway,US-93,,1791,1791,34.17951667,34.17951667,-113.034038890,-113.034038890,0,No Special Jurisdiction,12,Motor Vehicle In-Transport,8,Sideswipe - Opposite Direction,0,No,1,Non-Junction,1,Not an Intersection,0,None,,,1,On Roadway,1,Daylight,,,,,1,Clear,0,No,0000000,Not Applicable,12,12:00pm-12:59pm,11,11,12,12:00pm-12:59pm,29,29,99,Unknown,99,Unknown EMS Hospital Arrival Time,,,,,,,1,1
2020,4,40257,Arizona,4,4,0,0,0,5,5,13,MARICOPA (13),370,PHOENIX,22,22,5,May,2020,6,Friday,14,2:00pm-2:59pm,21,21,1,This section IS ON the NHS,2,Urban,1,Interstate,1,State Highway Agency,1,Interstate,I-10,,1490,1490,33.42867778,33.42867778,-112.036772220,-112.036772220,0,No Special Jurisdiction,12,Motor Vehicle In-Transport,6,Angle,0,No,1,Non-Junction,1,Not an Intersection,0,None,,,1,On Roadway,1,Daylight,,,,,1,Clear,0,No,0000000,Not Applicable,14,2:00pm-2:59pm,21,21,14,2:00pm-2:59pm,32,32,15,3:00pm-3:59pm,21,21,,,,,,,1,0
2020,4,40259,Arizona,1,1,0,0,0,1,1,21,PINAL (21),332,ORACLE,23,23,5,May,2020,7,Saturday,12,12:00pm-12:59pm,9,9,0,This section IS NOT on the NHS,1,Rural,4,Minor Arterial,1,State Highway Agency,3,State Highway,SR-79,,8,8,32.55723889,32.55723889,-110.934383330,-110.934383330,0,No Special Jurisdiction,59,"Traffic Sign Support ",0,The First Harmful Event was Not a Collision with a Motor Vehicle in Transport,0,No,1,Non-Junction,1,Not an Intersection,0,None,,,4,On Roadside,1,Daylight,,,,,1,Clear,0,No,0000000,Not Applicable,12,12:00pm-12:59pm,13,13,12,12:00pm-12:59pm,20,20,13,1:00pm-1:59pm,0,0,,,,,,,1,0
2020,4,40260,Arizona,1,1,0,1,1,1,1,13,MARICOPA (13),200,GLENDALE,23,23,5,May,2020,7,Saturday,20,8:00pm-8:59pm,7,7,0,This section IS NOT on the NHS,2,Urban,4,Minor Arterial,4,City or Municipal Highway Agency,6,Local Street - Municipality,BETHANY HOME RD,,0,None,33.52395278,33.52395278,-112.163258330,-112.163258330,0,No Special Jurisdiction,8,Pedestrian,0,The First Harmful Event was Not a Collision with a Motor Vehicle in Transport,0,No,1,Non-Junction,1,Not an Intersection,0,None,,,1,On Roadway,5,Dusk,,,,,1,Clear,0,No,0000000,Not Applicable,99,Unknown,99,Unknown,99,Unknown EMS Scene Arrival Hour,99,Unknown EMS Scene Arrival Minutes,99,Unknown,99,Unknown EMS Hospital Arrival Time,,,,,,,1,0
2020,4,40261,Arizona,2,1,1,0,0,1,1,19,PIMA (19),530,TUCSON,24,24,5,May,2020,1,Sunday,4,4:00am-4:59am,37,37,0,This section IS NOT on the NHS,2,Urban,99,Unknown,99,Unknown,9,Unknown,CALLE ARAGON,,0,None,32.12899722,32.12899722,-110.983327780,-110.983327780,0,No Special Jurisdiction,14,Parked Motor Vehicle,0,The First Harmful Event was Not a Collision with a Motor Vehicle in Transport,0,No,1,Non-Junction,1,Not an Intersection,0,None,,,4,On Roadside,3,Dark - Lighted,,,,,1,Clear,0,No,0000000,Not Applicable,4,4:00am-4:59am,37,37,4,4:00am-4:59am,44,44,5,5:00am-5:59am,8,8,,,,,,,1,1
2020,4,40262,Arizona,1,1,0,0,0,4,4,13,MARICOPA (13),290,MESA,26,26,5,May,2020,3,Tuesday,9,9:00am-9:59am,30,30,0,This section IS NOT on the NHS,2,Urban,99,Unknown,99,Unknown,9,Unknown,GREENFIELD RD,,0,None,33.48288889,33.48288889,-111.735683330,-111.735683330,0,No Special Jurisdiction,33,Curb,0,The First Harmful Event was Not a Collision with a Motor Vehicle in Transport,0,No,1,Non-Junction,1,Not an Intersection,0,None,,,4,On Roadside,1,Daylight,,,,,1,Clear,0,No,0000000,Not Applicable,9,9:00am-9:59am,30,30,9,9:00am-9:59am,37,37,99,Unknown,99,Unknown EMS Hospital Arrival Time,,,,,,,2,1
2020,4,40263,Arizona,3,3,0,0,0,3,3,25,YAVAPAI (25),0,NOT APPLICABLE,27,27,5,May,2020,4,Wednesday,3,3:00am-3:59am,49,49,0,This section IS NOT on the NHS,1,Rural,4,Minor Arterial,1,State Highway Agency,3,State Highway,SR-169,,120,120,34.52343333,34.52343333,-112.045969440,-112.045969440,0,No Special Jurisdiction,12,Motor Vehicle In-Transport,8,Sideswipe - Opposite Direction,0,No,1,Non-Junction,1,Not an Intersection,0,None,,,1,On Roadway,2,Dark - Not Lighted,,,,,1,Clear,0,No,0000000,Not Applicable,3,3:00am-3:59am,51,51,4,4:00am-4:59am,5,5,99,Unknown,99,Unknown EMS Hospital Arrival Time,,,,,,,1,0
2020,4,40264,Arizona,1,1,0,1,1,2,2,13,MARICOPA (13),370,PHOENIX,27,27,5,May,2020,4,Wednesday,4,4:00am-4:59am,9,9,0,This section IS NOT on the NHS,2,Urban,4,Minor Arterial,4,City or Municipal Highway Agency,6,Local Street - Municipality,BETHANY HOME RD,,0,None,33.52413611,33.52413611,-112.101697220,-112.101697220,0,No Special Jurisdiction,9,Pedalcyclist,0,The First Harmful Event was Not a Collision with a Motor Vehicle in Transport,0,No,1,Non-Junction,1,Not an Intersection,0,None,,,1,On Roadway,3,Dark - Lighted,,,,,1,Clear,0,No,0000000,Not Applicable,4,4:00am-4:59am,10,10,4,4:00am-4:59am,15,15,88,"Not Applicable (Not Transported) ",88,Not Applicable (Not Transported),,,,,,,1,0
2020,4,40265,Arizona,1,1,0,0,0,1,1,7,GILA (7),600,WINKELMAN,27,27,5,May,2020,4,Wednesday,10,10:00am-10:59am,31,31,0,This section IS NOT on the NHS,1,Rural,5,Major Collector,1,State Highway Agency,3,State Highway,SR-177,,7,7,32.99165556,32.99165556,-110.780980560,-110.780980560,0,No Special Jurisdiction,35,Embankment,0,The First Harmful Event was Not a Collision with a Motor Vehicle in Transport,0,No,1,Non-Junction,1,Not an Intersection,0,None,,,4,On Roadside,1,Daylight,,,,,1,Clear,0,No,0000000,Not Applicable,10,10:00am-10:59am,33,33,10,10:00am-10:59am,57,57,88,"Not Applicable (Not Transported) ",88,Not Applicable (Not Transported),,,,,,,1,0
2020,4,40266,Arizona,1,1,0,1,1,1,1,19,PIMA (19),530,TUCSON,27,27,5,May,2020,4,Wednesday,20,8:00pm-8:59pm,18,18,0,This section IS NOT on the NHS,1,Rural,4,Minor Arterial,1,State Highway Agency,3,State Highway,SR-86,,1026,1026,32.08575278,32.08575278,-111.290663890,-111.290663890,0,No Special Jurisdiction,8,Pedestrian,0,The First Harmful Event was Not a Collision with a Motor Vehicle in Transport,0,No,1,Non-Junction,1,Not an Intersection,0,None,,,1,On Roadway,2,Dark - Not Lighted,,,,,1,Clear,0,No,0000000,Not Applicable,20,8:00pm-8:59pm,20,20,20,8:00pm-8:59pm,23,23,88,"Not Applicable (Not Transported) ",88,Not Applicable (Not Transported),,,,,,,1,0
2020,4,40267,Arizona,1,1,0,0,0,2,2,15,MOHAVE (15),572,WIKIEUP,28,28,5,May,2020,5,Thursday,1,1:00am-1:59am,3,3,1,This section IS ON the NHS,1,Rural,3,Principal Arterial - Other,1,State Highway Agency,2,U.S. Highway,US-93,,1416,1416,34.55258056,34.55258056,-113.452886110,-113.452886110,0,No Special Jurisdiction,1,Rollover/Overturn,0,The First Harmful Event was Not a Collision with a Motor Vehicle in Transport,0,No,1,Non-Junction,1,Not an Intersection,0,None,,,4,On Roadside,2,Dark - Not Lighted,,,,,1,Clear,0,No,0000000,Not Applicable,1,1:00am-1:59am,7,7,2,2:00am-2:59am,37,37,88,"Not Applicable (Not Transported) ",88,Not Applicable (Not Transported),,,,,,,2,0
2020,4,40268,Arizona,1,1,0,0,0,4,4,5,COCONINO (5),0,NOT APPLICABLE,28,28,5,May,2020,5,Thursday,14,2:00pm-2:59pm,40,40,1,This section IS ON the NHS,1,Rural,3,Principal Arterial - Other,1,State Highway Agency,3,State Highway,SR-260,,1024,1024,34.30246389,34.30246389,-110.857877780,-110.857877780,0,No Special Jurisdiction,43,Other Fixed Object,0,The First Harmful Event was Not a Collision with a Motor Vehicle in Transport,0,No,1,Non-Junction,1,Not an Intersection,0,None,,,4,On Roadside,1,Daylight,,,,,10,Cloudy,0,No,0000000,Not Applicable,14,2:00pm-2:59pm,49,49,15,3:00pm-3:59pm,10,10,99,Unknown,99,Unknown EMS Hospital Arrival Time,,,,,,,1,0
2020,4,40269,Arizona,2,2,0,0,0,4,4,19,PIMA (19),530,TUCSON,29,29,5,May,2020,6,Friday,19,7:00pm-7:59pm,31,31,0,This section IS NOT on the NHS,2,Urban,5,Major Collector,4,City or Municipal Highway Agency,6,Local Street - Municipality,OLD VAIL RD,HOUGHTON RD,0,None,32.08818056,32.08818056,-110.772658330,-110.772658330,0,No Special Jurisdiction,12,Motor Vehicle In-Transport,6,Angle,0,No,2,Intersection,4,Y-Intersection,0,None,,,1,On Roadway,3,Dark - Lighted,,,,,1,Clear,0,No,0000000,Not Applicable,19,7:00pm-7:59pm,31,31,19,7:00pm-7:59pm,40,40,20,8:00pm-8:59pm,13,13,,,,,,,1,1
2020,4,40270,Arizona,2,2,0,0,0,8,8,25,YAVAPAI (25),0,NOT APPLICABLE,31,31,5,May,2020,1,Sunday,8,8:00am-8:59am,19,19,0,This section IS NOT on the NHS,1,Rural,4,Minor Arterial,1,State Highway Agency,3,State Highway,SR-169,,30,30,34.54079167,34.54079167,-112.196405560,-112.196405560,0,No Special Jurisdiction,12,Motor Vehicle In-Transport,2,Front-to-Front,0,No,1,Non-Junction,1,Not an Intersection,0,None,,,1,On Roadway,1,Daylight,,,,,1,Clear,0,No,0000000,Not Applicable,8,8:00am-8:59am,21,21,8,8:00am-8:59am,30,30,99,Unknown,99,Unknown EMS Hospital Arrival Time,,,,,,,4,0