caseyear,state,st_case,statename,ve_total,ve_forms,pvh_invl,peds,pernotmvit,permvit,persons,county,countyname,city,cityname,day,dayname,month,monthname,year,day_week,day_weekname,hour,hourname,minute,minutename,nhs,nhsname,rur_urb,rur_urbname,func_sys,func_sysname,rd_owner,rd_ownername,route,routename,tway_id,tway_id2,milept,mileptname,latitude,latitudename,longitud,longitudname,sp_jur,sp_jurname,harm_ev,harm_evname,man_coll,man_collname,reljct1,reljct1name,reljct2,reljct2name,typ_int,typ_intname,wrk_zone,wrk_zonename,road_fnc,road_fncname,rel_road,rel_roadname,lgt_cond,lgt_condname,weather1,weather1name,weather2,weather2name,weather,weathername,sch_bus,sch_busname,rail,railname,not_hour,not_hourname,not_min,not_minname,arr_hour,arr_hourname,arr_min,arr_minname,hosp_hr,hosp_hrname,hosp_mn,hosp_mnname,cf1,cf1name,cf2,cf2name,cf3,cf3name,fatals,drunk_dr
2020,4,40271,Arizona,1,1,0,1,1,1,1,13,MARICOPA (13),370,PHOENIX,13,13,2,February,2020,5,Thursday,17,5:00pm-5:59pm,40,40,0,This section IS NOT on the NHS,2,Urban,99,Unknown,99,Unknown,9,Unknown,CLINTON ST,,0,None,33.58305000,33.58305000,-112.062491670,-112.062491670,0,No Special Jurisdiction,8,Pedestrian,0,The First Harmful Event was Not a Collision with a Motor Vehicle in Transport,0,No,1,Non-Junction,1,Not an Intersection,0,None,,,4,On Roadside,1,Daylight,,,,,1,Clear,0,No,0000000,Not Applicable,99,Unknown,99,Unknown,99,Unknown EMS Scene Arrival Hour,99,Unknown EMS Scene Arrival Minutes,99,Unknown,99,Unknown EMS Hospital Arrival Time,,,,,,,1,0
2020,4,40272,Arizona,1,1,0,1,1,1,1,19,PIMA (19),530,TUCSON,16,16,2,February,2020,1,Sunday,0,0:00am-0:59am,57,57,0,This section IS NOT on the NHS,2,Urban,5,Major Collector,4,City or Municipal Highway Agency,6,Local Street - Municipality,DREXEL RD,HOLLADAY RD,0,None,32.14865000,32.14865000,-110.980591670,-110.980591670,0,No Special Jurisdiction,8,Pedestrian,0,The First Harmful Event was Not a Collision with a Motor Vehicle in Transport,0,No,3,Intersection-Related,3,T-Intersection,0,None,,,1,On Roadway,2,Dark - Not Lighted,,,,,1,Clear,0,No,0000000,Not Applicable,0,0:00am-0:59am,58,58,1,1:00am-1:59am,7,7,1,1:00am-1:59am,25,25,,,,,,,1,1
2020,4,40273,Arizona,1,1,0,0,0,1,1,25,YAVAPAI (25),82,CHINO VALLEY,19,19,2,February,2020,4,Wednesday,14,2:00pm-2:59pm,15,15,0,This section IS NOT on the NHS,2,Urban,99,Unknown,99,Unknown,9,Unknown,S ROAD 1 E,,0,None,34.71811667,34.71811667,-112.446994440,-112.446994440,0,No Special Jurisdiction,99,Reported as Unknown,99,Reported as Unknown,0,No,1,Non-Junction,1,Not an Intersection,0,None,,,4,On Roadside,1,Daylight,,,,,1,Clear,0,No,0000000,Not Applicable,99,Unknown,99,Unknown,99,Unknown EMS Scene Arrival Hour,99,Unknown EMS Scene Arrival Minutes,88,"Not Applicable (Not Transported) ",88,Not Applicable (Not Transported),,,,,,,1,0
2020,4,40274,Arizona,1,1,0,1,1,1,1,13,MARICOPA (13),420,SCOTTSDALE,20,20,2,February,2020,5,Thursday,6,6:00am-6:59am,21,21,0,This section IS NOT on the NHS,2,Urban,5,Major Collector,4,City or Municipal Highway Agency,6,Local Street - Municipality,68TH,,0,None,33.48133333,33.48133333,-111.934741670,-111.934741670,0,No Special Jurisdiction,8,Pedestrian,0,The First Harmful Event was Not a Collision with a Motor Vehicle in Transport,0,No,1,Non-Junction,1,Not an Intersection,0,None,,,1,On Roadway,3,Dark - Lighted,,,,,1,Clear,0,No,0000000,Not Applicable,6,6:00am-6:59am,21,21,6,6:00am-6:59am,27,27,88,"Not Applicable (Not Transported) ",88,Not Applicable (Not Transported),,,,,,,1,1
2020,4,40275,Arizona,1,1,0,0,0,2,2,13,MARICOPA (13),420,SCOTTSDALE,2,2,3,March,2020,2,Monday,15,3:00pm-3:59pm,52,52,0,This section IS NOT on the NHS,2,Urban,5,Major Collector,4,City or Municipal Highway Agency,6,Local Street - Municipality,HAYDEN RD,83RD PL,0,None,33.62373056,33.62373056,-111.902983330,-111.902983330,0,No Special Jurisdiction,33,Curb,0,The First Harmful Event was Not a Collision with a Motor Vehicle in Transport,0,No,3,Intersection-Related,4,Y-Intersection,0,None,,,4,On Roadside,1,Daylight,,,,,10,Cloudy,0,No,0000000,Not Applicable,15,3:00pm-3:59pm,53,53,16,4:00pm-4:59pm,0,0,16,4:00pm-4:59pm,26,26,,,,,,,1,0
2020,4,40276,Arizona,2,2,0,1,1,2,2,13,MARICOPA (13),370,PHOENIX,3,3,3,March,2020,3,Tuesday,6,6:00am-6:59am,18,18,0,This section IS NOT on the NHS,2,Urban,4,Minor Arterial,4,City or Municipal Highway Agency,6,Local Street - Municipality,43RD AVE,,0,None,33.46333333,33.46333333,-112.151797220,-112.151797220,0,No Special Jurisdiction,8,Pedestrian,0,The First Harmful Event was Not a Collision with a Motor Vehicle in Transport,0,No,1,Non-Junction,1,Not an Intersection,0,None,,,1,On Roadway,3,Dark - Lighted,,,,,1,Clear,0,No,0000000,Not Applicable,99,Unknown,99,Unknown,99,Unknown EMS Scene Arrival Hour,99,Unknown EMS Scene Arrival Minutes,88,"Not Applicable (Not Transported) ",88,Not Applicable (Not Transported),,,,,,,1,0
2020,4,40277,Arizona,2,2,0,0,0,2,2,13,MARICOPA (13),60,BUCKEYE,3,3,3,March,2020,3,Tuesday,17,5:00pm-5:59pm,27,27,0,This section IS NOT on the NHS,1,Rural,5,Major Collector,2,County Highway Agency,4,County Road,CR-OLD US 80,307TH AVE,0,None,33.34851667,33.34851667,-112.711836110,-112.711836110,0,No Special Jurisdiction,12,Motor Vehicle In-Transport,6,Angle,0,No,2,Intersection,3,T-Intersection,0,None,,,1,On Roadway,5,Dusk,,,,,1,Clear,0,No,0000000,Not Applicable,17,5:00pm-5:59pm,27,27,17,5:00pm-5:59pm,35,35,88,"Not Applicable (Not Transported) ",88,Not Applicable (Not Transported),,,,,,,1,0
2020,4,40278,Arizona,2,2,0,0,0,7,7,21,PINAL (21),487,SUPERIOR,5,5,3,March,2020,5,Thursday,12,12:00pm-12:59pm,47,47,1,This section IS ON the NHS,1,Rural,3,Principal Arterial - Other,1,State Highway Agency,2,U.S. Highway,US-60,WESTERN AVE,99999,Unknown,33.28742778,33.28742778,-111.104627780,-111.104627780,0,No Special Jurisdiction,12,Motor Vehicle In-Transport,6,Angle,1,Yes,2,Intersection,4,Y-Intersection,0,None,,,1,On Roadway,1,Daylight,,,,,1,Clear,0,No,0000000,Not Applicable,99,Unknown,99,Unknown,99,Unknown EMS Scene Arrival Hour,99,Unknown EMS Scene Arrival Minutes,88,"Not Applicable (Not Transported) ",88,Not Applicable (Not Transported),,,,,,,2,0
2020,4,40279,Arizona,1,1,0,0,0,2,2,19,PIMA (19),530,TUCSON,6,6,3,March,2020,6,Friday,22,10:00pm-10:59pm,9,9,0,This section IS NOT on the NHS,2,Urban,5,Major Collector,4,City or Municipal Highway Agency,6,Local Street - Municipality,COUNTRY CLUB RD,,0,None,32.16816667,32.16816667,-110.926347220,-110.926347220,0,No Special Jurisdiction,44,"Pavement Surface Irregularity (Ruts, Potholes, Grates, etc.)",0,The First Harmful Event was Not a Collision with a Motor Vehicle in Transport,0,No,1,Non-Junction,1,Not an Intersection,0,None,,,1,On Roadway,2,Dark - Not Lighted,,,,,1,Clear,0,No,0000000,Not Applicable,99,Unknown,99,Unknown,99,Unknown EMS Scene Arrival Hour,99,Unknown EMS Scene Arrival Minutes,88,"Not Applicable (Not Transported) ",88,Not Applicable (Not Transported),,,,,,,2,1
2020,4,40280,Arizona,1,1,0,2,2,1,1,13,MARICOPA (13),420,SCOTTSDALE,7,7,3,March,2020,7,Saturday,9,9:00am-9:59am,39,39,0,This section IS NOT on the NHS,2,Urban,3,Principal Arterial - Other,1,State Highway Agency,6,Local Street - Municipality,"HAYDEN RD ",,0,None,33.55735833,33.55735833,-111.898677780,-111.898677780,0,No Special Jurisdiction,33,Curb,0,The First Harmful Event was Not a Collision with a Motor Vehicle in Transport,0,No,1,Non-Junction,1,Not an Intersection,0,None,,,4,On Roadside,1,Daylight,,,,,1,Clear,0,No,0000000,Not Applicable,9,9:00am-9:59am,39,39,9,9:00am-9:59am,44,44,10,10:00am-10:59am,10,10,,,,,,,1,0
2020,4,40281,Arizona,1,1,0,0,0,1,1,21,PINAL (21),180,FLORENCE,7,7,3,March,2020,7,Saturday,18,6:00pm-6:59pm,1,1,0,This section IS NOT on the NHS,1,Rural,4,Minor Arterial,3,Town or Township Highway Agency,5,Local Street - Township,HUNT HWY,,0,None,33.05242778,33.05242778,-111.408011110,-111.408011110,0,No Special Jurisdiction,43,Other Fixed Object,0,The First Harmful Event was Not a Collision with a Motor Vehicle in Transport,0,No,1,Non-Junction,1,Not an Intersection,0,None,,,4,On Roadside,1,Daylight,,,,,1,Clear,0,No,0000000,Not Applicable,18,6:00pm-6:59pm,1,1,18,6:00pm-6:59pm,8,8,19,7:00pm-7:59pm,0,0,,,,,,,1,1
2020,4,40282,Arizona,2,2,0,0,0,4,4,13,MARICOPA (13),80,CHANDLER,9,9,3,March,2020,2,Monday,20,8:00pm-8:59pm,32,32,0,This section IS NOT on the NHS,2,Urban,3,Principal Arterial - Other,4,City or Municipal Highway Agency,6,Local Street - Municipality,DOBSON RD,RAY RD,0,None,33.32047500,33.32047500,-111.876408330,-111.876408330,0,No Special Jurisdiction,12,Motor Vehicle In-Transport,6,Angle,0,No,2,Intersection,4,Y-Intersection,0,None,,,1,On Roadway,3,Dark - Lighted,,,,,10,Cloudy,0,No,0000000,Not Applicable,20,8:00pm-8:59pm,32,32,20,8:00pm-8:59pm,37,37,20,8:00pm-8:59pm,47,47,,,,,,,1,0
2020,4,40283,Arizona,1,1,0,1,1,1,1,13,MARICOPA (13),370,PHOENIX,9,9,3,March,2020,2,Monday,23,11:00pm-11:59pm,14,14,0,This section IS NOT on the NHS,2,Urban,3,Principal Arterial - Other,4,City or Municipal Highway Agency,6,Local Street - Municipality,PEORIA RD,,0,None,33.58200000,33.58200000,-112.111863890,-112.111863890,0,No Special Jurisdiction,8,Pedestrian,0,The First Harmful Event was Not a Collision with a Motor Vehicle in Transport,0,No,1,Non-Junction,1,Not an Intersection,0,None,,,1,On Roadway,3,Dark - Lighted,,,,,1,Clear,0,No,0000000,Not Applicable,23,11:00pm-11:59pm,15,15,23,11:00pm-11:59pm,16,16,23,11:00pm-11:59pm,33,33,,,,,,,1,0
2020,4,40284,Arizona,3,3,0,0,0,5,5,13,MARICOPA (13),370,PHOENIX,11,11,3,March,2020,4,Wednesday,17,5:00pm-5:59pm,8,8,1,This section IS ON the NHS,2,Urban,3,Principal Arterial - Other,4,City or Municipal Highway Agency,6,Local Street - Municipality,7TH ST,DUNLAP AVE,0,None,33.56793889,33.56793889,-112.065219440,-112.065219440,0,No Special Jurisdiction,12,Motor Vehicle In-Transport,6,Angle,0,No,2,Intersection,7,"Five Point, or More",0,None,,,1,On Roadway,1,Daylight,,,,,1,Clear,0,No,0000000,Not Applicable,17,5:00pm-5:59pm,10,10,17,5:00pm-5:59pm,12,12,99,Unknown,99,Unknown EMS Hospital Arrival Time,,,,,,,1,0
2020,4,40285,Arizona,1,1,0,1,1,1,1,13,MARICOPA (13),370,PHOENIX,11,11,3,March,2020,4,Wednesday,17,5:00pm-5:59pm,23,23,0,This section IS NOT on the NHS,2,Urban,3,Principal Arterial - Other,4,City or Municipal Highway Agency,6,Local Street - Municipality,PEORIA AVE,19TH AVE,0,None,33.58208889,33.58208889,-112.099677780,-112.099677780,0,No Special Jurisdiction,8,Pedestrian,0,The First Harmful Event was Not a Collision with a Motor Vehicle in Transport,0,No,3,Intersection-Related,4,Y-Intersection,0,None,,,1,On Roadway,1,Daylight,,,,,2,Rain,0,No,0000000,Not Applicable,17,5:00pm-5:59pm,23,23,17,5:00pm-5:59pm,28,28,17,5:00pm-5:59pm,42,42,,,,,,,1,0
2020,4,40286,Arizona,2,2,0,0,0,3,3,13,MARICOPA (13),80,CHANDLER,14,14,3,March,2020,7,Saturday,16,4:00pm-4:59pm,12,12,0,This section IS NOT on the NHS,2,Urban,3,Principal Arterial - Other,4,City or Municipal Highway Agency,6,Local Street - Municipality,WARNER RD,SABA ST,0,None,33.33517778,33.33517778,-111.826455560,-111.826455560,0,No Special Jurisdiction,12,Motor Vehicle In-Transport,6,Angle,0,No,2,Intersection,3,T-Intersection,0,None,,,1,On Roadway,1,Daylight,,,,,1,Clear,0,No,0000000,Not Applicable,16,4:00pm-4:59pm,13,13,16,4:00pm-4:59pm,18,18,16,4:00pm-4:59pm,38,38,,,,,,,1,1
2020,4,40287,Arizona,1,1,0,0,0,2,2,15,MOHAVE (15),269,LITTLEFIELD,14,14,3,March,2020,7,Saturday,17,5:00pm-5:59pm,14,14,0,This section IS NOT on the NHS,1,Rural,99,Unknown,99,Unknown,9,Unknown,RIO VIRGIN,,0,None,36.90612222,36.90612222,-113.928069440,-113.928069440,0,No Special Jurisdiction,99,Reported as Unknown,99,Reported as Unknown,0,No,98,Not Reported,98,Not Reported,0,None,,,98,Not Reported,1,Daylight,,,,,1,Clear,0,No,0000000,Not Applicable,17,5:00pm-5:59pm,18,18,17,5:00pm-5:59pm,20,20,88,"Not Applicable (Not Transported) ",88,Not Applicable (Not Transported),,,,,,,1,1
2020,4,40288,Arizona,1,1,0,1,1,3,3,13,MARICOPA (13),370,PHOENIX,25,25,3,March,2020,4,Wednesday,22,10:00pm-10:59pm,35,35,0,This section IS NOT on the NHS,2,Urban,4,Minor Arterial,4,City or Municipal Highway Agency,6,Local Street - Municipality,59TH AVE,,0,None,33.48425833,33.48425833,-112.186425000,-112.186425000,0,No Special Jurisdiction,8,Pedestrian,0,The First Harmful Event was Not a Collision with a Motor Vehicle in Transport,0,No,1,Non-Junction,1,Not an Intersection,0,None,,,11,Continuous Left - Turn Lane,3,Dark - Lighted,,,,,1,Clear,0,No,0000000,Not Applicable,22,10:00pm-10:59pm,35,35,22,10:00pm-10:59pm,39,39,88,"Not Applicable (Not Transported) ",88,Not Applicable (Not Transported),,,,,,,1,0
2020,4,40289,Arizona,1,1,0,0,0,1,1,3,COCHISE (3),9997,Other,26,26,3,March,2020,5,Thursday,23,11:00pm-11:59pm,13,13,1,This section IS ON the NHS,2,Urban,3,Principal Arterial - Other,1,State Highway Agency,3,State Highway,SR-80,,464,464,31.44562222,31.44562222,-109.928363890,-109.928363890,0,No Special Jurisdiction,24,Guardrail Face,0,The First Harmful Event was Not a Collision with a Motor Vehicle in Transport,0,No,1,Non-Junction,1,Not an Intersection,0,None,,,4,On Roadside,2,Dark - Not Lighted,,,,,3,Sleet or Hail,0,No,0000000,Not Applicable,23,11:00pm-11:59pm,16,16,23,11:00pm-11:59pm,16,16,0,0:00am-0:59am,51,51,,,,,,,1,1
2020,4,40290,Arizona,1,1,0,0,0,1,1,5,COCONINO (5),321,MORMON LAKE,28,28,3,March,2020,7,Saturday,7,7:00am-7:59am,29,29,0,This section IS NOT on the NHS,1,Rural,5,Major Collector,2,County Highway Agency,4,County Road,CR-LAKE MARY RD,,0,None,34.89144722,34.89144722,-111.438202780,-111.438202780,0,No Special Jurisdiction,35,Embankment,0,The First Harmful Event was Not a Collision with a Motor Vehicle in Transport,0,No,1,Non-Junction,1,Not an Intersection,0,None,,,4,On Roadside,1,Daylight,,,,,4,Snow,0,No,0000000,Not Applicable,7,7:00am-7:59am,29,29,7,7:00am-7:59am,49,49,99,Unknown,99,Unknown EMS Hospital Arrival Time,,,,,,,1,0
2020,4,40291,Arizona,1,1,0,0,0,1,1,13,MARICOPA (13),368,PEORIA,31,31,3,March,2020,3,Tuesday,11,11:00am-11:59am,20,20,0,This section IS NOT on the NHS,2,Urban,5,Major Collector,2,County Highway Agency,4,County Road,CR-BOSWELL RD,,0,None,33.61732778,33.61732778,-112.270408330,-112.270408330,0,No Special Jurisdiction,5,Fell/Jumped from Vehicle,0,The First Harmful Event was Not a Collision with a Motor Vehicle in Transport,0,No,1,Non-Junction,1,Not an Intersection,0,None,,,4,On Roadside,1,Daylight,,,,,1,Clear,0,No,0000000,Not Applicable,11,11:00am-11:59am,20,20,11,11:00am-11:59am,24,24,12,12:00pm-12:59pm,0,0,,,,,,,1,0
2020,4,40292,Arizona,1,1,0,1,1,1,1,13,MARICOPA (13),420,SCOTTSDALE,1,1,4,April,2020,4,Wednesday,5,5:00am-5:59am,48,48,0,This section IS NOT on the NHS,9,Unknown,99,Unknown,99,Unknown,9,Unknown,MACKENZIE DR,,0,None,33.49786667,33.49786667,-111.898430560,-111.898430560,0,No Special Jurisdiction,8,Pedestrian,0,The First Harmful Event was Not a Collision with a Motor Vehicle in Transport,0,No,1,Non-Junction,1,Not an Intersection,0,None,,,1,On Roadway,2,Dark - Not Lighted,,,,,10,Cloudy,0,No,0000000,Not Applicable,5,5:00am-5:59am,48,48,5,5:00am-5:59am,54,54,88,"Not Applicable (Not Transported) ",88,Not Applicable (Not Transported),,,,,,,1,0
2020,4,40293,Arizona,1,1,0,0,0,2,2,13,MARICOPA (13),420,SCOTTSDALE,1,1,4,April,2020,4,Wednesday,11,11:00am-11:59am,28,28,0,This section IS NOT on the NHS,2,Urban,3,Principal Arterial - Other,4,City or Municipal Highway Agency,6,Local Street - Municipality,SCOTTSDALE RD,,0,None,33.68507222,33.68507222,-111.925355560,-111.925355560,0,No Special Jurisdiction,1,Rollover/Overturn,0,The First Harmful Event was Not a Collision with a Motor Vehicle in Transport,0,No,1,Non-Junction,1,Not an Intersection,0,None,,,4,On Roadside,1,Daylight,,,,,1,Clear,0,No,0000000,Not Applicable,11,11:00am-11:59am,30,30,11,11:00am-11:59am,40,40,12,12:00pm-12:59pm,15,15,,,,,,,1,0
2020,4,40294,Arizona,1,1,0,0,0,1,1,21,PINAL (21),9999,Unknown,2,2,4,April,2020,5,Thursday,16,4:00pm-4:59pm,19,19,1,This section IS ON the NHS,1,Rural,3,Principal Arterial - Other,1,State Highway Agency,2,U.S. Highway,US-60,,1865,1865,33.27621944,33.27621944,-111.229530560,-111.229530560,0,No Special Jurisdiction,43,Other Fixed Object,0,The First Harmful Event was Not a Collision with a Motor Vehicle in Transport,0,No,1,Non-Junction,1,Not an Intersection,0,None,,,3,On Median,1,Daylight,,,,,1,Clear,0,No,0000000,Not Applicable,16,4:00pm-4:59pm,18,18,16,4:00pm-4:59pm,35,35,88,"Not Applicable (Not Transported) ",88,Not Applicable (Not Transported),,,,,,,1,0
2020,4,40295,Arizona,1,1,0,1,1,1,1,13,MARICOPA (13),370,PHOENIX,4,4,4,April,2020,7,Saturday,21,9:00pm-9:59pm,22,22,0,This section IS NOT on the NHS,2,Urban,4,Minor Arterial,4,City or Municipal Highway Agency,6,Local Street - Municipality,43RD AVE,GRANADA RD,0,None,33.46878333,33.46878333,-112.151786110,-112.151786110,0,No Special Jurisdiction,8,Pedestrian,0,The First Harmful Event was Not a Collision with a Motor Vehicle in Transport,0,No,3,Intersection-Related,3,T-Intersection,0,None,,,1,On Roadway,3,Dark - Lighted,,,,,1,Clear,0,No,0000000,Not Applicable,21,9:00pm-9:59pm,22,22,21,9:00pm-9:59pm,26,26,21,9:00pm-9:59pm,47,47,,,,,,,1,0
2020,4,40296,Arizona,1,1,0,0,0,1,1,13,MARICOPA (13),370,PHOENIX,10,10,4,April,2020,6,Friday,7,7:00am-7:59am,21,21,0,This section IS NOT on the NHS,2,Urban,4,Minor Arterial,4,City or Municipal Highway Agency,6,Local Street - Municipality,7TH AVE,,0,None,33.41743611,33.41743611,-112.082211110,-112.082211110,0,No Special Jurisdiction,33,Curb,0,The First Harmful Event was Not a Collision with a Motor Vehicle in Transport,0,No,1,Non-Junction,1,Not an Intersection,0,None,,,4,On Roadside,1,Daylight,,,,,1,Clear,0,No,0000000,Not Applicable,7,7:00am-7:59am,21,21,7,7:00am-7:59am,45,45,88,"Not Applicable (Not Transported) ",88,Not Applicable (Not Transported),,,,,,,1,0
2020,4,40297,Arizona,1,1,0,0,0,1,1,19,PIMA (19),530,TUCSON,11,11,4,April,2020,7,Saturday,23,11:00pm-11:59pm,38,38,0,This section IS NOT on the NHS,1,Rural,5,Major Collector,2,County Highway Agency,4,County Road,CR-GENERAL HITCHCOCK HWY,,0,None,32.37035833,32.37035833,-110.709658330,-110.709658330,0,No Special Jurisdiction,24,Guardrail Face,0,The First Harmful Event was Not a Collision with a Motor Vehicle in Transport,0,No,1,Non-Junction,1,Not an Intersection,0,None,,,4,On Roadside,2,Dark - Not Lighted,,,,,1,Clear,0,No,0000000,Not Applicable,99,Unknown,99,Unknown,99,Unknown EMS Scene Arrival Hour,99,Unknown EMS Scene Arrival Minutes,88,"Not Applicable (Not Transported) ",88,Not Applicable (Not Transported),,,,,,,1,0
2020,4,40298,Arizona,1,1,0,1,1,1,1,13,MARICOPA (13),370,PHOENIX,17,17,4,April,2020,6,Friday,7,7:00am-7:59am,19,19,1,This section IS ON the NHS,2,Urban,1,Interstate,1,State Highway Agency,1,Interstate,I-17,,2100,2100,33.60966667,33.60966667,-112.116550000,-112.116550000,0,No Special Jurisdiction,8,Pedestrian,0,The First Harmful Event was Not a Collision with a Motor Vehicle in Transport,0,No,1,Non-Junction,1,Not an Intersection,0,None,,,2,On Shoulder,3,Dark - Lighted,,,,,1,Clear,0,No,0000000,Not Applicable,7,7:00am-7:59am,59,59,8,8:00am-8:59am,11,11,88,"Not Applicable (Not Transported) ",88,Not Applicable (Not Transported),,,,,,,1,0
2020,4,40300,Arizona,1,1,0,0,0,1,1,19,PIMA (19),530,TUCSON,23,23,4,April,2020,5,Thursday,20,8:00pm-8:59pm,28,28,0,This section IS NOT on the NHS,2,Urban,4,Minor Arterial,4,City or Municipal Highway Agency,6,Local Street - Municipality,IRVINGTON RD,,0,None,32.16281111,32.16281111,-110.839691670,-110.839691670,0,No Special Jurisdiction,24,Guardrail Face,0,The First Harmful Event was Not a Collision with a Motor Vehicle in Transport,0,No,1,Non-Junction,1,Not an Intersection,0,None,,,3,On Median,2,Dark - Not Lighted,,,,,1,Clear,0,No,0000000,Not Applicable,99,Unknown,99,Unknown,99,Unknown EMS Scene Arrival Hour,99,Unknown EMS Scene Arrival Minutes,88,"Not Applicable (Not Transported) ",88,Not Applicable (Not Transported),,,,,,,1,0
2020,4,40301,Arizona,1,1,0,0,0,1,1,21,PINAL (21),405,SACATON,25,25,4,April,2020,7,Saturday,6,6:00am-6:59am,7,7,1,This section IS ON the NHS,1,Rural,1,Interstate,1,State Highway Agency,1,Interstate,I-10,,1732,1732,33.14998611,33.14998611,-111.866966670,-111.866966670,0,No Special Jurisdiction,33,Curb,0,The First Harmful Event was Not a Collision with a Motor Vehicle in Transport,0,No,1,Non-Junction,1,Not an Intersection,0,None,,,4,On Roadside,4,Dawn,,,,,1,Clear,0,No,0000000,Not Applicable,6,6:00am-6:59am,9,9,6,6:00am-6:59am,25,25,88,"Not Applicable (Not Transported) ",88,Not Applicable (Not Transported),,,,,,,1,0
2020,4,40302,Arizona,1,1,0,1,1,3,3,13,MARICOPA (13),370,PHOENIX,28,28,4,April,2020,3,Tuesday,12,12:00pm-12:59pm,31,31,0,This section IS NOT on the NHS,2,Urban,4,Minor Arterial,4,City or Municipal Highway Agency,6,Local Street - Municipality,MCDOWEL RD,,0,None,33.46597500,33.46597500,-112.149288890,-112.149288890,0,No Special Jurisdiction,8,Pedestrian,0,The First Harmful Event was Not a Collision with a Motor Vehicle in Transport,0,No,8,Driveway Access Related,1,Not an Intersection,0,None,,,1,On Roadway,1,Daylight,,,,,1,Clear,0,No,0000000,Not Applicable,12,12:00pm-12:59pm,33,33,12,12:00pm-12:59pm,37,37,12,12:00pm-12:59pm,54,54,,,,,,,1,0
2020,4,40303,Arizona,1,1,0,1,1,1,1,19,PIMA (19),530,TUCSON,29,29,4,April,2020,4,Wednesday,19,7:00pm-7:59pm,15,15,0,This section IS NOT on the NHS,2,Urban,3,Principal Arterial - Other,2,County Highway Agency,4,County Road,CR-ORANGE GROVE RD,,0,None,32.32318056,32.32318056,-111.034005560,-111.034005560,0,No Special Jurisdiction,8,Pedestrian,0,The First Harmful Event was Not a Collision with a Motor Vehicle in Transport,0,No,1,Non-Junction,1,Not an Intersection,0,None,,,1,On Roadway,5,Dusk,,,,,1,Clear,0,No,0000000,Not Applicable,99,Unknown,99,Unknown,99,Unknown EMS Scene Arrival Hour,99,Unknown EMS Scene Arrival Minutes,88,"Not Applicable (Not Transported) ",88,Not Applicable (Not Transported),,,,,,,1,0
2020,4,40304,Arizona,1,1,0,1,1,1,1,13,MARICOPA (13),370,PHOENIX,30,30,4,April,2020,5,Thursday,23,11:00pm-11:59pm,54,54,1,This section IS ON the NHS,2,Urban,3,Principal Arterial - Other,4,City or Municipal Highway Agency,6,Local Street - Municipality,7TH ST,,0,None,33.40753333,33.40753333,-112.064602780,-112.064602780,0,No Special Jurisdiction,8,Pedestrian,0,The First Harmful Event was Not a Collision with a Motor Vehicle in Transport,0,No,1,Non-Junction,1,Not an Intersection,0,None,,,1,On Roadway,3,Dark - Lighted,,,,,1,Clear,0,No,0000000,Not Applicable,23,11:00pm-11:59pm,54,54,23,11:00pm-11:59pm,59,59,0,0:00am-0:59am,17,17,,,,,,,1,0
2020,4,40305,Arizona,1,1,0,0,0,1,1,13,MARICOPA (13),490,TEMPE,19,19,5,May,2020,3,Tuesday,22,10:00pm-10:59pm,14,14,0,This section IS NOT on the NHS,2,Urban,4,Minor Arterial,4,City or Municipal Highway Agency,6,Local Street - Municipality,CURRY RD,,0,None,33.44019722,33.44019722,-111.934988890,-111.934988890,0,No Special Jurisdiction,33,Curb,0,The First Harmful Event was Not a Collision with a Motor Vehicle in Transport,0,No,1,Non-Junction,1,Not an Intersection,0,None,,,4,On Roadside,3,Dark - Lighted,,,,,1,Clear,0,No,0000000,Not Applicable,22,10:00pm-10:59pm,14,14,22,10:00pm-10:59pm,20,20,22,10:00pm-10:59pm,35,35,,,,,,,1,0
2020,4,40306,Arizona,1,1,0,1,1,1,1,19,PIMA (19),530,TUCSON,2,2,6,June,2020,3,Tuesday,0,0:00am-0:59am,32,32,0,This section IS NOT on the NHS,2,Urban,4,Minor Arterial,4,City or Municipal Highway Agency,6,Local Street - Municipality,DREXEL RD,COPPER PLATE DR,0,None,32.14862500,32.14862500,-110.953466670,-110.953466670,0,No Special Jurisdiction,8,Pedestrian,0,The First Harmful Event was Not a Collision with a Motor Vehicle in Transport,0,No,3,Intersection-Related,3,T-Intersection,0,None,,,11,Continuous Left - Turn Lane,2,Dark - Not Lighted,,,,,10,Cloudy,0,No,0000000,Not Applicable,0,0:00am-0:59am,32,32,0,0:00am-0:59am,38,38,0,0:00am-0:59am,59,59,,,,,,,1,0
2020,4,40307,Arizona,1,1,0,0,0,5,5,3,COCHISE (3),0,NOT APPLICABLE,2,2,6,June,2020,3,Tuesday,19,7:00pm-7:59pm,31,31,0,This section IS NOT on the NHS,1,Rural,5,Major Collector,1,State Highway Agency,3,State Highway,SR-80,,1038,1038,31.62255278,31.62255278,-109.210491670,-109.210491670,0,No Special Jurisdiction,1,Rollover/Overturn,0,The First Harmful Event was Not a Collision with a Motor Vehicle in Transport,0,No,1,Non-Junction,1,Not an Intersection,0,None,,,4,On Roadside,2,Dark - Not Lighted,,,,,1,Clear,0,No,0000000,Not Applicable,19,7:00pm-7:59pm,40,40,19,7:00pm-7:59pm,57,57,99,Unknown,99,Unknown EMS Hospital Arrival Time,,,,,,,3,0