caseyear,state,st_case,statename,ve_total,ve_forms,pvh_invl,peds,pernotmvit,permvit,persons,county,countyname,city,cityname,day,dayname,month,monthname,year,day_week,day_weekname,hour,hourname,minute,minutename,nhs,nhsname,rur_urb,rur_urbname,func_sys,func_sysname,rd_owner,rd_ownername,route,routename,tway_id,tway_id2,milept,mileptname,latitude,latitudename,longitud,longitudname,sp_jur,sp_jurname,harm_ev,harm_evname,man_coll,man_collname,reljct1,reljct1name,reljct2,reljct2name,typ_int,typ_intname,wrk_zone,wrk_zonename,road_fnc,road_fncname,rel_road,rel_roadname,lgt_cond,lgt_condname,weather1,weather1name,weather2,weather2name,weather,weathername,sch_bus,sch_busname,rail,railname,not_hour,not_hourname,not_min,not_minname,arr_hour,arr_hourname,arr_min,arr_minname,hosp_hr,hosp_hrname,hosp_mn,hosp_mnname,cf1,cf1name,cf2,cf2name,cf3,cf3name,fatals,drunk_dr
2020,4,40309,Arizona,1,1,0,0,0,1,1,25,YAVAPAI (25),257,KIRKLAND,3,3,6,June,2020,4,Wednesday,12,12:00pm-12:59pm,54,54,0,This section IS NOT on the NHS,1,Rural,5,Major Collector,1,State Highway Agency,3,State Highway,SR-96,,186,186,34.44451667,34.44451667,-112.939494440,-112.939494440,0,No Special Jurisdiction,35,Embankment,0,The First Harmful Event was Not a Collision with a Motor Vehicle in Transport,0,No,1,Non-Junction,1,Not an Intersection,0,None,,,4,On Roadside,1,Daylight,,,,,1,Clear,0,No,0000000,Not Applicable,12,12:00pm-12:59pm,59,59,13,1:00pm-1:59pm,23,23,14,2:00pm-2:59pm,48,48,,,,,,,1,0
2020,4,40310,Arizona,2,2,0,0,0,4,4,19,PIMA (19),530,TUCSON,4,4,6,June,2020,5,Thursday,16,4:00pm-4:59pm,31,31,0,This section IS NOT on the NHS,2,Urban,3,Principal Arterial - Other,4,City or Municipal Highway Agency,6,Local Street - Municipality,22ND ST,COLUMBUS BLVD,0,None,32.20691667,32.20691667,-110.900927780,-110.900927780,0,No Special Jurisdiction,12,Motor Vehicle In-Transport,2,Front-to-Front,0,No,2,Intersection,4,Y-Intersection,0,None,,,1,On Roadway,1,Daylight,,,,,1,Clear,0,No,0000000,Not Applicable,16,4:00pm-4:59pm,31,31,16,4:00pm-4:59pm,34,34,17,5:00pm-5:59pm,0,0,,,,,,,1,0
2020,4,40311,Arizona,2,2,0,0,0,3,3,17,NAVAJO (17),240,HOLBROOK,4,4,6,June,2020,5,Thursday,20,8:00pm-8:59pm,47,47,1,This section IS ON the NHS,1,Rural,1,Interstate,1,State Highway Agency,1,Interstate,I-40,,3007,3007,34.99300278,34.99300278,-109.946800000,-109.946800000,0,No Special Jurisdiction,12,Motor Vehicle In-Transport,2,Front-to-Front,0,No,1,Non-Junction,1,Not an Intersection,0,None,,,1,On Roadway,2,Dark - Not Lighted,,,,,1,Clear,0,No,0000000,Not Applicable,21,9:00pm-9:59pm,1,1,21,9:00pm-9:59pm,10,10,99,Unknown,99,Unknown EMS Hospital Arrival Time,,,,,,,2,0
2020,4,40312,Arizona,2,2,0,0,0,2,2,13,MARICOPA (13),370,PHOENIX,5,5,6,June,2020,6,Friday,9,9:00am-9:59am,29,29,0,This section IS NOT on the NHS,2,Urban,4,Minor Arterial,4,City or Municipal Highway Agency,6,Local Street - Municipality,BETHANY HOME RD,19TH AVE,0,None,33.52409722,33.52409722,-112.099897220,-112.099897220,0,No Special Jurisdiction,12,Motor Vehicle In-Transport,6,Angle,0,No,2,Intersection,2,Four-Way Intersection,0,None,,,1,On Roadway,1,Daylight,,,,,1,Clear,0,No,0000000,Not Applicable,9,9:00am-9:59am,31,31,9,9:00am-9:59am,34,34,9,9:00am-9:59am,55,55,,,,,,,1,0
2020,4,40313,Arizona,1,1,0,1,1,1,1,19,PIMA (19),530,TUCSON,5,5,6,June,2020,6,Friday,20,8:00pm-8:59pm,4,4,0,This section IS NOT on the NHS,2,Urban,5,Major Collector,4,City or Municipal Highway Agency,6,Local Street - Municipality,ROGER RD,,0,None,32.27948333,32.27948333,-110.999258330,-110.999258330,0,No Special Jurisdiction,8,Pedestrian,0,The First Harmful Event was Not a Collision with a Motor Vehicle in Transport,0,No,1,Non-Junction,1,Not an Intersection,0,None,,,1,On Roadway,2,Dark - Not Lighted,,,,,1,Clear,0,No,0000000,Not Applicable,20,8:00pm-8:59pm,4,4,20,8:00pm-8:59pm,8,8,88,"Not Applicable (Not Transported) ",88,Not Applicable (Not Transported),,,,,,,1,0
2020,4,40314,Arizona,2,2,0,1,1,2,2,13,MARICOPA (13),370,PHOENIX,5,5,6,June,2020,6,Friday,21,9:00pm-9:59pm,13,13,0,This section IS NOT on the NHS,2,Urban,3,Principal Arterial - Other,4,City or Municipal Highway Agency,6,Local Street - Municipality,THOMAS RD,,0,None,33.48044722,33.48044722,-112.017452780,-112.017452780,0,No Special Jurisdiction,8,Pedestrian,0,The First Harmful Event was Not a Collision with a Motor Vehicle in Transport,0,No,1,Non-Junction,1,Not an Intersection,0,None,,,1,On Roadway,3,Dark - Lighted,,,,,1,Clear,0,No,0000000,Not Applicable,21,9:00pm-9:59pm,14,14,21,9:00pm-9:59pm,19,19,21,9:00pm-9:59pm,33,33,,,,,,,1,0
2020,4,40315,Arizona,1,1,0,0,0,1,1,13,MARICOPA (13),263,LITCHFIELD PARK,6,6,6,June,2020,7,Saturday,6,6:00am-6:59am,7,7,1,This section IS ON the NHS,2,Urban,3,Principal Arterial - Other,1,State Highway Agency,3,State Highway,SR-303 RAMP,,68,68,33.55448056,33.55448056,-112.417894440,-112.417894440,0,No Special Jurisdiction,25,Concrete Traffic Barrier,0,The First Harmful Event was Not a Collision with a Motor Vehicle in Transport,1,Yes,5,Entrance/Exit Ramp Related,1,Not an Intersection,0,None,,,4,On Roadside,1,Daylight,,,,,1,Clear,0,No,0000000,Not Applicable,6,6:00am-6:59am,7,7,6,6:00am-6:59am,30,30,88,"Not Applicable (Not Transported) ",88,Not Applicable (Not Transported),,,,,,,1,1
2020,4,40316,Arizona,2,2,0,0,0,2,2,13,MARICOPA (13),370,PHOENIX,7,7,6,June,2020,1,Sunday,1,1:00am-1:59am,14,14,1,This section IS ON the NHS,2,Urban,1,Interstate,1,State Highway Agency,1,Interstate,I-17,,40,40,33.43722778,33.43722778,-112.108288890,-112.108288890,0,No Special Jurisdiction,12,Motor Vehicle In-Transport,2,Front-to-Front,0,No,1,Non-Junction,1,Not an Intersection,0,None,,,1,On Roadway,3,Dark - Lighted,,,,,1,Clear,0,No,0000000,Not Applicable,1,1:00am-1:59am,15,15,1,1:00am-1:59am,24,24,1,1:00am-1:59am,55,55,,,,,,,1,2
2020,4,40317,Arizona,2,1,1,1,1,3,3,13,MARICOPA (13),200,GLENDALE,7,7,6,June,2020,1,Sunday,16,4:00pm-4:59pm,48,48,0,This section IS NOT on the NHS,2,Urban,3,Principal Arterial - Other,4,City or Municipal Highway Agency,6,Local Street - Municipality,GLENDALE AVE,,0,None,33.53785278,33.53785278,-112.222938890,-112.222938890,0,No Special Jurisdiction,8,Pedestrian,0,The First Harmful Event was Not a Collision with a Motor Vehicle in Transport,0,No,1,Non-Junction,1,Not an Intersection,0,None,,,1,On Roadway,1,Daylight,,,,,1,Clear,0,No,0000000,Not Applicable,99,Unknown,99,Unknown,99,Unknown EMS Scene Arrival Hour,99,Unknown EMS Scene Arrival Minutes,99,Unknown,99,Unknown EMS Hospital Arrival Time,,,,,,,1,1
2020,4,40318,Arizona,2,2,0,0,0,2,2,13,MARICOPA (13),486,SURPRISE,8,8,6,June,2020,2,Monday,14,2:00pm-2:59pm,44,44,1,This section IS ON the NHS,2,Urban,3,Principal Arterial - Other,1,State Highway Agency,2,U.S. Highway,US-60,WEST-MEC AVE,1122,1122,33.63426667,33.63426667,-112.344397220,-112.344397220,0,No Special Jurisdiction,12,Motor Vehicle In-Transport,1,Front-to-Rear,0,No,3,Intersection-Related,3,T-Intersection,0,None,,,1,On Roadway,1,Daylight,,,,,1,Clear,0,No,0000000,Not Applicable,14,2:00pm-2:59pm,44,44,14,2:00pm-2:59pm,48,48,88,"Not Applicable (Not Transported) ",88,Not Applicable (Not Transported),,,,,,,1,0
2020,4,40319,Arizona,1,1,0,1,1,1,1,13,MARICOPA (13),290,MESA,9,9,6,June,2020,3,Tuesday,21,9:00pm-9:59pm,36,36,0,This section IS NOT on the NHS,2,Urban,3,Principal Arterial - Other,4,City or Municipal Highway Agency,6,Local Street - Municipality,MAIN ST,58TH ST,0,None,33.41568056,33.41568056,-111.706183330,-111.706183330,0,No Special Jurisdiction,8,Pedestrian,0,The First Harmful Event was Not a Collision with a Motor Vehicle in Transport,0,No,2,Intersection,3,T-Intersection,0,None,,,1,On Roadway,3,Dark - Lighted,,,,,1,Clear,0,No,0000000,Not Applicable,99,Unknown,99,Unknown,99,Unknown EMS Scene Arrival Hour,99,Unknown EMS Scene Arrival Minutes,22,10:00pm-10:59pm,0,0,,,,,,,1,1
2020,4,40322,Arizona,1,1,0,0,0,2,2,5,COCONINO (5),9997,Other,13,13,6,June,2020,7,Saturday,9,9:00am-9:59am,50,50,0,This section IS NOT on the NHS,1,Rural,5,Major Collector,1,State Highway Agency,3,State Highway,SR-87,,1555,1555,34.42158333,34.42158333,-111.511661110,-111.511661110,0,No Special Jurisdiction,24,Guardrail Face,0,The First Harmful Event was Not a Collision with a Motor Vehicle in Transport,0,No,1,Non-Junction,1,Not an Intersection,0,None,,,4,On Roadside,1,Daylight,,,,,1,Clear,0,No,0000000,Not Applicable,9,9:00am-9:59am,50,50,9,9:00am-9:59am,58,58,99,Unknown,99,Unknown EMS Hospital Arrival Time,,,,,,,1,0
2020,4,40323,Arizona,2,2,0,0,0,2,2,13,MARICOPA (13),368,PEORIA,13,13,6,June,2020,7,Saturday,18,6:00pm-6:59pm,11,11,1,This section IS ON the NHS,2,Urban,3,Principal Arterial - Other,4,City or Municipal Highway Agency,6,Local Street - Municipality,NORTHERN AVE,GLEN HARBOR BLVD,0,None,33.55118889,33.55118889,-112.281091670,-112.281091670,0,No Special Jurisdiction,12,Motor Vehicle In-Transport,6,Angle,0,No,2,Intersection,2,Four-Way Intersection,0,None,,,1,On Roadway,1,Daylight,,,,,1,Clear,0,No,0000000,Not Applicable,18,6:00pm-6:59pm,11,11,18,6:00pm-6:59pm,16,16,99,Unknown,99,Unknown EMS Hospital Arrival Time,,,,,,,1,0
2020,4,40324,Arizona,2,2,0,0,0,4,4,25,YAVAPAI (25),0,NOT APPLICABLE,13,13,6,June,2020,7,Saturday,20,8:00pm-8:59pm,3,3,1,This section IS ON the NHS,1,Rural,3,Principal Arterial - Other,1,State Highway Agency,2,U.S. Highway,US-93,,1711,1711,34.27183333,34.27183333,-113.095405560,-113.095405560,0,No Special Jurisdiction,12,Motor Vehicle In-Transport,2,Front-to-Front,0,No,1,Non-Junction,1,Not an Intersection,0,None,,,1,On Roadway,2,Dark - Not Lighted,,,,,1,Clear,0,No,0000000,Not Applicable,20,8:00pm-8:59pm,3,3,20,8:00pm-8:59pm,37,37,99,Unknown,99,Unknown EMS Hospital Arrival Time,,,,,,,1,0
2020,4,40325,Arizona,1,1,0,1,1,1,1,13,MARICOPA (13),290,MESA,13,13,6,June,2020,7,Saturday,21,9:00pm-9:59pm,27,27,0,This section IS NOT on the NHS,2,Urban,3,Principal Arterial - Other,4,City or Municipal Highway Agency,6,Local Street - Municipality,STAPLEY DR,EMERALD AVE,0,None,33.39610278,33.39610278,-111.805433330,-111.805433330,0,No Special Jurisdiction,8,Pedestrian,0,The First Harmful Event was Not a Collision with a Motor Vehicle in Transport,0,No,3,Intersection-Related,2,Four-Way Intersection,0,None,,,1,On Roadway,3,Dark - Lighted,,,,,1,Clear,0,No,0000000,Not Applicable,21,9:00pm-9:59pm,27,27,99,Unknown EMS Scene Arrival Hour,99,Unknown EMS Scene Arrival Minutes,88,"Not Applicable (Not Transported) ",88,Not Applicable (Not Transported),,,,,,,1,0
2020,4,40326,Arizona,2,2,0,0,0,2,2,21,PINAL (21),110,COOLIDGE,15,15,6,June,2020,2,Monday,13,1:00pm-1:59pm,40,40,0,This section IS NOT on the NHS,1,Rural,4,Minor Arterial,1,State Highway Agency,3,State Highway,SR-87,SKOUSEN RD,210,210,33.00240556,33.00240556,-111.558613890,-111.558613890,0,No Special Jurisdiction,12,Motor Vehicle In-Transport,6,Angle,0,No,2,Intersection,4,Y-Intersection,0,None,,,1,On Roadway,1,Daylight,,,,,1,Clear,0,No,0000000,Not Applicable,13,1:00pm-1:59pm,40,40,13,1:00pm-1:59pm,55,55,99,Unknown,99,Unknown EMS Hospital Arrival Time,,,,,,,1,0
2020,4,40327,Arizona,1,1,0,0,0,1,1,13,MARICOPA (13),368,PEORIA,16,16,6,June,2020,3,Tuesday,10,10:00am-10:59am,29,29,1,This section IS ON the NHS,2,Urban,2,Principal Arterial - Other Freeways and Expressways,1,State Highway Agency,3,State Highway,SR-303,,227,227,33.72986111,33.72986111,-112.309058330,-112.309058330,0,No Special Jurisdiction,1,Rollover/Overturn,0,The First Harmful Event was Not a Collision with a Motor Vehicle in Transport,0,No,1,Non-Junction,1,Not an Intersection,0,None,,,3,On Median,1,Daylight,,,,,1,Clear,0,No,0000000,Not Applicable,10,10:00am-10:59am,32,32,10,10:00am-10:59am,44,44,11,11:00am-11:59am,10,10,,,,,,,1,0
2020,4,40328,Arizona,1,1,0,0,0,1,1,19,PIMA (19),530,TUCSON,18,18,6,June,2020,5,Thursday,17,5:00pm-5:59pm,39,39,0,This section IS NOT on the NHS,2,Urban,5,Major Collector,4,City or Municipal Highway Agency,6,Local Street - Municipality,13TH AVE,DAKOT A,0,None,32.15449167,32.15449167,-110.978750000,-110.978750000,0,No Special Jurisdiction,7,Other Non-Collision,0,The First Harmful Event was Not a Collision with a Motor Vehicle in Transport,0,No,3,Intersection-Related,3,T-Intersection,0,None,,,1,On Roadway,1,Daylight,,,,,1,Clear,0,No,0000000,Not Applicable,99,Unknown,99,Unknown,99,Unknown EMS Scene Arrival Hour,99,Unknown EMS Scene Arrival Minutes,88,"Not Applicable (Not Transported) ",88,Not Applicable (Not Transported),,,,,,,1,0
2020,4,40329,Arizona,1,1,0,0,0,1,1,13,MARICOPA (13),370,PHOENIX,18,18,6,June,2020,5,Thursday,18,6:00pm-6:59pm,14,14,0,This section IS NOT on the NHS,2,Urban,3,Principal Arterial - Other,4,City or Municipal Highway Agency,6,Local Street - Municipality,CAREFREE HWY,,0,None,33.79835833,33.79835833,-112.115663890,-112.115663890,0,No Special Jurisdiction,7,Other Non-Collision,0,The First Harmful Event was Not a Collision with a Motor Vehicle in Transport,0,No,1,Non-Junction,1,Not an Intersection,0,None,,,1,On Roadway,1,Daylight,,,,,1,Clear,0,No,0000000,Not Applicable,18,6:00pm-6:59pm,14,14,18,6:00pm-6:59pm,18,18,18,6:00pm-6:59pm,43,43,,,,,,,1,0
2020,4,40330,Arizona,2,2,0,0,0,4,4,5,COCONINO (5),9997,Other,19,19,6,June,2020,6,Friday,16,4:00pm-4:59pm,7,7,1,This section IS ON the NHS,1,Rural,3,Principal Arterial - Other,1,State Highway Agency,2,U.S. Highway,US-89,,345,345,35.70181944,35.70181944,-111.497922220,-111.497922220,0,No Special Jurisdiction,12,Motor Vehicle In-Transport,2,Front-to-Front,0,No,1,Non-Junction,1,Not an Intersection,0,None,,,1,On Roadway,1,Daylight,,,,,1,Clear,0,No,0000000,Not Applicable,16,4:00pm-4:59pm,9,9,16,4:00pm-4:59pm,42,42,99,Unknown,99,Unknown EMS Hospital Arrival Time,,,,,,,2,0
2020,4,40331,Arizona,1,1,0,1,1,1,1,13,MARICOPA (13),200,GLENDALE,20,20,6,June,2020,7,Saturday,20,8:00pm-8:59pm,11,11,0,This section IS NOT on the NHS,2,Urban,4,Minor Arterial,4,City or Municipal Highway Agency,6,Local Street - Municipality,GLENDALE AVE,,0,None,33.53686389,33.53686389,-112.357563890,-112.357563890,0,No Special Jurisdiction,8,Pedestrian,0,The First Harmful Event was Not a Collision with a Motor Vehicle in Transport,0,No,1,Non-Junction,1,Not an Intersection,0,None,,,11,Continuous Left - Turn Lane,6,Dark - Unknown Lighting,,,,,1,Clear,0,No,0000000,Not Applicable,99,Unknown,99,Unknown,99,Unknown EMS Scene Arrival Hour,99,Unknown EMS Scene Arrival Minutes,99,Unknown,99,Unknown EMS Hospital Arrival Time,,,,,,,1,0
2020,4,40333,Arizona,1,1,0,1,1,1,1,3,COCHISE (3),9999,Unknown,22,22,6,June,2020,2,Monday,7,7:00am-7:59am,30,30,1,This section IS ON the NHS,1,Rural,3,Principal Arterial - Other,1,State Highway Agency,3,State Highway,SR-80,,454,454,31.45697778,31.45697778,-109.941347220,-109.941347220,0,No Special Jurisdiction,9,Pedalcyclist,0,The First Harmful Event was Not a Collision with a Motor Vehicle in Transport,0,No,1,Non-Junction,1,Not an Intersection,0,None,,,1,On Roadway,1,Daylight,,,,,1,Clear,0,No,0000000,Not Applicable,7,7:00am-7:59am,30,30,7,7:00am-7:59am,35,35,88,"Not Applicable (Not Transported) ",88,Not Applicable (Not Transported),,,,,,,1,0
2020,4,40334,Arizona,1,1,0,1,1,2,2,1,APACHE (1),273,LUPTON,24,24,6,June,2020,4,Wednesday,1,1:00am-1:59am,44,44,1,This section IS ON the NHS,1,Rural,1,Interstate,1,State Highway Agency,1,Interstate,I-40,,3557,3557,35.32899444,35.32899444,-109.077441670,-109.077441670,0,No Special Jurisdiction,8,Pedestrian,0,The First Harmful Event was Not a Collision with a Motor Vehicle in Transport,0,No,1,Non-Junction,1,Not an Intersection,0,None,,,1,On Roadway,2,Dark - Not Lighted,,,,,1,Clear,0,No,0000000,Not Applicable,1,1:00am-1:59am,48,48,2,2:00am-2:59am,8,8,88,"Not Applicable (Not Transported) ",88,Not Applicable (Not Transported),,,,,,,1,0
2020,4,40335,Arizona,2,2,0,0,0,2,2,19,PIMA (19),530,TUCSON,24,24,6,June,2020,4,Wednesday,2,2:00am-2:59am,56,56,0,This section IS NOT on the NHS,2,Urban,3,Principal Arterial - Other,4,City or Municipal Highway Agency,6,Local Street - Municipality,WILMOT RD,16TH,0,None,32.21460556,32.21460556,-110.858138890,-110.858138890,0,No Special Jurisdiction,12,Motor Vehicle In-Transport,1,Front-to-Rear,0,No,3,Intersection-Related,3,T-Intersection,0,None,,,1,On Roadway,3,Dark - Lighted,,,,,1,Clear,0,No,0000000,Not Applicable,2,2:00am-2:59am,56,56,3,3:00am-3:59am,2,2,88,"Not Applicable (Not Transported) ",88,Not Applicable (Not Transported),,,,,,,1,1
2020,4,40336,Arizona,1,1,0,0,0,1,1,13,MARICOPA (13),290,MESA,24,24,6,June,2020,4,Wednesday,23,11:00pm-11:59pm,55,55,0,This section IS NOT on the NHS,2,Urban,98,Not Reported,4,City or Municipal Highway Agency,6,Local Street - Municipality,CHESHIRE,,0,None,33.41435000,33.41435000,-111.603408330,-111.603408330,0,No Special Jurisdiction,30,Utility Pole/Light Support,0,The First Harmful Event was Not a Collision with a Motor Vehicle in Transport,0,No,1,Non-Junction,1,Not an Intersection,0,None,,,4,On Roadside,3,Dark - Lighted,,,,,1,Clear,0,No,0000000,Not Applicable,23,11:00pm-11:59pm,55,55,0,0:00am-0:59am,10,10,88,"Not Applicable (Not Transported) ",88,Not Applicable (Not Transported),,,,,,,1,0
2020,4,40338,Arizona,2,2,0,0,0,2,2,13,MARICOPA (13),370,PHOENIX,29,29,6,June,2020,2,Monday,21,9:00pm-9:59pm,16,16,1,This section IS ON the NHS,2,Urban,1,Interstate,1,State Highway Agency,1,Interstate,I-10,,1400,1400,33.46269722,33.46269722,-112.162377780,-112.162377780,0,No Special Jurisdiction,12,Motor Vehicle In-Transport,1,Front-to-Rear,0,No,1,Non-Junction,1,Not an Intersection,0,None,,,1,On Roadway,3,Dark - Lighted,,,,,1,Clear,0,No,0000000,Not Applicable,21,9:00pm-9:59pm,18,18,21,9:00pm-9:59pm,25,25,21,9:00pm-9:59pm,47,47,,,,,,,1,0
2020,4,40339,Arizona,2,2,0,0,0,2,2,13,MARICOPA (13),30,AVONDALE,24,24,4,April,2020,6,Friday,18,6:00pm-6:59pm,41,41,0,This section IS NOT on the NHS,2,Urban,4,Minor Arterial,4,City or Municipal Highway Agency,6,Local Street - Municipality,VAN BUREN ST,107TH AVE,0,None,33.44997500,33.44997500,-112.289805560,-112.289805560,0,No Special Jurisdiction,12,Motor Vehicle In-Transport,6,Angle,0,No,2,Intersection,2,Four-Way Intersection,0,None,,,1,On Roadway,5,Dusk,,,,,1,Clear,0,No,0000000,Not Applicable,18,6:00pm-6:59pm,43,43,18,6:00pm-6:59pm,50,50,19,7:00pm-7:59pm,11,11,,,,,,,1,0
2020,4,40340,Arizona,1,1,0,1,1,1,1,19,PIMA (19),530,TUCSON,29,29,4,April,2020,4,Wednesday,4,4:00am-4:59am,36,36,0,This section IS NOT on the NHS,2,Urban,3,Principal Arterial - Other,4,City or Municipal Highway Agency,6,Local Street - Municipality,SWAN RD,5TH ST,0,None,32.22879444,32.22879444,-110.892541670,-110.892541670,0,No Special Jurisdiction,15,Non-Motorist on Personal Conveyance,0,The First Harmful Event was Not a Collision with a Motor Vehicle in Transport,0,No,2,Intersection,2,Four-Way Intersection,0,None,,,1,On Roadway,4,Dawn,,,,,1,Clear,0,No,0000000,Not Applicable,4,4:00am-4:59am,37,37,4,4:00am-4:59am,42,42,4,4:00am-4:59am,59,59,,,,,,,1,0
2020,4,40342,Arizona,3,3,0,0,0,6,6,13,MARICOPA (13),370,PHOENIX,11,11,6,June,2020,5,Thursday,11,11:00am-11:59am,33,33,0,This section IS NOT on the NHS,2,Urban,4,Minor Arterial,4,City or Municipal Highway Agency,6,Local Street - Municipality,UNION HILLS DR,16TH ST,0,None,33.65492222,33.65492222,-112.048477780,-112.048477780,0,No Special Jurisdiction,12,Motor Vehicle In-Transport,6,Angle,0,No,2,Intersection,2,Four-Way Intersection,0,None,,,1,On Roadway,1,Daylight,,,,,1,Clear,0,No,0000000,Not Applicable,99,Unknown,99,Unknown,99,Unknown EMS Scene Arrival Hour,99,Unknown EMS Scene Arrival Minutes,99,Unknown,99,Unknown EMS Hospital Arrival Time,,,,,,,1,0
2020,4,40343,Arizona,1,1,0,0,0,2,2,19,PIMA (19),530,TUCSON,13,13,6,June,2020,7,Saturday,17,5:00pm-5:59pm,39,39,1,This section IS ON the NHS,2,Urban,2,Principal Arterial - Other Freeways and Expressways,4,City or Municipal Highway Agency,6,Local Street - Municipality,GOLF LINKS RAMP,,0,None,32.19346944,32.19346944,-110.901544440,-110.901544440,0,No Special Jurisdiction,33,Curb,0,The First Harmful Event was Not a Collision with a Motor Vehicle in Transport,0,No,5,Entrance/Exit Ramp Related,1,Not an Intersection,0,None,,,4,On Roadside,1,Daylight,,,,,1,Clear,0,No,0000000,Not Applicable,17,5:00pm-5:59pm,38,38,17,5:00pm-5:59pm,46,46,18,6:00pm-6:59pm,7,7,,,,,,,2,1
2020,4,40345,Arizona,1,1,0,1,1,4,4,13,MARICOPA (13),370,PHOENIX,15,15,6,June,2020,2,Monday,2,2:00am-2:59am,29,29,1,This section IS ON the NHS,2,Urban,1,Interstate,1,State Highway Agency,1,Interstate,I-17,,2042,2042,33.52613333,33.52613333,-112.112597220,-112.112597220,0,No Special Jurisdiction,39,Wall,0,The First Harmful Event was Not a Collision with a Motor Vehicle in Transport,1,Yes,5,Entrance/Exit Ramp Related,1,Not an Intersection,0,None,,,4,On Roadside,3,Dark - Lighted,,,,,1,Clear,0,No,0000000,Not Applicable,2,2:00am-2:59am,37,37,2,2:00am-2:59am,47,47,3,3:00am-3:59am,30,30,,,,,,,1,1
2020,4,40346,Arizona,2,2,0,0,0,2,2,13,MARICOPA (13),370,PHOENIX,17,17,6,June,2020,4,Wednesday,7,7:00am-7:59am,54,54,0,This section IS NOT on the NHS,2,Urban,3,Principal Arterial - Other,4,City or Municipal Highway Agency,6,Local Street - Municipality,DUNLAP AVE,,0,None,33.56756944,33.56756944,-112.111675000,-112.111675000,0,No Special Jurisdiction,12,Motor Vehicle In-Transport,2,Front-to-Front,0,No,1,Non-Junction,1,Not an Intersection,0,None,,,1,On Roadway,1,Daylight,,,,,1,Clear,0,No,0000000,Not Applicable,7,7:00am-7:59am,54,54,8,8:00am-8:59am,3,3,99,Unknown,99,Unknown EMS Hospital Arrival Time,,,,,,,1,0
2020,4,40347,Arizona,1,1,0,0,0,1,1,13,MARICOPA (13),220,GOODYEAR,21,21,6,June,2020,1,Sunday,15,3:00pm-3:59pm,29,29,1,This section IS ON the NHS,2,Urban,1,Interstate,1,State Highway Agency,1,Interstate,I-10 RAMP,,1240,1240,33.46691944,33.46691944,-112.426233330,-112.426233330,0,No Special Jurisdiction,59,"Traffic Sign Support ",0,The First Harmful Event was Not a Collision with a Motor Vehicle in Transport,1,Yes,5,Entrance/Exit Ramp Related,1,Not an Intersection,0,None,,,3,On Median,1,Daylight,,,,,1,Clear,0,No,0000000,Not Applicable,15,3:00pm-3:59pm,29,29,15,3:00pm-3:59pm,36,36,16,4:00pm-4:59pm,0,0,,,,,,,1,0
2020,4,40348,Arizona,1,1,0,1,1,2,2,19,PIMA (19),530,TUCSON,24,24,6,June,2020,4,Wednesday,10,10:00am-10:59am,32,32,0,This section IS NOT on the NHS,2,Urban,3,Principal Arterial - Other,4,City or Municipal Highway Agency,6,Local Street - Municipality,PRINCE RD,,0,None,32.27205833,32.27205833,-110.964005560,-110.964005560,0,No Special Jurisdiction,15,Non-Motorist on Personal Conveyance,0,The First Harmful Event was Not a Collision with a Motor Vehicle in Transport,0,No,1,Non-Junction,1,Not an Intersection,0,None,,,1,On Roadway,1,Daylight,,,,,1,Clear,0,No,0000000,Not Applicable,10,10:00am-10:59am,32,32,10,10:00am-10:59am,45,45,10,10:00am-10:59am,56,56,,,,,,,1,0
2020,4,40349,Arizona,3,3,0,0,0,3,3,7,GILA (7),0,NOT APPLICABLE,28,28,6,June,2020,1,Sunday,11,11:00am-11:59am,52,52,0,This section IS NOT on the NHS,1,Rural,4,Minor Arterial,1,State Highway Agency,2,U.S. Highway,US-60,,2624,2624,33.81348056,33.81348056,-110.463636110,-110.463636110,0,No Special Jurisdiction,12,Motor Vehicle In-Transport,2,Front-to-Front,0,No,1,Non-Junction,1,Not an Intersection,0,None,,,1,On Roadway,1,Daylight,,,,,1,Clear,0,No,0000000,Not Applicable,11,11:00am-11:59am,54,54,12,12:00pm-12:59pm,7,7,88,"Not Applicable (Not Transported) ",88,Not Applicable (Not Transported),,,,,,,1,0
2020,4,40351,Arizona,1,1,0,0,0,1,1,13,MARICOPA (13),370,PHOENIX,2,2,7,July,2020,5,Thursday,20,8:00pm-8:59pm,21,21,1,This section IS ON the NHS,2,Urban,1,Interstate,1,State Highway Agency,1,Interstate,I-10,,1511,1511,33.41090278,33.41090278,-112.007386110,-112.007386110,0,No Special Jurisdiction,25,Concrete Traffic Barrier,0,The First Harmful Event was Not a Collision with a Motor Vehicle in Transport,0,No,1,Non-Junction,1,Not an Intersection,0,None,,,3,On Median,3,Dark - Lighted,,,,,1,Clear,0,No,0000000,Not Applicable,20,8:00pm-8:59pm,24,24,20,8:00pm-8:59pm,30,30,20,8:00pm-8:59pm,47,47,,,,,,,1,0
2020,4,40352,Arizona,1,1,0,0,0,2,2,1,APACHE (1),222,GREER,3,3,7,July,2020,6,Friday,17,5:00pm-5:59pm,30,30,0,This section IS NOT on the NHS,9,Unknown,99,Unknown,2,County Highway Agency,4,County Road,CR-1325,,0,None,34.14574444,34.14574444,-109.518736110,-109.518736110,9,Unknown,1,Rollover/Overturn,0,The First Harmful Event was Not a Collision with a Motor Vehicle in Transport,0,No,1,Non-Junction,1,Not an Intersection,0,None,,,4,On Roadside,1,Daylight,,,,,1,Clear,0,No,0000000,Not Applicable,17,5:00pm-5:59pm,30,30,17,5:00pm-5:59pm,53,53,99,Unknown,99,Unknown EMS Hospital Arrival Time,,,,,,,1,0