caseyear,state,st_case,statename,ve_total,ve_forms,pvh_invl,peds,pernotmvit,permvit,persons,county,countyname,city,cityname,day,dayname,month,monthname,year,day_week,day_weekname,hour,hourname,minute,minutename,nhs,nhsname,rur_urb,rur_urbname,func_sys,func_sysname,rd_owner,rd_ownername,route,routename,tway_id,tway_id2,milept,mileptname,latitude,latitudename,longitud,longitudname,sp_jur,sp_jurname,harm_ev,harm_evname,man_coll,man_collname,reljct1,reljct1name,reljct2,reljct2name,typ_int,typ_intname,wrk_zone,wrk_zonename,road_fnc,road_fncname,rel_road,rel_roadname,lgt_cond,lgt_condname,weather1,weather1name,weather2,weather2name,weather,weathername,sch_bus,sch_busname,rail,railname,not_hour,not_hourname,not_min,not_minname,arr_hour,arr_hourname,arr_min,arr_minname,hosp_hr,hosp_hrname,hosp_mn,hosp_mnname,cf1,cf1name,cf2,cf2name,cf3,cf3name,fatals,drunk_dr
2020,4,40353,Arizona,2,2,0,0,0,2,2,19,PIMA (19),530,TUCSON,3,3,7,July,2020,6,Friday,22,10:00pm-10:59pm,24,24,1,This section IS ON the NHS,2,Urban,3,Principal Arterial - Other,4,City or Municipal Highway Agency,6,Local Street - Municipality,VALENCIA RD,NOGALES HWY,0,None,32.13411389,32.13411389,-110.961522220,-110.961522220,0,No Special Jurisdiction,12,Motor Vehicle In-Transport,7,Sideswipe - Same Direction,0,No,2,Intersection,2,Four-Way Intersection,0,None,,,1,On Roadway,3,Dark - Lighted,,,,,1,Clear,0,No,0000000,Not Applicable,22,10:00pm-10:59pm,24,24,22,10:00pm-10:59pm,31,31,99,Unknown,99,Unknown EMS Hospital Arrival Time,,,,,,,1,1
2020,4,40354,Arizona,1,1,0,0,0,1,1,13,MARICOPA (13),525,TONOPAH,4,4,7,July,2020,7,Saturday,0,0:00am-0:59am,24,24,1,This section IS ON the NHS,1,Rural,1,Interstate,1,State Highway Agency,1,Interstate,I-10,,933,933,33.50065000,33.50065000,-112.950844440,-112.950844440,0,No Special Jurisdiction,1,Rollover/Overturn,0,The First Harmful Event was Not a Collision with a Motor Vehicle in Transport,0,No,1,Non-Junction,1,Not an Intersection,0,None,,,4,On Roadside,2,Dark - Not Lighted,,,,,1,Clear,0,No,0000000,Not Applicable,0,0:00am-0:59am,24,24,0,0:00am-0:59am,30,30,88,"Not Applicable (Not Transported) ",88,Not Applicable (Not Transported),,,,,,,1,0
2020,4,40355,Arizona,2,2,0,0,0,5,5,5,COCONINO (5),9999,Unknown,5,5,7,July,2020,1,Sunday,11,11:00am-11:59am,2,2,1,This section IS ON the NHS,1,Rural,3,Principal Arterial - Other,1,State Highway Agency,3,State Highway,SR-260,RIM RD,1005,1005,34.30276667,34.30276667,-110.895902780,-110.895902780,0,No Special Jurisdiction,12,Motor Vehicle In-Transport,6,Angle,0,No,2,Intersection,2,Four-Way Intersection,0,None,,,1,On Roadway,1,Daylight,,,,,1,Clear,0,No,0000000,Not Applicable,11,11:00am-11:59am,3,3,11,11:00am-11:59am,13,13,99,Unknown,99,Unknown EMS Hospital Arrival Time,,,,,,,1,0
2020,4,40356,Arizona,1,1,0,0,0,1,1,19,PIMA (19),530,TUCSON,5,5,7,July,2020,1,Sunday,19,7:00pm-7:59pm,29,29,0,This section IS NOT on the NHS,2,Urban,5,Major Collector,4,City or Municipal Highway Agency,6,Local Street - Municipality,RITA RD,,0,None,32.08784167,32.08784167,-110.804172220,-110.804172220,0,No Special Jurisdiction,42,Tree (Standing Only),0,The First Harmful Event was Not a Collision with a Motor Vehicle in Transport,0,No,1,Non-Junction,1,Not an Intersection,0,None,,,3,On Median,5,Dusk,,,,,1,Clear,0,No,0000000,Not Applicable,19,7:00pm-7:59pm,29,29,19,7:00pm-7:59pm,32,32,88,"Not Applicable (Not Transported) ",88,Not Applicable (Not Transported),,,,,,,1,0
2020,4,40357,Arizona,1,1,0,1,1,1,1,17,NAVAJO (17),232,HEBER,6,6,7,July,2020,2,Monday,11,11:00am-11:59am,12,12,1,This section IS ON the NHS,1,Rural,3,Principal Arterial - Other,1,State Highway Agency,3,State Highway,SR-60,,1238,1238,34.42001667,34.42001667,-110.578436110,-110.578436110,0,No Special Jurisdiction,8,Pedestrian,0,The First Harmful Event was Not a Collision with a Motor Vehicle in Transport,0,No,1,Non-Junction,1,Not an Intersection,0,None,,,11,Continuous Left - Turn Lane,1,Daylight,,,,,1,Clear,0,No,0000000,Not Applicable,11,11:00am-11:59am,12,12,11,11:00am-11:59am,17,17,13,1:00pm-1:59pm,10,10,,,,,,,1,0
2020,4,40358,Arizona,2,2,0,0,0,3,3,19,PIMA (19),530,TUCSON,7,7,7,July,2020,3,Tuesday,2,2:00am-2:59am,7,7,0,This section IS NOT on the NHS,2,Urban,3,Principal Arterial - Other,4,City or Municipal Highway Agency,6,Local Street - Municipality,BROADWAY BLVD,TUCSON BLVD,0,None,32.22150833,32.22150833,-110.935186110,-110.935186110,0,No Special Jurisdiction,12,Motor Vehicle In-Transport,6,Angle,0,No,2,Intersection,4,Y-Intersection,1,Construction,,,1,On Roadway,3,Dark - Lighted,,,,,1,Clear,0,No,0000000,Not Applicable,2,2:00am-2:59am,7,7,2,2:00am-2:59am,8,8,99,Unknown,99,Unknown EMS Hospital Arrival Time,,,,,,,2,1
2020,4,40360,Arizona,3,3,0,0,0,4,4,21,PINAL (21),0,NOT APPLICABLE,10,10,7,July,2020,6,Friday,12,12:00pm-12:59pm,9,9,0,This section IS NOT on the NHS,1,Rural,4,Minor Arterial,1,State Highway Agency,3,State Highway,SR-79,,551,551,33.25002500,33.25002500,-111.341113890,-111.341113890,0,No Special Jurisdiction,12,Motor Vehicle In-Transport,2,Front-to-Front,0,No,1,Non-Junction,1,Not an Intersection,0,None,,,1,On Roadway,1,Daylight,,,,,1,Clear,0,No,0000000,Not Applicable,12,12:00pm-12:59pm,12,12,12,12:00pm-12:59pm,15,15,88,"Not Applicable (Not Transported) ",88,Not Applicable (Not Transported),,,,,,,1,0
2020,4,40361,Arizona,2,2,0,0,0,5,5,13,MARICOPA (13),290,MESA,10,10,7,July,2020,6,Friday,21,9:00pm-9:59pm,5,5,0,This section IS NOT on the NHS,2,Urban,3,Principal Arterial - Other,4,City or Municipal Highway Agency,6,Local Street - Municipality,STAPLEY DR,8TH ST,0,None,33.42965833,33.42965833,-111.805283330,-111.805283330,0,No Special Jurisdiction,12,Motor Vehicle In-Transport,6,Angle,0,No,2,Intersection,4,Y-Intersection,0,None,,,1,On Roadway,3,Dark - Lighted,,,,,1,Clear,0,No,0000000,Not Applicable,21,9:00pm-9:59pm,5,5,99,Unknown EMS Scene Arrival Hour,99,Unknown EMS Scene Arrival Minutes,21,9:00pm-9:59pm,15,15,,,,,,,1,1
2020,4,40362,Arizona,1,1,0,0,0,2,2,25,YAVAPAI (25),0,NOT APPLICABLE,11,11,7,July,2020,7,Saturday,13,1:00pm-1:59pm,5,5,0,This section IS NOT on the NHS,1,Rural,5,Major Collector,1,State Highway Agency,3,State Highway,SR-260,,320,320,34.48749444,34.48749444,-111.623675000,-111.623675000,0,No Special Jurisdiction,5,Fell/Jumped from Vehicle,0,The First Harmful Event was Not a Collision with a Motor Vehicle in Transport,0,No,1,Non-Junction,1,Not an Intersection,0,None,,,1,On Roadway,1,Daylight,,,,,10,Cloudy,0,No,0000000,Not Applicable,13,1:00pm-1:59pm,3,3,13,1:00pm-1:59pm,23,23,14,2:00pm-2:59pm,14,14,,,,,,,1,0
2020,4,40363,Arizona,2,2,0,0,0,3,3,17,NAVAJO (17),379,PINETOP,11,11,7,July,2020,7,Saturday,21,9:00pm-9:59pm,34,34,1,This section IS ON the NHS,2,Urban,3,Principal Arterial - Other,1,State Highway Agency,3,State Highway,SR-260,,1712,1712,34.13423056,34.13423056,-109.949166670,-109.949166670,0,No Special Jurisdiction,12,Motor Vehicle In-Transport,2,Front-to-Front,0,No,1,Non-Junction,1,Not an Intersection,0,None,,,11,Continuous Left - Turn Lane,2,Dark - Not Lighted,,,,,1,Clear,0,No,0000000,Not Applicable,21,9:00pm-9:59pm,34,34,21,9:00pm-9:59pm,34,34,22,10:00pm-10:59pm,0,0,,,,,,,1,1
2020,4,40364,Arizona,1,1,0,0,0,1,1,19,PIMA (19),530,TUCSON,12,12,7,July,2020,1,Sunday,0,0:00am-0:59am,23,23,0,This section IS NOT on the NHS,2,Urban,3,Principal Arterial - Other,2,County Highway Agency,4,County Road,CR-VALENCIA ROAD,,0,None,32.14056667,32.14056667,-110.850050000,-110.850050000,0,No Special Jurisdiction,1,Rollover/Overturn,0,The First Harmful Event was Not a Collision with a Motor Vehicle in Transport,0,No,1,Non-Junction,1,Not an Intersection,0,None,,,3,On Median,6,Dark - Unknown Lighting,,,,,1,Clear,0,No,0000000,Not Applicable,0,0:00am-0:59am,25,25,0,0:00am-0:59am,25,25,0,0:00am-0:59am,35,35,,,,,,,1,1
2020,4,40365,Arizona,1,1,0,2,2,1,1,13,MARICOPA (13),200,GLENDALE,12,12,7,July,2020,1,Sunday,19,7:00pm-7:59pm,30,30,0,This section IS NOT on the NHS,2,Urban,4,Minor Arterial,4,City or Municipal Highway Agency,6,Local Street - Municipality,THUNDERBIRD RD,52ND AVE,0,None,33.61073056,33.61073056,-112.171075000,-112.171075000,0,No Special Jurisdiction,9,Pedalcyclist,0,The First Harmful Event was Not a Collision with a Motor Vehicle in Transport,0,No,3,Intersection-Related,2,Four-Way Intersection,0,None,,,1,On Roadway,5,Dusk,,,,,1,Clear,0,No,0000000,Not Applicable,99,Unknown,99,Unknown,99,Unknown EMS Scene Arrival Hour,99,Unknown EMS Scene Arrival Minutes,99,Unknown,99,Unknown EMS Hospital Arrival Time,,,,,,,2,0
2020,4,40366,Arizona,2,2,0,0,0,2,2,1,APACHE (1),328,NUTRIOSO,14,14,7,July,2020,3,Tuesday,11,11:00am-11:59am,53,53,0,This section IS NOT on the NHS,1,Rural,4,Minor Arterial,1,State Highway Agency,2,U.S. Highway,US-180,,2702,2702,34.02625833,34.02625833,-109.183505560,-109.183505560,0,No Special Jurisdiction,12,Motor Vehicle In-Transport,6,Angle,0,No,1,Non-Junction,1,Not an Intersection,0,None,,,1,On Roadway,1,Daylight,,,,,10,Cloudy,0,No,0000000,Not Applicable,11,11:00am-11:59am,55,55,12,12:00pm-12:59pm,1,1,13,1:00pm-1:59pm,2,2,,,,,,,1,0
2020,4,40367,Arizona,3,1,2,1,2,2,3,13,MARICOPA (13),370,PHOENIX,16,16,7,July,2020,5,Thursday,13,1:00pm-1:59pm,15,15,1,This section IS ON the NHS,2,Urban,2,Principal Arterial - Other Freeways and Expressways,1,State Highway Agency,3,State Highway,SR-202,,19,19,33.45952778,33.45952778,-112.009425000,-112.009425000,0,No Special Jurisdiction,45,"Working Motor Vehicle ",0,The First Harmful Event was Not a Collision with a Motor Vehicle in Transport,0,No,1,Non-Junction,1,Not an Intersection,0,None,,,8,Gore,1,Daylight,,,,,10,Cloudy,0,No,0000000,Not Applicable,13,1:00pm-1:59pm,18,18,13,1:00pm-1:59pm,25,25,99,Unknown,99,Unknown EMS Hospital Arrival Time,,,,,,,2,0
2020,4,40368,Arizona,5,5,0,0,0,5,5,13,MARICOPA (13),370,PHOENIX,16,16,7,July,2020,5,Thursday,9,9:00am-9:59am,27,27,1,This section IS ON the NHS,2,Urban,1,Interstate,1,State Highway Agency,1,Interstate,I-10,,1510,1510,33.41687778,33.41687778,-112.016652780,-112.016652780,0,No Special Jurisdiction,12,Motor Vehicle In-Transport,7,Sideswipe - Same Direction,0,No,1,Non-Junction,1,Not an Intersection,0,None,,,1,On Roadway,1,Daylight,,,,,1,Clear,0,No,0000000,Not Applicable,9,9:00am-9:59am,30,30,9,9:00am-9:59am,35,35,10,10:00am-10:59am,20,20,,,,,,,1,0
2020,4,40369,Arizona,1,1,0,0,0,1,1,17,NAVAJO (17),610,WINSLOW,16,16,7,July,2020,5,Thursday,9,9:00am-9:59am,33,33,1,This section IS ON the NHS,1,Rural,1,Interstate,1,State Highway Agency,1,Interstate,I-40,,2606,2606,35.00129444,35.00129444,-110.602541670,-110.602541670,0,No Special Jurisdiction,1,Rollover/Overturn,0,The First Harmful Event was Not a Collision with a Motor Vehicle in Transport,0,No,1,Non-Junction,1,Not an Intersection,0,None,,,4,On Roadside,1,Daylight,,,,,10,Cloudy,0,No,0000000,Not Applicable,9,9:00am-9:59am,36,36,9,9:00am-9:59am,43,43,88,"Not Applicable (Not Transported) ",88,Not Applicable (Not Transported),,,,,,,1,0
2020,4,40370,Arizona,2,2,0,0,0,3,3,13,MARICOPA (13),370,PHOENIX,14,14,7,July,2020,3,Tuesday,16,4:00pm-4:59pm,57,57,0,This section IS NOT on the NHS,2,Urban,99,Unknown,99,Unknown,9,Unknown,ACOMA DR,,0,None,33.62027222,33.62027222,-112.016700000,-112.016700000,0,No Special Jurisdiction,12,Motor Vehicle In-Transport,6,Angle,0,No,1,Non-Junction,1,Not an Intersection,0,None,,,1,On Roadway,1,Daylight,,,,,1,Clear,0,No,0000000,Not Applicable,17,5:00pm-5:59pm,0,0,17,5:00pm-5:59pm,4,4,99,Unknown,99,Unknown EMS Hospital Arrival Time,,,,,,,1,0
2020,4,40371,Arizona,2,2,0,0,0,4,4,13,MARICOPA (13),322,MORRISTOWN,17,17,7,July,2020,6,Friday,15,3:00pm-3:59pm,30,30,1,This section IS ON the NHS,1,Rural,3,Principal Arterial - Other,1,State Highway Agency,2,U.S. Highway,US-60,SR-74,893,893,33.86378333,33.86378333,-112.633186110,-112.633186110,0,No Special Jurisdiction,12,Motor Vehicle In-Transport,6,Angle,1,Yes,2,Intersection,2,Four-Way Intersection,0,None,,,1,On Roadway,1,Daylight,,,,,1,Clear,0,No,0000000,Not Applicable,15,3:00pm-3:59pm,35,35,15,3:00pm-3:59pm,38,38,17,5:00pm-5:59pm,38,38,,,,,,,1,0
2020,4,40372,Arizona,1,1,0,1,1,2,2,5,COCONINO (5),170,FLAGSTAFF,18,18,7,July,2020,7,Saturday,1,1:00am-1:59am,22,22,1,This section IS ON the NHS,2,Urban,1,Interstate,1,State Highway Agency,1,Interstate,I-40,,1997,1997,35.21516389,35.21516389,-111.586066670,-111.586066670,0,No Special Jurisdiction,8,Pedestrian,0,The First Harmful Event was Not a Collision with a Motor Vehicle in Transport,0,No,1,Non-Junction,1,Not an Intersection,0,None,,,1,On Roadway,3,Dark - Lighted,,,,,1,Clear,0,No,0000000,Not Applicable,1,1:00am-1:59am,22,22,1,1:00am-1:59am,29,29,88,"Not Applicable (Not Transported) ",88,Not Applicable (Not Transported),,,,,,,1,0
2020,4,40373,Arizona,1,1,0,1,1,1,1,13,MARICOPA (13),368,PEORIA,18,18,7,July,2020,7,Saturday,22,10:00pm-10:59pm,42,42,0,This section IS NOT on the NHS,1,Rural,5,Major Collector,1,State Highway Agency,3,State Highway,SR-74,,249,249,33.79969444,33.79969444,-112.233636110,-112.233636110,0,No Special Jurisdiction,8,Pedestrian,0,The First Harmful Event was Not a Collision with a Motor Vehicle in Transport,0,No,1,Non-Junction,1,Not an Intersection,0,None,,,1,On Roadway,2,Dark - Not Lighted,,,,,10,Cloudy,0,No,0000000,Not Applicable,22,10:00pm-10:59pm,45,45,22,10:00pm-10:59pm,56,56,88,"Not Applicable (Not Transported) ",88,Not Applicable (Not Transported),,,,,,,1,0
2020,4,40374,Arizona,2,2,0,0,0,2,2,19,PIMA (19),295,MARANA,19,19,7,July,2020,1,Sunday,10,10:00am-10:59am,2,2,1,This section IS ON the NHS,1,Rural,1,Interstate,1,State Highway Agency,1,Interstate,I-10,,2352,2352,32.47441389,32.47441389,-111.233905560,-111.233905560,0,No Special Jurisdiction,12,Motor Vehicle In-Transport,1,Front-to-Rear,0,No,1,Non-Junction,1,Not an Intersection,0,None,,,1,On Roadway,1,Daylight,,,,,10,Cloudy,0,No,0000000,Not Applicable,10,10:00am-10:59am,2,2,10,10:00am-10:59am,10,10,10,10:00am-10:59am,41,41,,,,,,,1,0
2020,4,40375,Arizona,1,1,0,0,0,1,1,13,MARICOPA (13),60,BUCKEYE,20,20,7,July,2020,2,Monday,1,1:00am-1:59am,23,23,1,This section IS ON the NHS,2,Urban,1,Interstate,1,State Highway Agency,1,Interstate,I-10,,1200,1200,33.45401944,33.45401944,-112.528072220,-112.528072220,0,No Special Jurisdiction,1,Rollover/Overturn,0,The First Harmful Event was Not a Collision with a Motor Vehicle in Transport,0,No,1,Non-Junction,1,Not an Intersection,0,None,,,4,On Roadside,2,Dark - Not Lighted,,,,,1,Clear,0,No,0000000,Not Applicable,1,1:00am-1:59am,23,23,1,1:00am-1:59am,44,44,88,"Not Applicable (Not Transported) ",88,Not Applicable (Not Transported),,,,,,,1,0
2020,4,40378,Arizona,1,1,0,1,1,2,2,13,MARICOPA (13),370,PHOENIX,22,22,7,July,2020,4,Wednesday,7,7:00am-7:59am,36,36,1,This section IS ON the NHS,2,Urban,3,Principal Arterial - Other,4,City or Municipal Highway Agency,6,Local Street - Municipality,INDIAN SCHOOL RD,,0,None,33.49480556,33.49480556,-112.040583330,-112.040583330,0,No Special Jurisdiction,33,Curb,0,The First Harmful Event was Not a Collision with a Motor Vehicle in Transport,0,No,1,Non-Junction,1,Not an Intersection,0,None,,,4,On Roadside,1,Daylight,,,,,1,Clear,0,No,0000000,Not Applicable,99,Unknown,99,Unknown,99,Unknown EMS Scene Arrival Hour,99,Unknown EMS Scene Arrival Minutes,99,Unknown,99,Unknown EMS Hospital Arrival Time,,,,,,,1,0
2020,4,40379,Arizona,3,3,0,1,1,3,3,19,PIMA (19),530,TUCSON,23,23,7,July,2020,5,Thursday,3,3:00am-3:59am,46,46,1,This section IS ON the NHS,2,Urban,2,Principal Arterial - Other Freeways and Expressways,4,City or Municipal Highway Agency,6,Local Street - Municipality,GOLFLINKS RD,CRAYCROFT RD,0,None,32.19236667,32.19236667,-110.874730560,-110.874730560,0,No Special Jurisdiction,8,Pedestrian,0,The First Harmful Event was Not a Collision with a Motor Vehicle in Transport,0,No,3,Intersection-Related,2,Four-Way Intersection,0,None,,,1,On Roadway,3,Dark - Lighted,,,,,10,Cloudy,0,No,0000000,Not Applicable,99,Unknown,99,Unknown,99,Unknown EMS Scene Arrival Hour,99,Unknown EMS Scene Arrival Minutes,88,"Not Applicable (Not Transported) ",88,Not Applicable (Not Transported),,,,,,,1,0
2020,4,40380,Arizona,2,2,0,0,0,4,4,15,MOHAVE (15),226,HACKBERRY,24,24,7,July,2020,6,Friday,0,0:00am-0:59am,44,44,1,This section IS ON the NHS,1,Rural,1,Interstate,1,State Highway Agency,1,Interstate,I-40,,826,826,35.17128611,35.17128611,-113.514686110,-113.514686110,0,No Special Jurisdiction,24,Guardrail Face,0,The First Harmful Event was Not a Collision with a Motor Vehicle in Transport,0,No,1,Non-Junction,1,Not an Intersection,0,None,,,3,On Median,2,Dark - Not Lighted,,,,,2,Rain,0,No,0000000,Not Applicable,0,0:00am-0:59am,48,48,1,1:00am-1:59am,33,33,99,Unknown,99,Unknown EMS Hospital Arrival Time,,,,,,,1,0
2020,4,40381,Arizona,2,2,0,0,0,5,5,5,COCONINO (5),0,NOT APPLICABLE,24,24,7,July,2020,6,Friday,16,4:00pm-4:59pm,11,11,1,This section IS ON the NHS,1,Rural,3,Principal Arterial - Other,1,State Highway Agency,2,U.S. Highway,US-89,,761,761,36.27534167,36.27534167,-111.437566670,-111.437566670,0,No Special Jurisdiction,12,Motor Vehicle In-Transport,8,Sideswipe - Opposite Direction,0,No,1,Non-Junction,1,Not an Intersection,0,None,,,2,On Shoulder,1,Daylight,,,,,1,Clear,0,No,0000000,Not Applicable,16,4:00pm-4:59pm,11,11,16,4:00pm-4:59pm,35,35,88,"Not Applicable (Not Transported) ",88,Not Applicable (Not Transported),,,,,,,1,1
2020,4,40383,Arizona,1,1,0,0,0,1,1,13,MARICOPA (13),322,MORRISTOWN,26,26,7,July,2020,1,Sunday,9,9:00am-9:59am,43,43,1,This section IS ON the NHS,1,Rural,3,Principal Arterial - Other,1,State Highway Agency,2,U.S. Highway,US-60,,842,842,33.91135833,33.91135833,-112.675908330,-112.675908330,0,No Special Jurisdiction,24,Guardrail Face,0,The First Harmful Event was Not a Collision with a Motor Vehicle in Transport,0,No,1,Non-Junction,1,Not an Intersection,0,None,,,4,On Roadside,1,Daylight,,,,,1,Clear,0,No,0000000,Not Applicable,9,9:00am-9:59am,44,44,9,9:00am-9:59am,55,55,88,"Not Applicable (Not Transported) ",88,Not Applicable (Not Transported),,,,,,,1,0
2020,4,40384,Arizona,1,1,0,0,0,1,1,21,PINAL (21),0,NOT APPLICABLE,26,26,7,July,2020,1,Sunday,14,2:00pm-2:59pm,55,55,1,This section IS ON the NHS,1,Rural,1,Interstate,1,State Highway Agency,1,Interstate,I-10,,1762,1762,33.10310278,33.10310278,-111.830825000,-111.830825000,3,Indian Reservation,1,Rollover/Overturn,0,The First Harmful Event was Not a Collision with a Motor Vehicle in Transport,0,No,1,Non-Junction,1,Not an Intersection,1,Construction,,,4,On Roadside,1,Daylight,,,,,1,Clear,0,No,0000000,Not Applicable,14,2:00pm-2:59pm,58,58,15,3:00pm-3:59pm,7,7,88,"Not Applicable (Not Transported) ",88,Not Applicable (Not Transported),,,,,,,1,0
2020,4,40385,Arizona,2,2,0,0,0,2,2,13,MARICOPA (13),290,MESA,26,26,7,July,2020,1,Sunday,19,7:00pm-7:59pm,56,56,0,This section IS NOT on the NHS,2,Urban,4,Minor Arterial,4,City or Municipal Highway Agency,6,Local Street - Municipality,GUADALUPE RD,SR-202,319,319,33.36482500,33.36482500,-111.644747220,-111.644747220,0,No Special Jurisdiction,12,Motor Vehicle In-Transport,6,Angle,1,Yes,2,Intersection,2,Four-Way Intersection,0,None,,,1,On Roadway,3,Dark - Lighted,,,,,10,Cloudy,0,No,0000000,Not Applicable,19,7:00pm-7:59pm,56,56,19,7:00pm-7:59pm,59,59,88,"Not Applicable (Not Transported) ",88,Not Applicable (Not Transported),,,,,,,1,0
2020,4,40386,Arizona,2,2,0,0,0,2,2,13,MARICOPA (13),200,GLENDALE,27,27,7,July,2020,2,Monday,12,12:00pm-12:59pm,19,19,0,This section IS NOT on the NHS,2,Urban,4,Minor Arterial,4,City or Municipal Highway Agency,6,Local Street - Municipality,75TH AVE,,0,None,33.53272222,33.53272222,-112.220525000,-112.220525000,0,No Special Jurisdiction,12,Motor Vehicle In-Transport,6,Angle,0,No,8,Driveway Access Related,1,Not an Intersection,0,None,,,1,On Roadway,1,Daylight,,,,,1,Clear,0,No,0000000,Not Applicable,99,Unknown,99,Unknown,99,Unknown EMS Scene Arrival Hour,99,Unknown EMS Scene Arrival Minutes,99,Unknown,99,Unknown EMS Hospital Arrival Time,,,,,,,1,0
2020,4,40387,Arizona,2,2,0,0,0,2,2,13,MARICOPA (13),290,MESA,28,28,7,July,2020,3,Tuesday,10,10:00am-10:59am,21,21,0,This section IS NOT on the NHS,2,Urban,3,Principal Arterial - Other,4,City or Municipal Highway Agency,6,Local Street - Municipality,SOUTHERN AVE,GREENFIELD RD,0,None,33.39380556,33.39380556,-111.736525000,-111.736525000,0,No Special Jurisdiction,12,Motor Vehicle In-Transport,6,Angle,0,No,2,Intersection,4,Y-Intersection,0,None,,,1,On Roadway,1,Daylight,,,,,1,Clear,0,No,0000000,Not Applicable,10,10:00am-10:59am,22,22,10,10:00am-10:59am,22,22,10,10:00am-10:59am,35,35,,,,,,,1,0
2020,4,40389,Arizona,2,2,0,0,0,3,3,1,APACHE (1),79,CHAMBERS,29,29,7,July,2020,4,Wednesday,23,11:00pm-11:59pm,56,56,1,This section IS ON the NHS,1,Rural,1,Interstate,1,State Highway Agency,1,Interstate,I-40,,3296,3296,35.15915278,35.15915278,-109.494047220,-109.494047220,0,No Special Jurisdiction,12,Motor Vehicle In-Transport,1,Front-to-Rear,0,No,1,Non-Junction,1,Not an Intersection,0,None,,,1,On Roadway,2,Dark - Not Lighted,,,,,1,Clear,0,No,0000000,Not Applicable,23,11:00pm-11:59pm,56,56,0,0:00am-0:59am,9,9,99,Unknown,99,Unknown EMS Hospital Arrival Time,,,,,,,1,0
2020,4,40390,Arizona,2,2,0,0,0,2,2,13,MARICOPA (13),290,MESA,31,31,7,July,2020,6,Friday,6,6:00am-6:59am,29,29,0,This section IS NOT on the NHS,2,Urban,3,Principal Arterial - Other,4,City or Municipal Highway Agency,6,Local Street - Municipality,BROADWAY RD,"WINDSOR ",0,None,33.40817222,33.40817222,-111.774205560,-111.774205560,0,No Special Jurisdiction,12,Motor Vehicle In-Transport,6,Angle,0,No,2,Intersection,3,T-Intersection,0,None,,,1,On Roadway,1,Daylight,,,,,1,Clear,0,No,0000000,Not Applicable,6,6:00am-6:59am,29,29,6,6:00am-6:59am,35,35,6,6:00am-6:59am,45,45,,,,,,,1,0
2020,4,40391,Arizona,1,1,0,0,0,1,1,13,MARICOPA (13),0,NOT APPLICABLE,31,31,7,July,2020,6,Friday,12,12:00pm-12:59pm,59,59,1,This section IS ON the NHS,1,Rural,3,Principal Arterial - Other,1,State Highway Agency,3,State Highway,SR-87,,1006,1006,33.84033889,33.84033889,-111.468833330,-111.468833330,0,No Special Jurisdiction,18,Other Object (not fixed),0,The First Harmful Event was Not a Collision with a Motor Vehicle in Transport,0,No,1,Non-Junction,1,Not an Intersection,0,None,,,3,On Median,1,Daylight,,,,,1,Clear,0,No,0000000,Not Applicable,13,1:00pm-1:59pm,0,0,13,1:00pm-1:59pm,36,36,14,2:00pm-2:59pm,15,15,,,,,,,1,0
2020,4,40392,Arizona,1,1,0,1,1,1,1,5,COCONINO (5),528,TUBA CITY,24,24,2,February,2020,2,Monday,22,10:00pm-10:59pm,30,30,0,This section IS NOT on the NHS,9,Unknown,98,Not Reported,62,Bureau of Indian Affairs,8,Other,BIA 6,,0,None,99.99990000,99.99990000,999.999900000,999.999900000,3,Indian Reservation,9,Pedalcyclist,0,The First Harmful Event was Not a Collision with a Motor Vehicle in Transport,0,No,99,Reported as Unknown,99,Reported as Unknown,0,None,,,99,Reported as Unknown,6,Dark - Unknown Lighting,,,,,99,Reported as Unknown,0,No,0000000,Not Applicable,99,Unknown,99,Unknown,99,Unknown EMS Scene Arrival Hour,99,Unknown EMS Scene Arrival Minutes,99,Unknown,99,Unknown EMS Hospital Arrival Time,,,,,,,1,0
2020,4,40393,Arizona,1,1,0,0,0,2,2,17,NAVAJO (17),382,POLACCA,23,23,2,February,2020,1,Sunday,0,0:00am-0:59am,23,23,0,This section IS NOT on the NHS,1,Rural,5,Major Collector,62,Bureau of Indian Affairs,8,Other,BIA-6,,99999,Unknown,99.99990000,99.99990000,999.999900000,999.999900000,9,Unknown,99,Reported as Unknown,99,Reported as Unknown,9,Reported as Unknown,99,Reported as Unknown,99,Reported as Unknown,0,None,,,99,Reported as Unknown,6,Dark - Unknown Lighting,,,,,99,Reported as Unknown,0,No,0000000,Not Applicable,99,Unknown,99,Unknown,99,Unknown EMS Scene Arrival Hour,99,Unknown EMS Scene Arrival Minutes,99,Unknown,99,Unknown EMS Hospital Arrival Time,,,,,,,1,0
2020,4,40394,Arizona,1,1,0,0,0,1,1,13,MARICOPA (13),370,PHOENIX,22,22,3,March,2020,1,Sunday,6,6:00am-6:59am,47,47,0,This section IS NOT on the NHS,2,Urban,4,Minor Arterial,4,City or Municipal Highway Agency,6,Local Street - Municipality,PINNACLE PEAK RD,,0,None,33.69837222,33.69837222,-112.101008330,-112.101008330,0,No Special Jurisdiction,41,Shrubbery,0,The First Harmful Event was Not a Collision with a Motor Vehicle in Transport,0,No,1,Non-Junction,1,Not an Intersection,0,None,,,4,On Roadside,1,Daylight,,,,,1,Clear,0,No,0000000,Not Applicable,6,6:00am-6:59am,50,50,6,6:00am-6:59am,57,57,7,7:00am-7:59am,21,21,,,,,,,1,0