caseyear,state,st_case,statename,ve_total,ve_forms,pvh_invl,peds,pernotmvit,permvit,persons,county,countyname,city,cityname,day,dayname,month,monthname,year,day_week,day_weekname,hour,hourname,minute,minutename,nhs,nhsname,rur_urb,rur_urbname,func_sys,func_sysname,rd_owner,rd_ownername,route,routename,tway_id,tway_id2,milept,mileptname,latitude,latitudename,longitud,longitudname,sp_jur,sp_jurname,harm_ev,harm_evname,man_coll,man_collname,reljct1,reljct1name,reljct2,reljct2name,typ_int,typ_intname,wrk_zone,wrk_zonename,road_fnc,road_fncname,rel_road,rel_roadname,lgt_cond,lgt_condname,weather1,weather1name,weather2,weather2name,weather,weathername,sch_bus,sch_busname,rail,railname,not_hour,not_hourname,not_min,not_minname,arr_hour,arr_hourname,arr_min,arr_minname,hosp_hr,hosp_hrname,hosp_mn,hosp_mnname,cf1,cf1name,cf2,cf2name,cf3,cf3name,fatals,drunk_dr
2020,4,40395,Arizona,1,1,0,1,1,1,1,7,GILA (7),9999,Unknown,3,3,4,April,2020,6,Friday,99,Unknown Hours,99,Unknown Minutes,9,Unknown if this section is on the NHS,9,Unknown,99,Unknown,99,Unknown,9,Unknown,UNKNOWN,,99999,Unknown,99.99990000,99.99990000,999.999900000,999.999900000,9,Unknown,8,Pedestrian,0,The First Harmful Event was Not a Collision with a Motor Vehicle in Transport,9,Reported as Unknown,99,Reported as Unknown,99,Reported as Unknown,0,None,,,99,Reported as Unknown,9,Reported as Unknown,,,,,99,Reported as Unknown,0,No,0000000,Not Applicable,99,Unknown,99,Unknown,99,Unknown EMS Scene Arrival Hour,99,Unknown EMS Scene Arrival Minutes,99,Unknown,99,Unknown EMS Hospital Arrival Time,,,,,,,1,0
2020,4,40396,Arizona,2,2,0,0,0,3,3,13,MARICOPA (13),200,GLENDALE,5,5,4,April,2020,1,Sunday,22,10:00pm-10:59pm,37,37,0,This section IS NOT on the NHS,2,Urban,5,Major Collector,4,City or Municipal Highway Agency,6,Local Street - Municipality,BETHANY HOME RD,55TH AVE,0,None,33.52408056,33.52408056,-112.177477780,-112.177477780,0,No Special Jurisdiction,12,Motor Vehicle In-Transport,6,Angle,0,No,2,Intersection,2,Four-Way Intersection,0,None,,,1,On Roadway,3,Dark - Lighted,,,,,1,Clear,0,No,0000000,Not Applicable,99,Unknown,99,Unknown,99,Unknown EMS Scene Arrival Hour,99,Unknown EMS Scene Arrival Minutes,99,Unknown,99,Unknown EMS Hospital Arrival Time,,,,,,,2,0
2020,4,40397,Arizona,2,2,0,0,0,3,3,13,MARICOPA (13),370,PHOENIX,8,8,4,April,2020,4,Wednesday,16,4:00pm-4:59pm,37,37,0,This section IS NOT on the NHS,2,Urban,5,Major Collector,4,City or Municipal Highway Agency,6,Local Street - Municipality,ENCANTO BLVD,48TH AVE,0,None,33.47324722,33.47324722,-112.162519440,-112.162519440,0,No Special Jurisdiction,12,Motor Vehicle In-Transport,6,Angle,0,No,2,Intersection,3,T-Intersection,0,None,,,1,On Roadway,1,Daylight,,,,,98,Not Reported,0,No,0000000,Not Applicable,16,4:00pm-4:59pm,37,37,16,4:00pm-4:59pm,38,38,88,"Not Applicable (Not Transported) ",88,Not Applicable (Not Transported),,,,,,,1,0
2020,4,40398,Arizona,2,2,0,0,0,2,2,19,PIMA (19),530,TUCSON,12,12,4,April,2020,1,Sunday,18,6:00pm-6:59pm,46,46,0,This section IS NOT on the NHS,2,Urban,5,Major Collector,4,City or Municipal Highway Agency,6,Local Street - Municipality,TETAKUSIM RD,SORREL LN,0,None,32.11555278,32.11555278,-111.048152780,-111.048152780,0,No Special Jurisdiction,12,Motor Vehicle In-Transport,1,Front-to-Rear,0,No,3,Intersection-Related,2,Four-Way Intersection,0,None,,,1,On Roadway,9,Reported as Unknown,,,,,99,Reported as Unknown,0,No,0000000,Not Applicable,99,Unknown,99,Unknown,99,Unknown EMS Scene Arrival Hour,99,Unknown EMS Scene Arrival Minutes,99,Unknown,99,Unknown EMS Hospital Arrival Time,,,,,,,1,1
2020,4,40399,Arizona,2,1,1,1,1,0,0,19,PIMA (19),93,CATALINA,15,15,4,April,2020,4,Wednesday,99,Unknown Hours,99,Unknown Minutes,0,This section IS NOT on the NHS,2,Urban,99,Unknown,99,Unknown,9,Unknown,LAKEVIEW CI,,0,None,32.49295556,32.49295556,-110.911605560,-110.911605560,0,No Special Jurisdiction,8,Pedestrian,0,The First Harmful Event was Not a Collision with a Motor Vehicle in Transport,0,No,1,Non-Junction,1,Not an Intersection,0,None,,,1,On Roadway,9,Reported as Unknown,,,,,98,Not Reported,0,No,0000000,Not Applicable,99,Unknown,99,Unknown,99,Unknown EMS Scene Arrival Hour,99,Unknown EMS Scene Arrival Minutes,99,Unknown,99,Unknown EMS Hospital Arrival Time,,,,,,,1,0
2020,4,40400,Arizona,2,1,1,0,0,1,1,13,MARICOPA (13),475,SUN CITY,15,15,4,April,2020,4,Wednesday,7,7:00am-7:59am,13,13,0,This section IS NOT on the NHS,2,Urban,6,Minor Collector,2,County Highway Agency,4,County Road,CR-TALISMAN RD,,0,None,33.61870278,33.61870278,-112.283825000,-112.283825000,0,No Special Jurisdiction,33,Curb,0,The First Harmful Event was Not a Collision with a Motor Vehicle in Transport,0,No,1,Non-Junction,1,Not an Intersection,0,None,,,4,On Roadside,1,Daylight,,,,,1,Clear,0,No,0000000,Not Applicable,7,7:00am-7:59am,13,13,7,7:00am-7:59am,20,20,88,"Not Applicable (Not Transported) ",88,Not Applicable (Not Transported),,,,,,,1,1
2020,4,40401,Arizona,2,2,0,0,0,3,3,13,MARICOPA (13),370,PHOENIX,22,22,4,April,2020,4,Wednesday,21,9:00pm-9:59pm,24,24,0,This section IS NOT on the NHS,2,Urban,5,Major Collector,4,City or Municipal Highway Agency,6,Local Street - Municipality,20TH ST,,0,None,33.50487500,33.50487500,-112.038847220,-112.038847220,0,No Special Jurisdiction,12,Motor Vehicle In-Transport,6,Angle,0,No,8,Driveway Access Related,1,Not an Intersection,0,None,,,1,On Roadway,3,Dark - Lighted,,,,,99,Reported as Unknown,0,No,0000000,Not Applicable,99,Unknown,99,Unknown,99,Unknown EMS Scene Arrival Hour,99,Unknown EMS Scene Arrival Minutes,21,9:00pm-9:59pm,50,50,,,,,,,1,2
2020,4,40402,Arizona,1,1,0,0,0,1,1,1,APACHE (1),83,CHINLE,25,25,4,April,2020,7,Saturday,18,6:00pm-6:59pm,3,3,0,This section IS NOT on the NHS,1,Rural,99,Unknown,62,Bureau of Indian Affairs,8,Other,BIA-64,,0,None,99.99990000,99.99990000,999.999900000,999.999900000,9,Unknown,99,Reported as Unknown,99,Reported as Unknown,9,Reported as Unknown,99,Reported as Unknown,99,Reported as Unknown,0,None,,,99,Reported as Unknown,9,Reported as Unknown,,,,,99,Reported as Unknown,0,No,0000000,Not Applicable,99,Unknown,99,Unknown,99,Unknown EMS Scene Arrival Hour,99,Unknown EMS Scene Arrival Minutes,99,Unknown,99,Unknown EMS Hospital Arrival Time,,,,,,,1,0
2020,4,40404,Arizona,1,1,0,1,1,1,1,19,PIMA (19),530,TUCSON,13,13,4,April,2020,2,Monday,22,10:00pm-10:59pm,15,15,0,This section IS NOT on the NHS,2,Urban,4,Minor Arterial,2,County Highway Agency,4,County Road,CR-FLOWING WELLS RD,SOL PL,0,None,32.28842778,32.28842778,-110.995102780,-110.995102780,0,No Special Jurisdiction,15,Non-Motorist on Personal Conveyance,0,The First Harmful Event was Not a Collision with a Motor Vehicle in Transport,0,No,3,Intersection-Related,3,T-Intersection,0,None,,,1,On Roadway,3,Dark - Lighted,,,,,1,Clear,0,No,0000000,Not Applicable,99,Unknown,99,Unknown,99,Unknown EMS Scene Arrival Hour,99,Unknown EMS Scene Arrival Minutes,99,Unknown,99,Unknown EMS Hospital Arrival Time,,,,,,,1,0
2020,4,40405,Arizona,2,2,0,0,0,8,8,13,MARICOPA (13),290,MESA,26,26,4,April,2020,1,Sunday,21,9:00pm-9:59pm,25,25,0,This section IS NOT on the NHS,2,Urban,5,Major Collector,2,County Highway Agency,4,County Road,CR-USERY PASS RD,,0,None,33.49470278,33.49470278,-111.617263890,-111.617263890,0,No Special Jurisdiction,12,Motor Vehicle In-Transport,2,Front-to-Front,0,No,1,Non-Junction,1,Not an Intersection,0,None,,,1,On Roadway,2,Dark - Not Lighted,,,,,1,Clear,0,No,0000000,Not Applicable,21,9:00pm-9:59pm,25,25,21,9:00pm-9:59pm,40,40,99,Unknown,99,Unknown EMS Hospital Arrival Time,,,,,,,1,2
2020,4,40406,Arizona,1,1,0,0,0,1,1,21,PINAL (21),0,NOT APPLICABLE,13,13,5,May,2020,4,Wednesday,22,10:00pm-10:59pm,4,4,1,This section IS ON the NHS,1,Rural,3,Principal Arterial - Other,1,State Highway Agency,3,State Highway,SR-347,,201,201,33.15950833,33.15950833,-112.007891670,-112.007891670,0,No Special Jurisdiction,1,Rollover/Overturn,0,The First Harmful Event was Not a Collision with a Motor Vehicle in Transport,0,No,1,Non-Junction,1,Not an Intersection,0,None,,,4,On Roadside,2,Dark - Not Lighted,,,,,1,Clear,0,No,0000000,Not Applicable,22,10:00pm-10:59pm,4,4,22,10:00pm-10:59pm,15,15,99,Unknown,99,Unknown EMS Hospital Arrival Time,,,,,,,1,0
2020,4,40407,Arizona,2,1,1,1,1,1,1,13,MARICOPA (13),200,GLENDALE,23,23,5,May,2020,7,Saturday,21,9:00pm-9:59pm,10,10,1,This section IS ON the NHS,2,Urban,2,Principal Arterial - Other Freeways and Expressways,1,State Highway Agency,3,State Highway,SR-101,,167,167,33.66780278,33.66780278,-112.208905560,-112.208905560,0,No Special Jurisdiction,14,Parked Motor Vehicle,0,The First Harmful Event was Not a Collision with a Motor Vehicle in Transport,0,No,1,Non-Junction,1,Not an Intersection,0,None,,,2,On Shoulder,3,Dark - Lighted,,,,,1,Clear,0,No,0000000,Not Applicable,21,9:00pm-9:59pm,10,10,21,9:00pm-9:59pm,17,17,88,"Not Applicable (Not Transported) ",88,Not Applicable (Not Transported),,,,,,,1,1
2020,4,40408,Arizona,1,1,0,0,0,1,1,13,MARICOPA (13),9997,Other,24,24,5,May,2020,1,Sunday,8,8:00am-8:59am,8,8,0,This section IS NOT on the NHS,1,Rural,99,Unknown,99,Unknown,9,Unknown,AGUA CALIENTE RD,,0,None,32.92721944,32.92721944,-113.294030560,-113.294030560,0,No Special Jurisdiction,1,Rollover/Overturn,0,The First Harmful Event was Not a Collision with a Motor Vehicle in Transport,0,No,1,Non-Junction,1,Not an Intersection,0,None,,,4,On Roadside,1,Daylight,,,,,1,Clear,0,No,0000000,Not Applicable,8,8:00am-8:59am,3,3,8,8:00am-8:59am,20,20,9,9:00am-9:59am,25,25,,,,,,,1,0
2020,4,40409,Arizona,1,1,0,1,1,1,1,13,MARICOPA (13),370,PHOENIX,25,25,5,May,2020,2,Monday,2,2:00am-2:59am,45,45,1,This section IS ON the NHS,2,Urban,1,Interstate,1,State Highway Agency,1,Interstate,I-17,,80,80,33.49332500,33.49332500,-112.112927780,-112.112927780,0,No Special Jurisdiction,8,Pedestrian,0,The First Harmful Event was Not a Collision with a Motor Vehicle in Transport,0,No,1,Non-Junction,1,Not an Intersection,0,None,,,1,On Roadway,3,Dark - Lighted,,,,,1,Clear,0,No,0000000,Not Applicable,2,2:00am-2:59am,52,52,3,3:00am-3:59am,4,4,88,"Not Applicable (Not Transported) ",88,Not Applicable (Not Transported),,,,,,,1,0
2020,4,40410,Arizona,1,1,0,0,0,5,5,19,PIMA (19),9997,Other,25,25,5,May,2020,2,Monday,19,7:00pm-7:59pm,20,20,0,This section IS NOT on the NHS,1,Rural,4,Minor Arterial,1,State Highway Agency,3,State Highway,SR-86,,309,309,32.17696667,32.17696667,-112.244119440,-112.244119440,3,Indian Reservation,1,Rollover/Overturn,0,The First Harmful Event was Not a Collision with a Motor Vehicle in Transport,0,No,1,Non-Junction,1,Not an Intersection,0,None,,,4,On Roadside,2,Dark - Not Lighted,,,,,1,Clear,0,No,0000000,Not Applicable,99,Unknown,99,Unknown,99,Unknown EMS Scene Arrival Hour,99,Unknown EMS Scene Arrival Minutes,99,Unknown,99,Unknown EMS Hospital Arrival Time,,,,,,,1,0
2020,4,40412,Arizona,1,1,0,1,1,1,1,13,MARICOPA (13),200,GLENDALE,28,28,5,May,2020,5,Thursday,2,2:00am-2:59am,6,6,0,This section IS NOT on the NHS,2,Urban,3,Principal Arterial - Other,4,City or Municipal Highway Agency,6,Local Street - Municipality,59TH AVE,EVERGREEN RD,0,None,33.55994167,33.55994167,-112.186219440,-112.186219440,0,No Special Jurisdiction,8,Pedestrian,0,The First Harmful Event was Not a Collision with a Motor Vehicle in Transport,0,No,3,Intersection-Related,3,T-Intersection,0,None,,,1,On Roadway,3,Dark - Lighted,,,,,1,Clear,0,No,0000000,Not Applicable,2,2:00am-2:59am,8,8,2,2:00am-2:59am,14,14,2,2:00am-2:59am,30,30,,,,,,,1,0
2020,4,40413,Arizona,1,1,0,0,0,1,1,13,MARICOPA (13),192,FOUNTAIN HILLS,29,29,5,May,2020,6,Friday,14,2:00pm-2:59pm,1,1,1,This section IS ON the NHS,2,Urban,3,Principal Arterial - Other,4,City or Municipal Highway Agency,6,Local Street - Municipality,SHEA BLVD,,0,None,33.57945278,33.57945278,-111.763961110,-111.763961110,0,No Special Jurisdiction,33,Curb,0,The First Harmful Event was Not a Collision with a Motor Vehicle in Transport,0,No,1,Non-Junction,1,Not an Intersection,0,None,,,4,On Roadside,1,Daylight,,,,,1,Clear,0,No,0000000,Not Applicable,14,2:00pm-2:59pm,2,2,14,2:00pm-2:59pm,8,8,14,2:00pm-2:59pm,45,45,,,,,,,1,1
2020,4,40414,Arizona,1,1,0,1,1,1,1,13,MARICOPA (13),370,PHOENIX,29,29,5,May,2020,6,Friday,17,5:00pm-5:59pm,41,41,1,This section IS ON the NHS,2,Urban,3,Principal Arterial - Other,4,City or Municipal Highway Agency,6,Local Street - Municipality,INDIAN SCHOOL RD,,0,None,33.49490556,33.49490556,-112.111019440,-112.111019440,0,No Special Jurisdiction,8,Pedestrian,0,The First Harmful Event was Not a Collision with a Motor Vehicle in Transport,0,No,1,Non-Junction,1,Not an Intersection,0,None,,,1,On Roadway,1,Daylight,,,,,1,Clear,0,No,0000000,Not Applicable,17,5:00pm-5:59pm,43,43,17,5:00pm-5:59pm,48,48,88,"Not Applicable (Not Transported) ",88,Not Applicable (Not Transported),,,,,,,1,0
2020,4,40415,Arizona,1,1,0,0,0,1,1,13,MARICOPA (13),220,GOODYEAR,18,18,6,June,2020,5,Thursday,18,6:00pm-6:59pm,32,32,0,This section IS NOT on the NHS,2,Urban,99,Unknown,99,Unknown,9,Unknown,151ST AVE,,0,None,33.44689722,33.44689722,-112.384419440,-112.384419440,0,No Special Jurisdiction,7,Other Non-Collision,0,The First Harmful Event was Not a Collision with a Motor Vehicle in Transport,0,No,1,Non-Junction,1,Not an Intersection,0,None,,,4,On Roadside,1,Daylight,,,,,1,Clear,0,No,0000000,Not Applicable,18,6:00pm-6:59pm,32,32,18,6:00pm-6:59pm,39,39,18,6:00pm-6:59pm,53,53,,,,,,,1,1
2020,4,40416,Arizona,4,4,0,0,0,7,7,19,PIMA (19),530,TUCSON,19,19,6,June,2020,6,Friday,18,6:00pm-6:59pm,58,58,1,This section IS ON the NHS,2,Urban,3,Principal Arterial - Other,4,City or Municipal Highway Agency,6,Local Street - Municipality,KOLB RD,IRVINGTON RD,0,None,32.16279167,32.16279167,-110.840794440,-110.840794440,0,No Special Jurisdiction,12,Motor Vehicle In-Transport,1,Front-to-Rear,0,No,3,Intersection-Related,2,Four-Way Intersection,0,None,,,1,On Roadway,5,Dusk,,,,,1,Clear,0,No,0000000,Not Applicable,18,6:00pm-6:59pm,58,58,19,7:00pm-7:59pm,4,4,99,Unknown,99,Unknown EMS Hospital Arrival Time,,,,,,,1,0
2020,4,40417,Arizona,1,1,0,1,1,1,1,13,MARICOPA (13),490,TEMPE,10,10,3,March,2020,3,Tuesday,20,8:00pm-8:59pm,9,9,0,This section IS NOT on the NHS,2,Urban,3,Principal Arterial - Other,4,City or Municipal Highway Agency,6,Local Street - Municipality,WARNER RD,,0,None,33.33459722,33.33459722,-111.944883330,-111.944883330,0,No Special Jurisdiction,8,Pedestrian,0,The First Harmful Event was Not a Collision with a Motor Vehicle in Transport,0,No,1,Non-Junction,1,Not an Intersection,0,None,,,1,On Roadway,3,Dark - Lighted,,,,,2,Rain,0,No,0000000,Not Applicable,20,8:00pm-8:59pm,15,15,20,8:00pm-8:59pm,19,19,20,8:00pm-8:59pm,34,34,,,,,,,1,0
2020,4,40418,Arizona,1,1,0,1,1,1,1,13,MARICOPA (13),200,GLENDALE,26,26,4,April,2020,1,Sunday,99,Unknown Hours,99,Unknown Minutes,0,This section IS NOT on the NHS,2,Urban,3,Principal Arterial - Other,4,City or Municipal Highway Agency,6,Local Street - Municipality,CAMELBACK RD,,0,None,33.50906389,33.50906389,-112.218602780,-112.218602780,0,No Special Jurisdiction,8,Pedestrian,0,The First Harmful Event was Not a Collision with a Motor Vehicle in Transport,0,No,1,Non-Junction,1,Not an Intersection,0,None,,,1,On Roadway,2,Dark - Not Lighted,,,,,1,Clear,0,No,0000000,Not Applicable,20,8:00pm-8:59pm,15,15,20,8:00pm-8:59pm,20,20,88,"Not Applicable (Not Transported) ",88,Not Applicable (Not Transported),,,,,,,1,0
2020,4,40419,Arizona,2,2,0,0,0,3,3,13,MARICOPA (13),490,TEMPE,9,9,5,May,2020,7,Saturday,8,8:00am-8:59am,24,24,0,This section IS NOT on the NHS,2,Urban,3,Principal Arterial - Other,4,City or Municipal Highway Agency,6,Local Street - Municipality,BROADWAY RD,COUNTRY CLUB WAY,0,None,33.40755278,33.40755278,-111.900513890,-111.900513890,0,No Special Jurisdiction,12,Motor Vehicle In-Transport,6,Angle,0,No,2,Intersection,2,Four-Way Intersection,0,None,,,1,On Roadway,1,Daylight,,,,,1,Clear,0,No,0000000,Not Applicable,99,Unknown,99,Unknown,99,Unknown EMS Scene Arrival Hour,99,Unknown EMS Scene Arrival Minutes,99,Unknown,99,Unknown EMS Hospital Arrival Time,,,,,,,1,1
2020,4,40420,Arizona,1,1,0,1,1,2,2,13,MARICOPA (13),370,PHOENIX,10,10,5,May,2020,1,Sunday,19,7:00pm-7:59pm,1,1,0,This section IS NOT on the NHS,2,Urban,4,Minor Arterial,4,City or Municipal Highway Agency,6,Local Street - Municipality,32ND ST,BROADWAY RD,0,None,33.40702778,33.40702778,-112.012630560,-112.012630560,0,No Special Jurisdiction,9,Pedalcyclist,0,The First Harmful Event was Not a Collision with a Motor Vehicle in Transport,0,No,3,Intersection-Related,2,Four-Way Intersection,0,None,,,1,On Roadway,5,Dusk,,,,,1,Clear,0,No,0000000,Not Applicable,19,7:00pm-7:59pm,1,1,19,7:00pm-7:59pm,3,3,19,7:00pm-7:59pm,20,20,,,,,,,1,0
2020,4,40421,Arizona,1,1,0,1,1,1,1,3,COCHISE (3),580,WILLCOX,12,12,5,May,2020,3,Tuesday,1,1:00am-1:59am,10,10,0,This section IS NOT on the NHS,1,Rural,5,Major Collector,2,County Highway Agency,8,Other,KANSAS SETTLEMENT RD,,0,None,32.12755278,32.12755278,-109.756488890,-109.756488890,0,No Special Jurisdiction,8,Pedestrian,0,The First Harmful Event was Not a Collision with a Motor Vehicle in Transport,0,No,1,Non-Junction,1,Not an Intersection,0,None,,,99,Reported as Unknown,2,Dark - Not Lighted,,,,,1,Clear,0,No,0000000,Not Applicable,1,1:00am-1:59am,22,22,1,1:00am-1:59am,35,35,88,"Not Applicable (Not Transported) ",88,Not Applicable (Not Transported),,,,,,,1,0
2020,4,40422,Arizona,1,1,0,0,0,2,2,13,MARICOPA (13),420,SCOTTSDALE,14,14,5,May,2020,5,Thursday,14,2:00pm-2:59pm,52,52,0,This section IS NOT on the NHS,2,Urban,99,Unknown,99,Unknown,9,Unknown,81ST ST,,0,None,33.68111111,33.68111111,-111.906627780,-111.906627780,0,No Special Jurisdiction,33,Curb,0,The First Harmful Event was Not a Collision with a Motor Vehicle in Transport,0,No,1,Non-Junction,1,Not an Intersection,0,None,,,3,On Median,1,Daylight,,,,,1,Clear,0,No,0000000,Not Applicable,14,2:00pm-2:59pm,52,52,14,2:00pm-2:59pm,57,57,15,3:00pm-3:59pm,29,29,,,,,,,1,0
2020,4,40423,Arizona,1,1,0,2,2,4,4,13,MARICOPA (13),486,SURPRISE,16,16,5,May,2020,7,Saturday,20,8:00pm-8:59pm,35,35,0,This section IS NOT on the NHS,2,Urban,4,Minor Arterial,4,City or Municipal Highway Agency,6,Local Street - Municipality,LITCHFIELD RD,,0,None,33.61069444,33.61069444,-112.359283330,-112.359283330,0,No Special Jurisdiction,8,Pedestrian,0,The First Harmful Event was Not a Collision with a Motor Vehicle in Transport,0,No,1,Non-Junction,1,Not an Intersection,1,Construction,,,1,On Roadway,2,Dark - Not Lighted,,,,,1,Clear,0,No,0000000,Not Applicable,20,8:00pm-8:59pm,35,35,20,8:00pm-8:59pm,41,41,21,9:00pm-9:59pm,6,6,,,,,,,2,0
2020,4,40424,Arizona,1,1,0,1,1,2,2,13,MARICOPA (13),370,PHOENIX,20,20,5,May,2020,4,Wednesday,5,5:00am-5:59am,8,8,0,This section IS NOT on the NHS,2,Urban,3,Principal Arterial - Other,4,City or Municipal Highway Agency,6,Local Street - Municipality,THOMAS RD,,0,None,33.48031667,33.48031667,-112.031991670,-112.031991670,0,No Special Jurisdiction,8,Pedestrian,0,The First Harmful Event was Not a Collision with a Motor Vehicle in Transport,0,No,1,Non-Junction,1,Not an Intersection,0,None,,,1,On Roadway,4,Dawn,,,,,1,Clear,0,No,0000000,Not Applicable,99,Unknown,99,Unknown,99,Unknown EMS Scene Arrival Hour,99,Unknown EMS Scene Arrival Minutes,88,"Not Applicable (Not Transported) ",88,Not Applicable (Not Transported),,,,,,,1,0
2020,4,40425,Arizona,1,1,0,0,0,1,1,13,MARICOPA (13),420,SCOTTSDALE,20,20,5,May,2020,4,Wednesday,18,6:00pm-6:59pm,23,23,0,This section IS NOT on the NHS,2,Urban,3,Principal Arterial - Other,4,City or Municipal Highway Agency,6,Local Street - Municipality," HAYDEN RD",,0,None,33.56540833,33.56540833,-111.901333330,-111.901333330,0,No Special Jurisdiction,30,Utility Pole/Light Support,0,The First Harmful Event was Not a Collision with a Motor Vehicle in Transport,0,No,1,Non-Junction,1,Not an Intersection,0,None,,,4,On Roadside,1,Daylight,,,,,1,Clear,0,No,0000000,Not Applicable,18,6:00pm-6:59pm,23,23,18,6:00pm-6:59pm,28,28,88,"Not Applicable (Not Transported) ",88,Not Applicable (Not Transported),,,,,,,1,0
2020,4,40426,Arizona,1,1,0,1,1,1,1,13,MARICOPA (13),370,PHOENIX,20,20,5,May,2020,4,Wednesday,20,8:00pm-8:59pm,7,7,0,This section IS NOT on the NHS,2,Urban,4,Minor Arterial,4,City or Municipal Highway Agency,6,Local Street - Municipality,BUCKEYE RD,,0,None,33.43679444,33.43679444,-112.086100000,-112.086100000,0,No Special Jurisdiction,8,Pedestrian,0,The First Harmful Event was Not a Collision with a Motor Vehicle in Transport,0,No,1,Non-Junction,1,Not an Intersection,0,None,,,1,On Roadway,3,Dark - Lighted,,,,,1,Clear,0,No,0000000,Not Applicable,99,Unknown,99,Unknown,99,Unknown EMS Scene Arrival Hour,99,Unknown EMS Scene Arrival Minutes,99,Unknown,99,Unknown EMS Hospital Arrival Time,,,,,,,1,0
2020,4,40427,Arizona,1,1,0,1,1,1,1,13,MARICOPA (13),420,SCOTTSDALE,23,23,5,May,2020,7,Saturday,7,7:00am-7:59am,59,59,0,This section IS NOT on the NHS,2,Urban,99,Unknown,99,Unknown,9,Unknown,HAPPY VALLEY RD,,0,None,33.71255278,33.71255278,-111.885486110,-111.885486110,0,No Special Jurisdiction,9,Pedalcyclist,0,The First Harmful Event was Not a Collision with a Motor Vehicle in Transport,0,No,1,Non-Junction,1,Not an Intersection,0,None,,,2,On Shoulder,1,Daylight,,,,,1,Clear,0,No,0000000,Not Applicable,7,7:00am-7:59am,59,59,8,8:00am-8:59am,13,13,8,8:00am-8:59am,46,46,,,,,,,1,0
2020,4,40428,Arizona,3,3,0,0,0,3,3,13,MARICOPA (13),290,MESA,31,31,5,May,2020,1,Sunday,16,4:00pm-4:59pm,35,35,1,This section IS ON the NHS,2,Urban,2,Principal Arterial - Other Freeways and Expressways,1,State Highway Agency,2,U.S. Highway,US-60 RAMP,MERIDIAN RD,1636,1636,33.38612222,33.38612222,-111.580683330,-111.580683330,0,No Special Jurisdiction,12,Motor Vehicle In-Transport,6,Angle,1,Yes,2,Intersection,3,T-Intersection,0,None,,,1,On Roadway,1,Daylight,,,,,1,Clear,0,No,0000000,Not Applicable,99,Unknown,99,Unknown,99,Unknown EMS Scene Arrival Hour,99,Unknown EMS Scene Arrival Minutes,99,Unknown,99,Unknown EMS Hospital Arrival Time,,,,,,,1,0
2020,4,40429,Arizona,2,2,0,0,0,6,6,13,MARICOPA (13),370,PHOENIX,3,3,6,June,2020,4,Wednesday,13,1:00pm-1:59pm,44,44,0,This section IS NOT on the NHS,2,Urban,99,Unknown,99,Unknown,9,Unknown,CIRCLE MOUNTAIN RD,,0,None,33.88618889,33.88618889,-112.053230560,-112.053230560,0,No Special Jurisdiction,12,Motor Vehicle In-Transport,6,Angle,0,No,1,Non-Junction,1,Not an Intersection,0,None,,,1,On Roadway,1,Daylight,,,,,1,Clear,0,No,0000000,Not Applicable,13,1:00pm-1:59pm,48,48,13,1:00pm-1:59pm,55,55,88,"Not Applicable (Not Transported) ",88,Not Applicable (Not Transported),,,,,,,1,0
2020,4,40430,Arizona,2,2,0,0,0,6,6,13,MARICOPA (13),420,SCOTTSDALE,4,4,6,June,2020,5,Thursday,10,10:00am-10:59am,20,20,1,This section IS ON the NHS,2,Urban,3,Principal Arterial - Other,4,City or Municipal Highway Agency,6,Local Street - Municipality,SHEA BLVD,,0,None,33.58234444,33.58234444,-111.835902780,-111.835902780,0,No Special Jurisdiction,12,Motor Vehicle In-Transport,7,Sideswipe - Same Direction,0,No,1,Non-Junction,1,Not an Intersection,0,None,,,1,On Roadway,1,Daylight,,,,,1,Clear,0,No,0000000,Not Applicable,10,10:00am-10:59am,21,21,10,10:00am-10:59am,26,26,10,10:00am-10:59am,51,51,,,,,,,1,1
2020,4,40431,Arizona,2,2,0,0,0,2,2,13,MARICOPA (13),420,SCOTTSDALE,15,15,6,June,2020,2,Monday,21,9:00pm-9:59pm,9,9,0,This section IS NOT on the NHS,2,Urban,3,Principal Arterial - Other,4,City or Municipal Highway Agency,6,Local Street - Municipality,SCOTTSDALE RD,,0,None,33.73705556,33.73705556,-111.925905560,-111.925905560,0,No Special Jurisdiction,12,Motor Vehicle In-Transport,2,Front-to-Front,0,No,1,Non-Junction,1,Not an Intersection,0,None,,,1,On Roadway,2,Dark - Not Lighted,,,,,1,Clear,0,No,0000000,Not Applicable,21,9:00pm-9:59pm,9,9,21,9:00pm-9:59pm,14,14,99,Unknown,99,Unknown EMS Hospital Arrival Time,,,,,,,1,0
2020,4,40432,Arizona,2,2,0,0,0,2,2,19,PIMA (19),530,TUCSON,30,30,6,June,2020,3,Tuesday,18,6:00pm-6:59pm,26,26,0,This section IS NOT on the NHS,2,Urban,3,Principal Arterial - Other,4,City or Municipal Highway Agency,6,Local Street - Municipality,SPEEDWAY BLVD,VAN BUREN AVE,0,None,32.23609444,32.23609444,-110.871000000,-110.871000000,0,No Special Jurisdiction,12,Motor Vehicle In-Transport,6,Angle,0,No,2,Intersection,4,Y-Intersection,0,None,,,1,On Roadway,1,Daylight,,,,,1,Clear,0,No,0000000,Not Applicable,18,6:00pm-6:59pm,26,26,18,6:00pm-6:59pm,31,31,88,"Not Applicable (Not Transported) ",88,Not Applicable (Not Transported),,,,,,,2,0
2020,4,40433,Arizona,1,1,0,0,0,1,1,19,PIMA (19),530,TUCSON,7,7,7,July,2020,3,Tuesday,16,4:00pm-4:59pm,34,34,0,This section IS NOT on the NHS,2,Urban,3,Principal Arterial - Other,4,City or Municipal Highway Agency,6,Local Street - Municipality,22NDT ST,TUCSON BLVD,0,None,32.20681111,32.20681111,-110.935175000,-110.935175000,0,No Special Jurisdiction,33,Curb,0,The First Harmful Event was Not a Collision with a Motor Vehicle in Transport,0,No,3,Intersection-Related,2,Four-Way Intersection,0,None,,,3,On Median,1,Daylight,,,,,1,Clear,0,No,0000000,Not Applicable,16,4:00pm-4:59pm,34,34,16,4:00pm-4:59pm,38,38,16,4:00pm-4:59pm,51,51,,,,,,,1,1