caseyear,state,st_case,statename,ve_total,ve_forms,pvh_invl,peds,pernotmvit,permvit,persons,county,countyname,city,cityname,day,dayname,month,monthname,year,day_week,day_weekname,hour,hourname,minute,minutename,nhs,nhsname,rur_urb,rur_urbname,func_sys,func_sysname,rd_owner,rd_ownername,route,routename,tway_id,tway_id2,milept,mileptname,latitude,latitudename,longitud,longitudname,sp_jur,sp_jurname,harm_ev,harm_evname,man_coll,man_collname,reljct1,reljct1name,reljct2,reljct2name,typ_int,typ_intname,wrk_zone,wrk_zonename,road_fnc,road_fncname,rel_road,rel_roadname,lgt_cond,lgt_condname,weather1,weather1name,weather2,weather2name,weather,weathername,sch_bus,sch_busname,rail,railname,not_hour,not_hourname,not_min,not_minname,arr_hour,arr_hourname,arr_min,arr_minname,hosp_hr,hosp_hrname,hosp_mn,hosp_mnname,cf1,cf1name,cf2,cf2name,cf3,cf3name,fatals,drunk_dr
2020,4,40434,Arizona,1,1,0,1,1,2,2,19,PIMA (19),530,TUCSON,21,21,7,July,2020,3,Tuesday,21,9:00pm-9:59pm,55,55,0,This section IS NOT on the NHS,2,Urban,3,Principal Arterial - Other,4,City or Municipal Highway Agency,6,Local Street - Municipality,"SWAN RD ",BROADWAY BLVD,0,None,32.22160278,32.22160278,-110.892288890,-110.892288890,0,No Special Jurisdiction,8,Pedestrian,0,The First Harmful Event was Not a Collision with a Motor Vehicle in Transport,0,No,3,Intersection-Related,2,Four-Way Intersection,1,Construction,,,1,On Roadway,3,Dark - Lighted,,,,,10,Cloudy,0,No,0000000,Not Applicable,21,9:00pm-9:59pm,55,55,21,9:00pm-9:59pm,58,58,88,"Not Applicable (Not Transported) ",88,Not Applicable (Not Transported),,,,,,,1,0
2020,4,40435,Arizona,2,2,0,0,0,2,2,19,PIMA (19),530,TUCSON,28,28,7,July,2020,3,Tuesday,15,3:00pm-3:59pm,55,55,0,This section IS NOT on the NHS,2,Urban,4,Minor Arterial,4,City or Municipal Highway Agency,6,Local Street - Municipality,CLOVERLAND AVE,PIMA ST,0,None,32.24342778,32.24342778,-110.880861110,-110.880861110,0,No Special Jurisdiction,12,Motor Vehicle In-Transport,6,Angle,0,No,2,Intersection,3,T-Intersection,0,None,,,1,On Roadway,1,Daylight,,,,,1,Clear,0,No,0000000,Not Applicable,15,3:00pm-3:59pm,55,55,15,3:00pm-3:59pm,59,59,16,4:00pm-4:59pm,16,16,,,,,,,1,0
2020,4,40436,Arizona,2,2,0,0,0,2,2,19,PIMA (19),425,SELLS,1,1,5,May,2020,6,Friday,99,Unknown Hours,99,Unknown Minutes,0,This section IS NOT on the NHS,1,Rural,4,Minor Arterial,1,State Highway Agency,3,State Highway,SR-86,,776,776,32.01631944,32.01631944,-111.631055560,-111.631055560,3,Indian Reservation,12,Motor Vehicle In-Transport,99,Reported as Unknown,9,Reported as Unknown,99,Reported as Unknown,99,Reported as Unknown,0,None,,,99,Reported as Unknown,9,Reported as Unknown,,,,,99,Reported as Unknown,0,No,0000000,Not Applicable,99,Unknown,99,Unknown,99,Unknown EMS Scene Arrival Hour,99,Unknown EMS Scene Arrival Minutes,99,Unknown,99,Unknown EMS Hospital Arrival Time,,,,,,,1,0
2020,4,40437,Arizona,1,1,0,1,1,1,1,13,MARICOPA (13),370,PHOENIX,2,2,5,May,2020,7,Saturday,4,4:00am-4:59am,17,17,0,This section IS NOT on the NHS,2,Urban,4,Minor Arterial,4,City or Municipal Highway Agency,6,Local Street - Municipality,43RD AVE,,0,None,33.51879167,33.51879167,-112.151572220,-112.151572220,0,No Special Jurisdiction,8,Pedestrian,0,The First Harmful Event was Not a Collision with a Motor Vehicle in Transport,0,No,1,Non-Junction,1,Not an Intersection,0,None,,,1,On Roadway,3,Dark - Lighted,,,,,1,Clear,0,No,0000000,Not Applicable,99,Unknown,99,Unknown,99,Unknown EMS Scene Arrival Hour,99,Unknown EMS Scene Arrival Minutes,88,"Not Applicable (Not Transported) ",88,Not Applicable (Not Transported),,,,,,,1,0
2020,4,40438,Arizona,1,1,0,0,0,1,1,19,PIMA (19),530,TUCSON,3,3,5,May,2020,1,Sunday,14,2:00pm-2:59pm,25,25,0,This section IS NOT on the NHS,1,Rural,6,Minor Collector,2,County Highway Agency,4,County Road,CR-REDDINGTON RF,,0,None,32.34780278,32.34780278,-110.540633330,-110.540633330,0,No Special Jurisdiction,1,Rollover/Overturn,0,The First Harmful Event was Not a Collision with a Motor Vehicle in Transport,0,No,1,Non-Junction,1,Not an Intersection,0,None,,,99,Reported as Unknown,1,Daylight,,,,,99,Reported as Unknown,0,No,0000000,Not Applicable,99,Unknown,99,Unknown,99,Unknown EMS Scene Arrival Hour,99,Unknown EMS Scene Arrival Minutes,99,Unknown,99,Unknown EMS Hospital Arrival Time,,,,,,,1,1
2020,4,40439,Arizona,1,1,0,0,0,1,1,17,NAVAJO (17),131,DILKON,5,5,5,May,2020,3,Tuesday,23,11:00pm-11:59pm,57,57,0,This section IS NOT on the NHS,1,Rural,5,Major Collector,62,Bureau of Indian Affairs,8,Other,BIA 15,BIA 60,0,None,35.38987778,35.38987778,-110.329947220,-110.329947220,0,No Special Jurisdiction,99,Reported as Unknown,99,Reported as Unknown,9,Reported as Unknown,3,Intersection-Related,2,Four-Way Intersection,0,None,,,99,Reported as Unknown,6,Dark - Unknown Lighting,,,,,99,Reported as Unknown,0,No,0000000,Not Applicable,99,Unknown,99,Unknown,99,Unknown EMS Scene Arrival Hour,99,Unknown EMS Scene Arrival Minutes,99,Unknown,99,Unknown EMS Hospital Arrival Time,,,,,,,1,0
2020,4,40440,Arizona,1,1,0,1,1,2,2,13,MARICOPA (13),370,PHOENIX,6,6,5,May,2020,4,Wednesday,23,11:00pm-11:59pm,0,0,1,This section IS ON the NHS,1,Rural,3,Principal Arterial - Other,1,State Highway Agency,6,Local Street - Municipality,7TH ST,CAROL AVE,0,None,33.57230833,33.57230833,-112.065211110,-112.065211110,0,No Special Jurisdiction,9,Pedalcyclist,0,The First Harmful Event was Not a Collision with a Motor Vehicle in Transport,0,No,3,Intersection-Related,2,Four-Way Intersection,0,None,,,1,On Roadway,6,Dark - Unknown Lighting,,,,,99,Reported as Unknown,0,No,0000000,Not Applicable,99,Unknown,99,Unknown,99,Unknown EMS Scene Arrival Hour,99,Unknown EMS Scene Arrival Minutes,99,Unknown,99,Unknown EMS Hospital Arrival Time,,,,,,,1,1
2020,4,40441,Arizona,1,1,0,1,1,2,2,13,MARICOPA (13),80,CHANDLER,9,9,5,May,2020,7,Saturday,9,9:00am-9:59am,2,2,0,This section IS NOT on the NHS,1,Rural,4,Minor Arterial,4,City or Municipal Highway Agency,6,Local Street - Municipality,HUNT HWY,,0,None,88.88880000,88.88880000,888.888800000,888.888800000,0,No Special Jurisdiction,9,Pedalcyclist,0,The First Harmful Event was Not a Collision with a Motor Vehicle in Transport,0,No,1,Non-Junction,1,Not an Intersection,0,None,,,4,On Roadside,1,Daylight,,,,,1,Clear,0,No,0000000,Not Applicable,9,9:00am-9:59am,2,2,9,9:00am-9:59am,7,7,88,"Not Applicable (Not Transported) ",88,Not Applicable (Not Transported),,,,,,,1,0
2020,4,40442,Arizona,2,2,0,0,0,5,5,13,MARICOPA (13),200,GLENDALE,10,10,5,May,2020,1,Sunday,11,11:00am-11:59am,38,38,0,This section IS NOT on the NHS,2,Urban,5,Major Collector,4,City or Municipal Highway Agency,6,Local Street - Municipality,95TH AVE,GEORGIA AVE,0,None,33.51371667,33.51371667,-112.263819440,-112.263819440,0,No Special Jurisdiction,12,Motor Vehicle In-Transport,6,Angle,0,No,2,Intersection,3,T-Intersection,0,None,,,1,On Roadway,1,Daylight,,,,,1,Clear,0,No,0000000,Not Applicable,99,Unknown,99,Unknown,99,Unknown EMS Scene Arrival Hour,99,Unknown EMS Scene Arrival Minutes,99,Unknown,99,Unknown EMS Hospital Arrival Time,,,,,,,1,0
2020,4,40443,Arizona,1,1,0,1,1,1,1,13,MARICOPA (13),370,PHOENIX,10,10,5,May,2020,1,Sunday,20,8:00pm-8:59pm,40,40,1,This section IS ON the NHS,2,Urban,3,Principal Arterial - Other,4,City or Municipal Highway Agency,6,Local Street - Municipality,INDIAN SCHOOL RD,,0,None,33.49473056,33.49473056,-112.213905560,-112.213905560,0,No Special Jurisdiction,8,Pedestrian,0,The First Harmful Event was Not a Collision with a Motor Vehicle in Transport,0,No,1,Non-Junction,1,Not an Intersection,0,None,,,1,On Roadway,3,Dark - Lighted,,,,,1,Clear,0,No,0000000,Not Applicable,20,8:00pm-8:59pm,32,32,20,8:00pm-8:59pm,33,33,20,8:00pm-8:59pm,55,55,,,,,,,1,0
2020,4,40444,Arizona,3,2,1,0,2,2,4,13,MARICOPA (13),370,PHOENIX,16,16,5,May,2020,7,Saturday,11,11:00am-11:59am,50,50,0,This section IS NOT on the NHS,2,Urban,99,Unknown,99,Unknown,9,Unknown,LYNNE LN,4TH AVE,0,None,33.39040556,33.39040556,-112.078697220,-112.078697220,0,No Special Jurisdiction,12,Motor Vehicle In-Transport,6,Angle,0,No,2,Intersection,2,Four-Way Intersection,0,None,,,1,On Roadway,1,Daylight,,,,,1,Clear,0,No,0000000,Not Applicable,11,11:00am-11:59am,52,52,11,11:00am-11:59am,56,56,12,12:00pm-12:59pm,22,22,,,,,,,1,1
2020,4,40446,Arizona,1,1,0,0,0,1,1,13,MARICOPA (13),200,GLENDALE,20,20,5,May,2020,4,Wednesday,20,8:00pm-8:59pm,3,3,0,This section IS NOT on the NHS,2,Urban,7,Local,4,City or Municipal Highway Agency,6,Local Street - Municipality,N 65TH AVE,W SAN JUAN AVE,0,None,33.51888056,33.51888056,-112.199402780,-112.199402780,0,No Special Jurisdiction,1,Rollover/Overturn,0,The First Harmful Event was Not a Collision with a Motor Vehicle in Transport,0,No,2,Intersection,10,L-Intersection,0,None,,,1,On Roadway,3,Dark - Lighted,,,,,1,Clear,0,No,0000000,Not Applicable,99,Unknown,99,Unknown,99,Unknown EMS Scene Arrival Hour,99,Unknown EMS Scene Arrival Minutes,99,Unknown,99,Unknown EMS Hospital Arrival Time,,,,,,,1,0
2020,4,40447,Arizona,1,1,0,0,0,1,1,17,NAVAJO (17),0,NOT APPLICABLE,21,21,5,May,2020,5,Thursday,22,10:00pm-10:59pm,11,11,0,This section IS NOT on the NHS,1,Rural,5,Major Collector,62,Bureau of Indian Affairs,8,Other,BIA-15,,99998,Not Reported,99.99990000,99.99990000,999.999900000,999.999900000,3,Indian Reservation,99,Reported as Unknown,99,Reported as Unknown,9,Reported as Unknown,99,Reported as Unknown,99,Reported as Unknown,0,None,,,99,Reported as Unknown,6,Dark - Unknown Lighting,,,,,99,Reported as Unknown,0,No,0000000,Not Applicable,99,Unknown,99,Unknown,99,Unknown EMS Scene Arrival Hour,99,Unknown EMS Scene Arrival Minutes,99,Unknown,99,Unknown EMS Hospital Arrival Time,,,,,,,1,0
2020,4,40448,Arizona,1,1,0,1,1,1,1,13,MARICOPA (13),60,BUCKEYE,22,22,5,May,2020,6,Friday,99,Unknown Hours,99,Unknown Minutes,1,This section IS ON the NHS,2,Urban,1,Interstate,1,State Highway Agency,1,Interstate,I-10,,1170,1170,33.44200000,33.44200000,-112.564727780,-112.564727780,0,No Special Jurisdiction,8,Pedestrian,0,The First Harmful Event was Not a Collision with a Motor Vehicle in Transport,0,No,1,Non-Junction,1,Not an Intersection,0,None,,,3,On Median,9,Reported as Unknown,,,,,99,Reported as Unknown,0,No,0000000,Not Applicable,99,Unknown,99,Unknown,99,Unknown EMS Scene Arrival Hour,99,Unknown EMS Scene Arrival Minutes,88,"Not Applicable (Not Transported) ",88,Not Applicable (Not Transported),,,,,,,1,0
2020,4,40449,Arizona,1,1,0,1,1,2,2,13,MARICOPA (13),80,CHANDLER,23,23,5,May,2020,7,Saturday,21,9:00pm-9:59pm,23,23,1,This section IS ON the NHS,2,Urban,3,Principal Arterial - Other,4,City or Municipal Highway Agency,6,Local Street - Municipality,ARIZONA AVE,ELGIN AVE,0,None,33.29747500,33.29747500,-111.841613890,-111.841613890,0,No Special Jurisdiction,15,Non-Motorist on Personal Conveyance,0,The First Harmful Event was Not a Collision with a Motor Vehicle in Transport,0,No,2,Intersection,2,Four-Way Intersection,0,None,,,1,On Roadway,3,Dark - Lighted,,,,,1,Clear,0,No,0000000,Not Applicable,21,9:00pm-9:59pm,24,24,21,9:00pm-9:59pm,27,27,99,Unknown,99,Unknown EMS Hospital Arrival Time,,,,,,,1,0
2020,4,40450,Arizona,2,2,0,1,1,2,2,13,MARICOPA (13),0,NOT APPLICABLE,24,24,5,May,2020,1,Sunday,22,10:00pm-10:59pm,1,1,0,This section IS NOT on the NHS,1,Rural,5,Major Collector,2,County Highway Agency,4,County Road,CR-PATON RD,,0,None,33.73865556,33.73865556,-112.515972220,-112.515972220,0,No Special Jurisdiction,9,Pedalcyclist,0,The First Harmful Event was Not a Collision with a Motor Vehicle in Transport,0,No,1,Non-Junction,1,Not an Intersection,0,None,,,1,On Roadway,2,Dark - Not Lighted,,,,,1,Clear,0,No,0000000,Not Applicable,22,10:00pm-10:59pm,1,1,22,10:00pm-10:59pm,25,25,22,10:00pm-10:59pm,45,45,,,,,,,1,0
2020,4,40451,Arizona,2,1,1,1,1,1,1,13,MARICOPA (13),388,QUEEN CREEK,29,29,5,May,2020,6,Friday,4,4:00am-4:59am,31,31,0,This section IS NOT on the NHS,2,Urban,5,Major Collector,2,County Highway Agency,4,County Road,CR-RIGGS RD,,0,None,33.21966389,33.21966389,-111.608086110,-111.608086110,0,No Special Jurisdiction,8,Pedestrian,0,The First Harmful Event was Not a Collision with a Motor Vehicle in Transport,0,No,1,Non-Junction,1,Not an Intersection,0,None,,,1,On Roadway,2,Dark - Not Lighted,,,,,1,Clear,0,No,0000000,Not Applicable,4,4:00am-4:59am,32,32,4,4:00am-4:59am,43,43,99,Unknown,99,Unknown EMS Hospital Arrival Time,,,,,,,1,0
2020,4,40452,Arizona,1,1,0,0,0,1,1,13,MARICOPA (13),420,SCOTTSDALE,30,30,5,May,2020,7,Saturday,99,Unknown Hours,99,Unknown Minutes,1,This section IS ON the NHS,2,Urban,2,Principal Arterial - Other Freeways and Expressways,1,State Highway Agency,3,State Highway,SR-101,,99999,Unknown,33.54016944,33.54016944,-111.881638890,-111.881638890,0,No Special Jurisdiction,99,Reported as Unknown,99,Reported as Unknown,1,Yes,5,Entrance/Exit Ramp Related,1,Not an Intersection,0,None,,,99,Reported as Unknown,9,Reported as Unknown,,,,,99,Reported as Unknown,0,No,0000000,Not Applicable,99,Unknown,99,Unknown,99,Unknown EMS Scene Arrival Hour,99,Unknown EMS Scene Arrival Minutes,99,Unknown,99,Unknown EMS Hospital Arrival Time,,,,,,,1,0
2020,4,40453,Arizona,1,1,0,0,0,1,1,13,MARICOPA (13),370,PHOENIX,30,30,5,May,2020,7,Saturday,3,3:00am-3:59am,53,53,0,This section IS NOT on the NHS,2,Urban,6,Minor Collector,4,City or Municipal Highway Agency,6,Local Street - Municipality,19TH AVE,,0,None,33.35200833,33.35200833,-112.100500000,-112.100500000,0,No Special Jurisdiction,17,Boulder,0,The First Harmful Event was Not a Collision with a Motor Vehicle in Transport,0,No,1,Non-Junction,1,Not an Intersection,0,None,,,4,On Roadside,2,Dark - Not Lighted,,,,,99,Reported as Unknown,0,No,0000000,Not Applicable,99,Unknown,99,Unknown,99,Unknown EMS Scene Arrival Hour,99,Unknown EMS Scene Arrival Minutes,88,"Not Applicable (Not Transported) ",88,Not Applicable (Not Transported),,,,,,,1,0
2020,4,40454,Arizona,1,1,0,1,1,1,1,23,SANTA CRUZ (23),330,NOGALES,31,31,5,May,2020,1,Sunday,7,7:00am-7:59am,0,0,1,This section IS ON the NHS,2,Urban,1,Interstate,1,State Highway Agency,1,Interstate,I-19,,99999,Unknown,31.37422222,31.37422222,-110.935483330,-110.935483330,0,No Special Jurisdiction,9,Pedalcyclist,0,The First Harmful Event was Not a Collision with a Motor Vehicle in Transport,0,No,99,Reported as Unknown,99,Reported as Unknown,0,None,,,99,Reported as Unknown,1,Daylight,,,,,99,Reported as Unknown,0,No,0000000,Not Applicable,99,Unknown,99,Unknown,99,Unknown EMS Scene Arrival Hour,99,Unknown EMS Scene Arrival Minutes,99,Unknown,99,Unknown EMS Hospital Arrival Time,,,,,,,1,0
2020,4,40455,Arizona,1,1,0,1,1,2,2,13,MARICOPA (13),290,MESA,11,11,5,May,2020,2,Monday,1,1:00am-1:59am,24,24,0,This section IS NOT on the NHS,2,Urban,3,Principal Arterial - Other,4,City or Municipal Highway Agency,6,Local Street - Municipality,DOBSON RD,BRARY WAY,0,None,33.39128333,33.39128333,-111.874619440,-111.874619440,0,No Special Jurisdiction,8,Pedestrian,0,The First Harmful Event was Not a Collision with a Motor Vehicle in Transport,0,No,3,Intersection-Related,3,T-Intersection,0,None,,,1,On Roadway,3,Dark - Lighted,,,,,1,Clear,0,No,0000000,Not Applicable,1,1:00am-1:59am,20,20,1,1:00am-1:59am,20,20,1,1:00am-1:59am,30,30,,,,,,,1,0
2020,4,40456,Arizona,1,1,0,0,0,1,1,25,YAVAPAI (25),373,PRESCOTT VALLEY,19,19,5,May,2020,3,Tuesday,20,8:00pm-8:59pm,47,47,0,This section IS NOT on the NHS,2,Urban,4,Minor Arterial,4,City or Municipal Highway Agency,6,Local Street - Municipality,ROBERT RD,,0,None,34.61834722,34.61834722,-112.320433330,-112.320433330,0,No Special Jurisdiction,34,Ditch,0,The First Harmful Event was Not a Collision with a Motor Vehicle in Transport,0,No,1,Non-Junction,1,Not an Intersection,0,None,,,4,On Roadside,2,Dark - Not Lighted,,,,,1,Clear,0,No,0000000,Not Applicable,20,8:00pm-8:59pm,29,29,20,8:00pm-8:59pm,36,36,20,8:00pm-8:59pm,59,59,,,,,,,1,0
2020,4,40457,Arizona,1,1,0,0,0,3,3,5,COCONINO (5),0,NOT APPLICABLE,30,30,5,May,2020,7,Saturday,16,4:00pm-4:59pm,42,42,0,This section IS NOT on the NHS,1,Rural,7,Local,64,U.S. Forest Service,8,Other,FS-142E,,99998,Not Reported,34.52010000,34.52010000,-111.425138890,-111.425138890,0,No Special Jurisdiction,44,"Pavement Surface Irregularity (Ruts, Potholes, Grates, etc.)",0,The First Harmful Event was Not a Collision with a Motor Vehicle in Transport,0,No,1,Non-Junction,1,Not an Intersection,0,None,,,1,On Roadway,1,Daylight,,,,,1,Clear,0,No,0000000,Not Applicable,16,4:00pm-4:59pm,42,42,17,5:00pm-5:59pm,28,28,99,Unknown,99,Unknown EMS Hospital Arrival Time,,,,,,,2,1
2020,4,40458,Arizona,2,2,0,0,0,4,4,13,MARICOPA (13),220,GOODYEAR,31,31,5,May,2020,1,Sunday,11,11:00am-11:59am,38,38,0,This section IS NOT on the NHS,2,Urban,4,Minor Arterial,4,City or Municipal Highway Agency,6,Local Street - Municipality,YUMA RD,,0,None,99.99990000,99.99990000,999.999900000,999.999900000,0,No Special Jurisdiction,12,Motor Vehicle In-Transport,6,Angle,0,No,8,Driveway Access Related,1,Not an Intersection,0,None,,,1,On Roadway,1,Daylight,,,,,1,Clear,0,No,0000000,Not Applicable,11,11:00am-11:59am,38,38,11,11:00am-11:59am,42,42,11,11:00am-11:59am,59,59,,,,,,,1,0
2020,4,40459,Arizona,1,1,0,0,0,1,1,19,PIMA (19),407,SAHUARITA,30,30,6,June,2020,3,Tuesday,12,12:00pm-12:59pm,55,55,0,This section IS NOT on the NHS,2,Urban,5,Major Collector,3,Town or Township Highway Agency,9,Unknown,NOGALES HWY,,0,None,31.95483611,31.95483611,-110.960880560,-110.960880560,0,No Special Jurisdiction,33,Curb,0,The First Harmful Event was Not a Collision with a Motor Vehicle in Transport,0,No,1,Non-Junction,1,Not an Intersection,0,None,,,3,On Median,1,Daylight,,,,,1,Clear,0,No,0000000,Not Applicable,12,12:00pm-12:59pm,55,55,13,1:00pm-1:59pm,3,3,88,"Not Applicable (Not Transported) ",88,Not Applicable (Not Transported),,,,,,,1,0
2020,4,40460,Arizona,2,2,0,0,0,3,3,13,MARICOPA (13),190,GILBERT,10,10,7,July,2020,6,Friday,5,5:00am-5:59am,51,51,0,This section IS NOT on the NHS,2,Urban,3,Principal Arterial - Other,4,City or Municipal Highway Agency,6,Local Street - Municipality,WARNER RD,LINDSAY RD,0,None,33.33568889,33.33568889,-111.772938890,-111.772938890,0,No Special Jurisdiction,12,Motor Vehicle In-Transport,6,Angle,0,No,2,Intersection,2,Four-Way Intersection,0,None,,,1,On Roadway,4,Dawn,,,,,99,Reported as Unknown,0,No,0000000,Not Applicable,5,5:00am-5:59am,49,49,5,5:00am-5:59am,56,56,88,"Not Applicable (Not Transported) ",88,Not Applicable (Not Transported),,,,,,,1,1
2020,4,40461,Arizona,1,1,0,3,3,1,1,13,MARICOPA (13),370,PHOENIX,21,21,7,July,2020,3,Tuesday,12,12:00pm-12:59pm,24,24,0,This section IS NOT on the NHS,2,Urban,3,Principal Arterial - Other,4,City or Municipal Highway Agency,6,Local Street - Municipality,35TH AVE,,0,None,33.56680000,33.56680000,-112.134283330,-112.134283330,0,No Special Jurisdiction,8,Pedestrian,0,The First Harmful Event was Not a Collision with a Motor Vehicle in Transport,0,No,1,Non-Junction,1,Not an Intersection,0,None,,,4,On Roadside,1,Daylight,,,,,1,Clear,0,No,0000000,Not Applicable,12,12:00pm-12:59pm,26,26,12,12:00pm-12:59pm,42,42,12,12:00pm-12:59pm,48,48,,,,,,,2,0
2020,4,40464,Arizona,2,2,0,0,0,2,2,13,MARICOPA (13),370,PHOENIX,2,2,6,June,2020,3,Tuesday,7,7:00am-7:59am,52,52,0,This section IS NOT on the NHS,2,Urban,4,Minor Arterial,4,City or Municipal Highway Agency,6,Local Street - Municipality,DEER VALLEY DR,,0,None,33.68411667,33.68411667,-112.004269440,-112.004269440,0,No Special Jurisdiction,12,Motor Vehicle In-Transport,1,Front-to-Rear,0,No,1,Non-Junction,1,Not an Intersection,0,None,,,1,On Roadway,1,Daylight,,,,,1,Clear,0,No,0000000,Not Applicable,7,7:00am-7:59am,53,53,7,7:00am-7:59am,59,59,8,8:00am-8:59am,11,11,,,,,,,1,0
2020,4,40468,Arizona,3,3,0,0,0,3,3,13,MARICOPA (13),370,PHOENIX,22,22,7,July,2020,4,Wednesday,6,6:00am-6:59am,3,3,0,This section IS NOT on the NHS,2,Urban,4,Minor Arterial,4,City or Municipal Highway Agency,6,Local Street - Municipality,BROADWAY RD,,0,None,33.40666111,33.40666111,-112.123805560,-112.123805560,0,No Special Jurisdiction,12,Motor Vehicle In-Transport,7,Sideswipe - Same Direction,0,No,1,Non-Junction,1,Not an Intersection,0,None,,,1,On Roadway,1,Daylight,,,,,1,Clear,0,No,0000000,Not Applicable,6,6:00am-6:59am,5,5,6,6:00am-6:59am,7,7,88,"Not Applicable (Not Transported) ",88,Not Applicable (Not Transported),,,,,,,1,0
2020,4,40469,Arizona,1,1,0,1,1,1,1,5,COCONINO (5),170,FLAGSTAFF,30,30,7,July,2020,5,Thursday,20,8:00pm-8:59pm,30,30,0,This section IS NOT on the NHS,2,Urban,5,Major Collector,4,City or Municipal Highway Agency,6,Local Street - Municipality,4TH ST,,0,None,35.21589722,35.21589722,-111.613516670,-111.613516670,0,No Special Jurisdiction,8,Pedestrian,0,The First Harmful Event was Not a Collision with a Motor Vehicle in Transport,0,No,1,Non-Junction,1,Not an Intersection,0,None,,,1,On Roadway,3,Dark - Lighted,,,,,1,Clear,0,No,0000000,Not Applicable,20,8:00pm-8:59pm,30,30,20,8:00pm-8:59pm,30,30,20,8:00pm-8:59pm,36,36,,,,,,,1,0
2020,4,40470,Arizona,1,1,0,1,1,1,1,13,MARICOPA (13),490,TEMPE,1,1,8,August,2020,7,Saturday,6,6:00am-6:59am,6,6,1,This section IS ON the NHS,2,Urban,3,Principal Arterial - Other,4,City or Municipal Highway Agency,6,Local Street - Municipality,SCOTTSDALE RD,,0,None,33.44716944,33.44716944,-111.926461110,-111.926461110,0,No Special Jurisdiction,8,Pedestrian,0,The First Harmful Event was Not a Collision with a Motor Vehicle in Transport,0,No,1,Non-Junction,1,Not an Intersection,0,None,,,1,On Roadway,1,Daylight,,,,,1,Clear,0,No,0000000,Not Applicable,6,6:00am-6:59am,7,7,6,6:00am-6:59am,11,11,6,6:00am-6:59am,31,31,,,,,,,1,0
2020,4,40471,Arizona,2,2,0,0,0,3,3,7,GILA (7),474,STRAWBERRY,1,1,8,August,2020,7,Saturday,13,1:00pm-1:59pm,7,7,0,This section IS NOT on the NHS,1,Rural,3,Principal Arterial - Other,1,State Highway Agency,3,State Highway,SR-87,,1521,1521,34.40623889,34.40623889,-111.482700000,-111.482700000,0,No Special Jurisdiction,12,Motor Vehicle In-Transport,2,Front-to-Front,0,No,1,Non-Junction,1,Not an Intersection,0,None,,,1,On Roadway,1,Daylight,,,,,1,Clear,0,No,0000000,Not Applicable,13,1:00pm-1:59pm,6,6,13,1:00pm-1:59pm,9,9,14,2:00pm-2:59pm,41,41,,,,,,,1,0
2020,4,40472,Arizona,1,1,0,1,1,1,1,5,COCONINO (5),0,NOT APPLICABLE,3,3,8,August,2020,2,Monday,1,1:00am-1:59am,55,55,1,This section IS ON the NHS,1,Rural,1,Interstate,1,State Highway Agency,1,Interstate,I-40,,1682,1682,35.25856667,35.25856667,-112.101500000,-112.101500000,0,No Special Jurisdiction,8,Pedestrian,0,The First Harmful Event was Not a Collision with a Motor Vehicle in Transport,0,No,1,Non-Junction,1,Not an Intersection,0,None,,,1,On Roadway,2,Dark - Not Lighted,,,,,1,Clear,0,No,0000000,Not Applicable,2,2:00am-2:59am,8,8,2,2:00am-2:59am,30,30,88,"Not Applicable (Not Transported) ",88,Not Applicable (Not Transported),,,,,,,1,0
2020,4,40473,Arizona,3,3,0,0,0,3,3,13,MARICOPA (13),290,MESA,5,5,8,August,2020,4,Wednesday,7,7:00am-7:59am,53,53,0,This section IS NOT on the NHS,2,Urban,3,Principal Arterial - Other,4,City or Municipal Highway Agency,6,Local Street - Municipality,HIGLEY RD,UNIVERSITY DR,0,None,33.42279444,33.42279444,-111.719105560,-111.719105560,0,No Special Jurisdiction,12,Motor Vehicle In-Transport,6,Angle,0,No,2,Intersection,2,Four-Way Intersection,0,None,,,1,On Roadway,1,Daylight,,,,,1,Clear,0,No,0000000,Not Applicable,7,7:00am-7:59am,56,56,99,Unknown EMS Scene Arrival Hour,99,Unknown EMS Scene Arrival Minutes,99,Unknown,99,Unknown EMS Hospital Arrival Time,,,,,,,1,0
2020,4,40474,Arizona,1,1,0,0,0,1,1,19,PIMA (19),0,NOT APPLICABLE,6,6,8,August,2020,5,Thursday,0,0:00am-0:59am,44,44,0,This section IS NOT on the NHS,2,Urban,99,Unknown,99,Unknown,9,Unknown,ILLINOIS ST,,0,None,32.16912500,32.16912500,-110.899580560,-110.899580560,0,No Special Jurisdiction,58,Ground,0,The First Harmful Event was Not a Collision with a Motor Vehicle in Transport,0,No,1,Non-Junction,1,Not an Intersection,1,Construction,,,1,On Roadway,2,Dark - Not Lighted,,,,,1,Clear,0,No,0000000,Not Applicable,0,0:00am-0:59am,45,45,0,0:00am-0:59am,55,55,1,1:00am-1:59am,18,18,,,,,,,1,0
2020,4,40475,Arizona,2,2,0,0,0,2,2,21,PINAL (21),180,FLORENCE,7,7,8,August,2020,6,Friday,5,5:00am-5:59am,28,28,0,This section IS NOT on the NHS,1,Rural,4,Minor Arterial,4,City or Municipal Highway Agency,6,Local Street - Municipality,"ATTWAY RD ",,0,None,33.04593889,33.04593889,-111.473330560,-111.473330560,0,No Special Jurisdiction,12,Motor Vehicle In-Transport,6,Angle,0,No,8,Driveway Access Related,1,Not an Intersection,0,None,,,1,On Roadway,1,Daylight,,,,,1,Clear,0,No,0000000,Not Applicable,5,5:00am-5:59am,25,25,5,5:00am-5:59am,30,30,99,Unknown,99,Unknown EMS Hospital Arrival Time,,,,,,,1,0