caseyear,state,st_case,statename,ve_total,ve_forms,pvh_invl,peds,pernotmvit,permvit,persons,county,countyname,city,cityname,day,dayname,month,monthname,year,day_week,day_weekname,hour,hourname,minute,minutename,nhs,nhsname,rur_urb,rur_urbname,func_sys,func_sysname,rd_owner,rd_ownername,route,routename,tway_id,tway_id2,milept,mileptname,latitude,latitudename,longitud,longitudname,sp_jur,sp_jurname,harm_ev,harm_evname,man_coll,man_collname,reljct1,reljct1name,reljct2,reljct2name,typ_int,typ_intname,wrk_zone,wrk_zonename,road_fnc,road_fncname,rel_road,rel_roadname,lgt_cond,lgt_condname,weather1,weather1name,weather2,weather2name,weather,weathername,sch_bus,sch_busname,rail,railname,not_hour,not_hourname,not_min,not_minname,arr_hour,arr_hourname,arr_min,arr_minname,hosp_hr,hosp_hrname,hosp_mn,hosp_mnname,cf1,cf1name,cf2,cf2name,cf3,cf3name,fatals,drunk_dr
2020,4,40514,Arizona,1,1,0,0,0,1,1,17,NAVAJO (17),0,NOT APPLICABLE,5,5,6,June,2020,6,Friday,23,11:00pm-11:59pm,22,22,0,This section IS NOT on the NHS,1,Rural,4,Minor Arterial,1,State Highway Agency,3,State Highway,SR-264,,542,542,35.87286667,35.87286667,-110.560669440,-110.560669440,0,No Special Jurisdiction,99,Reported as Unknown,99,Reported as Unknown,0,No,1,Non-Junction,1,Not an Intersection,0,None,,,4,On Roadside,6,Dark - Unknown Lighting,,,,,99,Reported as Unknown,0,No,0000000,Not Applicable,99,Unknown,99,Unknown,99,Unknown EMS Scene Arrival Hour,99,Unknown EMS Scene Arrival Minutes,99,Unknown,99,Unknown EMS Hospital Arrival Time,,,,,,,1,0
2020,4,40515,Arizona,2,2,0,0,0,5,5,13,MARICOPA (13),370,PHOENIX,7,7,6,June,2020,1,Sunday,5,5:00am-5:59am,9,9,1,This section IS ON the NHS,2,Urban,3,Principal Arterial - Other,4,City or Municipal Highway Agency,6,Local Street - Municipality,7TH ST,CAMELBACK RD,0,None,33.50927222,33.50927222,-112.065013890,-112.065013890,0,No Special Jurisdiction,12,Motor Vehicle In-Transport,6,Angle,0,No,2,Intersection,2,Four-Way Intersection,0,None,,,1,On Roadway,4,Dawn,,,,,1,Clear,0,No,0000000,Not Applicable,99,Unknown,99,Unknown,99,Unknown EMS Scene Arrival Hour,99,Unknown EMS Scene Arrival Minutes,99,Unknown,99,Unknown EMS Hospital Arrival Time,,,,,,,1,1
2020,4,40516,Arizona,1,1,0,0,0,3,3,13,MARICOPA (13),486,SURPRISE,7,7,6,June,2020,1,Sunday,19,7:00pm-7:59pm,20,20,0,This section IS NOT on the NHS,2,Urban,4,Minor Arterial,4,City or Municipal Highway Agency,6,Local Street - Municipality,CACTUS RD,,0,None,33.59507500,33.59507500,-112.396902780,-112.396902780,0,No Special Jurisdiction,99,Reported as Unknown,99,Reported as Unknown,0,No,99,Reported as Unknown,99,Reported as Unknown,0,None,,,99,Reported as Unknown,9,Reported as Unknown,,,,,99,Reported as Unknown,0,No,0000000,Not Applicable,99,Unknown,99,Unknown,99,Unknown EMS Scene Arrival Hour,99,Unknown EMS Scene Arrival Minutes,88,"Not Applicable (Not Transported) ",88,Not Applicable (Not Transported),,,,,,,1,1
2020,4,40517,Arizona,2,2,0,0,0,2,2,13,MARICOPA (13),370,PHOENIX,8,8,6,June,2020,2,Monday,7,7:00am-7:59am,30,30,0,This section IS NOT on the NHS,2,Urban,4,Minor Arterial,4,City or Municipal Highway Agency,6,Local Street - Municipality,E BROADWAY RD,,0,None,33.40730556,33.40730556,-111.988533330,-111.988533330,0,No Special Jurisdiction,12,Motor Vehicle In-Transport,2,Front-to-Front,0,No,1,Non-Junction,1,Not an Intersection,0,None,,,1,On Roadway,1,Daylight,,,,,1,Clear,0,No,0000000,Not Applicable,99,Unknown,99,Unknown,99,Unknown EMS Scene Arrival Hour,99,Unknown EMS Scene Arrival Minutes,99,Unknown,99,Unknown EMS Hospital Arrival Time,,,,,,,1,0
2020,4,40518,Arizona,1,1,0,1,1,1,1,19,PIMA (19),9997,Other,10,10,6,June,2020,4,Wednesday,99,Unknown Hours,99,Unknown Minutes,0,This section IS NOT on the NHS,1,Rural,5,Major Collector,4,City or Municipal Highway Agency,6,Local Street - Municipality,MALEY ST,,0,None,99.99990000,99.99990000,999.999900000,999.999900000,0,No Special Jurisdiction,15,Non-Motorist on Personal Conveyance,0,The First Harmful Event was Not a Collision with a Motor Vehicle in Transport,9,Reported as Unknown,99,Reported as Unknown,99,Reported as Unknown,0,None,,,99,Reported as Unknown,9,Reported as Unknown,,,,,99,Reported as Unknown,0,No,0000000,Not Applicable,99,Unknown,99,Unknown,99,Unknown EMS Scene Arrival Hour,99,Unknown EMS Scene Arrival Minutes,99,Unknown,99,Unknown EMS Hospital Arrival Time,,,,,,,1,0
2020,4,40519,Arizona,2,2,0,0,0,2,2,1,APACHE (1),0,NOT APPLICABLE,10,10,6,June,2020,4,Wednesday,10,10:00am-10:59am,59,59,0,This section IS NOT on the NHS,1,Rural,6,Minor Collector,62,Bureau of Indian Affairs,8,Other,BIA-13,,0,None,99.99990000,99.99990000,999.999900000,999.999900000,3,Indian Reservation,12,Motor Vehicle In-Transport,99,Reported as Unknown,0,No,99,Reported as Unknown,99,Reported as Unknown,0,None,,,99,Reported as Unknown,1,Daylight,,,,,99,Reported as Unknown,0,No,0000000,Not Applicable,99,Unknown,99,Unknown,99,Unknown EMS Scene Arrival Hour,99,Unknown EMS Scene Arrival Minutes,99,Unknown,99,Unknown EMS Hospital Arrival Time,,,,,,,1,0
2020,4,40520,Arizona,1,1,0,1,1,3,3,13,MARICOPA (13),370,PHOENIX,14,14,6,June,2020,1,Sunday,19,7:00pm-7:59pm,49,49,0,This section IS NOT on the NHS,2,Urban,3,Principal Arterial - Other,4,City or Municipal Highway Agency,6,Local Street - Municipality,PEORIA AVE,,0,None,33.58203889,33.58203889,-112.120883330,-112.120883330,0,No Special Jurisdiction,8,Pedestrian,0,The First Harmful Event was Not a Collision with a Motor Vehicle in Transport,0,No,1,Non-Junction,1,Not an Intersection,0,None,,,1,On Roadway,3,Dark - Lighted,,,,,99,Reported as Unknown,0,No,0000000,Not Applicable,19,7:00pm-7:59pm,49,49,19,7:00pm-7:59pm,55,55,20,8:00pm-8:59pm,7,7,,,,,,,1,0
2020,4,40521,Arizona,1,1,0,1,1,1,1,13,MARICOPA (13),80,CHANDLER,18,18,6,June,2020,5,Thursday,7,7:00am-7:59am,26,26,0,This section IS NOT on the NHS,2,Urban,3,Principal Arterial - Other,4,City or Municipal Highway Agency,6,Local Street - Municipality,RAY RD,"ARROWHEAD DR ",0,None,33.32066667,33.32066667,-111.867758330,-111.867758330,0,No Special Jurisdiction,8,Pedestrian,0,The First Harmful Event was Not a Collision with a Motor Vehicle in Transport,0,No,3,Intersection-Related,2,Four-Way Intersection,0,None,,,1,On Roadway,1,Daylight,,,,,1,Clear,0,No,0000000,Not Applicable,7,7:00am-7:59am,27,27,7,7:00am-7:59am,28,28,7,7:00am-7:59am,45,45,,,,,,,1,0
2020,4,40522,Arizona,1,1,0,0,0,1,1,13,MARICOPA (13),200,GLENDALE,23,23,6,June,2020,3,Tuesday,20,8:00pm-8:59pm,44,44,1,This section IS ON the NHS,2,Urban,3,Principal Arterial - Other,4,City or Municipal Highway Agency,6,Local Street - Municipality,NORTHERN AVE,,0,None,33.55085278,33.55085278,-112.346341670,-112.346341670,0,No Special Jurisdiction,30,Utility Pole/Light Support,0,The First Harmful Event was Not a Collision with a Motor Vehicle in Transport,0,No,1,Non-Junction,1,Not an Intersection,4,"Work Zone, Type Unknown",,,4,On Roadside,3,Dark - Lighted,,,,,1,Clear,0,No,0000000,Not Applicable,20,8:00pm-8:59pm,44,44,20,8:00pm-8:59pm,50,50,88,"Not Applicable (Not Transported) ",88,Not Applicable (Not Transported),,,,,,,1,1
2020,4,40523,Arizona,1,1,0,0,0,1,1,13,MARICOPA (13),370,PHOENIX,27,27,6,June,2020,7,Saturday,3,3:00am-3:59am,21,21,0,This section IS NOT on the NHS,2,Urban,5,Major Collector,4,City or Municipal Highway Agency,6,Local Street - Municipality,52ND ST,OSBORN RD,0,None,33.48741389,33.48741389,-112.171533330,-112.171533330,0,No Special Jurisdiction,39,Wall,0,The First Harmful Event was Not a Collision with a Motor Vehicle in Transport,0,No,3,Intersection-Related,3,T-Intersection,0,None,,,4,On Roadside,3,Dark - Lighted,,,,,1,Clear,0,No,0000000,Not Applicable,3,3:00am-3:59am,22,22,3,3:00am-3:59am,26,26,88,"Not Applicable (Not Transported) ",88,Not Applicable (Not Transported),,,,,,,1,1
2020,4,40524,Arizona,2,2,0,0,0,4,4,13,MARICOPA (13),370,PHOENIX,28,28,6,June,2020,1,Sunday,13,1:00pm-1:59pm,54,54,1,This section IS ON the NHS,2,Urban,3,Principal Arterial - Other,4,City or Municipal Highway Agency,6,Local Street - Municipality,INDIAN SCHOOL RD,31ST AVE,0,None,33.49495556,33.49495556,-112.125627780,-112.125627780,0,No Special Jurisdiction,12,Motor Vehicle In-Transport,6,Angle,0,No,2,Intersection,2,Four-Way Intersection,0,None,,,1,On Roadway,1,Daylight,,,,,1,Clear,0,No,0000000,Not Applicable,99,Unknown,99,Unknown,99,Unknown EMS Scene Arrival Hour,99,Unknown EMS Scene Arrival Minutes,99,Unknown,99,Unknown EMS Hospital Arrival Time,,,,,,,2,0
2020,4,40525,Arizona,1,1,0,0,0,1,1,13,MARICOPA (13),370,PHOENIX,28,28,6,June,2020,1,Sunday,23,11:00pm-11:59pm,35,35,0,This section IS NOT on the NHS,2,Urban,4,Minor Arterial,4,City or Municipal Highway Agency,6,Local Street - Municipality,40TH ST,,0,None,33.59678056,33.59678056,-111.995850000,-111.995850000,0,No Special Jurisdiction,58,Ground,0,The First Harmful Event was Not a Collision with a Motor Vehicle in Transport,0,No,1,Non-Junction,1,Not an Intersection,0,None,,,4,On Roadside,3,Dark - Lighted,,,,,1,Clear,0,No,0000000,Not Applicable,99,Unknown,99,Unknown,99,Unknown EMS Scene Arrival Hour,99,Unknown EMS Scene Arrival Minutes,99,Unknown,99,Unknown EMS Hospital Arrival Time,,,,,,,1,0
2020,4,40526,Arizona,2,2,0,0,0,2,2,13,MARICOPA (13),370,PHOENIX,29,29,6,June,2020,2,Monday,4,4:00am-4:59am,12,12,0,This section IS NOT on the NHS,2,Urban,3,Principal Arterial - Other,4,City or Municipal Highway Agency,6,Local Street - Municipality,THOMAS RD,83RD AVE,0,None,33.47996111,33.47996111,-112.237816670,-112.237816670,0,No Special Jurisdiction,12,Motor Vehicle In-Transport,6,Angle,0,No,2,Intersection,2,Four-Way Intersection,0,None,,,1,On Roadway,3,Dark - Lighted,,,,,1,Clear,0,No,0000000,Not Applicable,99,Unknown,99,Unknown,99,Unknown EMS Scene Arrival Hour,99,Unknown EMS Scene Arrival Minutes,88,"Not Applicable (Not Transported) ",88,Not Applicable (Not Transported),,,,,,,1,0
2020,4,40527,Arizona,1,1,0,0,0,1,1,13,MARICOPA (13),370,PHOENIX,29,29,6,June,2020,2,Monday,20,8:00pm-8:59pm,42,42,1,This section IS ON the NHS,2,Urban,3,Principal Arterial - Other,1,State Highway Agency,6,Local Street - Municipality,N TATUM BLVD,,0,None,33.59175278,33.59175278,-111.978219440,-111.978219440,0,No Special Jurisdiction,33,Curb,0,The First Harmful Event was Not a Collision with a Motor Vehicle in Transport,0,No,1,Non-Junction,1,Not an Intersection,0,None,,,4,On Roadside,3,Dark - Lighted,,,,,1,Clear,0,No,0000000,Not Applicable,99,Unknown,99,Unknown,99,Unknown EMS Scene Arrival Hour,99,Unknown EMS Scene Arrival Minutes,99,Unknown,99,Unknown EMS Hospital Arrival Time,,,,,,,1,0
2020,4,40528,Arizona,2,2,0,0,0,3,3,13,MARICOPA (13),370,PHOENIX,30,30,6,June,2020,3,Tuesday,11,11:00am-11:59am,5,5,0,This section IS NOT on the NHS,2,Urban,5,Major Collector,4,City or Municipal Highway Agency,6,Local Street - Municipality,OSBORN RD,3RD AVE,0,None,33.48755278,33.48755278,-112.078211110,-112.078211110,0,No Special Jurisdiction,12,Motor Vehicle In-Transport,6,Angle,0,No,2,Intersection,2,Four-Way Intersection,1,Construction,,,1,On Roadway,1,Daylight,,,,,1,Clear,0,No,0000000,Not Applicable,11,11:00am-11:59am,5,5,11,11:00am-11:59am,6,6,99,Unknown,99,Unknown EMS Hospital Arrival Time,,,,,,,1,0
2020,4,40529,Arizona,2,2,0,0,0,3,3,13,MARICOPA (13),370,PHOENIX,2,2,5,May,2020,7,Saturday,15,3:00pm-3:59pm,53,53,0,This section IS NOT on the NHS,2,Urban,4,Minor Arterial,4,City or Municipal Highway Agency,6,Local Street - Municipality,MCDOWELL RD,,0,None,33.46568333,33.46568333,-111.992186110,-111.992186110,0,No Special Jurisdiction,12,Motor Vehicle In-Transport,6,Angle,0,No,8,Driveway Access Related,1,Not an Intersection,0,None,,,1,On Roadway,1,Daylight,,,,,1,Clear,0,No,0000000,Not Applicable,15,3:00pm-3:59pm,54,54,15,3:00pm-3:59pm,59,59,15,3:00pm-3:59pm,59,59,,,,,,,1,0
2020,4,40530,Arizona,1,1,0,0,0,1,1,13,MARICOPA (13),490,TEMPE,3,3,6,June,2020,4,Wednesday,17,5:00pm-5:59pm,24,24,1,This section IS ON the NHS,2,Urban,3,Principal Arterial - Other,4,City or Municipal Highway Agency,6,Local Street - Municipality,ELLIOT RD,,0,None,33.34928333,33.34928333,-111.943872220,-111.943872220,0,No Special Jurisdiction,33,Curb,0,The First Harmful Event was Not a Collision with a Motor Vehicle in Transport,0,No,1,Non-Junction,1,Not an Intersection,0,None,,,4,On Roadside,1,Daylight,,,,,1,Clear,0,No,0000000,Not Applicable,17,5:00pm-5:59pm,24,24,17,5:00pm-5:59pm,40,40,88,"Not Applicable (Not Transported) ",88,Not Applicable (Not Transported),,,,,,,1,1
2020,4,40531,Arizona,1,1,0,1,1,1,1,13,MARICOPA (13),370,PHOENIX,4,4,7,July,2020,7,Saturday,10,10:00am-10:59am,29,29,1,This section IS ON the NHS,2,Urban,1,Interstate,1,State Highway Agency,1,Interstate,I-10,,1440,1440,33.46131667,33.46131667,-112.089383330,-112.089383330,0,No Special Jurisdiction,8,Pedestrian,0,The First Harmful Event was Not a Collision with a Motor Vehicle in Transport,0,No,1,Non-Junction,1,Not an Intersection,0,None,,,1,On Roadway,1,Daylight,,,,,1,Clear,0,No,0000000,Not Applicable,10,10:00am-10:59am,31,31,10,10:00am-10:59am,37,37,10,10:00am-10:59am,45,45,,,,,,,1,0
2020,4,40532,Arizona,1,1,0,0,0,1,1,13,MARICOPA (13),370,PHOENIX,8,8,7,July,2020,4,Wednesday,13,1:00pm-1:59pm,12,12,1,This section IS ON the NHS,2,Urban,1,Interstate,1,State Highway Agency,1,Interstate,I-17,,2212,2212,33.76692222,33.76692222,-112.129102780,-112.129102780,0,No Special Jurisdiction,43,Other Fixed Object,0,The First Harmful Event was Not a Collision with a Motor Vehicle in Transport,0,No,1,Non-Junction,1,Not an Intersection,0,None,,,3,On Median,1,Daylight,,,,,1,Clear,0,No,0000000,Not Applicable,13,1:00pm-1:59pm,13,13,13,1:00pm-1:59pm,22,22,13,1:00pm-1:59pm,36,36,,,,,,,1,0
2020,4,40533,Arizona,1,1,0,0,0,1,1,13,MARICOPA (13),200,GLENDALE,1,1,9,September,2020,3,Tuesday,8,8:00am-8:59am,7,7,0,This section IS NOT on the NHS,2,Urban,4,Minor Arterial,4,City or Municipal Highway Agency,6,Local Street - Municipality,67TH AVE,,0,None,33.54951944,33.54951944,-112.202208330,-112.202208330,0,No Special Jurisdiction,33,Curb,0,The First Harmful Event was Not a Collision with a Motor Vehicle in Transport,0,No,1,Non-Junction,1,Not an Intersection,0,None,,,4,On Roadside,1,Daylight,,,,,1,Clear,0,No,0000000,Not Applicable,8,8:00am-8:59am,9,9,8,8:00am-8:59am,13,13,8,8:00am-8:59am,43,43,,,,,,,1,0
2020,4,40534,Arizona,1,1,0,0,0,1,1,13,MARICOPA (13),0,NOT APPLICABLE,1,1,9,September,2020,3,Tuesday,20,8:00pm-8:59pm,31,31,0,This section IS NOT on the NHS,2,Urban,98,Not Reported,4,City or Municipal Highway Agency,6,Local Street - Municipality,PARKVIEW PL,,0,None,33.63369167,33.63369167,-112.382486110,-112.382486110,0,No Special Jurisdiction,30,Utility Pole/Light Support,0,The First Harmful Event was Not a Collision with a Motor Vehicle in Transport,0,No,1,Non-Junction,1,Not an Intersection,0,None,,,4,On Roadside,3,Dark - Lighted,,,,,1,Clear,0,No,0000000,Not Applicable,99,Unknown,99,Unknown,99,Unknown EMS Scene Arrival Hour,99,Unknown EMS Scene Arrival Minutes,88,"Not Applicable (Not Transported) ",88,Not Applicable (Not Transported),,,,,,,1,1
2020,4,40535,Arizona,2,2,0,0,0,2,2,19,PIMA (19),0,NOT APPLICABLE,2,2,9,September,2020,4,Wednesday,8,8:00am-8:59am,32,32,1,This section IS ON the NHS,1,Rural,3,Principal Arterial - Other,1,State Highway Agency,2,U.S. Highway,US-60,,2042,2042,99.99990000,99.99990000,999.999900000,999.999900000,0,No Special Jurisdiction,12,Motor Vehicle In-Transport,2,Front-to-Front,0,No,1,Non-Junction,1,Not an Intersection,0,None,,,1,On Roadway,1,Daylight,,,,,1,Clear,0,No,0000000,Not Applicable,8,8:00am-8:59am,33,33,8,8:00am-8:59am,44,44,99,Unknown,99,Unknown EMS Hospital Arrival Time,,,,,,,1,0
2020,4,40536,Arizona,1,1,0,0,0,1,1,1,APACHE (1),0,NOT APPLICABLE,4,4,9,September,2020,6,Friday,12,12:00pm-12:59pm,8,8,0,This section IS NOT on the NHS,1,Rural,4,Minor Arterial,1,State Highway Agency,2,U.S. Highway,"US-191 ",,4376,4376,36.05255000,36.05255000,-109.608383330,-109.608383330,3,Indian Reservation,1,Rollover/Overturn,0,The First Harmful Event was Not a Collision with a Motor Vehicle in Transport,0,No,1,Non-Junction,1,Not an Intersection,0,None,,,4,On Roadside,1,Daylight,,,,,1,Clear,0,No,0000000,Not Applicable,11,11:00am-11:59am,50,50,12,12:00pm-12:59pm,6,6,88,"Not Applicable (Not Transported) ",88,Not Applicable (Not Transported),,,,,,,1,0
2020,4,40537,Arizona,3,3,0,0,0,5,5,12,LA PAZ (12),0,NOT APPLICABLE,4,4,9,September,2020,6,Friday,12,12:00pm-12:59pm,58,58,0,This section IS NOT on the NHS,1,Rural,5,Major Collector,1,State Highway Agency,2,U.S. Highway,US-60,,193,193,33.72441111,33.72441111,-113.690655560,-113.690655560,0,No Special Jurisdiction,12,Motor Vehicle In-Transport,2,Front-to-Front,0,No,1,Non-Junction,1,Not an Intersection,0,None,,,1,On Roadway,1,Daylight,,,,,1,Clear,0,No,0000000,Not Applicable,12,12:00pm-12:59pm,58,58,13,1:00pm-1:59pm,21,21,99,Unknown,99,Unknown EMS Hospital Arrival Time,,,,,,,2,1
2020,4,40538,Arizona,1,1,0,1,1,1,1,19,PIMA (19),530,TUCSON,5,5,9,September,2020,7,Saturday,19,7:00pm-7:59pm,58,58,0,This section IS NOT on the NHS,2,Urban,4,Minor Arterial,4,City or Municipal Highway Agency,6,Local Street - Municipality,GRANT RD,JACKRABBIT AVE,0,None,32.25058611,32.25058611,-111.005683330,-111.005683330,0,No Special Jurisdiction,8,Pedestrian,0,The First Harmful Event was Not a Collision with a Motor Vehicle in Transport,0,No,3,Intersection-Related,3,T-Intersection,0,None,,,1,On Roadway,3,Dark - Lighted,,,,,1,Clear,0,No,0000000,Not Applicable,19,7:00pm-7:59pm,58,58,20,8:00pm-8:59pm,3,3,88,"Not Applicable (Not Transported) ",88,Not Applicable (Not Transported),,,,,,,1,0
2020,4,40539,Arizona,1,1,0,1,1,1,1,13,MARICOPA (13),370,PHOENIX,5,5,9,September,2020,7,Saturday,23,11:00pm-11:59pm,7,7,0,This section IS NOT on the NHS,2,Urban,3,Principal Arterial - Other,4,City or Municipal Highway Agency,6,Local Street - Municipality,35TH AVE,,0,None,33.53493889,33.53493889,-112.134330560,-112.134330560,0,No Special Jurisdiction,8,Pedestrian,0,The First Harmful Event was Not a Collision with a Motor Vehicle in Transport,0,No,1,Non-Junction,1,Not an Intersection,0,None,,,1,On Roadway,3,Dark - Lighted,,,,,1,Clear,0,No,0000000,Not Applicable,23,11:00pm-11:59pm,7,7,23,11:00pm-11:59pm,11,11,23,11:00pm-11:59pm,26,26,,,,,,,1,0
2020,4,40540,Arizona,2,1,1,2,2,3,3,19,PIMA (19),530,TUCSON,6,6,9,September,2020,1,Sunday,21,9:00pm-9:59pm,21,21,0,This section IS NOT on the NHS,2,Urban,98,Not Reported,98,Not Reported,9,Unknown,36TH ST,,0,None,32.19225000,32.19225000,-111.037516670,-111.037516670,0,No Special Jurisdiction,14,Parked Motor Vehicle,0,The First Harmful Event was Not a Collision with a Motor Vehicle in Transport,0,No,1,Non-Junction,1,Not an Intersection,0,None,,,5,Outside Trafficway,2,Dark - Not Lighted,,,,,1,Clear,0,No,0000000,Not Applicable,99,Unknown,99,Unknown,99,Unknown EMS Scene Arrival Hour,99,Unknown EMS Scene Arrival Minutes,88,"Not Applicable (Not Transported) ",88,Not Applicable (Not Transported),,,,,,,1,0
2020,4,40541,Arizona,2,2,0,0,0,2,2,25,YAVAPAI (25),120,COTTONWOOD,7,7,9,September,2020,2,Monday,14,2:00pm-2:59pm,39,39,0,This section IS NOT on the NHS,2,Urban,3,Principal Arterial - Other,1,State Highway Agency,3,State Highway,SR-89A,WILLARD ST,334,334,34.73229444,34.73229444,-112.027858330,-112.027858330,0,No Special Jurisdiction,12,Motor Vehicle In-Transport,2,Front-to-Front,1,Yes,3,Intersection-Related,4,Y-Intersection,0,None,,,1,On Roadway,1,Daylight,,,,,10,Cloudy,0,No,0000000,Not Applicable,14,2:00pm-2:59pm,39,39,14,2:00pm-2:59pm,42,42,14,2:00pm-2:59pm,56,56,,,,,,,1,1
2020,4,40542,Arizona,2,2,0,0,0,3,3,25,YAVAPAI (25),126,DEWEY-HUMBOLDT,8,8,9,September,2020,3,Tuesday,0,0:00am-0:59am,11,11,1,This section IS ON the NHS,2,Urban,3,Principal Arterial - Other,1,State Highway Agency,3,State Highway,SR-69,KLOSS AVE,169,169,34.50631944,34.50631944,-112.242494440,-112.242494440,0,No Special Jurisdiction,12,Motor Vehicle In-Transport,6,Angle,1,Yes,2,Intersection,2,Four-Way Intersection,0,None,,,1,On Roadway,3,Dark - Lighted,,,,,10,Cloudy,0,No,0000000,Not Applicable,0,0:00am-0:59am,11,11,0,0:00am-0:59am,30,30,99,Unknown,99,Unknown EMS Hospital Arrival Time,,,,,,,1,0
2020,4,40543,Arizona,1,1,0,0,0,1,1,23,SANTA CRUZ (23),330,NOGALES,8,8,9,September,2020,3,Tuesday,7,7:00am-7:59am,0,0,1,This section IS ON the NHS,2,Urban,3,Principal Arterial - Other,1,State Highway Agency,7,Local Street - Frontage Road,FRONTAGE RD,,99999,Unknown,31.39723056,31.39723056,-110.958669440,-110.958669440,0,No Special Jurisdiction,38,Fence,0,The First Harmful Event was Not a Collision with a Motor Vehicle in Transport,0,No,1,Non-Junction,1,Not an Intersection,0,None,,,4,On Roadside,1,Daylight,,,,,1,Clear,0,No,0000000,Not Applicable,7,7:00am-7:59am,5,5,7,7:00am-7:59am,9,9,8,8:00am-8:59am,0,0,,,,,,,1,0
2020,4,40544,Arizona,1,1,0,0,0,2,2,12,LA PAZ (12),0,NOT APPLICABLE,8,8,9,September,2020,3,Tuesday,9,9:00am-9:59am,9,9,0,This section IS NOT on the NHS,1,Rural,5,Major Collector,1,State Highway Agency,2,U.S. Highway,US-60,,402,402,33.87098056,33.87098056,-113.391102780,-113.391102780,0,No Special Jurisdiction,59,"Traffic Sign Support ",0,The First Harmful Event was Not a Collision with a Motor Vehicle in Transport,0,No,1,Non-Junction,1,Not an Intersection,0,None,,,4,On Roadside,1,Daylight,,,,,5,"Fog, Smog, Smoke",0,No,0000000,Not Applicable,9,9:00am-9:59am,9,9,9,9:00am-9:59am,31,31,99,Unknown,99,Unknown EMS Hospital Arrival Time,,,,,,,1,0
2020,4,40545,Arizona,2,2,0,0,0,2,2,5,COCONINO (5),0,NOT APPLICABLE,10,10,9,September,2020,5,Thursday,7,7:00am-7:59am,6,6,1,This section IS ON the NHS,1,Rural,1,Interstate,1,State Highway Agency,1,Interstate,I-40,,1576,1576,35.22160278,35.22160278,-112.269022220,-112.269022220,0,No Special Jurisdiction,12,Motor Vehicle In-Transport,1,Front-to-Rear,0,No,1,Non-Junction,1,Not an Intersection,0,None,,,1,On Roadway,1,Daylight,,,,,1,Clear,0,No,0000000,Not Applicable,7,7:00am-7:59am,9,9,7,7:00am-7:59am,22,22,88,"Not Applicable (Not Transported) ",88,Not Applicable (Not Transported),,,,,,,1,0
2020,4,40546,Arizona,1,1,0,0,0,2,2,13,MARICOPA (13),370,PHOENIX,10,10,9,September,2020,5,Thursday,13,1:00pm-1:59pm,45,45,1,This section IS ON the NHS,2,Urban,2,Principal Arterial - Other Freeways and Expressways,1,State Highway Agency,3,State Highway,SR-51,,55,55,33.52912222,33.52912222,-112.043719440,-112.043719440,0,No Special Jurisdiction,1,Rollover/Overturn,0,The First Harmful Event was Not a Collision with a Motor Vehicle in Transport,0,No,1,Non-Junction,1,Not an Intersection,0,None,,,3,On Median,1,Daylight,,,,,1,Clear,0,No,0000000,Not Applicable,13,1:00pm-1:59pm,45,45,13,1:00pm-1:59pm,56,56,14,2:00pm-2:59pm,9,9,,,,,,,1,0
2020,4,40547,Arizona,1,1,0,0,0,2,2,1,APACHE (1),0,NOT APPLICABLE,10,10,9,September,2020,5,Thursday,23,11:00pm-11:59pm,50,50,0,This section IS NOT on the NHS,1,Rural,4,Minor Arterial,1,State Highway Agency,2,U.S. Highway,US-191,BIA-12,99998,Not Reported,36.50900833,36.50900833,-109.472561110,-109.472561110,3,Indian Reservation,1,Rollover/Overturn,0,The First Harmful Event was Not a Collision with a Motor Vehicle in Transport,1,Yes,3,Intersection-Related,3,T-Intersection,0,None,,,4,On Roadside,2,Dark - Not Lighted,,,,,1,Clear,0,No,0000000,Not Applicable,23,11:00pm-11:59pm,50,50,0,0:00am-0:59am,13,13,88,"Not Applicable (Not Transported) ",88,Not Applicable (Not Transported),,,,,,,1,1
2020,4,40548,Arizona,2,2,0,0,0,2,2,13,MARICOPA (13),370,PHOENIX,12,12,9,September,2020,7,Saturday,4,4:00am-4:59am,23,23,1,This section IS ON the NHS,2,Urban,2,Principal Arterial - Other Freeways and Expressways,1,State Highway Agency,3,State Highway,SR-101,,227,227,33.66906111,33.66906111,-112.088605560,-112.088605560,0,No Special Jurisdiction,12,Motor Vehicle In-Transport,1,Front-to-Rear,0,No,1,Non-Junction,1,Not an Intersection,1,Construction,,,1,On Roadway,3,Dark - Lighted,,,,,1,Clear,0,No,0000000,Not Applicable,4,4:00am-4:59am,24,24,4,4:00am-4:59am,30,30,88,"Not Applicable (Not Transported) ",88,Not Applicable (Not Transported),,,,,,,1,1
2020,4,40550,Arizona,2,2,0,0,0,2,2,5,COCONINO (5),0,NOT APPLICABLE,12,12,9,September,2020,7,Saturday,20,8:00pm-8:59pm,11,11,1,This section IS ON the NHS,2,Urban,3,Principal Arterial - Other,1,State Highway Agency,2,U.S. Highway,US-89,BRAMLEY LN,26,26,35.25874167,35.25874167,-111.551919440,-111.551919440,0,No Special Jurisdiction,12,Motor Vehicle In-Transport,6,Angle,1,Yes,2,Intersection,3,T-Intersection,0,None,,,1,On Roadway,2,Dark - Not Lighted,,,,,1,Clear,0,No,0000000,Not Applicable,20,8:00pm-8:59pm,11,11,20,8:00pm-8:59pm,16,16,88,"Not Applicable (Not Transported) ",88,Not Applicable (Not Transported),,,,,,,1,0