caseyear,state,st_case,statename,ve_total,ve_forms,pvh_invl,peds,pernotmvit,permvit,persons,county,countyname,city,cityname,day,dayname,month,monthname,year,day_week,day_weekname,hour,hourname,minute,minutename,nhs,nhsname,rur_urb,rur_urbname,func_sys,func_sysname,rd_owner,rd_ownername,route,routename,tway_id,tway_id2,milept,mileptname,latitude,latitudename,longitud,longitudname,sp_jur,sp_jurname,harm_ev,harm_evname,man_coll,man_collname,reljct1,reljct1name,reljct2,reljct2name,typ_int,typ_intname,wrk_zone,wrk_zonename,road_fnc,road_fncname,rel_road,rel_roadname,lgt_cond,lgt_condname,weather1,weather1name,weather2,weather2name,weather,weathername,sch_bus,sch_busname,rail,railname,not_hour,not_hourname,not_min,not_minname,arr_hour,arr_hourname,arr_min,arr_minname,hosp_hr,hosp_hrname,hosp_mn,hosp_mnname,cf1,cf1name,cf2,cf2name,cf3,cf3name,fatals,drunk_dr
2020,4,40551,Arizona,1,1,0,0,0,2,2,21,PINAL (21),70,CASA GRANDE,12,12,9,September,2020,7,Saturday,20,8:00pm-8:59pm,13,13,1,This section IS ON the NHS,2,Urban,1,Interstate,1,State Highway Agency,1,Interstate,I-10,,1872,1872,32.88981944,32.88981944,-111.686761110,-111.686761110,0,No Special Jurisdiction,1,Rollover/Overturn,0,The First Harmful Event was Not a Collision with a Motor Vehicle in Transport,0,No,1,Non-Junction,1,Not an Intersection,0,None,,,3,On Median,3,Dark - Lighted,,,,,1,Clear,0,No,0000000,Not Applicable,20,8:00pm-8:59pm,18,18,20,8:00pm-8:59pm,30,30,21,9:00pm-9:59pm,34,34,,,,,,,1,0
2020,4,40552,Arizona,2,2,0,0,0,5,5,5,COCONINO (5),0,NOT APPLICABLE,13,13,9,September,2020,1,Sunday,20,8:00pm-8:59pm,56,56,1,This section IS ON the NHS,1,Rural,1,Interstate,1,State Highway Agency,1,Interstate,I-17,,1326,1326,35.00246944,35.00246944,-111.685972220,-111.685972220,0,No Special Jurisdiction,11,Live Animal,0,The First Harmful Event was Not a Collision with a Motor Vehicle in Transport,0,No,1,Non-Junction,1,Not an Intersection,0,None,,,1,On Roadway,2,Dark - Not Lighted,,,,,1,Clear,0,No,0000000,Not Applicable,20,8:00pm-8:59pm,57,57,21,9:00pm-9:59pm,3,3,99,Unknown,99,Unknown EMS Hospital Arrival Time,,,,,,,1,0
2020,4,40553,Arizona,1,1,0,0,0,1,1,13,MARICOPA (13),0,NOT APPLICABLE,14,14,9,September,2020,2,Monday,2,2:00am-2:59am,56,56,0,This section IS NOT on the NHS,2,Urban,3,Principal Arterial - Other,1,State Highway Agency,3,State Highway,SR-202,,99999,Unknown,33.38186389,33.38186389,-112.190216670,-112.190216670,0,No Special Jurisdiction,1,Rollover/Overturn,0,The First Harmful Event was Not a Collision with a Motor Vehicle in Transport,0,No,1,Non-Junction,1,Not an Intersection,0,None,,,4,On Roadside,3,Dark - Lighted,,,,,1,Clear,0,No,0000000,Not Applicable,3,3:00am-3:59am,0,0,3,3:00am-3:59am,8,8,88,"Not Applicable (Not Transported) ",88,Not Applicable (Not Transported),,,,,,,1,1
2020,4,40555,Arizona,1,1,0,0,0,1,1,19,PIMA (19),530,TUCSON,14,14,9,September,2020,2,Monday,23,11:00pm-11:59pm,56,56,1,This section IS ON the NHS,2,Urban,1,Interstate,1,State Highway Agency,1,Interstate,I-10 RAMP,,2602,2602,32.19174167,32.19174167,-110.981722220,-110.981722220,0,No Special Jurisdiction,41,Shrubbery,0,The First Harmful Event was Not a Collision with a Motor Vehicle in Transport,1,Yes,5,Entrance/Exit Ramp Related,1,Not an Intersection,0,None,,,4,On Roadside,3,Dark - Lighted,,,,,1,Clear,0,No,0000000,Not Applicable,23,11:00pm-11:59pm,56,56,0,0:00am-0:59am,2,2,88,"Not Applicable (Not Transported) ",88,Not Applicable (Not Transported),,,,,,,1,1
2020,4,40557,Arizona,2,2,0,0,0,2,2,13,MARICOPA (13),490,TEMPE,17,17,9,September,2020,5,Thursday,10,10:00am-10:59am,3,3,0,This section IS NOT on the NHS,2,Urban,2,Principal Arterial - Other Freeways and Expressways,1,State Highway Agency,3,State Highway,SR-101,SOUTHERN AVE,0,None,33.39303056,33.39303056,-111.892044440,-111.892044440,0,No Special Jurisdiction,12,Motor Vehicle In-Transport,6,Angle,1,Yes,2,Intersection,2,Four-Way Intersection,0,None,,,1,On Roadway,1,Daylight,,,,,1,Clear,0,No,0000000,Not Applicable,10,10:00am-10:59am,3,3,10,10:00am-10:59am,9,9,10,10:00am-10:59am,22,22,,,,,,,1,0
2020,4,40558,Arizona,1,1,0,0,0,1,1,1,APACHE (1),0,NOT APPLICABLE,18,18,9,September,2020,6,Friday,13,1:00pm-1:59pm,47,47,0,This section IS NOT on the NHS,1,Rural,6,Minor Collector,1,State Highway Agency,3,State Highway,SR-373,NF 1158,3,3,34.06185556,34.06185556,-109.464263890,-109.464263890,0,No Special Jurisdiction,24,Guardrail Face,0,The First Harmful Event was Not a Collision with a Motor Vehicle in Transport,0,No,3,Intersection-Related,3,T-Intersection,0,None,,,4,On Roadside,1,Daylight,,,,,10,Cloudy,0,No,0000000,Not Applicable,13,1:00pm-1:59pm,47,47,14,2:00pm-2:59pm,5,5,14,2:00pm-2:59pm,23,23,,,,,,,1,0
2020,4,40559,Arizona,1,1,0,0,0,1,1,13,MARICOPA (13),220,GOODYEAR,18,18,9,September,2020,6,Friday,23,11:00pm-11:59pm,21,21,0,This section IS NOT on the NHS,2,Urban,6,Minor Collector,4,City or Municipal Highway Agency,6,Local Street - Municipality,ELLIOT RD,RAINBOW VALLEY RD,0,None,33.34845000,33.34845000,-112.469886110,-112.469886110,0,No Special Jurisdiction,30,Utility Pole/Light Support,0,The First Harmful Event was Not a Collision with a Motor Vehicle in Transport,0,No,3,Intersection-Related,3,T-Intersection,0,None,,,4,On Roadside,3,Dark - Lighted,,,,,1,Clear,0,No,0000000,Not Applicable,23,11:00pm-11:59pm,21,21,23,11:00pm-11:59pm,30,30,0,0:00am-0:59am,5,5,,,,,,,1,1
2020,4,40561,Arizona,1,1,0,0,0,1,1,3,COCHISE (3),0,NOT APPLICABLE,19,19,9,September,2020,7,Saturday,17,5:00pm-5:59pm,45,45,0,This section IS NOT on the NHS,1,Rural,5,Major Collector,1,State Highway Agency,3,State Highway,SR-82,,562,562,31.71942778,31.71942778,-110.239844440,-110.239844440,0,No Special Jurisdiction,41,Shrubbery,0,The First Harmful Event was Not a Collision with a Motor Vehicle in Transport,0,No,1,Non-Junction,1,Not an Intersection,0,None,,,4,On Roadside,1,Daylight,,,,,1,Clear,0,No,0000000,Not Applicable,17,5:00pm-5:59pm,47,47,17,5:00pm-5:59pm,58,58,88,"Not Applicable (Not Transported) ",88,Not Applicable (Not Transported),,,,,,,1,1
2020,4,40562,Arizona,1,1,0,0,0,2,2,13,MARICOPA (13),290,MESA,19,19,9,September,2020,7,Saturday,18,6:00pm-6:59pm,31,31,0,This section IS NOT on the NHS,2,Urban,7,Local,98,Not Reported,9,Unknown,WESTWOOD ST,EMILITA AVE,0,None,33.39821944,33.39821944,-111.852844440,-111.852844440,0,No Special Jurisdiction,38,Fence,0,The First Harmful Event was Not a Collision with a Motor Vehicle in Transport,0,No,3,Intersection-Related,3,T-Intersection,0,None,,,4,On Roadside,3,Dark - Lighted,,,,,1,Clear,0,No,0000000,Not Applicable,18,6:00pm-6:59pm,31,31,18,6:00pm-6:59pm,35,35,19,7:00pm-7:59pm,0,0,,,,,,,1,0
2020,4,40563,Arizona,2,2,0,0,0,2,2,13,MARICOPA (13),290,MESA,19,19,9,September,2020,7,Saturday,21,9:00pm-9:59pm,26,26,0,This section IS NOT on the NHS,2,Urban,3,Principal Arterial - Other,4,City or Municipal Highway Agency,6,Local Street - Municipality,MAIN ST,GILBERT RD,0,None,33.41546667,33.41546667,-111.788105560,-111.788105560,0,No Special Jurisdiction,12,Motor Vehicle In-Transport,1,Front-to-Rear,0,No,2,Intersection,2,Four-Way Intersection,0,None,,,1,On Roadway,3,Dark - Lighted,,,,,1,Clear,0,No,0000000,Not Applicable,21,9:00pm-9:59pm,26,26,21,9:00pm-9:59pm,30,30,99,Unknown,99,Unknown EMS Hospital Arrival Time,,,,,,,1,1
2020,4,40564,Arizona,1,1,0,0,0,1,1,13,MARICOPA (13),189,GILA BEND,21,21,9,September,2020,2,Monday,2,2:00am-2:59am,45,45,0,This section IS NOT on the NHS,1,Rural,4,Minor Arterial,1,State Highway Agency,3,State Highway,SR-85,,206,206,32.66328611,32.66328611,-112.859061110,-112.859061110,0,No Special Jurisdiction,59,"Traffic Sign Support ",0,The First Harmful Event was Not a Collision with a Motor Vehicle in Transport,0,No,1,Non-Junction,1,Not an Intersection,0,None,,,4,On Roadside,2,Dark - Not Lighted,,,,,1,Clear,0,No,0000000,Not Applicable,2,2:00am-2:59am,45,45,3,3:00am-3:59am,10,10,88,"Not Applicable (Not Transported) ",88,Not Applicable (Not Transported),,,,,,,1,0
2020,4,40566,Arizona,2,2,0,0,0,3,3,13,MARICOPA (13),0,NOT APPLICABLE,22,22,9,September,2020,3,Tuesday,18,6:00pm-6:59pm,18,18,0,This section IS NOT on the NHS,1,Rural,5,Major Collector,1,State Highway Agency,3,State Highway,SR-88,,129,129,33.53379722,33.53379722,-111.454744440,-111.454744440,0,No Special Jurisdiction,12,Motor Vehicle In-Transport,8,Sideswipe - Opposite Direction,0,No,1,Non-Junction,1,Not an Intersection,0,None,,,1,On Roadway,5,Dusk,,,,,10,Cloudy,0,No,0000000,Not Applicable,18,6:00pm-6:59pm,18,18,18,6:00pm-6:59pm,39,39,99,Unknown,99,Unknown EMS Hospital Arrival Time,,,,,,,1,0
2020,4,40567,Arizona,1,1,0,1,1,1,1,19,PIMA (19),530,TUCSON,22,22,9,September,2020,3,Tuesday,18,6:00pm-6:59pm,56,56,0,This section IS NOT on the NHS,2,Urban,3,Principal Arterial - Other,4,City or Municipal Highway Agency,6,Local Street - Municipality,GRANT RD,NORTHERN AVE,0,None,32.25046667,32.25046667,-110.922036110,-110.922036110,0,No Special Jurisdiction,8,Pedestrian,0,The First Harmful Event was Not a Collision with a Motor Vehicle in Transport,0,No,3,Intersection-Related,3,T-Intersection,0,None,,,1,On Roadway,3,Dark - Lighted,,,,,1,Clear,0,No,0000000,Not Applicable,18,6:00pm-6:59pm,56,56,18,6:00pm-6:59pm,58,58,99,Unknown,99,Unknown EMS Hospital Arrival Time,,,,,,,1,0
2020,4,40569,Arizona,1,1,0,1,1,1,1,13,MARICOPA (13),200,GLENDALE,23,23,9,September,2020,4,Wednesday,23,11:00pm-11:59pm,41,41,0,This section IS NOT on the NHS,2,Urban,3,Principal Arterial - Other,4,City or Municipal Highway Agency,6,Local Street - Municipality,59TH AVE,GLENN DR,0,None,33.53982500,33.53982500,-112.186200000,-112.186200000,0,No Special Jurisdiction,8,Pedestrian,0,The First Harmful Event was Not a Collision with a Motor Vehicle in Transport,0,No,3,Intersection-Related,2,Four-Way Intersection,0,None,,,1,On Roadway,3,Dark - Lighted,,,,,1,Clear,0,No,0000000,Not Applicable,99,Unknown,99,Unknown,99,Unknown EMS Scene Arrival Hour,99,Unknown EMS Scene Arrival Minutes,99,Unknown,99,Unknown EMS Hospital Arrival Time,,,,,,,1,0
2020,4,40570,Arizona,2,2,0,0,0,4,4,13,MARICOPA (13),0,NOT APPLICABLE,25,25,9,September,2020,6,Friday,8,8:00am-8:59am,46,46,0,This section IS NOT on the NHS,1,Rural,3,Principal Arterial - Other,1,State Highway Agency,3,State Highway,SR-85,,46,46,32.89410556,32.89410556,-112.746747220,-112.746747220,0,No Special Jurisdiction,12,Motor Vehicle In-Transport,2,Front-to-Front,0,No,1,Non-Junction,1,Not an Intersection,0,None,,,1,On Roadway,1,Daylight,,,,,1,Clear,0,No,0000000,Not Applicable,8,8:00am-8:59am,50,50,9,9:00am-9:59am,0,0,99,Unknown,99,Unknown EMS Hospital Arrival Time,,,,,,,3,0
2020,4,40571,Arizona,2,2,0,0,0,4,4,25,YAVAPAI (25),0,NOT APPLICABLE,16,16,9,September,2020,4,Wednesday,22,10:00pm-10:59pm,52,52,1,This section IS ON the NHS,1,Rural,1,Interstate,1,State Highway Agency,1,Interstate,I-40,,1216,1216,35.31371389,35.31371389,-112.863108330,-112.863108330,0,No Special Jurisdiction,12,Motor Vehicle In-Transport,6,Angle,0,No,1,Non-Junction,1,Not an Intersection,0,None,,,1,On Roadway,2,Dark - Not Lighted,,,,,1,Clear,0,No,0000000,Not Applicable,23,11:00pm-11:59pm,19,19,23,11:00pm-11:59pm,38,38,99,Unknown,99,Unknown EMS Hospital Arrival Time,,,,,,,2,0
2020,4,40572,Arizona,2,2,0,0,0,2,2,13,MARICOPA (13),370,PHOENIX,17,17,9,September,2020,5,Thursday,23,11:00pm-11:59pm,49,49,1,This section IS ON the NHS,2,Urban,1,Interstate,1,State Highway Agency,1,Interstate,I-10,,1370,1370,33.46257222,33.46257222,-112.204013890,-112.204013890,0,No Special Jurisdiction,12,Motor Vehicle In-Transport,1,Front-to-Rear,0,No,1,Non-Junction,1,Not an Intersection,1,Construction,,,1,On Roadway,3,Dark - Lighted,,,,,1,Clear,0,No,0000000,Not Applicable,23,11:00pm-11:59pm,48,48,23,11:00pm-11:59pm,55,55,88,"Not Applicable (Not Transported) ",88,Not Applicable (Not Transported),,,,,,,1,1
2020,4,40573,Arizona,1,1,0,0,0,1,1,13,MARICOPA (13),368,PEORIA,25,25,9,September,2020,6,Friday,20,8:00pm-8:59pm,33,33,1,This section IS ON the NHS,2,Urban,2,Principal Arterial - Other Freeways and Expressways,1,State Highway Agency,3,State Highway,SR-101,,87,87,33.58810833,33.58810833,-112.261155560,-112.261155560,0,No Special Jurisdiction,25,Concrete Traffic Barrier,0,The First Harmful Event was Not a Collision with a Motor Vehicle in Transport,0,No,1,Non-Junction,1,Not an Intersection,0,None,,,3,On Median,3,Dark - Lighted,,,,,1,Clear,0,No,0000000,Not Applicable,20,8:00pm-8:59pm,35,35,20,8:00pm-8:59pm,40,40,88,"Not Applicable (Not Transported) ",88,Not Applicable (Not Transported),,,,,,,1,0
2020,4,40574,Arizona,1,1,0,0,0,1,1,17,NAVAJO (17),0,NOT APPLICABLE,26,26,9,September,2020,7,Saturday,16,4:00pm-4:59pm,15,15,0,This section IS NOT on the NHS,2,Urban,5,Major Collector,4,City or Municipal Highway Agency,6,Local Street - Municipality,MIKES PIKE BLVD,,0,None,35.04075556,35.04075556,-110.705005560,-110.705005560,0,No Special Jurisdiction,41,Shrubbery,0,The First Harmful Event was Not a Collision with a Motor Vehicle in Transport,0,No,1,Non-Junction,1,Not an Intersection,0,None,,,4,On Roadside,1,Daylight,,,,,1,Clear,0,No,0000000,Not Applicable,16,4:00pm-4:59pm,18,18,16,4:00pm-4:59pm,23,23,16,4:00pm-4:59pm,47,47,,,,,,,1,0
2020,4,40575,Arizona,2,2,0,0,0,3,3,19,PIMA (19),530,TUCSON,26,26,9,September,2020,7,Saturday,20,8:00pm-8:59pm,50,50,0,This section IS NOT on the NHS,2,Urban,4,Minor Arterial,2,County Highway Agency,4,County Road,CR-WETMORE RD,FLOWING WELLS RD,0,None,32.28685278,32.28685278,-110.995113890,-110.995113890,0,No Special Jurisdiction,12,Motor Vehicle In-Transport,6,Angle,0,No,2,Intersection,2,Four-Way Intersection,0,None,,,1,On Roadway,3,Dark - Lighted,,,,,1,Clear,0,No,0000000,Not Applicable,20,8:00pm-8:59pm,50,50,20,8:00pm-8:59pm,50,50,99,Unknown,99,Unknown EMS Hospital Arrival Time,,,,,,,1,0
2020,4,40577,Arizona,1,1,0,0,0,1,1,21,PINAL (21),22,APACHE JUNCTION,27,27,9,September,2020,1,Sunday,5,5:00am-5:59am,40,40,1,This section IS ON the NHS,2,Urban,2,Principal Arterial - Other Freeways and Expressways,1,State Highway Agency,2,U.S. Highway,US-60,,1666,1666,33.38679722,33.38679722,-111.502625000,-111.502625000,0,No Special Jurisdiction,1,Rollover/Overturn,0,The First Harmful Event was Not a Collision with a Motor Vehicle in Transport,0,No,1,Non-Junction,1,Not an Intersection,0,None,,,1,On Roadway,3,Dark - Lighted,,,,,1,Clear,0,No,0000000,Not Applicable,5,5:00am-5:59am,43,43,5,5:00am-5:59am,58,58,6,6:00am-6:59am,30,30,,,,,,,1,0
2020,4,40579,Arizona,1,1,0,0,0,1,1,17,NAVAJO (17),429,SHOW LOW,27,27,9,September,2020,1,Sunday,16,4:00pm-4:59pm,48,48,0,This section IS NOT on the NHS,2,Urban,5,Major Collector,4,City or Municipal Highway Agency,6,Local Street - Municipality,6TH ST,,0,None,34.26354444,34.26354444,-110.034391670,-110.034391670,0,No Special Jurisdiction,38,Fence,0,The First Harmful Event was Not a Collision with a Motor Vehicle in Transport,0,No,1,Non-Junction,1,Not an Intersection,0,None,,,4,On Roadside,1,Daylight,,,,,1,Clear,0,No,0000000,Not Applicable,16,4:00pm-4:59pm,48,48,16,4:00pm-4:59pm,54,54,88,"Not Applicable (Not Transported) ",88,Not Applicable (Not Transported),,,,,,,1,0
2020,4,40581,Arizona,1,1,0,1,1,1,1,5,COCONINO (5),170,FLAGSTAFF,28,28,9,September,2020,2,Monday,20,8:00pm-8:59pm,3,3,1,This section IS ON the NHS,2,Urban,3,Principal Arterial - Other,1,State Highway Agency,2,U.S. Highway,US-89,,16,16,35.23991389,35.23991389,-111.570605560,-111.570605560,0,No Special Jurisdiction,8,Pedestrian,0,The First Harmful Event was Not a Collision with a Motor Vehicle in Transport,0,No,1,Non-Junction,1,Not an Intersection,0,None,,,1,On Roadway,2,Dark - Not Lighted,,,,,1,Clear,0,No,0000000,Not Applicable,99,Unknown,99,Unknown,99,Unknown EMS Scene Arrival Hour,99,Unknown EMS Scene Arrival Minutes,88,"Not Applicable (Not Transported) ",88,Not Applicable (Not Transported),,,,,,,1,0
2020,4,40582,Arizona,1,1,0,1,1,1,1,19,PIMA (19),0,NOT APPLICABLE,29,29,9,September,2020,3,Tuesday,4,4:00am-4:59am,27,27,1,This section IS ON the NHS,2,Urban,3,Principal Arterial - Other,2,County Highway Agency,4,County Road,CR-VALENCIA RD,SWAN RD,0,None,32.13441111,32.13441111,-110.892069440,-110.892069440,0,No Special Jurisdiction,8,Pedestrian,0,The First Harmful Event was Not a Collision with a Motor Vehicle in Transport,0,No,3,Intersection-Related,2,Four-Way Intersection,0,None,,,1,On Roadway,3,Dark - Lighted,,,,,1,Clear,0,No,0000000,Not Applicable,4,4:00am-4:59am,27,27,4,4:00am-4:59am,34,34,4,4:00am-4:59am,52,52,,,,,,,1,0
2020,4,40583,Arizona,1,1,0,1,1,1,1,13,MARICOPA (13),0,NOT APPLICABLE,29,29,9,September,2020,3,Tuesday,6,6:00am-6:59am,3,3,0,This section IS NOT on the NHS,2,Urban,3,Principal Arterial - Other,4,City or Municipal Highway Agency,6,Local Street - Municipality,ALMA SCHOOL RD,,0,None,33.38175833,33.38175833,-111.858713890,-111.858713890,0,No Special Jurisdiction,8,Pedestrian,0,The First Harmful Event was Not a Collision with a Motor Vehicle in Transport,0,No,1,Non-Junction,1,Not an Intersection,0,None,,,4,On Roadside,4,Dawn,,,,,1,Clear,0,No,0000000,Not Applicable,6,6:00am-6:59am,3,3,6,6:00am-6:59am,9,9,6,6:00am-6:59am,20,20,,,,,,,1,0
2020,4,40584,Arizona,1,1,0,1,1,1,1,19,PIMA (19),530,TUCSON,29,29,9,September,2020,3,Tuesday,18,6:00pm-6:59pm,36,36,0,This section IS NOT on the NHS,2,Urban,3,Principal Arterial - Other,4,City or Municipal Highway Agency,6,Local Street - Municipality,KINO PARKWAY,WINSETT ST,0,None,32.21508611,32.21508611,-110.946055560,-110.946055560,0,No Special Jurisdiction,8,Pedestrian,0,The First Harmful Event was Not a Collision with a Motor Vehicle in Transport,0,No,3,Intersection-Related,2,Four-Way Intersection,0,None,,,1,On Roadway,1,Daylight,,,,,1,Clear,0,No,0000000,Not Applicable,18,6:00pm-6:59pm,30,30,18,6:00pm-6:59pm,34,34,19,7:00pm-7:59pm,0,0,,,,,,,1,0
2020,4,40585,Arizona,2,2,0,0,0,2,2,13,MARICOPA (13),0,NOT APPLICABLE,30,30,9,September,2020,4,Wednesday,8,8:00am-8:59am,23,23,1,This section IS ON the NHS,1,Rural,1,Interstate,1,State Highway Agency,1,Interstate,I-10,,830,830,33.53198056,33.53198056,-113.131508330,-113.131508330,0,No Special Jurisdiction,12,Motor Vehicle In-Transport,1,Front-to-Rear,0,No,1,Non-Junction,1,Not an Intersection,0,None,,,1,On Roadway,1,Daylight,,,,,1,Clear,0,No,0000000,Not Applicable,8,8:00am-8:59am,27,27,8,8:00am-8:59am,42,42,99,Unknown,99,Unknown EMS Hospital Arrival Time,,,,,,,1,0
2020,4,40586,Arizona,1,1,0,2,2,1,1,13,MARICOPA (13),370,PHOENIX,30,30,9,September,2020,4,Wednesday,16,4:00pm-4:59pm,49,49,0,This section IS NOT on the NHS,2,Urban,3,Principal Arterial - Other,4,City or Municipal Highway Agency,6,Local Street - Municipality,BROADWAY BLVD,,0,None,99.99990000,99.99990000,999.999900000,999.999900000,0,No Special Jurisdiction,8,Pedestrian,0,The First Harmful Event was Not a Collision with a Motor Vehicle in Transport,0,No,1,Non-Junction,1,Not an Intersection,0,None,,,1,On Roadway,1,Daylight,,,,,1,Clear,0,No,0000000,Not Applicable,16,4:00pm-4:59pm,49,49,16,4:00pm-4:59pm,49,49,99,Unknown,99,Unknown EMS Hospital Arrival Time,,,,,,,1,0
2020,4,40587,Arizona,2,2,0,0,0,3,3,13,MARICOPA (13),370,PHOENIX,10,10,9,September,2020,5,Thursday,18,6:00pm-6:59pm,15,15,0,This section IS NOT on the NHS,2,Urban,4,Minor Arterial,4,City or Municipal Highway Agency,6,Local Street - Municipality,16TH ST,ILLINI ST,0,None,33.41159444,33.41159444,-112.047066670,-112.047066670,0,No Special Jurisdiction,12,Motor Vehicle In-Transport,6,Angle,0,No,2,Intersection,3,T-Intersection,0,None,,,1,On Roadway,1,Daylight,,,,,1,Clear,0,No,0000000,Not Applicable,18,6:00pm-6:59pm,16,16,18,6:00pm-6:59pm,20,20,18,6:00pm-6:59pm,38,38,,,,,,,1,0
2020,4,40589,Arizona,2,2,0,0,0,4,4,5,COCONINO (5),0,NOT APPLICABLE,3,3,7,July,2020,6,Friday,11,11:00am-11:59am,15,15,1,This section IS ON the NHS,1,Rural,3,Principal Arterial - Other,1,State Highway Agency,2,U.S. Highway,US-89,,86,86,35.33189444,35.33189444,-111.547669440,-111.547669440,0,No Special Jurisdiction,44,"Pavement Surface Irregularity (Ruts, Potholes, Grates, etc.)",0,The First Harmful Event was Not a Collision with a Motor Vehicle in Transport,0,No,1,Non-Junction,1,Not an Intersection,0,None,,,1,On Roadway,1,Daylight,,,,,2,Rain,0,No,0000000,Not Applicable,99,Unknown,99,Unknown,99,Unknown EMS Scene Arrival Hour,99,Unknown EMS Scene Arrival Minutes,99,Unknown,99,Unknown EMS Hospital Arrival Time,,,,,,,1,0
2020,4,40590,Arizona,1,1,0,1,1,1,1,13,MARICOPA (13),290,MESA,15,15,7,July,2020,4,Wednesday,22,10:00pm-10:59pm,14,14,0,This section IS NOT on the NHS,2,Urban,3,Principal Arterial - Other,4,City or Municipal Highway Agency,6,Local Street - Municipality,ALMA SCHOOL RD,9TH PL,0,None,33.43217222,33.43217222,-111.856250000,-111.856250000,0,No Special Jurisdiction,8,Pedestrian,0,The First Harmful Event was Not a Collision with a Motor Vehicle in Transport,0,No,3,Intersection-Related,3,T-Intersection,0,None,,,1,On Roadway,3,Dark - Lighted,,,,,1,Clear,0,No,0000000,Not Applicable,22,10:00pm-10:59pm,14,14,22,10:00pm-10:59pm,18,18,22,10:00pm-10:59pm,25,25,,,,,,,1,0
2020,4,40591,Arizona,2,2,0,0,0,2,2,13,MARICOPA (13),30,AVONDALE,17,17,7,July,2020,6,Friday,6,6:00am-6:59am,59,59,0,This section IS NOT on the NHS,2,Urban,4,Minor Arterial,2,County Highway Agency,4,County Road,CR- LOWER BUCKEYE RD,,0,None,33.42075000,33.42075000,-112.303294440,-112.303294440,0,No Special Jurisdiction,12,Motor Vehicle In-Transport,2,Front-to-Front,0,No,1,Non-Junction,1,Not an Intersection,0,None,,,1,On Roadway,1,Daylight,,,,,1,Clear,0,No,0000000,Not Applicable,99,Unknown,99,Unknown,99,Unknown EMS Scene Arrival Hour,99,Unknown EMS Scene Arrival Minutes,88,"Not Applicable (Not Transported) ",88,Not Applicable (Not Transported),,,,,,,1,0
2020,4,40592,Arizona,2,2,0,0,0,2,2,13,MARICOPA (13),420,SCOTTSDALE,17,17,7,July,2020,6,Friday,12,12:00pm-12:59pm,9,9,0,This section IS NOT on the NHS,2,Urban,3,Principal Arterial - Other,4,City or Municipal Highway Agency,6,Local Street - Municipality,THOMAS RD,68TH ST,0,None,33.48030000,33.48030000,-111.934786110,-111.934786110,0,No Special Jurisdiction,12,Motor Vehicle In-Transport,6,Angle,0,No,2,Intersection,2,Four-Way Intersection,0,None,,,1,On Roadway,1,Daylight,,,,,1,Clear,0,No,0000000,Not Applicable,99,Unknown,99,Unknown,99,Unknown EMS Scene Arrival Hour,99,Unknown EMS Scene Arrival Minutes,99,Unknown,99,Unknown EMS Hospital Arrival Time,,,,,,,1,0
2020,4,40593,Arizona,2,2,0,0,0,7,7,1,APACHE (1),0,NOT APPLICABLE,18,18,7,July,2020,7,Saturday,15,3:00pm-3:59pm,9,9,0,This section IS NOT on the NHS,1,Rural,6,Minor Collector,64,U.S. Forest Service,8,Other,FS-249,,0,None,33.86790833,33.86790833,-109.246658330,-109.246658330,0,No Special Jurisdiction,12,Motor Vehicle In-Transport,8,Sideswipe - Opposite Direction,0,No,1,Non-Junction,1,Not an Intersection,0,None,,,1,On Roadway,1,Daylight,,,,,10,Cloudy,0,No,0000000,Not Applicable,99,Unknown,99,Unknown,99,Unknown EMS Scene Arrival Hour,99,Unknown EMS Scene Arrival Minutes,99,Unknown,99,Unknown EMS Hospital Arrival Time,,,,,,,1,0
2020,4,40594,Arizona,4,4,0,0,0,5,5,13,MARICOPA (13),370,PHOENIX,1,1,8,August,2020,7,Saturday,7,7:00am-7:59am,45,45,1,This section IS ON the NHS,2,Urban,2,Principal Arterial - Other Freeways and Expressways,1,State Highway Agency,3,State Highway,SR-101,,247,247,33.66880833,33.66880833,-112.068991670,-112.068991670,0,No Special Jurisdiction,12,Motor Vehicle In-Transport,7,Sideswipe - Same Direction,0,No,1,Non-Junction,1,Not an Intersection,4,"Work Zone, Type Unknown",,,1,On Roadway,1,Daylight,,,,,1,Clear,0,No,0000000,Not Applicable,7,7:00am-7:59am,48,48,7,7:00am-7:59am,58,58,8,8:00am-8:59am,10,10,,,,,,,1,0
2020,4,40595,Arizona,1,1,0,1,1,2,2,13,MARICOPA (13),290,MESA,2,2,8,August,2020,1,Sunday,21,9:00pm-9:59pm,34,34,0,This section IS NOT on the NHS,2,Urban,4,Minor Arterial,2,County Highway Agency,4,County Road,CR-UNIVERSITY DR,,0,None,33.42230833,33.42230833,-111.588988890,-111.588988890,0,No Special Jurisdiction,8,Pedestrian,0,The First Harmful Event was Not a Collision with a Motor Vehicle in Transport,0,No,1,Non-Junction,1,Not an Intersection,0,None,,,1,On Roadway,2,Dark - Not Lighted,,,,,10,Cloudy,0,No,0000000,Not Applicable,21,9:00pm-9:59pm,34,34,21,9:00pm-9:59pm,40,40,22,10:00pm-10:59pm,0,0,,,,,,,1,0
2020,4,40596,Arizona,3,3,0,5,5,3,3,13,MARICOPA (13),370,PHOENIX,13,13,8,August,2020,5,Thursday,17,5:00pm-5:59pm,50,50,1,This section IS ON the NHS,2,Urban,1,Interstate,1,State Highway Agency,1,Interstate,I-17,,2072,2072,33.56480556,33.56480556,-112.116891670,-112.116891670,0,No Special Jurisdiction,12,Motor Vehicle In-Transport,1,Front-to-Rear,0,No,1,Non-Junction,1,Not an Intersection,0,None,,,1,On Roadway,1,Daylight,,,,,10,Cloudy,0,No,0000000,Not Applicable,17,5:00pm-5:59pm,50,50,17,5:00pm-5:59pm,57,57,99,Unknown,99,Unknown EMS Hospital Arrival Time,,,,,,,3,0