caseyear,state,st_case,statename,ve_total,ve_forms,pvh_invl,peds,pernotmvit,permvit,persons,county,countyname,city,cityname,day,dayname,month,monthname,year,day_week,day_weekname,hour,hourname,minute,minutename,nhs,nhsname,rur_urb,rur_urbname,func_sys,func_sysname,rd_owner,rd_ownername,route,routename,tway_id,tway_id2,milept,mileptname,latitude,latitudename,longitud,longitudname,sp_jur,sp_jurname,harm_ev,harm_evname,man_coll,man_collname,reljct1,reljct1name,reljct2,reljct2name,typ_int,typ_intname,wrk_zone,wrk_zonename,road_fnc,road_fncname,rel_road,rel_roadname,lgt_cond,lgt_condname,weather1,weather1name,weather2,weather2name,weather,weathername,sch_bus,sch_busname,rail,railname,not_hour,not_hourname,not_min,not_minname,arr_hour,arr_hourname,arr_min,arr_minname,hosp_hr,hosp_hrname,hosp_mn,hosp_mnname,cf1,cf1name,cf2,cf2name,cf3,cf3name,fatals,drunk_dr
2020,4,40716,Arizona,1,1,0,1,1,1,1,13,MARICOPA (13),290,MESA,2,2,11,November,2020,2,Monday,21,9:00pm-9:59pm,11,11,1,This section IS ON the NHS,2,Urban,3,Principal Arterial - Other,1,State Highway Agency,6,Local Street - Municipality,COUNTRY CLUB DR,,0,None,33.38265833,33.38265833,-111.840030560,-111.840030560,0,No Special Jurisdiction,8,Pedestrian,0,The First Harmful Event was Not a Collision with a Motor Vehicle in Transport,0,No,1,Non-Junction,1,Not an Intersection,0,None,,,1,On Roadway,3,Dark - Lighted,,,,,1,Clear,0,No,0000000,Not Applicable,21,9:00pm-9:59pm,12,12,21,9:00pm-9:59pm,15,15,21,9:00pm-9:59pm,30,30,,,,,,,1,0
2020,4,40717,Arizona,2,2,0,0,0,3,3,13,MARICOPA (13),80,CHANDLER,3,3,11,November,2020,3,Tuesday,15,3:00pm-3:59pm,14,14,1,This section IS ON the NHS,2,Urban,2,Principal Arterial - Other Freeways and Expressways,1,State Highway Agency,3,State Highway,SR-101,,587,587,33.39942500,33.39942500,-111.890983330,-111.890983330,0,No Special Jurisdiction,12,Motor Vehicle In-Transport,1,Front-to-Rear,0,No,1,Non-Junction,1,Not an Intersection,0,None,,,1,On Roadway,1,Daylight,,,,,1,Clear,0,No,0000000,Not Applicable,15,3:00pm-3:59pm,14,14,15,3:00pm-3:59pm,17,17,88,"Not Applicable (Not Transported) ",88,Not Applicable (Not Transported),,,,,,,2,0
2020,4,40718,Arizona,2,2,0,1,1,2,2,19,PIMA (19),530,TUCSON,3,3,11,November,2020,3,Tuesday,19,7:00pm-7:59pm,47,47,0,This section IS NOT on the NHS,2,Urban,3,Principal Arterial - Other,4,City or Municipal Highway Agency,6,Local Street - Municipality,GRANT RD,,0,None,32.25054444,32.25054444,-110.914977780,-110.914977780,0,No Special Jurisdiction,9,Pedalcyclist,0,The First Harmful Event was Not a Collision with a Motor Vehicle in Transport,0,No,1,Non-Junction,1,Not an Intersection,0,None,,,1,On Roadway,3,Dark - Lighted,,,,,1,Clear,0,No,0000000,Not Applicable,19,7:00pm-7:59pm,43,43,19,7:00pm-7:59pm,45,45,88,"Not Applicable (Not Transported) ",88,Not Applicable (Not Transported),,,,,,,1,1
2020,4,40719,Arizona,2,2,0,0,0,2,2,19,PIMA (19),530,TUCSON,3,3,11,November,2020,3,Tuesday,21,9:00pm-9:59pm,54,54,0,This section IS NOT on the NHS,2,Urban,3,Principal Arterial - Other,4,City or Municipal Highway Agency,6,Local Street - Municipality,WILMONT DR,ELI DR,0,None,32.21241667,32.21241667,-110.857938890,-110.857938890,0,No Special Jurisdiction,12,Motor Vehicle In-Transport,6,Angle,0,No,2,Intersection,4,Y-Intersection,0,None,,,1,On Roadway,3,Dark - Lighted,,,,,1,Clear,0,No,0000000,Not Applicable,21,9:00pm-9:59pm,54,54,21,9:00pm-9:59pm,57,57,88,"Not Applicable (Not Transported) ",88,Not Applicable (Not Transported),,,,,,,1,0
2020,4,40720,Arizona,2,2,0,0,0,2,2,17,NAVAJO (17),0,NOT APPLICABLE,4,4,11,November,2020,4,Wednesday,10,10:00am-10:59am,2,2,1,This section IS ON the NHS,1,Rural,3,Principal Arterial - Other,1,State Highway Agency,3,State Highway,SR-260,,1128,1128,34.35202778,34.35202778,-110.700427780,-110.700427780,0,No Special Jurisdiction,12,Motor Vehicle In-Transport,2,Front-to-Front,0,No,1,Non-Junction,1,Not an Intersection,0,None,,,1,On Roadway,1,Daylight,,,,,1,Clear,0,No,0000000,Not Applicable,10,10:00am-10:59am,3,3,10,10:00am-10:59am,18,18,88,"Not Applicable (Not Transported) ",88,Not Applicable (Not Transported),,,,,,,1,0
2020,4,40721,Arizona,2,2,0,0,0,2,2,13,MARICOPA (13),290,MESA,5,5,11,November,2020,5,Thursday,2,2:00am-2:59am,12,12,0,This section IS NOT on the NHS,2,Urban,4,Minor Arterial,4,City or Municipal Highway Agency,6,Local Street - Municipality,MESA DR,,0,None,33.44804167,33.44804167,-111.822438890,-111.822438890,0,No Special Jurisdiction,12,Motor Vehicle In-Transport,2,Front-to-Front,0,No,1,Non-Junction,1,Not an Intersection,0,None,,,1,On Roadway,3,Dark - Lighted,,,,,1,Clear,0,No,0000000,Not Applicable,2,2:00am-2:59am,12,12,2,2:00am-2:59am,20,20,2,2:00am-2:59am,35,35,,,,,,,1,1
2020,4,40722,Arizona,1,1,0,1,1,1,1,3,COCHISE (3),0,NOT APPLICABLE,5,5,11,November,2020,5,Thursday,13,1:00pm-1:59pm,3,3,0,This section IS NOT on the NHS,1,Rural,6,Minor Collector,1,State Highway Agency,7,Local Street - Frontage Road,I-10 BUSINESS LOOP,,0,None,32.32536389,32.32536389,-109.483027780,-109.483027780,0,No Special Jurisdiction,9,Pedalcyclist,0,The First Harmful Event was Not a Collision with a Motor Vehicle in Transport,0,No,99,Reported as Unknown,99,Reported as Unknown,0,None,,,1,On Roadway,1,Daylight,,,,,1,Clear,0,No,0000000,Not Applicable,13,1:00pm-1:59pm,18,18,13,1:00pm-1:59pm,27,27,88,"Not Applicable (Not Transported) ",88,Not Applicable (Not Transported),,,,,,,1,0
2020,4,40723,Arizona,2,2,0,0,0,3,3,7,GILA (7),210,GLOBE,6,6,11,November,2020,6,Friday,21,9:00pm-9:59pm,19,19,0,This section IS NOT on the NHS,2,Urban,4,Minor Arterial,2,County Highway Agency,4,County Road,CR-SIX SHOOTER CANYON,,0,None,33.36499722,33.36499722,-110.765405560,-110.765405560,0,No Special Jurisdiction,12,Motor Vehicle In-Transport,2,Front-to-Front,0,No,1,Non-Junction,1,Not an Intersection,0,None,,,1,On Roadway,2,Dark - Not Lighted,,,,,1,Clear,0,No,0000000,Not Applicable,99,Unknown,99,Unknown,99,Unknown EMS Scene Arrival Hour,99,Unknown EMS Scene Arrival Minutes,99,Unknown,99,Unknown EMS Hospital Arrival Time,,,,,,,1,1
2020,4,40724,Arizona,2,2,0,0,0,3,3,1,APACHE (1),0,NOT APPLICABLE,7,7,11,November,2020,7,Saturday,19,7:00pm-7:59pm,50,50,1,This section IS ON the NHS,1,Rural,3,Principal Arterial - Other,1,State Highway Agency,2,U.S. Highway,US-60,,3376,3376,34.22920278,34.22920278,-109.492430560,-109.492430560,0,No Special Jurisdiction,12,Motor Vehicle In-Transport,2,Front-to-Front,0,No,1,Non-Junction,1,Not an Intersection,0,None,,,1,On Roadway,2,Dark - Not Lighted,,,,,2,Rain,0,No,0000000,Not Applicable,19,7:00pm-7:59pm,50,50,20,8:00pm-8:59pm,7,7,99,Unknown,99,Unknown EMS Hospital Arrival Time,,,,,,,1,1
2020,4,40725,Arizona,2,2,0,0,0,6,6,13,MARICOPA (13),200,GLENDALE,7,7,11,November,2020,7,Saturday,23,11:00pm-11:59pm,13,13,0,This section IS NOT on the NHS,2,Urban,4,Minor Arterial,4,City or Municipal Highway Agency,6,Local Street - Municipality,UNION HILLS DR,,0,None,33.65424722,33.65424722,-112.193719440,-112.193719440,0,No Special Jurisdiction,12,Motor Vehicle In-Transport,1,Front-to-Rear,0,No,1,Non-Junction,1,Not an Intersection,0,None,,,1,On Roadway,3,Dark - Lighted,,,,,1,Clear,0,No,0000000,Not Applicable,99,Unknown,99,Unknown,99,Unknown EMS Scene Arrival Hour,99,Unknown EMS Scene Arrival Minutes,99,Unknown,99,Unknown EMS Hospital Arrival Time,,,,,,,2,1
2020,4,40726,Arizona,1,1,0,1,1,1,1,13,MARICOPA (13),290,MESA,8,8,11,November,2020,1,Sunday,17,5:00pm-5:59pm,53,53,0,This section IS NOT on the NHS,2,Urban,3,Principal Arterial - Other,4,City or Municipal Highway Agency,6,Local Street - Municipality,DOBSON RD,BROADWAY RD,0,None,33.40765000,33.40765000,-111.874555560,-111.874555560,0,No Special Jurisdiction,8,Pedestrian,0,The First Harmful Event was Not a Collision with a Motor Vehicle in Transport,0,No,3,Intersection-Related,2,Four-Way Intersection,0,None,,,1,On Roadway,3,Dark - Lighted,,,,,10,Cloudy,0,No,0000000,Not Applicable,99,Unknown,98,Unknown if Notified,99,Unknown EMS Scene Arrival Hour,98,Unknown if Arrived,88,"Not Applicable (Not Transported) ",88,Not Applicable (Not Transported),,,,,,,1,0
2020,4,40727,Arizona,1,1,0,1,1,1,1,13,MARICOPA (13),290,MESA,9,9,11,November,2020,2,Monday,6,6:00am-6:59am,22,22,0,This section IS NOT on the NHS,2,Urban,3,Principal Arterial - Other,4,City or Municipal Highway Agency,6,Local Street - Municipality,UNIVERSITY DR,,0,None,33.42213611,33.42213611,-111.873627780,-111.873627780,0,No Special Jurisdiction,15,Non-Motorist on Personal Conveyance,0,The First Harmful Event was Not a Collision with a Motor Vehicle in Transport,0,No,1,Non-Junction,1,Not an Intersection,0,None,,,11,Continuous Left - Turn Lane,3,Dark - Lighted,,,,,10,Cloudy,0,No,0000000,Not Applicable,6,6:00am-6:59am,22,22,6,6:00am-6:59am,26,26,88,"Not Applicable (Not Transported) ",88,Not Applicable (Not Transported),,,,,,,1,1
2020,4,40728,Arizona,1,1,0,0,0,1,1,13,MARICOPA (13),0,NOT APPLICABLE,9,9,11,November,2020,2,Monday,17,5:00pm-5:59pm,58,58,1,This section IS ON the NHS,1,Rural,1,Interstate,1,State Highway Agency,1,Interstate,I-10,,850,850,33.52505278,33.52505278,-113.094372220,-113.094372220,0,No Special Jurisdiction,1,Rollover/Overturn,0,The First Harmful Event was Not a Collision with a Motor Vehicle in Transport,0,No,1,Non-Junction,1,Not an Intersection,0,None,,,3,On Median,5,Dusk,,,,,1,Clear,0,No,0000000,Not Applicable,18,6:00pm-6:59pm,0,0,18,6:00pm-6:59pm,25,25,88,"Not Applicable (Not Transported) ",88,Not Applicable (Not Transported),,,,,,,1,0
2020,4,40729,Arizona,1,1,0,1,1,1,1,17,NAVAJO (17),429,SHOW LOW,9,9,11,November,2020,2,Monday,19,7:00pm-7:59pm,27,27,1,This section IS ON the NHS,2,Urban,3,Principal Arterial - Other,1,State Highway Agency,2,U.S. Highway,US-60,,3056,3056,34.25496944,34.25496944,-110.026302780,-110.026302780,0,No Special Jurisdiction,8,Pedestrian,0,The First Harmful Event was Not a Collision with a Motor Vehicle in Transport,0,No,1,Non-Junction,1,Not an Intersection,0,None,,,1,On Roadway,2,Dark - Not Lighted,,,,,10,Cloudy,0,No,0000000,Not Applicable,19,7:00pm-7:59pm,27,27,19,7:00pm-7:59pm,31,31,19,7:00pm-7:59pm,45,45,,,,,,,1,0
2020,4,40730,Arizona,1,1,0,1,1,2,2,19,PIMA (19),530,TUCSON,11,11,11,November,2020,4,Wednesday,21,9:00pm-9:59pm,21,21,1,This section IS ON the NHS,2,Urban,3,Principal Arterial - Other,1,State Highway Agency,3,State Highway,SR-77,,19,19,32.27055278,32.27055278,-110.977997220,-110.977997220,0,No Special Jurisdiction,8,Pedestrian,0,The First Harmful Event was Not a Collision with a Motor Vehicle in Transport,0,No,1,Non-Junction,1,Not an Intersection,0,None,,,1,On Roadway,3,Dark - Lighted,,,,,1,Clear,0,No,0000000,Not Applicable,21,9:00pm-9:59pm,21,21,21,9:00pm-9:59pm,24,24,88,"Not Applicable (Not Transported) ",88,Not Applicable (Not Transported),,,,,,,1,0
2020,4,40731,Arizona,1,1,0,1,1,1,1,19,PIMA (19),530,TUCSON,12,12,11,November,2020,5,Thursday,6,6:00am-6:59am,33,33,0,This section IS NOT on the NHS,2,Urban,4,Minor Arterial,4,City or Municipal Highway Agency,6,Local Street - Municipality,RUTHRAUFF RD,ROMERO RD,0,None,32.28823611,32.28823611,-111.002602780,-111.002602780,0,No Special Jurisdiction,8,Pedestrian,0,The First Harmful Event was Not a Collision with a Motor Vehicle in Transport,0,No,3,Intersection-Related,3,T-Intersection,0,None,,,1,On Roadway,1,Daylight,,,,,1,Clear,0,No,0000000,Not Applicable,6,6:00am-6:59am,33,33,6,6:00am-6:59am,38,38,88,"Not Applicable (Not Transported) ",88,Not Applicable (Not Transported),,,,,,,1,0
2020,4,40732,Arizona,1,1,0,1,1,1,1,19,PIMA (19),530,TUCSON,12,12,11,November,2020,5,Thursday,6,6:00am-6:59am,34,34,0,This section IS NOT on the NHS,1,Rural,5,Major Collector,2,County Highway Agency,4,County Road,CR-SANDARIO RD,TORTOISE TRL,0,None,32.23829444,32.23829444,-111.218163890,-111.218163890,0,No Special Jurisdiction,9,Pedalcyclist,0,The First Harmful Event was Not a Collision with a Motor Vehicle in Transport,0,No,2,Intersection,2,Four-Way Intersection,0,None,,,1,On Roadway,1,Daylight,,,,,1,Clear,0,No,0000000,Not Applicable,6,6:00am-6:59am,34,34,6,6:00am-6:59am,49,49,88,"Not Applicable (Not Transported) ",88,Not Applicable (Not Transported),,,,,,,1,0
2020,4,40733,Arizona,2,2,0,0,0,2,2,25,YAVAPAI (25),0,NOT APPLICABLE,12,12,11,November,2020,5,Thursday,11,11:00am-11:59am,25,25,1,This section IS ON the NHS,1,Rural,1,Interstate,1,State Highway Agency,1,Interstate,I-40,,402,402,99.99990000,99.99990000,999.999900000,999.999900000,0,No Special Jurisdiction,12,Motor Vehicle In-Transport,1,Front-to-Rear,0,No,1,Non-Junction,1,Not an Intersection,0,None,,,1,On Roadway,1,Daylight,,,,,1,Clear,0,No,0000000,Not Applicable,11,11:00am-11:59am,24,24,12,12:00pm-12:59pm,15,15,88,"Not Applicable (Not Transported) ",88,Not Applicable (Not Transported),,,,,,,2,0
2020,4,40734,Arizona,1,1,0,1,1,1,1,19,PIMA (19),534,VAIL,12,12,11,November,2020,5,Thursday,11,11:00am-11:59am,33,33,0,This section IS NOT on the NHS,2,Urban,5,Major Collector,1,State Highway Agency,3,State Highway,SR-83 J RAMP,SR-83,526,526,32.00893889,32.00893889,-110.691144440,-110.691144440,0,No Special Jurisdiction,9,Pedalcyclist,0,The First Harmful Event was Not a Collision with a Motor Vehicle in Transport,1,Yes,2,Intersection,3,T-Intersection,0,None,,,1,On Roadway,1,Daylight,,,,,1,Clear,0,No,0000000,Not Applicable,11,11:00am-11:59am,33,33,12,12:00pm-12:59pm,0,0,99,Unknown,99,Unknown EMS Hospital Arrival Time,,,,,,,1,0
2020,4,40735,Arizona,2,2,0,0,0,2,2,3,COCHISE (3),0,NOT APPLICABLE,12,12,11,November,2020,5,Thursday,17,5:00pm-5:59pm,39,39,0,This section IS NOT on the NHS,1,Rural,4,Minor Arterial,1,State Highway Agency,3,State Highway,SR-92,,107,107,31.39360278,31.39360278,-110.234041670,-110.234041670,0,No Special Jurisdiction,12,Motor Vehicle In-Transport,2,Front-to-Front,0,No,1,Non-Junction,1,Not an Intersection,0,None,,,1,On Roadway,5,Dusk,,,,,1,Clear,0,No,0000000,Not Applicable,17,5:00pm-5:59pm,41,41,17,5:00pm-5:59pm,48,48,99,Unknown,99,Unknown EMS Hospital Arrival Time,,,,,,,1,0
2020,4,40736,Arizona,2,2,0,1,1,2,2,13,MARICOPA (13),30,AVONDALE,13,13,11,November,2020,6,Friday,8,8:00am-8:59am,58,58,0,This section IS NOT on the NHS,2,Urban,4,Minor Arterial,4,City or Municipal Highway Agency,6,Local Street - Municipality,VAN BUREN ST,FAIRWAY DR,0,None,33.44948333,33.44948333,-112.323802780,-112.323802780,0,No Special Jurisdiction,12,Motor Vehicle In-Transport,6,Angle,0,No,2,Intersection,2,Four-Way Intersection,0,None,,,1,On Roadway,1,Daylight,,,,,1,Clear,0,No,0000000,Not Applicable,8,8:00am-8:59am,59,59,9,9:00am-9:59am,5,5,9,9:00am-9:59am,30,30,,,,,,,1,0
2020,4,40737,Arizona,2,1,1,1,3,1,3,13,MARICOPA (13),290,MESA,13,13,11,November,2020,6,Friday,10,10:00am-10:59am,12,12,1,This section IS ON the NHS,2,Urban,2,Principal Arterial - Other Freeways and Expressways,1,State Highway Agency,3,State Highway,SR-202,,359,359,33.32823333,33.32823333,-111.678425000,-111.678425000,0,No Special Jurisdiction,8,Pedestrian,0,The First Harmful Event was Not a Collision with a Motor Vehicle in Transport,0,No,5,Entrance/Exit Ramp Related,1,Not an Intersection,0,None,,,1,On Roadway,1,Daylight,,,,,1,Clear,0,No,0000000,Not Applicable,10,10:00am-10:59am,12,12,10,10:00am-10:59am,18,18,88,"Not Applicable (Not Transported) ",88,Not Applicable (Not Transported),,,,,,,1,0
2020,4,40738,Arizona,2,2,0,0,0,3,3,13,MARICOPA (13),200,GLENDALE,13,13,11,November,2020,6,Friday,21,9:00pm-9:59pm,36,36,0,This section IS NOT on the NHS,2,Urban,3,Principal Arterial - Other,4,City or Municipal Highway Agency,6,Local Street - Municipality,59TH AVE,,0,None,33.56881944,33.56881944,-112.186272220,-112.186272220,0,No Special Jurisdiction,12,Motor Vehicle In-Transport,6,Angle,0,No,8,Driveway Access Related,1,Not an Intersection,0,None,,,1,On Roadway,3,Dark - Lighted,,,,,1,Clear,0,No,0000000,Not Applicable,99,Unknown,99,Unknown,99,Unknown EMS Scene Arrival Hour,99,Unknown EMS Scene Arrival Minutes,99,Unknown,99,Unknown EMS Hospital Arrival Time,,,,,,,1,0
2020,4,40739,Arizona,2,2,0,0,0,5,5,3,COCHISE (3),0,NOT APPLICABLE,14,14,11,November,2020,7,Saturday,13,1:00pm-1:59pm,51,51,1,This section IS ON the NHS,1,Rural,1,Interstate,1,State Highway Agency,1,Interstate,I-10,,3700,3700,32.30571944,32.30571944,-109.390175000,-109.390175000,0,No Special Jurisdiction,12,Motor Vehicle In-Transport,1,Front-to-Rear,0,No,1,Non-Junction,1,Not an Intersection,0,None,,,1,On Roadway,1,Daylight,,,,,1,Clear,0,No,0000000,Not Applicable,13,1:00pm-1:59pm,51,51,14,2:00pm-2:59pm,18,18,15,3:00pm-3:59pm,26,26,,,,,,,2,0
2020,4,40740,Arizona,2,2,0,0,0,5,5,19,PIMA (19),0,NOT APPLICABLE,15,15,11,November,2020,1,Sunday,13,1:00pm-1:59pm,53,53,0,This section IS NOT on the NHS,1,Rural,4,Minor Arterial,1,State Highway Agency,3,State Highway,SR-85,,696,696,32.04003056,32.04003056,-112.795516670,-112.795516670,0,No Special Jurisdiction,12,Motor Vehicle In-Transport,2,Front-to-Front,0,No,1,Non-Junction,1,Not an Intersection,0,None,,,1,On Roadway,1,Daylight,,,,,1,Clear,0,No,0000000,Not Applicable,99,Unknown,99,Unknown,99,Unknown EMS Scene Arrival Hour,99,Unknown EMS Scene Arrival Minutes,99,Unknown,99,Unknown EMS Hospital Arrival Time,,,,,,,1,0
2020,4,40741,Arizona,1,1,0,1,1,1,1,13,MARICOPA (13),368,PEORIA,17,17,11,November,2020,3,Tuesday,18,6:00pm-6:59pm,33,33,0,This section IS NOT on the NHS,2,Urban,99,Unknown,99,Unknown,9,Unknown,107TH AVE,,0,None,33.68394722,33.68394722,-112.289791670,-112.289791670,0,No Special Jurisdiction,8,Pedestrian,0,The First Harmful Event was Not a Collision with a Motor Vehicle in Transport,0,No,1,Non-Junction,1,Not an Intersection,0,None,,,1,On Roadway,3,Dark - Lighted,,,,,1,Clear,0,No,0000000,Not Applicable,18,6:00pm-6:59pm,33,33,18,6:00pm-6:59pm,41,41,99,Unknown,99,Unknown EMS Hospital Arrival Time,,,,,,,1,0
2020,4,40743,Arizona,2,2,0,0,0,2,2,13,MARICOPA (13),370,PHOENIX,18,18,11,November,2020,4,Wednesday,6,6:00am-6:59am,7,7,0,This section IS NOT on the NHS,2,Urban,3,Principal Arterial - Other,4,City or Municipal Highway Agency,6,Local Street - Municipality,19TH AVE,GRAND AVE,0,None,33.46589444,33.46589444,-112.099975000,-112.099975000,0,No Special Jurisdiction,12,Motor Vehicle In-Transport,6,Angle,0,No,2,Intersection,11,Other Intersection Type,0,None,,,1,On Roadway,3,Dark - Lighted,,,,,1,Clear,0,No,0000000,Not Applicable,6,6:00am-6:59am,10,10,6,6:00am-6:59am,14,14,6,6:00am-6:59am,26,26,,,,,,,1,1
2020,4,40744,Arizona,1,1,0,0,0,1,1,5,COCONINO (5),170,FLAGSTAFF,18,18,11,November,2020,4,Wednesday,23,11:00pm-11:59pm,26,26,1,This section IS ON the NHS,2,Urban,3,Principal Arterial - Other,1,State Highway Agency,2,U.S. Highway,US-89,,36,36,35.25799167,35.25799167,-111.552594440,-111.552594440,0,No Special Jurisdiction,30,Utility Pole/Light Support,0,The First Harmful Event was Not a Collision with a Motor Vehicle in Transport,0,No,1,Non-Junction,1,Not an Intersection,0,None,,,4,On Roadside,2,Dark - Not Lighted,,,,,1,Clear,0,No,0000000,Not Applicable,23,11:00pm-11:59pm,28,28,23,11:00pm-11:59pm,33,33,23,11:00pm-11:59pm,48,48,,,,,,,1,0
2020,4,40746,Arizona,1,1,0,1,1,2,2,19,PIMA (19),530,TUCSON,20,20,11,November,2020,6,Friday,10,10:00am-10:59am,12,12,0,This section IS NOT on the NHS,2,Urban,3,Principal Arterial - Other,2,County Highway Agency,4,County Road,CR-LA CHOLLA BLVD,OVERTON RD,0,None,32.37358056,32.37358056,-111.012822220,-111.012822220,0,No Special Jurisdiction,9,Pedalcyclist,0,The First Harmful Event was Not a Collision with a Motor Vehicle in Transport,0,No,2,Intersection,2,Four-Way Intersection,0,None,,,1,On Roadway,1,Daylight,,,,,1,Clear,0,No,0000000,Not Applicable,10,10:00am-10:59am,12,12,10,10:00am-10:59am,14,14,99,Unknown,99,Unknown EMS Hospital Arrival Time,,,,,,,1,0
2020,4,40747,Arizona,1,1,0,0,0,1,1,21,PINAL (21),160,ELOY,20,20,11,November,2020,6,Friday,18,6:00pm-6:59pm,37,37,0,This section IS NOT on the NHS,2,Urban,99,Unknown,4,City or Municipal Highway Agency,9,Unknown," ADAMS ST",FRONTIER ST,0,None,32.75757222,32.75757222,-111.562988890,-111.562988890,9,Unknown,38,Fence,0,The First Harmful Event was Not a Collision with a Motor Vehicle in Transport,0,No,3,Intersection-Related,2,Four-Way Intersection,0,None,,,4,On Roadside,3,Dark - Lighted,,,,,1,Clear,0,No,0000000,Not Applicable,18,6:00pm-6:59pm,37,37,18,6:00pm-6:59pm,37,37,99,Unknown,99,Unknown EMS Hospital Arrival Time,,,,,,,1,0
2020,4,40748,Arizona,2,2,0,4,4,2,2,19,PIMA (19),530,TUCSON,20,20,11,November,2020,6,Friday,18,6:00pm-6:59pm,49,49,0,This section IS NOT on the NHS,2,Urban,4,Minor Arterial,4,City or Municipal Highway Agency,6,Local Street - Municipality,12TH AVE,BILBY RD,0,None,32.14133889,32.14133889,-110.977552780,-110.977552780,0,No Special Jurisdiction,12,Motor Vehicle In-Transport,6,Angle,0,No,2,Intersection,2,Four-Way Intersection,0,None,,,1,On Roadway,3,Dark - Lighted,,,,,1,Clear,0,No,0000000,Not Applicable,18,6:00pm-6:59pm,49,49,18,6:00pm-6:59pm,53,53,19,7:00pm-7:59pm,9,9,,,,,,,2,0
2020,4,40749,Arizona,1,1,0,1,1,1,1,19,PIMA (19),530,TUCSON,21,21,11,November,2020,7,Saturday,18,6:00pm-6:59pm,14,14,1,This section IS ON the NHS,2,Urban,2,Principal Arterial - Other Freeways and Expressways,4,City or Municipal Highway Agency,6,Local Street - Municipality,GOLF LINKS RD,,0,None,32.19203889,32.19203889,-110.845625000,-110.845625000,0,No Special Jurisdiction,8,Pedestrian,0,The First Harmful Event was Not a Collision with a Motor Vehicle in Transport,0,No,1,Non-Junction,1,Not an Intersection,0,None,,,1,On Roadway,3,Dark - Lighted,,,,,1,Clear,0,No,0000000,Not Applicable,18,6:00pm-6:59pm,14,14,18,6:00pm-6:59pm,16,16,88,"Not Applicable (Not Transported) ",88,Not Applicable (Not Transported),,,,,,,1,0
2020,4,40750,Arizona,2,1,1,0,0,1,1,19,PIMA (19),530,TUCSON,21,21,11,November,2020,7,Saturday,18,6:00pm-6:59pm,19,19,0,This section IS NOT on the NHS,2,Urban,99,Unknown,99,Unknown,9,Unknown,VICKSBURG ST,,0,None,32.22310556,32.22310556,-110.775494440,-110.775494440,0,No Special Jurisdiction,14,Parked Motor Vehicle,0,The First Harmful Event was Not a Collision with a Motor Vehicle in Transport,0,No,1,Non-Junction,1,Not an Intersection,0,None,,,7,In Parking Lane/Zone,2,Dark - Not Lighted,,,,,1,Clear,0,No,0000000,Not Applicable,18,6:00pm-6:59pm,19,19,18,6:00pm-6:59pm,26,26,18,6:00pm-6:59pm,40,40,,,,,,,1,0
2020,4,40751,Arizona,2,2,0,0,0,6,6,5,COCONINO (5),0,NOT APPLICABLE,23,23,11,November,2020,2,Monday,9,9:00am-9:59am,57,57,1,This section IS ON the NHS,1,Rural,3,Principal Arterial - Other,1,State Highway Agency,3,State Highway,SR-64,SPRING VALLEY RD,55,55,35.33710278,35.33710278,-112.160863890,-112.160863890,0,No Special Jurisdiction,12,Motor Vehicle In-Transport,6,Angle,1,Yes,2,Intersection,3,T-Intersection,0,None,,,1,On Roadway,1,Daylight,,,,,1,Clear,0,No,0000000,Not Applicable,9,9:00am-9:59am,57,57,10,10:00am-10:59am,3,3,99,Unknown,99,Unknown EMS Hospital Arrival Time,,,,,,,1,0
2020,4,40752,Arizona,3,3,0,0,0,3,3,19,PIMA (19),295,MARANA,23,23,11,November,2020,2,Monday,13,1:00pm-1:59pm,42,42,0,This section IS NOT on the NHS,2,Urban,5,Major Collector,3,Town or Township Highway Agency,5,Local Street - Township,MARANA RD,,0,None,32.46057222,32.46057222,-111.217552780,-111.217552780,0,No Special Jurisdiction,12,Motor Vehicle In-Transport,8,Sideswipe - Opposite Direction,0,No,1,Non-Junction,1,Not an Intersection,0,None,,,1,On Roadway,1,Daylight,,,,,1,Clear,0,No,0000000,Not Applicable,13,1:00pm-1:59pm,44,44,13,1:00pm-1:59pm,50,50,88,"Not Applicable (Not Transported) ",88,Not Applicable (Not Transported),,,,,,,1,0
2020,4,40753,Arizona,1,1,0,0,0,2,2,17,NAVAJO (17),0,NOT APPLICABLE,23,23,11,November,2020,2,Monday,15,3:00pm-3:59pm,3,3,1,This section IS ON the NHS,1,Rural,1,Interstate,1,State Highway Agency,1,Interstate,I-40,,0,None,34.95464444,34.95464444,-110.340191670,-110.340191670,0,No Special Jurisdiction,38,Fence,0,The First Harmful Event was Not a Collision with a Motor Vehicle in Transport,0,No,1,Non-Junction,1,Not an Intersection,0,None,,,4,On Roadside,1,Daylight,,,,,1,Clear,0,No,0000000,Not Applicable,15,3:00pm-3:59pm,7,7,15,3:00pm-3:59pm,15,15,88,"Not Applicable (Not Transported) ",88,Not Applicable (Not Transported),,,,,,,2,0
2020,4,40754,Arizona,1,1,0,1,1,1,1,19,PIMA (19),530,TUCSON,24,24,11,November,2020,3,Tuesday,1,1:00am-1:59am,59,59,0,This section IS NOT on the NHS,2,Urban,4,Minor Arterial,4,City or Municipal Highway Agency,6,Local Street - Municipality,12TH AVE,,0,None,32.15626111,32.15626111,-110.977541670,-110.977541670,0,No Special Jurisdiction,8,Pedestrian,0,The First Harmful Event was Not a Collision with a Motor Vehicle in Transport,0,No,1,Non-Junction,1,Not an Intersection,0,None,,,1,On Roadway,3,Dark - Lighted,,,,,1,Clear,0,No,0000000,Not Applicable,1,1:00am-1:59am,58,58,2,2:00am-2:59am,3,3,2,2:00am-2:59am,18,18,,,,,,,1,0