caseyear,state,st_case,statename,ve_total,ve_forms,pvh_invl,peds,pernotmvit,permvit,persons,county,countyname,city,cityname,day,dayname,month,monthname,year,day_week,day_weekname,hour,hourname,minute,minutename,nhs,nhsname,rur_urb,rur_urbname,func_sys,func_sysname,rd_owner,rd_ownername,route,routename,tway_id,tway_id2,milept,mileptname,latitude,latitudename,longitud,longitudname,sp_jur,sp_jurname,harm_ev,harm_evname,man_coll,man_collname,reljct1,reljct1name,reljct2,reljct2name,typ_int,typ_intname,wrk_zone,wrk_zonename,road_fnc,road_fncname,rel_road,rel_roadname,lgt_cond,lgt_condname,weather1,weather1name,weather2,weather2name,weather,weathername,sch_bus,sch_busname,rail,railname,not_hour,not_hourname,not_min,not_minname,arr_hour,arr_hourname,arr_min,arr_minname,hosp_hr,hosp_hrname,hosp_mn,hosp_mnname,cf1,cf1name,cf2,cf2name,cf3,cf3name,fatals,drunk_dr
2020,4,40755,Arizona,2,2,0,0,0,3,3,7,GILA (7),0,NOT APPLICABLE,24,24,11,November,2020,3,Tuesday,9,9:00am-9:59am,27,27,0,This section IS NOT on the NHS,1,Rural,4,Minor Arterial,1,State Highway Agency,3,State Highway,SR-87,,1414,1414,34.31427778,34.31427778,-111.369530560,-111.369530560,0,No Special Jurisdiction,12,Motor Vehicle In-Transport,2,Front-to-Front,0,No,1,Non-Junction,1,Not an Intersection,0,None,,,1,On Roadway,1,Daylight,,,,,1,Clear,0,No,0000000,Not Applicable,9,9:00am-9:59am,27,27,9,9:00am-9:59am,36,36,99,Unknown,99,Unknown EMS Hospital Arrival Time,,,,,,,1,0
2020,4,40756,Arizona,1,1,0,0,0,2,2,19,PIMA (19),10,AJO,25,25,11,November,2020,4,Wednesday,2,2:00am-2:59am,30,30,0,This section IS NOT on the NHS,1,Rural,5,Major Collector,2,County Highway Agency,4,County Road,CR-RAMUSSEN RD,,0,None,32.38911111,32.38911111,-112.859211110,-112.859211110,0,No Special Jurisdiction,58,Ground,0,The First Harmful Event was Not a Collision with a Motor Vehicle in Transport,0,No,1,Non-Junction,1,Not an Intersection,0,None,,,4,On Roadside,2,Dark - Not Lighted,,,,,1,Clear,0,No,0000000,Not Applicable,99,Unknown,99,Unknown,99,Unknown EMS Scene Arrival Hour,99,Unknown EMS Scene Arrival Minutes,99,Unknown,99,Unknown EMS Hospital Arrival Time,,,,,,,1,1
2020,4,40757,Arizona,2,2,0,0,0,3,3,19,PIMA (19),530,TUCSON,25,25,11,November,2020,4,Wednesday,17,5:00pm-5:59pm,32,32,0,This section IS NOT on the NHS,2,Urban,4,Minor Arterial,4,City or Municipal Highway Agency,6,Local Street - Municipality,RIDGESIDE DR,BROADWAY BLVD,0,None,32.22081944,32.22081944,-110.761161110,-110.761161110,0,No Special Jurisdiction,12,Motor Vehicle In-Transport,6,Angle,0,No,2,Intersection,2,Four-Way Intersection,0,None,,,1,On Roadway,5,Dusk,,,,,1,Clear,0,No,0000000,Not Applicable,17,5:00pm-5:59pm,32,32,17,5:00pm-5:59pm,36,36,88,"Not Applicable (Not Transported) ",88,Not Applicable (Not Transported),,,,,,,1,0
2020,4,40758,Arizona,4,4,0,0,0,8,8,25,YAVAPAI (25),0,NOT APPLICABLE,25,25,11,November,2020,4,Wednesday,19,7:00pm-7:59pm,39,39,1,This section IS ON the NHS,1,Rural,1,Interstate,1,State Highway Agency,1,Interstate,I-17,,896,896,34.54515556,34.54515556,-111.908608330,-111.908608330,0,No Special Jurisdiction,12,Motor Vehicle In-Transport,1,Front-to-Rear,0,No,1,Non-Junction,1,Not an Intersection,0,None,,,1,On Roadway,2,Dark - Not Lighted,,,,,1,Clear,0,No,0000000,Not Applicable,19,7:00pm-7:59pm,45,45,19,7:00pm-7:59pm,52,52,20,8:00pm-8:59pm,58,58,,,,,,,1,0
2020,4,40759,Arizona,2,2,0,0,0,2,2,13,MARICOPA (13),490,TEMPE,27,27,11,November,2020,6,Friday,15,3:00pm-3:59pm,19,19,1,This section IS ON the NHS,2,Urban,2,Principal Arterial - Other Freeways and Expressways,1,State Highway Agency,3,State Highway,SR-202,,79,79,33.43594167,33.43594167,-111.919302780,-111.919302780,0,No Special Jurisdiction,12,Motor Vehicle In-Transport,1,Front-to-Rear,0,No,1,Non-Junction,1,Not an Intersection,0,None,,,1,On Roadway,1,Daylight,,,,,1,Clear,0,No,0000000,Not Applicable,15,3:00pm-3:59pm,25,25,15,3:00pm-3:59pm,33,33,15,3:00pm-3:59pm,59,59,,,,,,,1,0
2020,4,40761,Arizona,1,1,0,1,1,1,1,13,MARICOPA (13),200,GLENDALE,29,29,11,November,2020,1,Sunday,14,2:00pm-2:59pm,19,19,0,This section IS NOT on the NHS,2,Urban,3,Principal Arterial - Other,4,City or Municipal Highway Agency,6,Local Street - Municipality,59TH AVE,,0,None,33.52360000,33.52360000,-112.186288890,-112.186288890,0,No Special Jurisdiction,8,Pedestrian,0,The First Harmful Event was Not a Collision with a Motor Vehicle in Transport,0,No,1,Non-Junction,1,Not an Intersection,0,None,,,1,On Roadway,1,Daylight,,,,,1,Clear,0,No,0000000,Not Applicable,99,Unknown,99,Unknown,99,Unknown EMS Scene Arrival Hour,99,Unknown EMS Scene Arrival Minutes,99,Unknown,99,Unknown EMS Hospital Arrival Time,,,,,,,1,0
2020,4,40762,Arizona,1,1,0,0,0,4,4,17,NAVAJO (17),0,NOT APPLICABLE,30,30,8,August,2020,1,Sunday,16,4:00pm-4:59pm,28,28,0,This section IS NOT on the NHS,1,Rural,99,Unknown,99,Unknown,9,Unknown,OLD WOODRUFF RD,,0,None,34.58920278,34.58920278,-110.056313890,-110.056313890,0,No Special Jurisdiction,5,Fell/Jumped from Vehicle,0,The First Harmful Event was Not a Collision with a Motor Vehicle in Transport,0,No,1,Non-Junction,1,Not an Intersection,0,None,,,4,On Roadside,1,Daylight,,,,,1,Clear,0,No,0000000,Not Applicable,16,4:00pm-4:59pm,28,28,99,Unknown EMS Scene Arrival Hour,98,Unknown if Arrived,88,"Not Applicable (Not Transported) ",88,Not Applicable (Not Transported),,,,,,,1,0
2020,4,40763,Arizona,2,2,0,0,0,6,6,13,MARICOPA (13),0,NOT APPLICABLE,2,2,8,August,2020,1,Sunday,11,11:00am-11:59am,55,55,0,This section IS NOT on the NHS,2,Urban,3,Principal Arterial - Other,2,County Highway Agency,4,County Road,CR-HAPPY VALLEY PKWY,115TH AVE,0,None,33.71361389,33.71361389,-112.306338890,-112.306338890,0,No Special Jurisdiction,12,Motor Vehicle In-Transport,6,Angle,0,No,2,Intersection,2,Four-Way Intersection,4,"Work Zone, Type Unknown",,,1,On Roadway,1,Daylight,,,,,10,Cloudy,0,No,0000000,Not Applicable,11,11:00am-11:59am,56,56,12,12:00pm-12:59pm,1,1,13,1:00pm-1:59pm,16,16,,,,,,,1,0
2020,4,40764,Arizona,1,1,0,1,1,1,1,13,MARICOPA (13),370,PHOENIX,3,3,8,August,2020,2,Monday,23,11:00pm-11:59pm,49,49,0,This section IS NOT on the NHS,2,Urban,3,Principal Arterial - Other,2,County Highway Agency,4,County Road,CR-MC 85,,0,None,33.43555278,33.43555278,-112.283088890,-112.283088890,0,No Special Jurisdiction,8,Pedestrian,0,The First Harmful Event was Not a Collision with a Motor Vehicle in Transport,0,No,1,Non-Junction,1,Not an Intersection,0,None,,,1,On Roadway,2,Dark - Not Lighted,,,,,98,Not Reported,0,No,0000000,Not Applicable,23,11:00pm-11:59pm,49,49,0,0:00am-0:59am,0,0,88,"Not Applicable (Not Transported) ",88,Not Applicable (Not Transported),,,,,,,1,0
2020,4,40765,Arizona,1,1,0,0,0,2,2,23,SANTA CRUZ (23),0,NOT APPLICABLE,4,4,8,August,2020,3,Tuesday,6,6:00am-6:59am,1,1,9,Unknown if this section is on the NHS,9,Unknown,99,Unknown,99,Unknown,9,Unknown,GRAND AVE,,99999,Unknown,99.99990000,99.99990000,999.999900000,999.999900000,9,Unknown,99,Reported as Unknown,99,Reported as Unknown,9,Reported as Unknown,99,Reported as Unknown,99,Reported as Unknown,0,None,,,99,Reported as Unknown,9,Reported as Unknown,,,,,99,Reported as Unknown,0,No,0000000,Not Applicable,99,Unknown,99,Unknown,99,Unknown EMS Scene Arrival Hour,99,Unknown EMS Scene Arrival Minutes,99,Unknown,99,Unknown EMS Hospital Arrival Time,,,,,,,1,0
2020,4,40766,Arizona,1,1,0,0,0,1,1,25,YAVAPAI (25),0,NOT APPLICABLE,6,6,8,August,2020,5,Thursday,20,8:00pm-8:59pm,25,25,9,Unknown if this section is on the NHS,9,Unknown,99,Unknown,2,County Highway Agency,4,County Road,CR-251,,99999,Unknown,99.99990000,99.99990000,999.999900000,999.999900000,9,Unknown,1,Rollover/Overturn,0,The First Harmful Event was Not a Collision with a Motor Vehicle in Transport,0,No,1,Non-Junction,1,Not an Intersection,0,None,,,4,On Roadside,6,Dark - Unknown Lighting,,,,,99,Reported as Unknown,0,No,0000000,Not Applicable,99,Unknown,98,Unknown if Notified,99,Unknown EMS Scene Arrival Hour,98,Unknown if Arrived,99,Unknown,98,Unknown if Transported,,,,,,,1,0
2020,4,40767,Arizona,1,1,0,1,1,1,1,13,MARICOPA (13),370,PHOENIX,7,7,8,August,2020,6,Friday,23,11:00pm-11:59pm,54,54,1,This section IS ON the NHS,2,Urban,3,Principal Arterial - Other,4,City or Municipal Highway Agency,6,Local Street - Municipality,INDIAN SCHOOL RD,,0,None,33.49485833,33.49485833,-112.081227780,-112.081227780,0,No Special Jurisdiction,8,Pedestrian,0,The First Harmful Event was Not a Collision with a Motor Vehicle in Transport,0,No,1,Non-Junction,1,Not an Intersection,0,None,,,1,On Roadway,2,Dark - Not Lighted,,,,,1,Clear,0,No,0000000,Not Applicable,99,Unknown,99,Unknown,99,Unknown EMS Scene Arrival Hour,99,Unknown EMS Scene Arrival Minutes,99,Unknown,98,Unknown if Transported,,,,,,,1,0
2020,4,40768,Arizona,1,1,0,1,1,1,1,13,MARICOPA (13),370,PHOENIX,9,9,8,August,2020,1,Sunday,21,9:00pm-9:59pm,21,21,1,This section IS ON the NHS,2,Urban,3,Principal Arterial - Other,4,City or Municipal Highway Agency,6,Local Street - Municipality,BASELINE RD,,0,None,33.37782778,33.37782778,-112.042327780,-112.042327780,0,No Special Jurisdiction,8,Pedestrian,0,The First Harmful Event was Not a Collision with a Motor Vehicle in Transport,0,No,1,Non-Junction,1,Not an Intersection,0,None,,,1,On Roadway,3,Dark - Lighted,,,,,1,Clear,0,No,0000000,Not Applicable,99,Unknown,99,Unknown,99,Unknown EMS Scene Arrival Hour,99,Unknown EMS Scene Arrival Minutes,99,Unknown,99,Unknown EMS Hospital Arrival Time,,,,,,,1,0
2020,4,40769,Arizona,1,1,0,0,0,1,1,1,APACHE (1),0,NOT APPLICABLE,20,20,8,August,2020,5,Thursday,20,8:00pm-8:59pm,30,30,0,This section IS NOT on the NHS,1,Rural,99,Unknown,62,Bureau of Indian Affairs,8,Other,BIA 64,,0,None,99.99990000,99.99990000,999.999900000,999.999900000,3,Indian Reservation,99,Reported as Unknown,99,Reported as Unknown,9,Reported as Unknown,99,Reported as Unknown,99,Reported as Unknown,0,None,,,99,Reported as Unknown,6,Dark - Unknown Lighting,,,,,99,Reported as Unknown,0,No,0000000,Not Applicable,99,Unknown,98,Unknown if Notified,99,Unknown EMS Scene Arrival Hour,98,Unknown if Arrived,99,Unknown,98,Unknown if Transported,,,,,,,1,0
2020,4,40770,Arizona,2,2,0,0,0,3,3,13,MARICOPA (13),200,GLENDALE,18,18,8,August,2020,3,Tuesday,22,10:00pm-10:59pm,39,39,0,This section IS NOT on the NHS,2,Urban,4,Minor Arterial,4,City or Municipal Highway Agency,6,Local Street - Municipality,GLENDALE AVE,EL MIRARGE RD,0,None,33.53653056,33.53653056,-112.323761110,-112.323761110,0,No Special Jurisdiction,12,Motor Vehicle In-Transport,1,Front-to-Rear,0,No,3,Intersection-Related,2,Four-Way Intersection,0,None,,,1,On Roadway,3,Dark - Lighted,,,,,1,Clear,0,No,0000000,Not Applicable,99,Unknown,99,Unknown,99,Unknown EMS Scene Arrival Hour,99,Unknown EMS Scene Arrival Minutes,99,Unknown,99,Unknown EMS Hospital Arrival Time,,,,,,,1,1
2020,4,40771,Arizona,1,1,0,0,0,2,2,13,MARICOPA (13),341,NEW RIVER,23,23,8,August,2020,1,Sunday,99,Unknown Hours,99,Unknown Minutes,9,Unknown if this section is on the NHS,9,Unknown,99,Unknown,99,Unknown,9,Unknown,3RD AVE,,99999,Unknown,99.99990000,99.99990000,999.999900000,999.999900000,9,Unknown,99,Reported as Unknown,99,Reported as Unknown,9,Reported as Unknown,99,Reported as Unknown,99,Reported as Unknown,0,None,,,99,Reported as Unknown,9,Reported as Unknown,,,,,99,Reported as Unknown,0,No,0000000,Not Applicable,99,Unknown,98,Unknown if Notified,99,Unknown EMS Scene Arrival Hour,98,Unknown if Arrived,99,Unknown,98,Unknown if Transported,,,,,,,1,0
2020,4,40772,Arizona,1,1,0,0,0,2,2,25,YAVAPAI (25),0,NOT APPLICABLE,25,25,8,August,2020,3,Tuesday,99,Unknown Hours,99,Unknown Minutes,9,Unknown if this section is on the NHS,1,Rural,99,Unknown,2,County Highway Agency,4,County Road,CR-15,,0,None,99.99990000,99.99990000,999.999900000,999.999900000,9,Unknown,1,Rollover/Overturn,0,The First Harmful Event was Not a Collision with a Motor Vehicle in Transport,0,No,1,Non-Junction,1,Not an Intersection,0,None,,,4,On Roadside,9,Reported as Unknown,,,,,99,Reported as Unknown,0,No,0000000,Not Applicable,99,Unknown,99,Unknown,99,Unknown EMS Scene Arrival Hour,99,Unknown EMS Scene Arrival Minutes,99,Unknown,99,Unknown EMS Hospital Arrival Time,,,,,,,1,1
2020,4,40773,Arizona,2,2,0,0,0,3,3,13,MARICOPA (13),370,PHOENIX,25,25,8,August,2020,3,Tuesday,18,6:00pm-6:59pm,7,7,1,This section IS ON the NHS,2,Urban,3,Principal Arterial - Other,4,City or Municipal Highway Agency,6,Local Street - Municipality,7TH ST,ROESER RD,0,None,33.39958056,33.39958056,-112.064625000,-112.064625000,0,No Special Jurisdiction,12,Motor Vehicle In-Transport,6,Angle,0,No,2,Intersection,2,Four-Way Intersection,0,None,,,1,On Roadway,3,Dark - Lighted,,,,,1,Clear,0,No,0000000,Not Applicable,18,6:00pm-6:59pm,8,8,18,6:00pm-6:59pm,13,13,18,6:00pm-6:59pm,28,28,,,,,,,1,0
2020,4,40774,Arizona,2,2,0,0,0,3,3,13,MARICOPA (13),370,PHOENIX,26,26,8,August,2020,4,Wednesday,16,4:00pm-4:59pm,43,43,0,This section IS NOT on the NHS,2,Urban,4,Minor Arterial,4,City or Municipal Highway Agency,6,Local Street - Municipality,N 19TH AVE,,0,None,33.58953889,33.58953889,-112.099719440,-112.099719440,0,No Special Jurisdiction,12,Motor Vehicle In-Transport,2,Front-to-Front,0,No,1,Non-Junction,1,Not an Intersection,0,None,,,1,On Roadway,1,Daylight,,,,,1,Clear,0,No,0000000,Not Applicable,99,Unknown,99,Unknown,99,Unknown EMS Scene Arrival Hour,99,Unknown EMS Scene Arrival Minutes,99,Unknown,99,Unknown EMS Hospital Arrival Time,,,,,,,1,0
2020,4,40775,Arizona,1,1,0,1,1,1,1,5,COCONINO (5),0,NOT APPLICABLE,26,26,8,August,2020,4,Wednesday,21,9:00pm-9:59pm,30,30,0,This section IS NOT on the NHS,1,Rural,98,Not Reported,62,Bureau of Indian Affairs,8,Other,BIA-20,,0,None,99.99990000,99.99990000,999.999900000,999.999900000,9,Unknown,8,Pedestrian,0,The First Harmful Event was Not a Collision with a Motor Vehicle in Transport,9,Reported as Unknown,99,Reported as Unknown,99,Reported as Unknown,0,None,,,1,On Roadway,6,Dark - Unknown Lighting,,,,,99,Reported as Unknown,0,No,0000000,Not Applicable,99,Unknown,98,Unknown if Notified,99,Unknown EMS Scene Arrival Hour,98,Unknown if Arrived,88,"Not Applicable (Not Transported) ",88,Not Applicable (Not Transported),,,,,,,1,0
2020,4,40776,Arizona,2,2,0,0,0,2,2,13,MARICOPA (13),60,BUCKEYE,27,27,8,August,2020,5,Thursday,6,6:00am-6:59am,38,38,0,This section IS NOT on the NHS,1,Rural,5,Major Collector,2,County Highway Agency,4,County Road,CR-WINTERSBURG RD,,0,None,33.43871667,33.43871667,-112.867791670,-112.867791670,0,No Special Jurisdiction,12,Motor Vehicle In-Transport,7,Sideswipe - Same Direction,0,No,1,Non-Junction,1,Not an Intersection,0,None,,,1,On Roadway,1,Daylight,,,,,1,Clear,0,No,0000000,Not Applicable,6,6:00am-6:59am,38,38,6,6:00am-6:59am,45,45,99,Unknown,99,Unknown EMS Hospital Arrival Time,,,,,,,1,0
2020,4,40777,Arizona,1,1,0,1,1,1,1,17,NAVAJO (17),0,NOT APPLICABLE,29,29,8,August,2020,7,Saturday,22,10:00pm-10:59pm,30,30,0,This section IS NOT on the NHS,1,Rural,5,Major Collector,62,Bureau of Indian Affairs,8,Other,BIA-6,,0,None,99.99990000,99.99990000,999.999900000,999.999900000,3,Indian Reservation,8,Pedestrian,0,The First Harmful Event was Not a Collision with a Motor Vehicle in Transport,9,Reported as Unknown,99,Reported as Unknown,99,Reported as Unknown,0,None,,,1,On Roadway,6,Dark - Unknown Lighting,,,,,99,Reported as Unknown,0,No,0000000,Not Applicable,99,Unknown,98,Unknown if Notified,99,Unknown EMS Scene Arrival Hour,98,Unknown if Arrived,99,Unknown,98,Unknown if Transported,,,,,,,1,0
2020,4,40778,Arizona,2,2,0,0,0,3,3,13,MARICOPA (13),370,PHOENIX,30,30,8,August,2020,1,Sunday,22,10:00pm-10:59pm,23,23,1,This section IS ON the NHS,2,Urban,3,Principal Arterial - Other,4,City or Municipal Highway Agency,6,Local Street - Municipality,INDIAN SCHOOL RD,,0,None,33.49492500,33.49492500,-112.128077780,-112.128077780,0,No Special Jurisdiction,12,Motor Vehicle In-Transport,6,Angle,0,No,8,Driveway Access Related,1,Not an Intersection,0,None,,,1,On Roadway,3,Dark - Lighted,,,,,1,Clear,0,No,0000000,Not Applicable,99,Unknown,99,Unknown,99,Unknown EMS Scene Arrival Hour,99,Unknown EMS Scene Arrival Minutes,99,Unknown,99,Unknown EMS Hospital Arrival Time,,,,,,,1,0
2020,4,40779,Arizona,1,1,0,1,1,1,1,13,MARICOPA (13),486,SURPRISE,31,31,8,August,2020,2,Monday,99,Unknown Hours,99,Unknown Minutes,0,This section IS NOT on the NHS,2,Urban,4,Minor Arterial,4,City or Municipal Highway Agency,6,Local Street - Municipality,REEMS RD,,0,None,99.99990000,99.99990000,999.999900000,999.999900000,0,No Special Jurisdiction,8,Pedestrian,0,The First Harmful Event was Not a Collision with a Motor Vehicle in Transport,9,Reported as Unknown,99,Reported as Unknown,99,Reported as Unknown,0,None,,,99,Reported as Unknown,9,Reported as Unknown,,,,,99,Reported as Unknown,0,No,0000000,Not Applicable,99,Unknown,99,Unknown,99,Unknown EMS Scene Arrival Hour,99,Unknown EMS Scene Arrival Minutes,99,Unknown,99,Unknown EMS Hospital Arrival Time,,,,,,,1,0
2020,4,40780,Arizona,2,2,0,0,0,2,2,13,MARICOPA (13),388,QUEEN CREEK,31,31,8,August,2020,2,Monday,10,10:00am-10:59am,0,0,0,This section IS NOT on the NHS,2,Urban,4,Minor Arterial,4,City or Municipal Highway Agency,6,Local Street - Municipality,HUNT HWY,,0,None,33.20491944,33.20491944,-111.655275000,-111.655275000,0,No Special Jurisdiction,12,Motor Vehicle In-Transport,2,Front-to-Front,9,Reported as Unknown,99,Reported as Unknown,99,Reported as Unknown,0,None,,,99,Reported as Unknown,1,Daylight,,,,,99,Reported as Unknown,0,No,0000000,Not Applicable,99,Unknown,99,Unknown,99,Unknown EMS Scene Arrival Hour,99,Unknown EMS Scene Arrival Minutes,88,"Not Applicable (Not Transported) ",88,Not Applicable (Not Transported),,,,,,,2,0
2020,4,40781,Arizona,1,1,0,0,0,1,1,5,COCONINO (5),170,FLAGSTAFF,6,6,9,September,2020,1,Sunday,14,2:00pm-2:59pm,5,5,0,This section IS NOT on the NHS,1,Rural,7,Local,64,U.S. Forest Service,8,Other,FS-536,,99998,Not Reported,35.06301944,35.06301944,-111.807516670,-111.807516670,0,No Special Jurisdiction,34,Ditch,0,The First Harmful Event was Not a Collision with a Motor Vehicle in Transport,0,No,1,Non-Junction,1,Not an Intersection,0,None,,,4,On Roadside,1,Daylight,,,,,1,Clear,0,No,0000000,Not Applicable,14,2:00pm-2:59pm,5,5,14,2:00pm-2:59pm,38,38,88,"Not Applicable (Not Transported) ",88,Not Applicable (Not Transported),,,,,,,1,0
2020,4,40782,Arizona,3,3,0,0,0,9,9,25,YAVAPAI (25),0,NOT APPLICABLE,3,3,10,October,2020,7,Saturday,5,5:00am-5:59am,20,20,1,This section IS ON the NHS,1,Rural,3,Principal Arterial - Other,1,State Highway Agency,2,U.S. Highway,US-93,,1771,1771,34.19200556,34.19200556,-113.054405560,-113.054405560,0,No Special Jurisdiction,12,Motor Vehicle In-Transport,8,Sideswipe - Opposite Direction,0,No,1,Non-Junction,1,Not an Intersection,0,None,,,1,On Roadway,2,Dark - Not Lighted,,,,,1,Clear,0,No,0000000,Not Applicable,5,5:00am-5:59am,29,29,6,6:00am-6:59am,10,10,99,Unknown,99,Unknown EMS Hospital Arrival Time,,,,,,,2,1
2020,4,40783,Arizona,3,3,0,0,0,3,3,19,PIMA (19),0,NOT APPLICABLE,4,4,10,October,2020,1,Sunday,15,3:00pm-3:59pm,31,31,0,This section IS NOT on the NHS,1,Rural,4,Minor Arterial,1,State Highway Agency,3,State Highway,SR-148,,946,946,32.07558889,32.07558889,-111.345950000,-111.345950000,0,No Special Jurisdiction,12,Motor Vehicle In-Transport,2,Front-to-Front,0,No,1,Non-Junction,1,Not an Intersection,0,None,,,1,On Roadway,1,Daylight,,,,,1,Clear,0,No,0000000,Not Applicable,15,3:00pm-3:59pm,34,34,15,3:00pm-3:59pm,40,40,99,Unknown,99,Unknown EMS Hospital Arrival Time,,,,,,,2,0
2020,4,40784,Arizona,2,2,0,0,0,3,3,13,MARICOPA (13),220,GOODYEAR,8,8,10,October,2020,5,Thursday,18,6:00pm-6:59pm,55,55,1,This section IS ON the NHS,2,Urban,3,Principal Arterial - Other,2,County Highway Agency,4,County Road,CR-MC-85,COTTON LN,0,None,33.40435833,33.40435833,-112.426888890,-112.426888890,0,No Special Jurisdiction,12,Motor Vehicle In-Transport,6,Angle,0,No,2,Intersection,2,Four-Way Intersection,0,None,,,1,On Roadway,3,Dark - Lighted,,,,,1,Clear,0,No,0000000,Not Applicable,18,6:00pm-6:59pm,55,55,19,7:00pm-7:59pm,10,10,88,"Not Applicable (Not Transported) ",88,Not Applicable (Not Transported),,,,,,,1,0
2020,4,40785,Arizona,2,2,0,0,0,4,4,13,MARICOPA (13),30,AVONDALE,5,5,8,August,2020,4,Wednesday,16,4:00pm-4:59pm,23,23,0,This section IS NOT on the NHS,2,Urban,5,Major Collector,4,City or Municipal Highway Agency,6,Local Street - Municipality,"SOUTHERN AVE ",EL MIRAGE RD,0,None,33.39182222,33.39182222,-112.323261110,-112.323261110,0,No Special Jurisdiction,12,Motor Vehicle In-Transport,6,Angle,0,No,2,Intersection,2,Four-Way Intersection,0,None,,,1,On Roadway,1,Daylight,,,,,1,Clear,0,No,0000000,Not Applicable,16,4:00pm-4:59pm,23,23,16,4:00pm-4:59pm,45,45,99,Unknown,99,Unknown EMS Hospital Arrival Time,,,,,,,2,0
2020,4,40787,Arizona,2,2,0,0,0,2,2,13,MARICOPA (13),290,MESA,20,20,8,August,2020,5,Thursday,21,9:00pm-9:59pm,40,40,1,This section IS ON the NHS,2,Urban,3,Principal Arterial - Other,4,City or Municipal Highway Agency,6,Local Street - Municipality,"POWER RD ",AKRON RD,0,None,33.41785556,33.41785556,-111.684516670,-111.684516670,0,No Special Jurisdiction,12,Motor Vehicle In-Transport,6,Angle,0,No,2,Intersection,3,T-Intersection,0,None,,,1,On Roadway,3,Dark - Lighted,,,,,1,Clear,0,No,0000000,Not Applicable,21,9:00pm-9:59pm,49,49,21,9:00pm-9:59pm,52,52,22,10:00pm-10:59pm,10,10,,,,,,,1,0
2020,4,40788,Arizona,2,2,0,0,0,2,2,13,MARICOPA (13),290,MESA,15,15,9,September,2020,3,Tuesday,15,3:00pm-3:59pm,9,9,0,This section IS NOT on the NHS,2,Urban,3,Principal Arterial - Other,4,City or Municipal Highway Agency,6,Local Street - Municipality,GILBERT RD,,0,None,33.43580833,33.43580833,-111.787911110,-111.787911110,0,No Special Jurisdiction,12,Motor Vehicle In-Transport,6,Angle,0,No,8,Driveway Access Related,1,Not an Intersection,0,None,,,1,On Roadway,1,Daylight,,,,,1,Clear,0,No,0000000,Not Applicable,15,3:00pm-3:59pm,9,9,15,3:00pm-3:59pm,18,18,15,3:00pm-3:59pm,50,50,,,,,,,1,0
2020,4,40789,Arizona,1,1,0,1,1,2,2,13,MARICOPA (13),290,MESA,10,10,10,October,2020,7,Saturday,5,5:00am-5:59am,7,7,0,This section IS NOT on the NHS,2,Urban,3,Principal Arterial - Other,4,City or Municipal Highway Agency,6,Local Street - Municipality,MCKELLIPS RD,,0,None,33.45149722,33.45149722,-111.812550000,-111.812550000,0,No Special Jurisdiction,9,Pedalcyclist,0,The First Harmful Event was Not a Collision with a Motor Vehicle in Transport,0,No,1,Non-Junction,1,Not an Intersection,0,None,,,2,On Shoulder,4,Dawn,,,,,1,Clear,0,No,0000000,Not Applicable,5,5:00am-5:59am,7,7,5,5:00am-5:59am,11,11,5,5:00am-5:59am,30,30,,,,,,,1,1
2020,4,40790,Arizona,1,1,0,1,1,1,1,13,MARICOPA (13),420,SCOTTSDALE,5,5,11,November,2020,5,Thursday,8,8:00am-8:59am,47,47,0,This section IS NOT on the NHS,2,Urban,99,Unknown,99,Unknown,9,Unknown,105TH ST,,99999,Unknown,33.62523611,33.62523611,-111.853744440,-111.853744440,9,Unknown,9,Pedalcyclist,0,The First Harmful Event was Not a Collision with a Motor Vehicle in Transport,0,No,1,Non-Junction,1,Not an Intersection,0,None,,,1,On Roadway,1,Daylight,,,,,1,Clear,0,No,0000000,Not Applicable,8,8:00am-8:59am,47,47,8,8:00am-8:59am,52,52,9,9:00am-9:59am,25,25,,,,,,,1,0
2020,4,40791,Arizona,2,2,0,0,0,2,2,13,MARICOPA (13),420,SCOTTSDALE,6,6,11,November,2020,6,Friday,19,7:00pm-7:59pm,38,38,0,This section IS NOT on the NHS,2,Urban,3,Principal Arterial - Other,4,City or Municipal Highway Agency,6,Local Street - Municipality,HAYDEN RD,,0,None,33.52923056,33.52923056,-111.908761110,-111.908761110,0,No Special Jurisdiction,12,Motor Vehicle In-Transport,2,Front-to-Front,0,No,1,Non-Junction,1,Not an Intersection,0,None,,,1,On Roadway,2,Dark - Not Lighted,,,,,1,Clear,0,No,0000000,Not Applicable,99,Unknown,99,Unknown,99,Unknown EMS Scene Arrival Hour,99,Unknown EMS Scene Arrival Minutes,99,Unknown,99,Unknown EMS Hospital Arrival Time,,,,,,,1,1
2020,4,40792,Arizona,2,2,0,0,0,2,2,7,GILA (7),0,NOT APPLICABLE,9,9,11,November,2020,2,Monday,11,11:00am-11:59am,49,49,0,This section IS NOT on the NHS,1,Rural,5,Major Collector,62,Bureau of Indian Affairs,8,Other,OLD SAN CARLOS RD,,0,None,33.36665833,33.36665833,-110.544419440,-110.544419440,0,No Special Jurisdiction,12,Motor Vehicle In-Transport,6,Angle,0,No,1,Non-Junction,1,Not an Intersection,0,None,,,1,On Roadway,1,Daylight,,,,,1,Clear,0,No,0000000,Not Applicable,99,Unknown,99,Unknown,99,Unknown EMS Scene Arrival Hour,99,Unknown EMS Scene Arrival Minutes,99,Unknown,99,Unknown EMS Hospital Arrival Time,,,,,,,1,1