caseyear,state,st_case,statename,ve_total,ve_forms,pvh_invl,peds,pernotmvit,permvit,persons,county,countyname,city,cityname,day,dayname,month,monthname,year,day_week,day_weekname,hour,hourname,minute,minutename,nhs,nhsname,rur_urb,rur_urbname,func_sys,func_sysname,rd_owner,rd_ownername,route,routename,tway_id,tway_id2,milept,mileptname,latitude,latitudename,longitud,longitudname,sp_jur,sp_jurname,harm_ev,harm_evname,man_coll,man_collname,reljct1,reljct1name,reljct2,reljct2name,typ_int,typ_intname,wrk_zone,wrk_zonename,road_fnc,road_fncname,rel_road,rel_roadname,lgt_cond,lgt_condname,weather1,weather1name,weather2,weather2name,weather,weathername,sch_bus,sch_busname,rail,railname,not_hour,not_hourname,not_min,not_minname,arr_hour,arr_hourname,arr_min,arr_minname,hosp_hr,hosp_hrname,hosp_mn,hosp_mnname,cf1,cf1name,cf2,cf2name,cf3,cf3name,fatals,drunk_dr
2020,4,40873,Arizona,2,2,0,1,1,3,3,13,MARICOPA (13),370,PHOENIX,3,3,9,September,2020,5,Thursday,23,11:00pm-11:59pm,11,11,0,This section IS NOT on the NHS,2,Urban,4,Minor Arterial,4,City or Municipal Highway Agency,6,Local Street - Municipality,27TH AVE,INDIAN SCHOOL RD,0,None,33.49496111,33.49496111,-112.117050000,-112.117050000,0,No Special Jurisdiction,8,Pedestrian,0,The First Harmful Event was Not a Collision with a Motor Vehicle in Transport,0,No,3,Intersection-Related,4,Y-Intersection,0,None,,,1,On Roadway,3,Dark - Lighted,,,,,1,Clear,0,No,0000000,Not Applicable,23,11:00pm-11:59pm,12,12,23,11:00pm-11:59pm,18,18,23,11:00pm-11:59pm,29,29,,,,,,,1,0
2020,4,40874,Arizona,1,1,0,0,0,4,4,7,GILA (7),0,NOT APPLICABLE,4,4,9,September,2020,6,Friday,20,8:00pm-8:59pm,37,37,1,This section IS ON the NHS,1,Rural,3,Principal Arterial - Other,1,State Highway Agency,3,State Highway,SR-260,,776,776,34.26427222,34.26427222,-111.223741670,-111.223741670,0,No Special Jurisdiction,42,Tree (Standing Only),0,The First Harmful Event was Not a Collision with a Motor Vehicle in Transport,0,No,1,Non-Junction,1,Not an Intersection,0,None,,,4,On Roadside,3,Dark - Lighted,,,,,1,Clear,0,No,0000000,Not Applicable,99,Unknown,99,Unknown,99,Unknown EMS Scene Arrival Hour,99,Unknown EMS Scene Arrival Minutes,99,Unknown,99,Unknown EMS Hospital Arrival Time,,,,,,,1,0
2020,4,40875,Arizona,1,1,0,0,0,1,1,5,COCONINO (5),9999,Unknown,5,5,9,September,2020,7,Saturday,15,3:00pm-3:59pm,30,30,0,This section IS NOT on the NHS,9,Unknown,99,Unknown,99,Unknown,8,Other,FS-170,,0,None,34.41073056,34.41073056,-110.815644440,-110.815644440,0,No Special Jurisdiction,99,Reported as Unknown,99,Reported as Unknown,9,Reported as Unknown,99,Reported as Unknown,99,Reported as Unknown,0,None,,,99,Reported as Unknown,1,Daylight,,,,,99,Reported as Unknown,0,No,0000000,Not Applicable,99,Unknown,98,Unknown if Notified,99,Unknown EMS Scene Arrival Hour,98,Unknown if Arrived,88,"Not Applicable (Not Transported) ",88,Not Applicable (Not Transported),,,,,,,1,0
2020,4,40876,Arizona,1,1,0,1,1,1,1,13,MARICOPA (13),370,PHOENIX,7,7,9,September,2020,2,Monday,19,7:00pm-7:59pm,2,2,0,This section IS NOT on the NHS,2,Urban,5,Major Collector,4,City or Municipal Highway Agency,6,Local Street - Municipality,N 35TH AVE,W DEER VALLEY RD,0,None,33.68384722,33.68384722,-112.134780560,-112.134780560,0,No Special Jurisdiction,15,Non-Motorist on Personal Conveyance,0,The First Harmful Event was Not a Collision with a Motor Vehicle in Transport,0,No,3,Intersection-Related,2,Four-Way Intersection,0,None,,,1,On Roadway,3,Dark - Lighted,,,,,1,Clear,0,No,0000000,Not Applicable,19,7:00pm-7:59pm,3,3,19,7:00pm-7:59pm,8,8,19,7:00pm-7:59pm,15,15,,,,,,,1,0
2020,4,40877,Arizona,2,2,0,0,0,4,4,13,MARICOPA (13),370,PHOENIX,8,8,9,September,2020,3,Tuesday,23,11:00pm-11:59pm,24,24,1,This section IS ON the NHS,2,Urban,3,Principal Arterial - Other,4,City or Municipal Highway Agency,6,Local Street - Municipality,7TH ST,ROESER RD,0,None,33.39957778,33.39957778,-112.064636110,-112.064636110,0,No Special Jurisdiction,12,Motor Vehicle In-Transport,6,Angle,0,No,2,Intersection,2,Four-Way Intersection,0,None,,,1,On Roadway,3,Dark - Lighted,,,,,1,Clear,0,No,0000000,Not Applicable,99,Unknown,99,Unknown,99,Unknown EMS Scene Arrival Hour,99,Unknown EMS Scene Arrival Minutes,99,Unknown,99,Unknown EMS Hospital Arrival Time,,,,,,,1,1
2020,4,40878,Arizona,1,1,0,0,0,1,1,5,COCONINO (5),0,NOT APPLICABLE,9,9,9,September,2020,4,Wednesday,13,1:00pm-1:59pm,30,30,0,This section IS NOT on the NHS,1,Rural,6,Minor Collector,62,Bureau of Indian Affairs,8,Other,BIA 20,,0,None,99.99990000,99.99990000,999.999900000,999.999900000,0,No Special Jurisdiction,99,Reported as Unknown,99,Reported as Unknown,9,Reported as Unknown,99,Reported as Unknown,99,Reported as Unknown,0,None,,,99,Reported as Unknown,1,Daylight,,,,,99,Reported as Unknown,0,No,0000000,Not Applicable,99,Unknown,98,Unknown if Notified,99,Unknown EMS Scene Arrival Hour,98,Unknown if Arrived,99,Unknown,98,Unknown if Transported,,,,,,,1,0
2020,4,40879,Arizona,3,3,0,1,1,3,3,13,MARICOPA (13),370,PHOENIX,9,9,9,September,2020,4,Wednesday,20,8:00pm-8:59pm,34,34,0,This section IS NOT on the NHS,2,Urban,4,Minor Arterial,4,City or Municipal Highway Agency,6,Local Street - Municipality,CAMELBACK RD,,0,None,33.50954722,33.50954722,-112.106513890,-112.106513890,0,No Special Jurisdiction,9,Pedalcyclist,0,The First Harmful Event was Not a Collision with a Motor Vehicle in Transport,0,No,1,Non-Junction,1,Not an Intersection,0,None,,,1,On Roadway,3,Dark - Lighted,,,,,1,Clear,0,No,0000000,Not Applicable,99,Unknown,98,Unknown if Notified,99,Unknown EMS Scene Arrival Hour,98,Unknown if Arrived,88,"Not Applicable (Not Transported) ",88,Not Applicable (Not Transported),,,,,,,1,0
2020,4,40881,Arizona,2,2,0,0,0,2,2,13,MARICOPA (13),370,PHOENIX,15,15,9,September,2020,3,Tuesday,7,7:00am-7:59am,56,56,0,This section IS NOT on the NHS,1,Rural,6,Minor Collector,1,State Highway Agency,6,Local Street - Municipality,NEW RIVER RD,,0,None,33.90859167,33.90859167,-112.152019440,-112.152019440,0,No Special Jurisdiction,12,Motor Vehicle In-Transport,2,Front-to-Front,0,No,1,Non-Junction,1,Not an Intersection,0,None,,,1,On Roadway,1,Daylight,,,,,1,Clear,0,No,0000000,Not Applicable,99,Unknown,98,Unknown if Notified,99,Unknown EMS Scene Arrival Hour,98,Unknown if Arrived,88,"Not Applicable (Not Transported) ",88,Not Applicable (Not Transported),,,,,,,1,0
2020,4,40882,Arizona,1,1,0,0,0,1,1,13,MARICOPA (13),370,PHOENIX,16,16,9,September,2020,4,Wednesday,5,5:00am-5:59am,58,58,0,This section IS NOT on the NHS,2,Urban,4,Minor Arterial,4,City or Municipal Highway Agency,6,Local Street - Municipality,MCDOWELL RD,,0,None,33.46574722,33.46574722,-112.008416670,-112.008416670,0,No Special Jurisdiction,46,Traffic Signal Support,0,The First Harmful Event was Not a Collision with a Motor Vehicle in Transport,0,No,98,Not Reported,1,Not an Intersection,0,None,,,12,Pedestrian Refuge Island or Traffic Island,4,Dawn,,,,,1,Clear,0,No,0000000,Not Applicable,99,Unknown,99,Unknown,99,Unknown EMS Scene Arrival Hour,99,Unknown EMS Scene Arrival Minutes,88,"Not Applicable (Not Transported) ",88,Not Applicable (Not Transported),,,,,,,1,0
2020,4,40883,Arizona,1,1,0,1,1,1,1,13,MARICOPA (13),370,PHOENIX,17,17,9,September,2020,5,Thursday,2,2:00am-2:59am,58,58,0,This section IS NOT on the NHS,2,Urban,4,Minor Arterial,4,City or Municipal Highway Agency,6,Local Street - Municipality,16TH ST,,0,None,33.50202500,33.50202500,-112.047575000,-112.047575000,0,No Special Jurisdiction,8,Pedestrian,0,The First Harmful Event was Not a Collision with a Motor Vehicle in Transport,0,No,1,Non-Junction,1,Not an Intersection,0,None,,,1,On Roadway,6,Dark - Unknown Lighting,,,,,99,Reported as Unknown,0,No,0000000,Not Applicable,99,Unknown,98,Unknown if Notified,99,Unknown EMS Scene Arrival Hour,98,Unknown if Arrived,88,"Not Applicable (Not Transported) ",88,Not Applicable (Not Transported),,,,,,,1,0
2020,4,40884,Arizona,1,1,0,0,0,1,1,13,MARICOPA (13),370,PHOENIX,20,20,9,September,2020,1,Sunday,0,0:00am-0:59am,35,35,0,This section IS NOT on the NHS,2,Urban,4,Minor Arterial,4,City or Municipal Highway Agency,6,Local Street - Municipality,16TH ST,BETHANY HOME RD,0,None,33.52367778,33.52367778,-112.047480560,-112.047480560,0,No Special Jurisdiction,5,Fell/Jumped from Vehicle,0,The First Harmful Event was Not a Collision with a Motor Vehicle in Transport,0,No,3,Intersection-Related,2,Four-Way Intersection,0,None,,,1,On Roadway,2,Dark - Not Lighted,,,,,1,Clear,0,No,0000000,Not Applicable,0,0:00am-0:59am,36,36,0,0:00am-0:59am,40,40,0,0:00am-0:59am,51,51,,,,,,,1,0
2020,4,40885,Arizona,1,1,0,1,1,1,1,13,MARICOPA (13),370,PHOENIX,20,20,9,September,2020,1,Sunday,10,10:00am-10:59am,56,56,0,This section IS NOT on the NHS,2,Urban,4,Minor Arterial,4,City or Municipal Highway Agency,6,Local Street - Municipality,52ND ST,THOMAS RD,0,None,33.48007222,33.48007222,-111.969622220,-111.969622220,0,No Special Jurisdiction,8,Pedestrian,0,The First Harmful Event was Not a Collision with a Motor Vehicle in Transport,0,No,3,Intersection-Related,2,Four-Way Intersection,0,None,,,1,On Roadway,1,Daylight,,,,,1,Clear,0,No,0000000,Not Applicable,99,Unknown,99,Unknown,99,Unknown EMS Scene Arrival Hour,99,Unknown EMS Scene Arrival Minutes,99,Unknown,99,Unknown EMS Hospital Arrival Time,,,,,,,1,0
2020,4,40886,Arizona,1,1,0,0,0,1,1,17,NAVAJO (17),0,NOT APPLICABLE,20,20,9,September,2020,1,Sunday,20,8:00pm-8:59pm,25,25,0,This section IS NOT on the NHS,1,Rural,4,Minor Arterial,1,State Highway Agency,3,State Highway,SR-264,,395,395,35.97950278,35.97950278,-110.703455560,-110.703455560,0,No Special Jurisdiction,99,Reported as Unknown,99,Reported as Unknown,0,No,1,Non-Junction,1,Not an Intersection,0,None,,,4,On Roadside,6,Dark - Unknown Lighting,,,,,98,Not Reported,0,No,0000000,Not Applicable,99,Unknown,98,Unknown if Notified,99,Unknown EMS Scene Arrival Hour,98,Unknown if Arrived,99,Unknown,98,Unknown if Transported,,,,,,,1,0
2020,4,40887,Arizona,1,1,0,0,0,2,2,13,MARICOPA (13),290,MESA,22,22,9,September,2020,3,Tuesday,21,9:00pm-9:59pm,15,15,0,This section IS NOT on the NHS,2,Urban,4,Minor Arterial,1,State Highway Agency,2,U.S. Highway,US-60,,0,None,33.41505556,33.41505556,-111.611013890,-111.611013890,0,No Special Jurisdiction,1,Rollover/Overturn,0,The First Harmful Event was Not a Collision with a Motor Vehicle in Transport,0,No,1,Non-Junction,1,Not an Intersection,0,None,,,3,On Median,2,Dark - Not Lighted,,,,,1,Clear,0,No,0000000,Not Applicable,21,9:00pm-9:59pm,15,15,21,9:00pm-9:59pm,18,18,21,9:00pm-9:59pm,50,50,,,,,,,1,0
2020,4,40888,Arizona,2,2,0,0,0,4,4,13,MARICOPA (13),370,PHOENIX,24,24,9,September,2020,5,Thursday,21,9:00pm-9:59pm,3,3,0,This section IS NOT on the NHS,2,Urban,4,Minor Arterial,4,City or Municipal Highway Agency,6,Local Street - Municipality,MCDOWELL RD,,0,None,33.46578611,33.46578611,-112.024513890,-112.024513890,0,No Special Jurisdiction,12,Motor Vehicle In-Transport,2,Front-to-Front,0,No,1,Non-Junction,1,Not an Intersection,0,None,,,1,On Roadway,3,Dark - Lighted,,,,,1,Clear,0,No,0000000,Not Applicable,21,9:00pm-9:59pm,4,4,21,9:00pm-9:59pm,9,9,99,Unknown,99,Unknown EMS Hospital Arrival Time,,,,,,,1,1
2020,4,40889,Arizona,1,1,0,0,0,2,2,19,PIMA (19),0,NOT APPLICABLE,25,25,9,September,2020,6,Friday,21,9:00pm-9:59pm,46,46,0,This section IS NOT on the NHS,1,Rural,6,Minor Collector,2,County Highway Agency,4,County Road,CR-RUBY RD,,0,None,31.55058889,31.55058889,-111.310183330,-111.310183330,0,No Special Jurisdiction,35,Embankment,0,The First Harmful Event was Not a Collision with a Motor Vehicle in Transport,0,No,1,Non-Junction,1,Not an Intersection,0,None,,,4,On Roadside,6,Dark - Unknown Lighting,,,,,99,Reported as Unknown,0,No,0000000,Not Applicable,99,Unknown,98,Unknown if Notified,99,Unknown EMS Scene Arrival Hour,98,Unknown if Arrived,99,Unknown,98,Unknown if Transported,,,,,,,1,0
2020,4,40890,Arizona,1,1,0,1,1,1,1,13,MARICOPA (13),370,PHOENIX,25,25,9,September,2020,6,Friday,21,9:00pm-9:59pm,56,56,0,This section IS NOT on the NHS,2,Urban,4,Minor Arterial,4,City or Municipal Highway Agency,6,Local Street - Municipality,WASHINGTON ST,,0,None,33.44829167,33.44829167,-111.987877780,-111.987877780,0,No Special Jurisdiction,8,Pedestrian,0,The First Harmful Event was Not a Collision with a Motor Vehicle in Transport,0,No,1,Non-Junction,1,Not an Intersection,0,None,,,1,On Roadway,3,Dark - Lighted,,,,,1,Clear,0,No,0000000,Not Applicable,21,9:00pm-9:59pm,57,57,22,10:00pm-10:59pm,1,1,22,10:00pm-10:59pm,15,15,,,,,,,1,0
2020,4,40891,Arizona,1,1,0,1,1,1,1,25,YAVAPAI (25),386,PRESCOTT,26,26,9,September,2020,7,Saturday,99,Unknown Hours,99,Unknown Minutes,0,This section IS NOT on the NHS,9,Unknown,99,Unknown,99,Unknown,9,Unknown,MIDWAY,,0,None,34.57460833,34.57460833,-112.532977780,-112.532977780,0,No Special Jurisdiction,8,Pedestrian,0,The First Harmful Event was Not a Collision with a Motor Vehicle in Transport,9,Reported as Unknown,99,Reported as Unknown,99,Reported as Unknown,0,None,,,99,Reported as Unknown,9,Reported as Unknown,,,,,99,Reported as Unknown,0,No,0000000,Not Applicable,99,Unknown,98,Unknown if Notified,99,Unknown EMS Scene Arrival Hour,98,Unknown if Arrived,99,Unknown,98,Unknown if Transported,,,,,,,1,0
2020,4,40892,Arizona,1,1,0,0,0,1,1,13,MARICOPA (13),200,GLENDALE,27,27,9,September,2020,1,Sunday,22,10:00pm-10:59pm,57,57,0,This section IS NOT on the NHS,2,Urban,4,Minor Arterial,4,City or Municipal Highway Agency,6,Local Street - Municipality,67TH AVE,,0,None,33.53575833,33.53575833,-112.203022220,-112.203022220,0,No Special Jurisdiction,31,"Post, Pole or Other Supports",0,The First Harmful Event was Not a Collision with a Motor Vehicle in Transport,0,No,1,Non-Junction,1,Not an Intersection,0,None,,,4,On Roadside,3,Dark - Lighted,,,,,1,Clear,0,No,0000000,Not Applicable,99,Unknown,98,Unknown if Notified,99,Unknown EMS Scene Arrival Hour,98,Unknown if Arrived,88,"Not Applicable (Not Transported) ",88,Not Applicable (Not Transported),,,,,,,1,0
2020,4,40893,Arizona,2,2,0,1,1,2,2,13,MARICOPA (13),200,GLENDALE,28,28,9,September,2020,2,Monday,18,6:00pm-6:59pm,40,40,1,This section IS ON the NHS,2,Urban,3,Principal Arterial - Other,4,City or Municipal Highway Agency,6,Local Street - Municipality,51ST AVE,,0,None,33.51580000,33.51580000,-112.168763890,-112.168763890,0,No Special Jurisdiction,8,Pedestrian,0,The First Harmful Event was Not a Collision with a Motor Vehicle in Transport,0,No,1,Non-Junction,1,Not an Intersection,0,None,,,11,Continuous Left - Turn Lane,6,Dark - Unknown Lighting,,,,,1,Clear,0,No,0000000,Not Applicable,99,Unknown,99,Unknown,99,Unknown EMS Scene Arrival Hour,99,Unknown EMS Scene Arrival Minutes,88,"Not Applicable (Not Transported) ",88,Not Applicable (Not Transported),,,,,,,1,0
2020,4,40894,Arizona,2,2,0,1,1,2,2,13,MARICOPA (13),370,PHOENIX,1,1,11,November,2020,1,Sunday,19,7:00pm-7:59pm,57,57,0,This section IS NOT on the NHS,2,Urban,4,Minor Arterial,4,City or Municipal Highway Agency,6,Local Street - Municipality,BETHANY HOME RD,,0,None,33.52393889,33.52393889,-112.149122220,-112.149122220,0,No Special Jurisdiction,8,Pedestrian,0,The First Harmful Event was Not a Collision with a Motor Vehicle in Transport,0,No,1,Non-Junction,1,Not an Intersection,0,None,,,1,On Roadway,2,Dark - Not Lighted,,,,,98,Not Reported,0,No,0000000,Not Applicable,99,Unknown,99,Unknown,99,Unknown EMS Scene Arrival Hour,99,Unknown EMS Scene Arrival Minutes,99,Unknown,99,Unknown EMS Hospital Arrival Time,,,,,,,1,0
2020,4,40895,Arizona,1,1,0,1,1,1,1,13,MARICOPA (13),370,PHOENIX,3,3,11,November,2020,3,Tuesday,15,3:00pm-3:59pm,31,31,0,This section IS NOT on the NHS,2,Urban,6,Minor Collector,4,City or Municipal Highway Agency,6,Local Street - Municipality,N 19TH AVE,W WILLIAMS DR,0,None,33.69092778,33.69092778,-112.099891670,-112.099891670,0,No Special Jurisdiction,8,Pedestrian,0,The First Harmful Event was Not a Collision with a Motor Vehicle in Transport,0,No,3,Intersection-Related,2,Four-Way Intersection,0,None,,,1,On Roadway,1,Daylight,,,,,1,Clear,0,No,0000000,Not Applicable,15,3:00pm-3:59pm,32,32,15,3:00pm-3:59pm,36,36,15,3:00pm-3:59pm,55,55,,,,,,,1,0
2020,4,40896,Arizona,3,3,0,0,0,3,3,13,MARICOPA (13),370,PHOENIX,3,3,11,November,2020,3,Tuesday,19,7:00pm-7:59pm,42,42,0,This section IS NOT on the NHS,2,Urban,4,Minor Arterial,4,City or Municipal Highway Agency,6,Local Street - Municipality,N 67TH AVE,W THOMAS RD,0,None,33.48026389,33.48026389,-112.203227780,-112.203227780,0,No Special Jurisdiction,12,Motor Vehicle In-Transport,6,Angle,0,No,2,Intersection,2,Four-Way Intersection,0,None,,,1,On Roadway,3,Dark - Lighted,,,,,1,Clear,0,No,0000000,Not Applicable,99,Unknown,99,Unknown,99,Unknown EMS Scene Arrival Hour,99,Unknown EMS Scene Arrival Minutes,88,"Not Applicable (Not Transported) ",88,Not Applicable (Not Transported),,,,,,,1,0
2020,4,40897,Arizona,1,1,0,1,1,1,1,13,MARICOPA (13),370,PHOENIX,4,4,11,November,2020,4,Wednesday,0,0:00am-0:59am,30,30,0,This section IS NOT on the NHS,2,Urban,6,Minor Collector,1,State Highway Agency,7,Local Street - Frontage Road,I-17 FRONTAGE RD,,0,None,33.42915556,33.42915556,-112.102013890,-112.102013890,0,No Special Jurisdiction,8,Pedestrian,0,The First Harmful Event was Not a Collision with a Motor Vehicle in Transport,0,No,1,Non-Junction,1,Not an Intersection,0,None,,,1,On Roadway,3,Dark - Lighted,,,,,1,Clear,0,No,0000000,Not Applicable,99,Unknown,98,Unknown if Notified,99,Unknown EMS Scene Arrival Hour,98,Unknown if Arrived,88,"Not Applicable (Not Transported) ",88,Not Applicable (Not Transported),,,,,,,1,0
2020,4,40898,Arizona,2,2,0,0,0,2,2,13,MARICOPA (13),80,CHANDLER,4,4,11,November,2020,4,Wednesday,3,3:00am-3:59am,44,44,0,This section IS NOT on the NHS,2,Urban,4,Minor Arterial,4,City or Municipal Highway Agency,6,Local Street - Municipality,PRICE RD,QUEEN CREEK RD,0,None,33.26157778,33.26157778,-111.888869440,-111.888869440,0,No Special Jurisdiction,12,Motor Vehicle In-Transport,6,Angle,0,No,2,Intersection,2,Four-Way Intersection,0,None,,,1,On Roadway,3,Dark - Lighted,,,,,1,Clear,0,No,0000000,Not Applicable,3,3:00am-3:59am,45,45,3,3:00am-3:59am,52,52,4,4:00am-4:59am,11,11,,,,,,,1,0
2020,4,40899,Arizona,1,1,0,1,1,1,1,13,MARICOPA (13),370,PHOENIX,5,5,11,November,2020,5,Thursday,22,10:00pm-10:59pm,46,46,0,This section IS NOT on the NHS,2,Urban,4,Minor Arterial,4,City or Municipal Highway Agency,6,Local Street - Municipality,N 83RD AVE,W THOMAS RD,0,None,33.48030556,33.48030556,-112.237847220,-112.237847220,0,No Special Jurisdiction,8,Pedestrian,0,The First Harmful Event was Not a Collision with a Motor Vehicle in Transport,0,No,3,Intersection-Related,2,Four-Way Intersection,0,None,,,1,On Roadway,3,Dark - Lighted,,,,,1,Clear,0,No,0000000,Not Applicable,99,Unknown,99,Unknown,99,Unknown EMS Scene Arrival Hour,99,Unknown EMS Scene Arrival Minutes,99,Unknown,99,Unknown EMS Hospital Arrival Time,,,,,,,1,0
2020,4,40900,Arizona,3,3,0,0,0,3,3,13,MARICOPA (13),200,GLENDALE,9,9,11,November,2020,2,Monday,99,Unknown Hours,99,Unknown Minutes,0,This section IS NOT on the NHS,2,Urban,4,Minor Arterial,4,City or Municipal Highway Agency,6,Local Street - Municipality,45TH AVE,,0,None,33.56671944,33.56671944,-112.151683330,-112.151683330,0,No Special Jurisdiction,12,Motor Vehicle In-Transport,99,Reported as Unknown,0,No,8,Driveway Access Related,1,Not an Intersection,0,None,,,1,On Roadway,9,Reported as Unknown,,,,,99,Reported as Unknown,0,No,0000000,Not Applicable,99,Unknown,99,Unknown,99,Unknown EMS Scene Arrival Hour,99,Unknown EMS Scene Arrival Minutes,99,Unknown,99,Unknown EMS Hospital Arrival Time,,,,,,,1,0
2020,4,40901,Arizona,1,1,0,1,1,1,1,13,MARICOPA (13),370,PHOENIX,11,11,11,November,2020,4,Wednesday,18,6:00pm-6:59pm,7,7,0,This section IS NOT on the NHS,2,Urban,4,Minor Arterial,4,City or Municipal Highway Agency,6,Local Street - Municipality,N 32ND ST,E FAIRMOUNT AVE,0,None,33.49339722,33.49339722,-112.013158330,-112.013158330,0,No Special Jurisdiction,8,Pedestrian,0,The First Harmful Event was Not a Collision with a Motor Vehicle in Transport,0,No,3,Intersection-Related,2,Four-Way Intersection,0,None,,,1,On Roadway,3,Dark - Lighted,,,,,1,Clear,0,No,0000000,Not Applicable,99,Unknown,99,Unknown,99,Unknown EMS Scene Arrival Hour,99,Unknown EMS Scene Arrival Minutes,99,Unknown,99,Unknown EMS Hospital Arrival Time,,,,,,,1,0
2020,4,40902,Arizona,2,2,0,0,0,4,4,13,MARICOPA (13),370,PHOENIX,16,16,11,November,2020,2,Monday,21,9:00pm-9:59pm,28,28,0,This section IS NOT on the NHS,2,Urban,4,Minor Arterial,4,City or Municipal Highway Agency,6,Local Street - Municipality,MCDOWELL RD,69TH AVE,0,None,33.46581667,33.46581667,-112.208402780,-112.208402780,0,No Special Jurisdiction,12,Motor Vehicle In-Transport,6,Angle,0,No,2,Intersection,3,T-Intersection,0,None,,,1,On Roadway,3,Dark - Lighted,,,,,99,Reported as Unknown,0,No,0000000,Not Applicable,99,Unknown,99,Unknown,99,Unknown EMS Scene Arrival Hour,99,Unknown EMS Scene Arrival Minutes,99,Unknown,99,Unknown EMS Hospital Arrival Time,,,,,,,1,1
2020,4,40903,Arizona,1,1,0,0,0,1,1,15,MOHAVE (15),0,NOT APPLICABLE,18,18,11,November,2020,4,Wednesday,99,Unknown Hours,99,Unknown Minutes,9,Unknown if this section is on the NHS,9,Unknown,99,Unknown,99,Unknown,9,Unknown,BOUNDARY CONE RD,,0,None,99.99990000,99.99990000,999.999900000,999.999900000,0,No Special Jurisdiction,99,Reported as Unknown,99,Reported as Unknown,9,Reported as Unknown,99,Reported as Unknown,99,Reported as Unknown,0,None,,,99,Reported as Unknown,9,Reported as Unknown,,,,,99,Reported as Unknown,0,No,0000000,Not Applicable,99,Unknown,98,Unknown if Notified,99,Unknown EMS Scene Arrival Hour,98,Unknown if Arrived,99,Unknown,98,Unknown if Transported,,,,,,,1,0
2020,4,40904,Arizona,2,2,0,0,0,2,2,13,MARICOPA (13),370,PHOENIX,18,18,11,November,2020,4,Wednesday,15,3:00pm-3:59pm,15,15,0,This section IS NOT on the NHS,2,Urban,4,Minor Arterial,4,City or Municipal Highway Agency,6,Local Street - Municipality,35TH AVE,GREENWAY RD,0,None,33.62528333,33.62528333,-112.133669440,-112.133669440,0,No Special Jurisdiction,12,Motor Vehicle In-Transport,6,Angle,0,No,2,Intersection,2,Four-Way Intersection,0,None,,,1,On Roadway,1,Daylight,,,,,1,Clear,0,No,0000000,Not Applicable,15,3:00pm-3:59pm,15,15,15,3:00pm-3:59pm,15,15,15,3:00pm-3:59pm,37,37,,,,,,,1,0
2020,4,40905,Arizona,1,1,0,1,1,1,1,13,MARICOPA (13),370,PHOENIX,19,19,11,November,2020,5,Thursday,5,5:00am-5:59am,14,14,0,This section IS NOT on the NHS,2,Urban,4,Minor Arterial,4,City or Municipal Highway Agency,6,Local Street - Municipality,16TH ST,BASELINE RD,0,None,33.37769722,33.37769722,-112.047341670,-112.047341670,0,No Special Jurisdiction,8,Pedestrian,0,The First Harmful Event was Not a Collision with a Motor Vehicle in Transport,0,No,3,Intersection-Related,2,Four-Way Intersection,0,None,,,1,On Roadway,3,Dark - Lighted,,,,,1,Clear,0,No,0000000,Not Applicable,5,5:00am-5:59am,14,14,5,5:00am-5:59am,17,17,5,5:00am-5:59am,38,38,,,,,,,1,0
2020,4,40906,Arizona,1,1,0,1,1,1,1,19,PIMA (19),530,TUCSON,19,19,11,November,2020,5,Thursday,13,1:00pm-1:59pm,44,44,0,This section IS NOT on the NHS,9,Unknown,99,Unknown,99,Unknown,9,Unknown,AVENIDA DE CASTILLA,,0,None,32.29917778,32.29917778,-110.919030560,-110.919030560,0,No Special Jurisdiction,9,Pedalcyclist,0,The First Harmful Event was Not a Collision with a Motor Vehicle in Transport,9,Reported as Unknown,99,Reported as Unknown,99,Reported as Unknown,0,None,,,99,Reported as Unknown,9,Reported as Unknown,,,,,99,Reported as Unknown,0,No,0000000,Not Applicable,99,Unknown,98,Unknown if Notified,99,Unknown EMS Scene Arrival Hour,98,Unknown if Arrived,88,"Not Applicable (Not Transported) ",88,Not Applicable (Not Transported),,,,,,,1,0
2020,4,40907,Arizona,2,2,0,0,0,3,3,13,MARICOPA (13),370,PHOENIX,20,20,11,November,2020,6,Friday,18,6:00pm-6:59pm,33,33,0,This section IS NOT on the NHS,2,Urban,4,Minor Arterial,2,County Highway Agency,6,Local Street - Municipality,W INDIAN SCHOOL RD,N 100TH AVE,0,None,33.49379444,33.49379444,-112.277275000,-112.277275000,0,No Special Jurisdiction,12,Motor Vehicle In-Transport,6,Angle,0,No,2,Intersection,3,T-Intersection,0,None,,,1,On Roadway,3,Dark - Lighted,,,,,1,Clear,0,No,0000000,Not Applicable,18,6:00pm-6:59pm,33,33,18,6:00pm-6:59pm,40,40,19,7:00pm-7:59pm,10,10,,,,,,,1,0
2020,4,40908,Arizona,1,1,0,1,1,1,1,13,MARICOPA (13),370,PHOENIX,22,22,11,November,2020,1,Sunday,2,2:00am-2:59am,1,1,1,This section IS ON the NHS,2,Urban,3,Principal Arterial - Other,4,City or Municipal Highway Agency,6,Local Street - Municipality,INDIAN SCHOOL RD,,0,None,33.49496944,33.49496944,-112.146894440,-112.146894440,0,No Special Jurisdiction,8,Pedestrian,0,The First Harmful Event was Not a Collision with a Motor Vehicle in Transport,0,No,1,Non-Junction,1,Not an Intersection,0,None,,,1,On Roadway,3,Dark - Lighted,,,,,1,Clear,0,No,0000000,Not Applicable,99,Unknown,99,Unknown,99,Unknown EMS Scene Arrival Hour,99,Unknown EMS Scene Arrival Minutes,88,"Not Applicable (Not Transported) ",88,Not Applicable (Not Transported),,,,,,,1,0