caseyear,state,st_case,statename,ve_total,ve_forms,pvh_invl,peds,pernotmvit,permvit,persons,county,countyname,city,cityname,day,dayname,month,monthname,year,day_week,day_weekname,hour,hourname,minute,minutename,nhs,nhsname,rur_urb,rur_urbname,func_sys,func_sysname,rd_owner,rd_ownername,route,routename,tway_id,tway_id2,milept,mileptname,latitude,latitudename,longitud,longitudname,sp_jur,sp_jurname,harm_ev,harm_evname,man_coll,man_collname,reljct1,reljct1name,reljct2,reljct2name,typ_int,typ_intname,wrk_zone,wrk_zonename,road_fnc,road_fncname,rel_road,rel_roadname,lgt_cond,lgt_condname,weather1,weather1name,weather2,weather2name,weather,weathername,sch_bus,sch_busname,rail,railname,not_hour,not_hourname,not_min,not_minname,arr_hour,arr_hourname,arr_min,arr_minname,hosp_hr,hosp_hrname,hosp_mn,hosp_mnname,cf1,cf1name,cf2,cf2name,cf3,cf3name,fatals,drunk_dr
2020,4,40909,Arizona,3,3,0,0,0,4,4,13,MARICOPA (13),370,PHOENIX,27,27,11,November,2020,6,Friday,8,8:00am-8:59am,43,43,0,This section IS NOT on the NHS,2,Urban,4,Minor Arterial,4,City or Municipal Highway Agency,6,Local Street - Municipality,16TH ST,,0,None,33.43633889,33.43633889,-112.047816670,-112.047816670,0,No Special Jurisdiction,12,Motor Vehicle In-Transport,8,Sideswipe - Opposite Direction,0,No,1,Non-Junction,1,Not an Intersection,0,None,,,1,On Roadway,1,Daylight,,,,,99,Reported as Unknown,0,No,0000000,Not Applicable,99,Unknown,99,Unknown,99,Unknown EMS Scene Arrival Hour,99,Unknown EMS Scene Arrival Minutes,99,Unknown,99,Unknown EMS Hospital Arrival Time,,,,,,,1,1
2020,4,40910,Arizona,1,1,0,1,1,1,1,13,MARICOPA (13),370,PHOENIX,28,28,11,November,2020,7,Saturday,19,7:00pm-7:59pm,59,59,0,This section IS NOT on the NHS,2,Urban,4,Minor Arterial,4,City or Municipal Highway Agency,6,Local Street - Municipality,THOMAS RD,,0,None,33.47940278,33.47940278,-112.269830560,-112.269830560,0,No Special Jurisdiction,15,Non-Motorist on Personal Conveyance,0,The First Harmful Event was Not a Collision with a Motor Vehicle in Transport,0,No,1,Non-Junction,1,Not an Intersection,0,None,,,1,On Roadway,2,Dark - Not Lighted,,,,,1,Clear,0,No,0000000,Not Applicable,20,8:00pm-8:59pm,30,30,20,8:00pm-8:59pm,36,36,20,8:00pm-8:59pm,57,57,,,,,,,1,0
2020,4,40911,Arizona,1,1,0,0,0,1,1,13,MARICOPA (13),388,QUEEN CREEK,29,29,11,November,2020,1,Sunday,13,1:00pm-1:59pm,26,26,0,This section IS NOT on the NHS,2,Urban,6,Minor Collector,3,Town or Township Highway Agency,5,Local Street - Township,213TH ST,,0,None,33.23938889,33.23938889,-111.622900000,-111.622900000,0,No Special Jurisdiction,30,Utility Pole/Light Support,0,The First Harmful Event was Not a Collision with a Motor Vehicle in Transport,0,No,1,Non-Junction,1,Not an Intersection,0,None,,,4,On Roadside,1,Daylight,,,,,1,Clear,0,No,0000000,Not Applicable,99,Unknown,99,Unknown,99,Unknown EMS Scene Arrival Hour,99,Unknown EMS Scene Arrival Minutes,99,Unknown,99,Unknown EMS Hospital Arrival Time,,,,,,,1,0
2020,4,40912,Arizona,1,1,0,0,0,1,1,13,MARICOPA (13),370,PHOENIX,29,29,11,November,2020,1,Sunday,12,12:00pm-12:59pm,16,16,1,This section IS ON the NHS,2,Urban,3,Principal Arterial - Other,4,City or Municipal Highway Agency,6,Local Street - Municipality,N CAVE CREEK RD,,0,None,33.61653333,33.61653333,-112.033944440,-112.033944440,0,No Special Jurisdiction,33,Curb,0,The First Harmful Event was Not a Collision with a Motor Vehicle in Transport,0,No,1,Non-Junction,1,Not an Intersection,0,None,,,4,On Roadside,1,Daylight,,,,,1,Clear,0,No,0000000,Not Applicable,99,Unknown,98,Unknown if Notified,99,Unknown EMS Scene Arrival Hour,98,Unknown if Arrived,88,"Not Applicable (Not Transported) ",88,Not Applicable (Not Transported),,,,,,,1,1
2020,4,40913,Arizona,3,3,0,0,0,3,3,13,MARICOPA (13),370,PHOENIX,29,29,11,November,2020,1,Sunday,14,2:00pm-2:59pm,6,6,0,This section IS NOT on the NHS,2,Urban,5,Major Collector,4,City or Municipal Highway Agency,6,Local Street - Municipality,3RD ST,MCDOWELL RD,0,None,33.46576944,33.46576944,-112.069397220,-112.069397220,0,No Special Jurisdiction,12,Motor Vehicle In-Transport,6,Angle,0,No,2,Intersection,2,Four-Way Intersection,0,None,,,1,On Roadway,1,Daylight,,,,,1,Clear,0,No,0000000,Not Applicable,99,Unknown,99,Unknown,99,Unknown EMS Scene Arrival Hour,99,Unknown EMS Scene Arrival Minutes,99,Unknown,99,Unknown EMS Hospital Arrival Time,,,,,,,1,1
2020,4,40914,Arizona,1,1,0,0,0,1,1,13,MARICOPA (13),30,AVONDALE,29,29,11,November,2020,1,Sunday,22,10:00pm-10:59pm,9,9,0,This section IS NOT on the NHS,2,Urban,4,Minor Arterial,4,City or Municipal Highway Agency,6,Local Street - Municipality,19TH AVE,,0,None,33.66566389,33.66566389,-112.099938890,-112.099938890,0,No Special Jurisdiction,99,Reported as Unknown,99,Reported as Unknown,0,No,1,Non-Junction,1,Not an Intersection,0,None,,,98,Not Reported,3,Dark - Lighted,,,,,1,Clear,0,No,0000000,Not Applicable,99,Unknown,99,Unknown,99,Unknown EMS Scene Arrival Hour,99,Unknown EMS Scene Arrival Minutes,99,Unknown,99,Unknown EMS Hospital Arrival Time,,,,,,,1,0
2020,4,40915,Arizona,1,1,0,1,1,1,1,19,PIMA (19),530,TUCSON,30,30,11,November,2020,2,Monday,12,12:00pm-12:59pm,11,11,9,Unknown if this section is on the NHS,9,Unknown,99,Unknown,99,Unknown,9,Unknown,MOHAVE RD,,99999,Unknown,99.99990000,99.99990000,999.999900000,999.999900000,9,Unknown,8,Pedestrian,0,The First Harmful Event was Not a Collision with a Motor Vehicle in Transport,8,Not Reported,98,Not Reported,98,Not Reported,0,None,,,98,Not Reported,8,Not Reported,,,,,98,Not Reported,0,No,0000000,Not Applicable,99,Unknown,99,Unknown,99,Unknown EMS Scene Arrival Hour,99,Unknown EMS Scene Arrival Minutes,99,Unknown,99,Unknown EMS Hospital Arrival Time,,,,,,,1,0
2020,4,40916,Arizona,2,2,0,0,0,4,4,13,MARICOPA (13),370,PHOENIX,5,5,12,December,2020,7,Saturday,19,7:00pm-7:59pm,10,10,0,This section IS NOT on the NHS,2,Urban,4,Minor Arterial,4,City or Municipal Highway Agency,6,Local Street - Municipality,VAN BUREN ST,,0,None,33.45155556,33.45155556,-112.191150000,-112.191150000,0,No Special Jurisdiction,33,Curb,0,The First Harmful Event was Not a Collision with a Motor Vehicle in Transport,0,No,1,Non-Junction,1,Not an Intersection,0,None,,,4,On Roadside,3,Dark - Lighted,,,,,1,Clear,0,No,0000000,Not Applicable,99,Unknown,99,Unknown,99,Unknown EMS Scene Arrival Hour,99,Unknown EMS Scene Arrival Minutes,99,Unknown,99,Unknown EMS Hospital Arrival Time,,,,,,,1,0
2020,4,40917,Arizona,1,1,0,1,1,1,1,21,PINAL (21),0,NOT APPLICABLE,8,8,12,December,2020,3,Tuesday,2,2:00am-2:59am,17,17,1,This section IS ON the NHS,1,Rural,4,Minor Arterial,1,State Highway Agency,3,State Highway,SR-587,,99999,Unknown,33.18720556,33.18720556,-111.840913890,-111.840913890,0,No Special Jurisdiction,8,Pedestrian,0,The First Harmful Event was Not a Collision with a Motor Vehicle in Transport,0,No,1,Non-Junction,1,Not an Intersection,0,None,,,1,On Roadway,2,Dark - Not Lighted,,,,,1,Clear,0,No,0000000,Not Applicable,2,2:00am-2:59am,17,17,2,2:00am-2:59am,31,31,88,"Not Applicable (Not Transported) ",88,Not Applicable (Not Transported),,,,,,,1,0
2020,4,40918,Arizona,1,1,0,0,0,1,1,1,APACHE (1),0,NOT APPLICABLE,8,8,12,December,2020,3,Tuesday,19,7:00pm-7:59pm,9,9,9,Unknown if this section is on the NHS,9,Unknown,99,Unknown,99,Unknown,2,U.S. Highway,US-191,,4177,4177,99.99990000,99.99990000,999.999900000,999.999900000,9,Unknown,99,Reported as Unknown,99,Reported as Unknown,9,Reported as Unknown,99,Reported as Unknown,99,Reported as Unknown,0,None,,,99,Reported as Unknown,9,Reported as Unknown,,,,,99,Reported as Unknown,0,No,0000000,Not Applicable,99,Unknown,98,Unknown if Notified,99,Unknown EMS Scene Arrival Hour,98,Unknown if Arrived,99,Unknown,98,Unknown if Transported,,,,,,,1,0
2020,4,40919,Arizona,1,1,0,0,0,1,1,19,PIMA (19),0,NOT APPLICABLE,10,10,12,December,2020,5,Thursday,12,12:00pm-12:59pm,10,10,0,This section IS NOT on the NHS,9,Unknown,99,Unknown,62,Bureau of Indian Affairs,9,Unknown,BIA 119,,0,None,31.80716111,31.80716111,-111.847919440,-111.847919440,0,No Special Jurisdiction,32,Culvert,0,The First Harmful Event was Not a Collision with a Motor Vehicle in Transport,0,No,1,Non-Junction,1,Not an Intersection,0,None,,,4,On Roadside,1,Daylight,,,,,10,Cloudy,0,No,0000000,Not Applicable,99,Unknown,98,Unknown if Notified,99,Unknown EMS Scene Arrival Hour,98,Unknown if Arrived,88,"Not Applicable (Not Transported) ",88,Not Applicable (Not Transported),,,,,,,1,1
2020,4,40920,Arizona,1,1,0,0,0,1,1,7,GILA (7),0,NOT APPLICABLE,11,11,12,December,2020,6,Friday,3,3:00am-3:59am,30,30,0,This section IS NOT on the NHS,1,Rural,5,Major Collector,62,Bureau of Indian Affairs,8,Other,BIA 6,,0,None,33.36592222,33.36592222,-110.551113890,-110.551113890,0,No Special Jurisdiction,99,Reported as Unknown,99,Reported as Unknown,9,Reported as Unknown,99,Reported as Unknown,99,Reported as Unknown,0,None,,,99,Reported as Unknown,6,Dark - Unknown Lighting,,,,,99,Reported as Unknown,0,No,0000000,Not Applicable,99,Unknown,98,Unknown if Notified,99,Unknown EMS Scene Arrival Hour,98,Unknown if Arrived,88,"Not Applicable (Not Transported) ",88,Not Applicable (Not Transported),,,,,,,1,1
2020,4,40921,Arizona,1,1,0,0,0,3,3,13,MARICOPA (13),370,PHOENIX,13,13,12,December,2020,1,Sunday,3,3:00am-3:59am,6,6,0,This section IS NOT on the NHS,2,Urban,4,Minor Arterial,4,City or Municipal Highway Agency,6,Local Street - Municipality,ELLIOT RD,51ST AVE,0,None,33.34837222,33.34837222,-112.169155560,-112.169155560,0,No Special Jurisdiction,34,Ditch,0,The First Harmful Event was Not a Collision with a Motor Vehicle in Transport,0,No,3,Intersection-Related,4,Y-Intersection,0,None,,,4,On Roadside,2,Dark - Not Lighted,,,,,1,Clear,0,No,0000000,Not Applicable,99,Unknown,99,Unknown,99,Unknown EMS Scene Arrival Hour,99,Unknown EMS Scene Arrival Minutes,88,"Not Applicable (Not Transported) ",88,Not Applicable (Not Transported),,,,,,,3,1
2020,4,40922,Arizona,2,2,0,0,0,2,2,13,MARICOPA (13),370,PHOENIX,13,13,12,December,2020,1,Sunday,18,6:00pm-6:59pm,39,39,0,This section IS NOT on the NHS,2,Urban,4,Minor Arterial,4,City or Municipal Highway Agency,6,Local Street - Municipality,N NOTERRA PKWY,W STRAIGHT ARROW LN,0,None,33.73383333,33.73383333,-112.112550000,-112.112550000,0,No Special Jurisdiction,12,Motor Vehicle In-Transport,6,Angle,0,No,2,Intersection,2,Four-Way Intersection,0,None,,,1,On Roadway,3,Dark - Lighted,,,,,1,Clear,0,No,0000000,Not Applicable,18,6:00pm-6:59pm,41,41,18,6:00pm-6:59pm,44,44,19,7:00pm-7:59pm,10,10,,,,,,,1,0
2020,4,40923,Arizona,1,1,0,1,1,1,1,13,MARICOPA (13),370,PHOENIX,14,14,12,December,2020,2,Monday,6,6:00am-6:59am,36,36,0,This section IS NOT on the NHS,2,Urban,4,Minor Arterial,4,City or Municipal Highway Agency,6,Local Street - Municipality,67TH AVE,VAN BUREN ST,0,None,33.45159167,33.45159167,-112.203447220,-112.203447220,0,No Special Jurisdiction,8,Pedestrian,0,The First Harmful Event was Not a Collision with a Motor Vehicle in Transport,0,No,3,Intersection-Related,2,Four-Way Intersection,0,None,,,1,On Roadway,3,Dark - Lighted,,,,,99,Reported as Unknown,0,No,0000000,Not Applicable,99,Unknown,99,Unknown,99,Unknown EMS Scene Arrival Hour,99,Unknown EMS Scene Arrival Minutes,99,Unknown,99,Unknown EMS Hospital Arrival Time,,,,,,,1,0
2020,4,40924,Arizona,2,2,0,0,0,7,7,13,MARICOPA (13),370,PHOENIX,16,16,12,December,2020,4,Wednesday,17,5:00pm-5:59pm,27,27,0,This section IS NOT on the NHS,2,Urban,4,Minor Arterial,4,City or Municipal Highway Agency,6,Local Street - Municipality,S CENTRAL AVE,E WATKINS ST,0,None,33.42589722,33.42589722,-112.073652780,-112.073652780,0,No Special Jurisdiction,12,Motor Vehicle In-Transport,6,Angle,0,No,2,Intersection,2,Four-Way Intersection,0,None,,,1,On Roadway,5,Dusk,,,,,1,Clear,0,No,0000000,Not Applicable,99,Unknown,99,Unknown,99,Unknown EMS Scene Arrival Hour,99,Unknown EMS Scene Arrival Minutes,99,Unknown,99,Unknown EMS Hospital Arrival Time,,,,,,,1,0
2020,4,40925,Arizona,1,1,0,1,1,1,1,21,PINAL (21),34,BAPCHULE,16,16,12,December,2020,4,Wednesday,21,9:00pm-9:59pm,26,26,1,This section IS ON the NHS,1,Rural,3,Principal Arterial - Other,1,State Highway Agency,3,State Highway,SR-347,,171,171,33.12367500,33.12367500,-112.017347220,-112.017347220,0,No Special Jurisdiction,8,Pedestrian,0,The First Harmful Event was Not a Collision with a Motor Vehicle in Transport,0,No,1,Non-Junction,1,Not an Intersection,1,Construction,,,1,On Roadway,2,Dark - Not Lighted,,,,,1,Clear,0,No,0000000,Not Applicable,21,9:00pm-9:59pm,24,24,21,9:00pm-9:59pm,35,35,88,"Not Applicable (Not Transported) ",88,Not Applicable (Not Transported),,,,,,,1,0
2020,4,40926,Arizona,1,1,0,1,1,1,1,13,MARICOPA (13),370,PHOENIX,17,17,12,December,2020,5,Thursday,18,6:00pm-6:59pm,7,7,1,This section IS ON the NHS,2,Urban,3,Principal Arterial - Other,4,City or Municipal Highway Agency,6,Local Street - Municipality,BASELINE RD,,0,None,33.37773611,33.37773611,-112.079877780,-112.079877780,0,No Special Jurisdiction,8,Pedestrian,0,The First Harmful Event was Not a Collision with a Motor Vehicle in Transport,0,No,1,Non-Junction,1,Not an Intersection,0,None,,,1,On Roadway,3,Dark - Lighted,,,,,1,Clear,0,No,0000000,Not Applicable,18,6:00pm-6:59pm,8,8,18,6:00pm-6:59pm,11,11,18,6:00pm-6:59pm,36,36,,,,,,,1,0
2020,4,40927,Arizona,1,1,0,1,1,1,1,13,MARICOPA (13),370,PHOENIX,20,20,12,December,2020,1,Sunday,1,1:00am-1:59am,11,11,0,This section IS NOT on the NHS,2,Urban,4,Minor Arterial,4,City or Municipal Highway Agency,6,Local Street - Municipality,BROADWAY RD,,0,None,33.40675278,33.40675278,-112.053641670,-112.053641670,0,No Special Jurisdiction,8,Pedestrian,0,The First Harmful Event was Not a Collision with a Motor Vehicle in Transport,0,No,1,Non-Junction,1,Not an Intersection,0,None,,,1,On Roadway,3,Dark - Lighted,,,,,99,Reported as Unknown,0,No,0000000,Not Applicable,99,Unknown,98,Unknown if Notified,99,Unknown EMS Scene Arrival Hour,98,Unknown if Arrived,88,"Not Applicable (Not Transported) ",88,Not Applicable (Not Transported),,,,,,,1,0
2020,4,40928,Arizona,2,2,0,0,0,6,6,13,MARICOPA (13),370,PHOENIX,20,20,12,December,2020,1,Sunday,4,4:00am-4:59am,2,2,1,This section IS ON the NHS,2,Urban,3,Principal Arterial - Other,1,State Highway Agency,1,Interstate,I-10 RAMP,32ND ST,1510,1510,33.41155556,33.41155556,-112.011030560,-112.011030560,0,No Special Jurisdiction,12,Motor Vehicle In-Transport,6,Angle,1,Yes,2,Intersection,2,Four-Way Intersection,0,None,,,1,On Roadway,3,Dark - Lighted,,,,,1,Clear,0,No,0000000,Not Applicable,99,Unknown,99,Unknown,99,Unknown EMS Scene Arrival Hour,99,Unknown EMS Scene Arrival Minutes,99,Unknown,99,Unknown EMS Hospital Arrival Time,,,,,,,2,2
2020,4,40929,Arizona,2,2,0,0,0,2,2,13,MARICOPA (13),80,CHANDLER,21,21,12,December,2020,2,Monday,11,11:00am-11:59am,38,38,1,This section IS ON the NHS,2,Urban,3,Principal Arterial - Other,4,City or Municipal Highway Agency,3,State Highway,SR-87,HOME IMPROVEMENT WAY,0,None,33.24398611,33.24398611,-111.841302780,-111.841302780,0,No Special Jurisdiction,12,Motor Vehicle In-Transport,6,Angle,0,No,2,Intersection,3,T-Intersection,0,None,,,1,On Roadway,1,Daylight,,,,,1,Clear,0,No,0000000,Not Applicable,11,11:00am-11:59am,39,39,11,11:00am-11:59am,43,43,11,11:00am-11:59am,55,55,,,,,,,1,0
2020,4,40930,Arizona,2,2,0,0,0,5,5,13,MARICOPA (13),80,CHANDLER,21,21,12,December,2020,2,Monday,7,7:00am-7:59am,45,45,0,This section IS NOT on the NHS,2,Urban,3,Principal Arterial - Other,4,City or Municipal Highway Agency,6,Local Street - Municipality," E RIGGS RD",S VAL VISTA DR,0,None,33.21934167,33.21934167,-111.755411110,-111.755411110,0,No Special Jurisdiction,12,Motor Vehicle In-Transport,6,Angle,0,No,2,Intersection,2,Four-Way Intersection,0,None,,,1,On Roadway,1,Daylight,,,,,1,Clear,0,No,0000000,Not Applicable,7,7:00am-7:59am,25,25,7,7:00am-7:59am,28,28,7,7:00am-7:59am,30,30,,,,,,,1,0
2020,4,40931,Arizona,1,1,0,1,1,1,1,17,NAVAJO (17),0,NOT APPLICABLE,24,24,12,December,2020,5,Thursday,99,Unknown Hours,99,Unknown Minutes,0,This section IS NOT on the NHS,2,Urban,4,Minor Arterial,1,State Highway Agency,3,State Highway,SR-73,,282,282,33.83649167,33.83649167,-109.964702780,-109.964702780,0,No Special Jurisdiction,8,Pedestrian,0,The First Harmful Event was Not a Collision with a Motor Vehicle in Transport,9,Reported as Unknown,99,Reported as Unknown,99,Reported as Unknown,0,None,,,99,Reported as Unknown,9,Reported as Unknown,,,,,99,Reported as Unknown,0,No,0000000,Not Applicable,99,Unknown,99,Unknown,99,Unknown EMS Scene Arrival Hour,99,Unknown EMS Scene Arrival Minutes,99,Unknown,99,Unknown EMS Hospital Arrival Time,,,,,,,1,0
2020,4,40932,Arizona,2,2,0,0,0,3,3,13,MARICOPA (13),370,PHOENIX,26,26,12,December,2020,7,Saturday,11,11:00am-11:59am,21,21,1,This section IS ON the NHS,2,Urban,3,Principal Arterial - Other,4,City or Municipal Highway Agency,6,Local Street - Municipality,INDIAN SCHOOL RD,31ST AVE,0,None,33.49496111,33.49496111,-112.125633330,-112.125633330,0,No Special Jurisdiction,12,Motor Vehicle In-Transport,6,Angle,0,No,2,Intersection,2,Four-Way Intersection,0,None,,,1,On Roadway,1,Daylight,,,,,1,Clear,0,No,0000000,Not Applicable,99,Unknown,99,Unknown,99,Unknown EMS Scene Arrival Hour,99,Unknown EMS Scene Arrival Minutes,99,Unknown,99,Unknown EMS Hospital Arrival Time,,,,,,,2,0
2020,4,40933,Arizona,2,2,0,0,0,4,4,13,MARICOPA (13),420,SCOTTSDALE,26,26,12,December,2020,7,Saturday,21,9:00pm-9:59pm,30,30,0,This section IS NOT on the NHS,2,Urban,5,Major Collector,62,Bureau of Indian Affairs,9,Unknown,"DOBSON RD ",CHAPARRAL RD,0,None,33.50949444,33.50949444,-111.874038890,-111.874038890,3,Indian Reservation,12,Motor Vehicle In-Transport,1,Front-to-Rear,0,No,3,Intersection-Related,2,Four-Way Intersection,0,None,,,1,On Roadway,6,Dark - Unknown Lighting,,,,,99,Reported as Unknown,0,No,0000000,Not Applicable,99,Unknown,99,Unknown,99,Unknown EMS Scene Arrival Hour,99,Unknown EMS Scene Arrival Minutes,99,Unknown,99,Unknown EMS Hospital Arrival Time,,,,,,,3,1
2020,4,40934,Arizona,2,2,0,0,0,4,4,13,MARICOPA (13),370,PHOENIX,29,29,12,December,2020,3,Tuesday,21,9:00pm-9:59pm,59,59,1,This section IS ON the NHS,2,Urban,3,Principal Arterial - Other,4,City or Municipal Highway Agency,6,Local Street - Municipality,INDIAN SCHOOL RD,55TH AVE,0,None,33.49500278,33.49500278,-112.177666670,-112.177666670,0,No Special Jurisdiction,12,Motor Vehicle In-Transport,6,Angle,0,No,2,Intersection,2,Four-Way Intersection,0,None,,,1,On Roadway,3,Dark - Lighted,,,,,99,Reported as Unknown,0,No,0000000,Not Applicable,99,Unknown,99,Unknown,99,Unknown EMS Scene Arrival Hour,99,Unknown EMS Scene Arrival Minutes,99,Unknown,99,Unknown EMS Hospital Arrival Time,,,,,,,1,0
2020,4,40935,Arizona,1,1,0,0,0,2,2,19,PIMA (19),0,NOT APPLICABLE,30,30,12,December,2020,4,Wednesday,11,11:00am-11:59am,49,49,0,This section IS NOT on the NHS,2,Urban,99,Unknown,62,Bureau of Indian Affairs,8,Other,BIA1,,0,None,99.99990000,99.99990000,999.999900000,999.999900000,0,No Special Jurisdiction,99,Reported as Unknown,99,Reported as Unknown,9,Reported as Unknown,99,Reported as Unknown,99,Reported as Unknown,0,None,,,99,Reported as Unknown,1,Daylight,,,,,99,Reported as Unknown,0,No,0000000,Not Applicable,99,Unknown,98,Unknown if Notified,99,Unknown EMS Scene Arrival Hour,98,Unknown if Arrived,99,Unknown,98,Unknown if Transported,,,,,,,1,0
2020,4,40936,Arizona,2,2,0,0,0,3,3,13,MARICOPA (13),370,PHOENIX,30,30,12,December,2020,4,Wednesday,22,10:00pm-10:59pm,38,38,0,This section IS NOT on the NHS,2,Urban,4,Minor Arterial,4,City or Municipal Highway Agency,6,Local Street - Municipality,7TH AVE,SOUTHERN AVE,0,None,33.39222778,33.39222778,-112.081975000,-112.081975000,0,No Special Jurisdiction,12,Motor Vehicle In-Transport,6,Angle,0,No,2,Intersection,2,Four-Way Intersection,0,None,,,1,On Roadway,3,Dark - Lighted,,,,,99,Reported as Unknown,0,No,0000000,Not Applicable,99,Unknown,99,Unknown,99,Unknown EMS Scene Arrival Hour,99,Unknown EMS Scene Arrival Minutes,99,Unknown,99,Unknown EMS Hospital Arrival Time,,,,,,,1,0
2020,4,40937,Arizona,1,1,0,1,1,2,2,13,MARICOPA (13),370,PHOENIX,31,31,12,December,2020,5,Thursday,19,7:00pm-7:59pm,13,13,0,This section IS NOT on the NHS,2,Urban,4,Minor Arterial,4,City or Municipal Highway Agency,6,Local Street - Municipality,W UNION HILLS DR,,0,None,33.65472500,33.65472500,-112.099797220,-112.099797220,0,No Special Jurisdiction,8,Pedestrian,0,The First Harmful Event was Not a Collision with a Motor Vehicle in Transport,0,No,1,Non-Junction,1,Not an Intersection,0,None,,,1,On Roadway,3,Dark - Lighted,,,,,1,Clear,0,No,0000000,Not Applicable,99,Unknown,99,Unknown,99,Unknown EMS Scene Arrival Hour,99,Unknown EMS Scene Arrival Minutes,99,Unknown,99,Unknown EMS Hospital Arrival Time,,,,,,,1,0
2020,4,40938,Arizona,2,2,0,0,0,2,2,13,MARICOPA (13),490,TEMPE,20,20,10,October,2020,3,Tuesday,5,5:00am-5:59am,18,18,0,This section IS NOT on the NHS,2,Urban,4,Minor Arterial,4,City or Municipal Highway Agency,6,Local Street - Municipality,MCCLINTOCK DR,WARNER RD,0,None,33.33466111,33.33466111,-111.911180560,-111.911180560,0,No Special Jurisdiction,12,Motor Vehicle In-Transport,6,Angle,0,No,2,Intersection,2,Four-Way Intersection,0,None,,,1,On Roadway,4,Dawn,,,,,1,Clear,0,No,0000000,Not Applicable,99,Unknown,99,Unknown,99,Unknown EMS Scene Arrival Hour,99,Unknown EMS Scene Arrival Minutes,99,Unknown,99,Unknown EMS Hospital Arrival Time,,,,,,,1,0
2020,4,40939,Arizona,3,3,0,0,0,4,4,13,MARICOPA (13),80,CHANDLER,21,21,10,October,2020,4,Wednesday,15,3:00pm-3:59pm,37,37,0,This section IS NOT on the NHS,2,Urban,4,Minor Arterial,4,City or Municipal Highway Agency,6,Local Street - Municipality,DOBSON RD,EARL BLVD,0,None,33.26937500,33.26937500,-111.878575000,-111.878575000,0,No Special Jurisdiction,12,Motor Vehicle In-Transport,6,Angle,0,No,2,Intersection,2,Four-Way Intersection,0,None,,,1,On Roadway,1,Daylight,,,,,1,Clear,0,No,0000000,Not Applicable,15,3:00pm-3:59pm,41,41,15,3:00pm-3:59pm,45,45,15,3:00pm-3:59pm,54,54,,,,,,,1,0
2020,4,40940,Arizona,2,2,0,1,1,4,4,19,PIMA (19),0,NOT APPLICABLE,23,23,10,October,2020,6,Friday,21,9:00pm-9:59pm,52,52,0,This section IS NOT on the NHS,2,Urban,5,Major Collector,2,County Highway Agency,6,Local Street - Municipality,SAN JOAQUIN RD,,0,None,32.17060000,32.17060000,-111.136069440,-111.136069440,0,No Special Jurisdiction,15,Non-Motorist on Personal Conveyance,0,The First Harmful Event was Not a Collision with a Motor Vehicle in Transport,0,No,1,Non-Junction,1,Not an Intersection,0,None,,,1,On Roadway,2,Dark - Not Lighted,,,,,1,Clear,0,No,0000000,Not Applicable,21,9:00pm-9:59pm,52,52,22,10:00pm-10:59pm,9,9,88,"Not Applicable (Not Transported) ",88,Not Applicable (Not Transported),,,,,,,1,0
2020,4,40941,Arizona,2,2,0,0,0,2,2,13,MARICOPA (13),370,PHOENIX,25,25,10,October,2020,1,Sunday,17,5:00pm-5:59pm,59,59,1,This section IS ON the NHS,2,Urban,3,Principal Arterial - Other,4,City or Municipal Highway Agency,6,Local Street - Municipality,BELL RD,,0,None,33.63978611,33.63978611,-112.122261110,-112.122261110,0,No Special Jurisdiction,12,Motor Vehicle In-Transport,2,Front-to-Front,0,No,1,Non-Junction,1,Not an Intersection,0,None,,,1,On Roadway,3,Dark - Lighted,,,,,1,Clear,0,No,0000000,Not Applicable,18,6:00pm-6:59pm,8,8,18,6:00pm-6:59pm,13,13,18,6:00pm-6:59pm,24,24,,,,,,,1,1
2020,4,40942,Arizona,1,1,0,1,1,1,1,13,MARICOPA (13),370,PHOENIX,7,7,11,November,2020,7,Saturday,18,6:00pm-6:59pm,45,45,0,This section IS NOT on the NHS,2,Urban,5,Major Collector,4,City or Municipal Highway Agency,6,Local Street - Municipality,ROOSEVELT ST,,0,None,33.45856667,33.45856667,-112.019586110,-112.019586110,0,No Special Jurisdiction,8,Pedestrian,0,The First Harmful Event was Not a Collision with a Motor Vehicle in Transport,0,No,1,Non-Junction,1,Not an Intersection,0,None,,,2,On Shoulder,3,Dark - Lighted,,,,,1,Clear,0,No,0000000,Not Applicable,18,6:00pm-6:59pm,48,48,18,6:00pm-6:59pm,50,50,19,7:00pm-7:59pm,2,2,,,,,,,1,0
2020,4,40943,Arizona,4,4,0,0,0,7,7,13,MARICOPA (13),0,NOT APPLICABLE,21,21,11,November,2020,7,Saturday,18,6:00pm-6:59pm,25,25,1,This section IS ON the NHS,1,Rural,3,Principal Arterial - Other,1,State Highway Agency,3,State Highway,SR-347,MARICOPA RD,261,261,33.24983056,33.24983056,-111.977402780,-111.977402780,3,Indian Reservation,12,Motor Vehicle In-Transport,1,Front-to-Rear,0,No,3,Intersection-Related,3,T-Intersection,0,None,,,1,On Roadway,2,Dark - Not Lighted,,,,,1,Clear,0,No,0000000,Not Applicable,18,6:00pm-6:59pm,23,23,18,6:00pm-6:59pm,30,30,19,7:00pm-7:59pm,5,5,,,,,,,1,0