caseyear,state,st_case,statename,ve_total,ve_forms,pvh_invl,peds,pernotmvit,permvit,persons,county,countyname,city,cityname,day,dayname,month,monthname,year,day_week,day_weekname,hour,hourname,minute,minutename,nhs,nhsname,rur_urb,rur_urbname,func_sys,func_sysname,rd_owner,rd_ownername,route,routename,tway_id,tway_id2,milept,mileptname,latitude,latitudename,longitud,longitudname,sp_jur,sp_jurname,harm_ev,harm_evname,man_coll,man_collname,reljct1,reljct1name,reljct2,reljct2name,typ_int,typ_intname,wrk_zone,wrk_zonename,road_fnc,road_fncname,rel_road,rel_roadname,lgt_cond,lgt_condname,weather1,weather1name,weather2,weather2name,weather,weathername,sch_bus,sch_busname,rail,railname,not_hour,not_hourname,not_min,not_minname,arr_hour,arr_hourname,arr_min,arr_minname,hosp_hr,hosp_hrname,hosp_mn,hosp_mnname,cf1,cf1name,cf2,cf2name,cf3,cf3name,fatals,drunk_dr
2020,4,40944,Arizona,1,1,0,1,1,1,1,13,MARICOPA (13),290,MESA,22,22,11,November,2020,1,Sunday,19,7:00pm-7:59pm,50,50,0,This section IS NOT on the NHS,2,Urban,4,Minor Arterial,4,City or Municipal Highway Agency,6,Local Street - Municipality,GREENFIELD RD,,0,None,33.41942778,33.41942778,-111.736405560,-111.736405560,0,No Special Jurisdiction,8,Pedestrian,0,The First Harmful Event was Not a Collision with a Motor Vehicle in Transport,0,No,1,Non-Junction,1,Not an Intersection,0,None,,,1,On Roadway,3,Dark - Lighted,,,,,1,Clear,0,No,0000000,Not Applicable,99,Unknown,98,Unknown if Notified,99,Unknown EMS Scene Arrival Hour,98,Unknown if Arrived,99,Unknown,98,Unknown if Transported,,,,,,,1,0
2020,4,40945,Arizona,1,1,0,0,0,2,2,13,MARICOPA (13),486,SURPRISE,26,26,11,November,2020,5,Thursday,18,6:00pm-6:59pm,54,54,0,This section IS NOT on the NHS,2,Urban,5,Major Collector,4,City or Municipal Highway Agency,6,Local Street - Municipality,EASTHAM PARKWAY,,0,None,33.64636111,33.64636111,-112.420783330,-112.420783330,0,No Special Jurisdiction,33,Curb,0,The First Harmful Event was Not a Collision with a Motor Vehicle in Transport,0,No,1,Non-Junction,1,Not an Intersection,0,None,,,4,On Roadside,3,Dark - Lighted,,,,,1,Clear,0,No,0000000,Not Applicable,18,6:00pm-6:59pm,54,54,19,7:00pm-7:59pm,3,3,99,Unknown,99,Unknown EMS Hospital Arrival Time,,,,,,,1,1
2020,4,40946,Arizona,1,1,0,0,0,1,1,13,MARICOPA (13),486,SURPRISE,19,19,12,December,2020,7,Saturday,20,8:00pm-8:59pm,51,51,0,This section IS NOT on the NHS,2,Urban,4,Minor Arterial,4,City or Municipal Highway Agency,6,Local Street - Municipality,PARADISE LN,EL MIRAGE RD,0,None,33.63078889,33.63078889,-112.324775000,-112.324775000,0,No Special Jurisdiction,33,Curb,0,The First Harmful Event was Not a Collision with a Motor Vehicle in Transport,0,No,3,Intersection-Related,3,T-Intersection,0,None,,,4,On Roadside,3,Dark - Lighted,,,,,1,Clear,0,No,0000000,Not Applicable,21,9:00pm-9:59pm,0,0,21,9:00pm-9:59pm,3,3,88,"Not Applicable (Not Transported) ",88,Not Applicable (Not Transported),,,,,,,1,0
2020,4,40947,Arizona,1,1,0,0,0,1,1,13,MARICOPA (13),370,PHOENIX,25,25,12,December,2020,6,Friday,1,1:00am-1:59am,26,26,1,This section IS ON the NHS,2,Urban,3,Principal Arterial - Other,1,State Highway Agency,7,Local Street - Frontage Road,I-10 RAMP,67TH AVE,1370,1370,33.46343056,33.46343056,-112.203269440,-112.203269440,0,No Special Jurisdiction,33,Curb,0,The First Harmful Event was Not a Collision with a Motor Vehicle in Transport,0,No,3,Intersection-Related,2,Four-Way Intersection,0,None,,,12,Pedestrian Refuge Island or Traffic Island,6,Dark - Unknown Lighting,,,,,7,"Blowing Sand, Soil, Dirt",0,No,0000000,Not Applicable,99,Unknown,99,Unknown,99,Unknown EMS Scene Arrival Hour,99,Unknown EMS Scene Arrival Minutes,88,"Not Applicable (Not Transported) ",88,Not Applicable (Not Transported),,,,,,,1,1
2020,4,40948,Arizona,1,1,0,0,0,3,3,21,PINAL (21),160,ELOY,28,28,8,August,2020,6,Friday,17,5:00pm-5:59pm,20,20,0,This section IS NOT on the NHS,2,Urban,5,Major Collector,4,City or Municipal Highway Agency,6,Local Street - Municipality,ALSDORF RD,SUNSHINE BLVD,0,None,32.74849444,32.74849444,-111.550491670,-111.550491670,0,No Special Jurisdiction,33,Curb,0,The First Harmful Event was Not a Collision with a Motor Vehicle in Transport,0,No,3,Intersection-Related,3,T-Intersection,0,None,,,4,On Roadside,1,Daylight,,,,,1,Clear,0,No,741709N,741709N,99,Unknown,99,Unknown,99,Unknown EMS Scene Arrival Hour,99,Unknown EMS Scene Arrival Minutes,99,Unknown,99,Unknown EMS Hospital Arrival Time,,,,,,,1,0
2020,4,40949,Arizona,1,1,0,0,0,2,2,13,MARICOPA (13),420,SCOTTSDALE,18,18,10,October,2020,1,Sunday,3,3:00am-3:59am,35,35,0,This section IS NOT on the NHS,1,Rural,5,Major Collector,2,County Highway Agency,6,Local Street - Municipality,BARTLETT DAM RD,,0,None,33.85915000,33.85915000,-111.772363890,-111.772363890,0,No Special Jurisdiction,24,Guardrail Face,0,The First Harmful Event was Not a Collision with a Motor Vehicle in Transport,0,No,1,Non-Junction,1,Not an Intersection,0,None,,,4,On Roadside,2,Dark - Not Lighted,,,,,1,Clear,0,No,0000000,Not Applicable,3,3:00am-3:59am,35,35,4,4:00am-4:59am,0,0,99,Unknown,99,Unknown EMS Hospital Arrival Time,,,,,,,1,1
2020,4,40950,Arizona,1,1,0,0,0,1,1,25,YAVAPAI (25),105,CONGRESS,23,23,10,October,2020,6,Friday,0,0:00am-0:59am,26,26,0,This section IS NOT on the NHS,9,Unknown,99,Unknown,99,Unknown,9,Unknown,TENDERFOOT HILL RD,,0,None,34.16608333,34.16608333,-112.858908330,-112.858908330,0,No Special Jurisdiction,31,"Post, Pole or Other Supports",0,The First Harmful Event was Not a Collision with a Motor Vehicle in Transport,0,No,1,Non-Junction,1,Not an Intersection,0,None,,,4,On Roadside,2,Dark - Not Lighted,,,,,1,Clear,0,No,0000000,Not Applicable,99,Unknown,99,Unknown,99,Unknown EMS Scene Arrival Hour,99,Unknown EMS Scene Arrival Minutes,99,Unknown,99,Unknown EMS Hospital Arrival Time,,,,,,,1,0
2020,4,40951,Arizona,2,2,0,0,0,2,2,13,MARICOPA (13),370,PHOENIX,28,28,10,October,2020,4,Wednesday,15,3:00pm-3:59pm,8,8,0,This section IS NOT on the NHS,2,Urban,4,Minor Arterial,4,City or Municipal Highway Agency,6,Local Street - Municipality,35TH AVE,,0,None,33.47050000,33.47050000,-112.134422220,-112.134422220,0,No Special Jurisdiction,12,Motor Vehicle In-Transport,6,Angle,0,No,8,Driveway Access Related,1,Not an Intersection,0,None,,,1,On Roadway,1,Daylight,,,,,1,Clear,0,No,0000000,Not Applicable,99,Unknown,99,Unknown,99,Unknown EMS Scene Arrival Hour,99,Unknown EMS Scene Arrival Minutes,88,"Not Applicable (Not Transported) ",88,Not Applicable (Not Transported),,,,,,,1,0
2020,4,40952,Arizona,3,2,1,0,0,7,7,13,MARICOPA (13),200,GLENDALE,28,28,10,October,2020,4,Wednesday,18,6:00pm-6:59pm,7,7,0,This section IS NOT on the NHS,2,Urban,4,Minor Arterial,4,City or Municipal Highway Agency,6,Local Street - Municipality,CAMELBACK RD,,0,None,33.50949722,33.50949722,-112.170966670,-112.170966670,0,No Special Jurisdiction,12,Motor Vehicle In-Transport,8,Sideswipe - Opposite Direction,0,No,1,Non-Junction,1,Not an Intersection,0,None,,,1,On Roadway,3,Dark - Lighted,,,,,1,Clear,0,No,0000000,Not Applicable,99,Unknown,99,Unknown,99,Unknown EMS Scene Arrival Hour,99,Unknown EMS Scene Arrival Minutes,99,Unknown,99,Unknown EMS Hospital Arrival Time,,,,,,,1,0
2020,4,40953,Arizona,1,1,0,1,1,1,1,13,MARICOPA (13),368,PEORIA,3,3,11,November,2020,3,Tuesday,4,4:00am-4:59am,48,48,0,This section IS NOT on the NHS,2,Urban,5,Major Collector,4,City or Municipal Highway Agency,6,Local Street - Municipality,83RD AVE,,0,None,33.62710278,33.62710278,-112.237372220,-112.237372220,0,No Special Jurisdiction,8,Pedestrian,0,The First Harmful Event was Not a Collision with a Motor Vehicle in Transport,0,No,1,Non-Junction,1,Not an Intersection,0,None,,,1,On Roadway,3,Dark - Lighted,,,,,1,Clear,0,No,0000000,Not Applicable,99,Unknown,99,Unknown,99,Unknown EMS Scene Arrival Hour,99,Unknown EMS Scene Arrival Minutes,99,Unknown,99,Unknown EMS Hospital Arrival Time,,,,,,,1,0
2020,4,40954,Arizona,2,2,0,0,0,3,3,13,MARICOPA (13),486,SURPRISE,15,15,11,November,2020,1,Sunday,19,7:00pm-7:59pm,7,7,0,This section IS NOT on the NHS,2,Urban,4,Minor Arterial,2,County Highway Agency,6,Local Street - Municipality,EL MIRAGE RD,WILLIAMS RD,0,None,33.68937222,33.68937222,-112.333813890,-112.333813890,0,No Special Jurisdiction,12,Motor Vehicle In-Transport,6,Angle,0,No,2,Intersection,3,T-Intersection,0,None,,,1,On Roadway,3,Dark - Lighted,,,,,1,Clear,0,No,0000000,Not Applicable,19,7:00pm-7:59pm,7,7,19,7:00pm-7:59pm,20,20,19,7:00pm-7:59pm,35,35,,,,,,,1,0
2020,4,40955,Arizona,1,1,0,1,1,1,1,13,MARICOPA (13),486,SURPRISE,30,30,11,November,2020,2,Monday,15,3:00pm-3:59pm,10,10,0,This section IS NOT on the NHS,2,Urban,6,Minor Collector,4,City or Municipal Highway Agency,6,Local Street - Municipality,"RYANS WAY ",185TH DR,0,None,33.64049167,33.64049167,-112.456986110,-112.456986110,0,No Special Jurisdiction,8,Pedestrian,0,The First Harmful Event was Not a Collision with a Motor Vehicle in Transport,0,No,3,Intersection-Related,3,T-Intersection,0,None,,,1,On Roadway,1,Daylight,,,,,1,Clear,0,No,0000000,Not Applicable,15,3:00pm-3:59pm,10,10,15,3:00pm-3:59pm,17,17,15,3:00pm-3:59pm,57,57,,,,,,,1,0
2020,4,40956,Arizona,1,1,0,1,1,1,1,13,MARICOPA (13),200,GLENDALE,9,9,12,December,2020,4,Wednesday,20,8:00pm-8:59pm,37,37,0,This section IS NOT on the NHS,2,Urban,4,Minor Arterial,4,City or Municipal Highway Agency,6,Local Street - Municipality,83RD AVE,,0,None,33.52149444,33.52149444,-112.237680560,-112.237680560,0,No Special Jurisdiction,8,Pedestrian,0,The First Harmful Event was Not a Collision with a Motor Vehicle in Transport,0,No,1,Non-Junction,1,Not an Intersection,0,None,,,1,On Roadway,3,Dark - Lighted,,,,,10,Cloudy,0,No,0000000,Not Applicable,99,Unknown,99,Unknown,99,Unknown EMS Scene Arrival Hour,99,Unknown EMS Scene Arrival Minutes,99,Unknown,99,Unknown EMS Hospital Arrival Time,,,,,,,1,0
2020,4,40957,Arizona,2,2,0,0,0,2,2,13,MARICOPA (13),290,MESA,10,10,12,December,2020,5,Thursday,17,5:00pm-5:59pm,55,55,0,This section IS NOT on the NHS,2,Urban,4,Minor Arterial,2,County Highway Agency,4,County Road,CR-ELLSWORTH RD,,0,None,33.40244167,33.40244167,-111.632750000,-111.632750000,0,No Special Jurisdiction,12,Motor Vehicle In-Transport,6,Angle,0,No,8,Driveway Access Related,1,Not an Intersection,0,None,,,1,On Roadway,3,Dark - Lighted,,,,,10,Cloudy,0,No,0000000,Not Applicable,17,5:00pm-5:59pm,55,55,18,6:00pm-6:59pm,1,1,88,"Not Applicable (Not Transported) ",88,Not Applicable (Not Transported),,,,,,,1,0
2020,4,40958,Arizona,2,2,0,1,1,2,2,13,MARICOPA (13),370,PHOENIX,20,20,12,December,2020,1,Sunday,0,0:00am-0:59am,14,14,0,This section IS NOT on the NHS,2,Urban,4,Minor Arterial,4,City or Municipal Highway Agency,6,Local Street - Municipality,39TH AVE,,0,None,99.99990000,99.99990000,999.999900000,999.999900000,0,No Special Jurisdiction,8,Pedestrian,0,The First Harmful Event was Not a Collision with a Motor Vehicle in Transport,0,No,1,Non-Junction,1,Not an Intersection,0,None,,,1,On Roadway,2,Dark - Not Lighted,,,,,1,Clear,0,No,0000000,Not Applicable,0,0:00am-0:59am,16,16,0,0:00am-0:59am,20,20,88,"Not Applicable (Not Transported) ",88,Not Applicable (Not Transported),,,,,,,1,0
2020,4,40960,Arizona,2,2,0,1,1,8,8,13,MARICOPA (13),370,PHOENIX,26,26,12,December,2020,7,Saturday,18,6:00pm-6:59pm,9,9,0,This section IS NOT on the NHS,2,Urban,4,Minor Arterial,4,City or Municipal Highway Agency,6,Local Street - Municipality,THOMAS RD,,0,None,33.48053611,33.48053611,-112.162872220,-112.162872220,0,No Special Jurisdiction,8,Pedestrian,0,The First Harmful Event was Not a Collision with a Motor Vehicle in Transport,0,No,1,Non-Junction,1,Not an Intersection,0,None,,,1,On Roadway,3,Dark - Lighted,,,,,1,Clear,0,No,0000000,Not Applicable,18,6:00pm-6:59pm,10,10,18,6:00pm-6:59pm,13,13,88,"Not Applicable (Not Transported) ",88,Not Applicable (Not Transported),,,,,,,1,0
2020,4,40961,Arizona,2,2,0,0,0,2,2,13,MARICOPA (13),370,PHOENIX,28,28,12,December,2020,2,Monday,14,2:00pm-2:59pm,18,18,0,This section IS NOT on the NHS,2,Urban,4,Minor Arterial,4,City or Municipal Highway Agency,6,Local Street - Municipality,35TH AVE,,0,None,33.55636389,33.55636389,-112.134241670,-112.134241670,0,No Special Jurisdiction,12,Motor Vehicle In-Transport,6,Angle,0,No,8,Driveway Access Related,1,Not an Intersection,0,None,,,1,On Roadway,1,Daylight,,,,,10,Cloudy,0,No,0000000,Not Applicable,99,Unknown,99,Unknown,99,Unknown EMS Scene Arrival Hour,99,Unknown EMS Scene Arrival Minutes,99,Unknown,99,Unknown EMS Hospital Arrival Time,,,,,,,1,0
2020,4,40962,Arizona,4,4,0,0,0,7,7,13,MARICOPA (13),490,TEMPE,16,16,5,May,2020,7,Saturday,21,9:00pm-9:59pm,54,54,1,This section IS ON the NHS,2,Urban,2,Principal Arterial - Other Freeways and Expressways,1,State Highway Agency,3,State Highway,SR-101,,517,517,33.41212222,33.41212222,-111.891508330,-111.891508330,0,No Special Jurisdiction,12,Motor Vehicle In-Transport,1,Front-to-Rear,0,No,1,Non-Junction,1,Not an Intersection,4,"Work Zone, Type Unknown",,,1,On Roadway,3,Dark - Lighted,,,,,1,Clear,0,No,0000000,Not Applicable,99,Unknown,99,Unknown,99,Unknown EMS Scene Arrival Hour,99,Unknown EMS Scene Arrival Minutes,99,Unknown,99,Unknown EMS Hospital Arrival Time,,,,,,,1,0
2020,4,40963,Arizona,2,2,0,0,0,2,2,5,COCONINO (5),170,FLAGSTAFF,11,11,9,September,2020,6,Friday,7,7:00am-7:59am,14,14,0,This section IS NOT on the NHS,2,Urban,3,Principal Arterial - Other,1,State Highway Agency,3,State Highway,SR-89,,836,836,35.19247778,35.19247778,-111.658858330,-111.658858330,0,No Special Jurisdiction,12,Motor Vehicle In-Transport,1,Front-to-Rear,0,No,1,Non-Junction,1,Not an Intersection,0,None,,,1,On Roadway,1,Daylight,,,,,10,Cloudy,0,No,0000000,Not Applicable,7,7:00am-7:59am,11,11,7,7:00am-7:59am,16,16,7,7:00am-7:59am,34,34,,,,,,,1,0
2020,4,40964,Arizona,2,2,0,0,0,2,2,13,MARICOPA (13),370,PHOENIX,10,10,10,October,2020,7,Saturday,1,1:00am-1:59am,16,16,0,This section IS NOT on the NHS,2,Urban,6,Minor Collector,2,County Highway Agency,7,Local Street - Frontage Road,I-17 FRONTAGE,7TH ST,0,None,33.42934167,33.42934167,-112.065136110,-112.065136110,0,No Special Jurisdiction,12,Motor Vehicle In-Transport,6,Angle,1,Yes,2,Intersection,2,Four-Way Intersection,0,None,,,1,On Roadway,3,Dark - Lighted,,,,,1,Clear,0,No,0000000,Not Applicable,99,Unknown,99,Unknown,99,Unknown EMS Scene Arrival Hour,99,Unknown EMS Scene Arrival Minutes,99,Unknown,99,Unknown EMS Hospital Arrival Time,,,,,,,1,0
2020,4,40965,Arizona,1,1,0,0,0,1,1,999,UNKNOWN (999),9999,Unknown,12,12,6,June,2020,6,Friday,99,Unknown Hours,99,Unknown Minutes,9,Unknown if this section is on the NHS,9,Unknown,99,Unknown,99,Unknown,9,Unknown,UNKNOWN,,99999,Unknown,99.99990000,99.99990000,999.999900000,999.999900000,9,Unknown,99,Reported as Unknown,99,Reported as Unknown,9,Reported as Unknown,99,Reported as Unknown,99,Reported as Unknown,0,None,,,99,Reported as Unknown,9,Reported as Unknown,,,,,99,Reported as Unknown,0,No,0000000,Not Applicable,99,Unknown,98,Unknown if Notified,99,Unknown EMS Scene Arrival Hour,98,Unknown if Arrived,99,Unknown,98,Unknown if Transported,,,,,,,1,0
2020,4,40966,Arizona,1,1,0,0,0,2,2,19,PIMA (19),219,GREEN VALLEY,12,12,6,June,2020,6,Friday,23,11:00pm-11:59pm,49,49,0,This section IS NOT on the NHS,2,Urban,5,Major Collector,2,County Highway Agency,6,Local Street - Municipality,CAMINO DEL SOL,,0,None,31.85368889,31.85368889,-111.007327780,-111.007327780,0,No Special Jurisdiction,5,Fell/Jumped from Vehicle,0,The First Harmful Event was Not a Collision with a Motor Vehicle in Transport,0,No,1,Non-Junction,1,Not an Intersection,0,None,,,1,On Roadway,6,Dark - Unknown Lighting,,,,,99,Reported as Unknown,0,No,0000000,Not Applicable,23,11:00pm-11:59pm,49,49,23,11:00pm-11:59pm,57,57,99,Unknown,99,Unknown EMS Hospital Arrival Time,,,,,,,1,0
2020,4,40967,Arizona,1,1,0,1,1,1,1,13,MARICOPA (13),420,SCOTTSDALE,22,22,6,June,2020,2,Monday,99,Unknown Hours,99,Unknown Minutes,9,Unknown if this section is on the NHS,9,Unknown,99,Unknown,99,Unknown,9,Unknown,UNKNOWN,,99999,Unknown,99.99990000,99.99990000,999.999900000,999.999900000,9,Unknown,8,Pedestrian,0,The First Harmful Event was Not a Collision with a Motor Vehicle in Transport,9,Reported as Unknown,99,Reported as Unknown,99,Reported as Unknown,0,None,,,99,Reported as Unknown,9,Reported as Unknown,,,,,99,Reported as Unknown,0,No,0000000,Not Applicable,99,Unknown,98,Unknown if Notified,99,Unknown EMS Scene Arrival Hour,98,Unknown if Arrived,99,Unknown,98,Unknown if Transported,,,,,,,1,0
2020,4,40968,Arizona,1,1,0,0,0,1,1,999,UNKNOWN (999),9999,Unknown,22,22,7,July,2020,4,Wednesday,20,8:00pm-8:59pm,0,0,9,Unknown if this section is on the NHS,9,Unknown,99,Unknown,99,Unknown,9,Unknown,UNKNOWN,,99999,Unknown,99.99990000,99.99990000,999.999900000,999.999900000,9,Unknown,99,Reported as Unknown,99,Reported as Unknown,9,Reported as Unknown,99,Reported as Unknown,99,Reported as Unknown,0,None,,,99,Reported as Unknown,6,Dark - Unknown Lighting,,,,,99,Reported as Unknown,0,No,0000000,Not Applicable,99,Unknown,98,Unknown if Notified,99,Unknown EMS Scene Arrival Hour,98,Unknown if Arrived,99,Unknown,98,Unknown if Transported,,,,,,,1,0
2020,4,40969,Arizona,1,1,0,1,1,1,1,13,MARICOPA (13),370,PHOENIX,1,1,8,August,2020,7,Saturday,17,5:00pm-5:59pm,50,50,9,Unknown if this section is on the NHS,9,Unknown,99,Unknown,99,Unknown,9,Unknown,28TH AVE,,99999,Unknown,99.99990000,99.99990000,999.999900000,999.999900000,9,Unknown,8,Pedestrian,0,The First Harmful Event was Not a Collision with a Motor Vehicle in Transport,9,Reported as Unknown,99,Reported as Unknown,99,Reported as Unknown,0,None,,,1,On Roadway,6,Dark - Unknown Lighting,,,,,99,Reported as Unknown,0,No,0000000,Not Applicable,99,Unknown,99,Unknown,99,Unknown EMS Scene Arrival Hour,99,Unknown EMS Scene Arrival Minutes,99,Unknown,99,Unknown EMS Hospital Arrival Time,,,,,,,1,0
2020,4,40970,Arizona,1,1,0,0,0,2,2,27,YUMA (27),620,YUMA,19,19,9,September,2020,7,Saturday,99,Unknown Hours,99,Unknown Minutes,9,Unknown if this section is on the NHS,9,Unknown,99,Unknown,99,Unknown,9,Unknown,UNKNOWN,,99999,Unknown,99.99990000,99.99990000,999.999900000,999.999900000,9,Unknown,99,Reported as Unknown,99,Reported as Unknown,9,Reported as Unknown,99,Reported as Unknown,99,Reported as Unknown,0,None,,,99,Reported as Unknown,9,Reported as Unknown,,,,,99,Reported as Unknown,0,No,0000000,Not Applicable,99,Unknown,99,Unknown,99,Unknown EMS Scene Arrival Hour,99,Unknown EMS Scene Arrival Minutes,99,Unknown,99,Unknown EMS Hospital Arrival Time,,,,,,,1,0
2020,4,40971,Arizona,1,1,0,0,0,1,1,13,MARICOPA (13),80,CHANDLER,28,28,9,September,2020,2,Monday,99,Unknown Hours,99,Unknown Minutes,9,Unknown if this section is on the NHS,9,Unknown,99,Unknown,99,Unknown,9,Unknown,UNKNOWN,,99999,Unknown,99.99990000,99.99990000,999.999900000,999.999900000,9,Unknown,99,Reported as Unknown,99,Reported as Unknown,9,Reported as Unknown,99,Reported as Unknown,99,Reported as Unknown,0,None,,,99,Reported as Unknown,9,Reported as Unknown,,,,,99,Reported as Unknown,0,No,0000000,Not Applicable,99,Unknown,99,Unknown,99,Unknown EMS Scene Arrival Hour,99,Unknown EMS Scene Arrival Minutes,99,Unknown,99,Unknown EMS Hospital Arrival Time,,,,,,,1,0
2020,4,40972,Arizona,1,1,0,0,0,1,1,13,MARICOPA (13),30,AVONDALE,18,18,11,November,2020,4,Wednesday,23,11:00pm-11:59pm,27,27,0,This section IS NOT on the NHS,2,Urban,4,Minor Arterial,2,County Highway Agency,4,County Road,CR-W INDIAN SCHOOL RD,,0,None,33.49316111,33.49316111,-112.305513890,-112.305513890,0,No Special Jurisdiction,33,Curb,0,The First Harmful Event was Not a Collision with a Motor Vehicle in Transport,0,No,1,Non-Junction,1,Not an Intersection,0,None,,,4,On Roadside,2,Dark - Not Lighted,,,,,1,Clear,0,No,0000000,Not Applicable,10,10:00am-10:59am,30,30,10,10:00am-10:59am,45,45,88,"Not Applicable (Not Transported) ",88,Not Applicable (Not Transported),,,,,,,1,0
2020,4,40974,Arizona,1,1,0,0,0,1,1,17,NAVAJO (17),9999,Unknown,2,2,12,December,2020,4,Wednesday,18,6:00pm-6:59pm,20,20,0,This section IS NOT on the NHS,1,Rural,5,Major Collector,62,Bureau of Indian Affairs,8,Other,BIA-6,,99998,Not Reported,77.77770000,77.77770000,777.777700000,777.777700000,9,Unknown,11,Live Animal,0,The First Harmful Event was Not a Collision with a Motor Vehicle in Transport,0,No,1,Non-Junction,1,Not an Intersection,0,None,,,1,On Roadway,6,Dark - Unknown Lighting,,,,,99,Reported as Unknown,0,No,0000000,Not Applicable,99,Unknown,98,Unknown if Notified,99,Unknown EMS Scene Arrival Hour,98,Unknown if Arrived,99,Unknown,98,Unknown if Transported,,,,,,,1,1
2020,4,40975,Arizona,2,2,0,0,0,4,4,19,PIMA (19),530,TUCSON,20,20,12,December,2020,1,Sunday,16,4:00pm-4:59pm,0,0,0,This section IS NOT on the NHS,2,Urban,3,Principal Arterial - Other,4,City or Municipal Highway Agency,6,Local Street - Municipality,RIVER RD,HACIENDA DEL SOL RD,0,None,32.28528056,32.28528056,-110.932844440,-110.932844440,0,No Special Jurisdiction,12,Motor Vehicle In-Transport,6,Angle,0,No,2,Intersection,4,Y-Intersection,0,None,,,1,On Roadway,1,Daylight,,,,,1,Clear,0,No,0000000,Not Applicable,99,Unknown,99,Unknown,99,Unknown EMS Scene Arrival Hour,99,Unknown EMS Scene Arrival Minutes,99,Unknown,99,Unknown EMS Hospital Arrival Time,,,,,,,1,0
2021,4,40001,Arizona,1,1,0,0,0,1,1,21,PINAL (21),22,APACHE JUNCTION,1,1,1,January,2021,6,Friday,22,10:00pm-10:59pm,8,8,0,This section IS NOT on the NHS,2,Urban,4,Minor Arterial,4,City or Municipal Highway Agency,6,Local Street - Municipality,E BASELINE AVE,,0,None,33.37894444,33.37894444,-111.538430560,-111.538430560,0,No Special Jurisdiction,33,Curb,0,The First Harmful Event was Not a Collision with a Motor Vehicle in Transport,0,No,1,Non-Junction,1,Not an Intersection,0,None,,,4,On Roadside,3,Dark - Lighted,,,,,1,Clear,0,No,0000000,Not Applicable,22,10:00pm-10:59pm,9,9,22,10:00pm-10:59pm,13,13,23,11:00pm-11:59pm,0,0,,,,,,,1,
2021,4,40002,Arizona,1,1,0,0,0,1,1,13,MARICOPA (13),490,TEMPE,3,3,1,January,2021,1,Sunday,0,0:00am-0:59am,17,17,0,This section IS NOT on the NHS,2,Urban,4,Minor Arterial,4,City or Municipal Highway Agency,6,Local Street - Municipality,WASHINGTON ST,,0,None,33.43743056,33.43743056,-111.945433330,-111.945433330,0,No Special Jurisdiction,74,Road Vehicle on Rails,0,The First Harmful Event was Not a Collision with a Motor Vehicle in Transport,0,No,1,Non-Junction,1,Not an Intersection,0,None,,,1,On Roadway,3,Dark - Lighted,,,,,1,Clear,0,No,0000000,Not Applicable,0,0:00am-0:59am,17,17,0,0:00am-0:59am,23,23,88,"Not Applicable (Not Transported) ",88,Not Applicable (Not Transported),,,,,,,1,
2021,4,40004,Arizona,2,2,0,0,0,2,2,13,MARICOPA (13),290,MESA,3,3,1,January,2021,1,Sunday,20,8:00pm-8:59pm,14,14,0,This section IS NOT on the NHS,2,Urban,4,Minor Arterial,4,City or Municipal Highway Agency,6,Local Street - Municipality,MAIN ST,SUNVALLEY BLVD,0,None,33.41545556,33.41545556,-111.676102780,-111.676102780,0,No Special Jurisdiction,12,Motor Vehicle In-Transport,6,Angle,0,No,2,Intersection,3,T-Intersection,0,None,,,1,On Roadway,3,Dark - Lighted,,,,,1,Clear,0,No,0000000,Not Applicable,99,Unknown,99,Unknown,99,Unknown EMS Scene Arrival Hour,99,Unknown EMS Scene Arrival Minutes,99,Unknown,99,Unknown EMS Hospital Arrival Time,,,,,,,1,
2021,4,40005,Arizona,1,1,0,0,0,1,1,19,PIMA (19),530,TUCSON,4,4,1,January,2021,2,Monday,5,5:00am-5:59am,12,12,0,This section IS NOT on the NHS,2,Urban,4,Minor Arterial,4,City or Municipal Highway Agency,6,Local Street - Municipality,FORT LOWELL RD,,0,None,32.26513611,32.26513611,-110.914730560,-110.914730560,0,No Special Jurisdiction,40,Fire Hydrant,0,The First Harmful Event was Not a Collision with a Motor Vehicle in Transport,0,No,1,Non-Junction,1,Not an Intersection,0,None,,,4,On Roadside,3,Dark - Lighted,,,,,1,Clear,0,No,0000000,Not Applicable,99,Unknown,99,Unknown,99,Unknown EMS Scene Arrival Hour,99,Unknown EMS Scene Arrival Minutes,88,"Not Applicable (Not Transported) ",88,Not Applicable (Not Transported),,,,,,,1,
2021,4,40006,Arizona,2,2,0,0,0,2,2,19,PIMA (19),219,GREEN VALLEY,4,4,1,January,2021,2,Monday,16,4:00pm-4:59pm,17,17,0,This section IS NOT on the NHS,2,Urban,5,Major Collector,2,County Highway Agency,6,Local Street - Municipality,DESERT BELL DR,GOLDEN DESERT WY,0,None,31.87378056,31.87378056,-111.002936110,-111.002936110,0,No Special Jurisdiction,12,Motor Vehicle In-Transport,6,Angle,0,No,2,Intersection,3,T-Intersection,0,None,,,1,On Roadway,1,Daylight,,,,,1,Clear,0,No,0000000,Not Applicable,16,4:00pm-4:59pm,13,13,16,4:00pm-4:59pm,23,23,99,Unknown,99,Unknown EMS Hospital Arrival Time,,,,,,,1,