caseyear,state,st_case,statename,ve_total,ve_forms,pvh_invl,peds,pernotmvit,permvit,persons,county,countyname,city,cityname,day,dayname,month,monthname,year,day_week,day_weekname,hour,hourname,minute,minutename,nhs,nhsname,rur_urb,rur_urbname,func_sys,func_sysname,rd_owner,rd_ownername,route,routename,tway_id,tway_id2,milept,mileptname,latitude,latitudename,longitud,longitudname,sp_jur,sp_jurname,harm_ev,harm_evname,man_coll,man_collname,reljct1,reljct1name,reljct2,reljct2name,typ_int,typ_intname,wrk_zone,wrk_zonename,road_fnc,road_fncname,rel_road,rel_roadname,lgt_cond,lgt_condname,weather1,weather1name,weather2,weather2name,weather,weathername,sch_bus,sch_busname,rail,railname,not_hour,not_hourname,not_min,not_minname,arr_hour,arr_hourname,arr_min,arr_minname,hosp_hr,hosp_hrname,hosp_mn,hosp_mnname,cf1,cf1name,cf2,cf2name,cf3,cf3name,fatals,drunk_dr
2021,4,40050,Arizona,2,2,0,0,0,4,4,13,MARICOPA (13),290,MESA,25,25,1,January,2021,2,Monday,21,9:00pm-9:59pm,9,9,1,This section IS ON the NHS,2,Urban,2,Principal Arterial - Other Freeways and Expressways,1,State Highway Agency,3,State Highway,SR-202,,249,249,33.44491944,33.44491944,-111.662500000,-111.662500000,0,No Special Jurisdiction,25,Concrete Traffic Barrier,0,The First Harmful Event was Not a Collision with a Motor Vehicle in Transport,0,No,1,Non-Junction,1,Not an Intersection,0,None,,,3,On Median,3,Dark - Lighted,,,,,10,Cloudy,0,No,0000000,Not Applicable,21,9:00pm-9:59pm,9,9,21,9:00pm-9:59pm,18,18,21,9:00pm-9:59pm,45,45,,,,,,,1,
2021,4,40051,Arizona,1,1,0,1,1,4,4,19,PIMA (19),530,TUCSON,25,25,1,January,2021,2,Monday,21,9:00pm-9:59pm,14,14,1,This section IS ON the NHS,2,Urban,3,Principal Arterial - Other,4,City or Municipal Highway Agency,6,Local Street - Municipality,VALENCIA RD,,0,None,32.13412778,32.13412778,-110.971230560,-110.971230560,0,No Special Jurisdiction,8,Pedestrian,0,The First Harmful Event was Not a Collision with a Motor Vehicle in Transport,0,No,1,Non-Junction,1,Not an Intersection,0,None,,,1,On Roadway,3,Dark - Lighted,,,,,2,Rain,0,No,0000000,Not Applicable,21,9:00pm-9:59pm,16,16,21,9:00pm-9:59pm,21,21,21,9:00pm-9:59pm,45,45,,,,,,,1,
2021,4,40055,Arizona,2,2,0,0,0,2,2,13,MARICOPA (13),370,PHOENIX,29,29,1,January,2021,6,Friday,20,8:00pm-8:59pm,7,7,0,This section IS NOT on the NHS,2,Urban,6,Minor Collector,1,State Highway Agency,7,Local Street - Frontage Road,BLACK CANYON HWY,,0,None,33.62411667,33.62411667,-112.117066670,-112.117066670,0,No Special Jurisdiction,12,Motor Vehicle In-Transport,2,Front-to-Front,0,No,1,Non-Junction,1,Not an Intersection,0,None,,,1,On Roadway,3,Dark - Lighted,,,,,1,Clear,0,No,0000000,Not Applicable,20,8:00pm-8:59pm,16,16,20,8:00pm-8:59pm,23,23,20,8:00pm-8:59pm,57,57,,,,,,,2,
2021,4,40056,Arizona,1,1,0,1,1,1,1,13,MARICOPA (13),490,TEMPE,29,29,1,January,2021,6,Friday,23,11:00pm-11:59pm,52,52,0,This section IS NOT on the NHS,2,Urban,4,Minor Arterial,4,City or Municipal Highway Agency,6,Local Street - Municipality,BROADWAY RD,HARDY DR,0,None,33.40739167,33.40739167,-111.952186110,-111.952186110,0,No Special Jurisdiction,8,Pedestrian,0,The First Harmful Event was Not a Collision with a Motor Vehicle in Transport,0,No,3,Intersection-Related,2,Four-Way Intersection,0,None,,,1,On Roadway,3,Dark - Lighted,,,,,10,Cloudy,0,No,0000000,Not Applicable,23,11:00pm-11:59pm,52,52,23,11:00pm-11:59pm,56,56,0,0:00am-0:59am,14,14,,,,,,,1,
2021,4,40057,Arizona,1,1,0,1,1,1,1,13,MARICOPA (13),370,PHOENIX,30,30,1,January,2021,7,Saturday,0,0:00am-0:59am,34,34,0,This section IS NOT on the NHS,2,Urban,4,Minor Arterial,4,City or Municipal Highway Agency,6,Local Street - Municipality,MCDOWELL RD,37TH AVE,0,None,33.46597778,33.46597778,-112.138794440,-112.138794440,0,No Special Jurisdiction,8,Pedestrian,0,The First Harmful Event was Not a Collision with a Motor Vehicle in Transport,0,No,3,Intersection-Related,2,Four-Way Intersection,0,None,,,1,On Roadway,3,Dark - Lighted,,,,,1,Clear,0,No,0000000,Not Applicable,0,0:00am-0:59am,35,35,0,0:00am-0:59am,39,39,88,"Not Applicable (Not Transported) ",88,Not Applicable (Not Transported),,,,,,,1,
2021,4,40058,Arizona,2,2,0,0,0,6,6,17,NAVAJO (17),0,NOT APPLICABLE,30,30,1,January,2021,7,Saturday,8,8:00am-8:59am,21,21,0,This section IS NOT on the NHS,1,Rural,4,Minor Arterial,1,State Highway Agency,2,U.S. Highway,US-60,,2986,2986,34.17665833,34.17665833,-110.097072220,-110.097072220,0,No Special Jurisdiction,12,Motor Vehicle In-Transport,6,Angle,0,No,1,Non-Junction,1,Not an Intersection,0,None,,,1,On Roadway,4,Dawn,,,,,4,Snow,0,No,0000000,Not Applicable,8,8:00am-8:59am,22,22,8,8:00am-8:59am,35,35,9,9:00am-9:59am,27,27,,,,,,,1,
2021,4,40059,Arizona,2,2,0,0,0,2,2,19,PIMA (19),0,NOT APPLICABLE,31,31,1,January,2021,1,Sunday,7,7:00am-7:59am,31,31,0,This section IS NOT on the NHS,2,Urban,4,Minor Arterial,1,State Highway Agency,3,State Highway,SR-86,,1144,1144,32.17782222,32.17782222,-111.044600000,-111.044600000,0,No Special Jurisdiction,12,Motor Vehicle In-Transport,1,Front-to-Rear,0,No,1,Non-Junction,1,Not an Intersection,0,None,,,1,On Roadway,1,Daylight,,,,,1,Clear,0,No,0000000,Not Applicable,7,7:00am-7:59am,32,32,7,7:00am-7:59am,44,44,88,"Not Applicable (Not Transported) ",88,Not Applicable (Not Transported),,,,,,,1,
2021,4,40060,Arizona,1,1,0,1,1,1,1,13,MARICOPA (13),190,GILBERT,31,31,1,January,2021,1,Sunday,8,8:00am-8:59am,51,51,0,This section IS NOT on the NHS,2,Urban,4,Minor Arterial,3,Town or Township Highway Agency,5,Local Street - Township,WARNER RD,,0,None,33.33582222,33.33582222,-111.739686110,-111.739686110,0,No Special Jurisdiction,8,Pedestrian,0,The First Harmful Event was Not a Collision with a Motor Vehicle in Transport,0,No,1,Non-Junction,1,Not an Intersection,0,None,,,1,On Roadway,1,Daylight,,,,,1,Clear,0,No,0000000,Not Applicable,8,8:00am-8:59am,51,51,8,8:00am-8:59am,57,57,9,9:00am-9:59am,30,30,,,,,,,1,
2021,4,40062,Arizona,1,1,0,0,0,1,1,9,GRAHAM (9),0,NOT APPLICABLE,2,2,2,February,2021,3,Tuesday,10,10:00am-10:59am,3,3,0,This section IS NOT on the NHS,1,Rural,5,Major Collector,2,County Highway Agency,4,County Road,CR-SANCHEZ RD,,0,None,32.85172778,32.85172778,-109.579663890,-109.579663890,0,No Special Jurisdiction,1,Rollover/Overturn,0,The First Harmful Event was Not a Collision with a Motor Vehicle in Transport,0,No,1,Non-Junction,1,Not an Intersection,0,None,,,4,On Roadside,6,Dark - Unknown Lighting,,,,,99,Reported as Unknown,0,No,0000000,Not Applicable,10,10:00am-10:59am,3,3,99,Unknown EMS Scene Arrival Hour,98,Unknown if Arrived,88,"Not Applicable (Not Transported) ",88,Not Applicable (Not Transported),,,,,,,1,
2021,4,40063,Arizona,1,1,0,0,0,1,1,13,MARICOPA (13),370,PHOENIX,2,2,2,February,2021,3,Tuesday,22,10:00pm-10:59pm,48,48,0,This section IS NOT on the NHS,2,Urban,4,Minor Arterial,4,City or Municipal Highway Agency,6,Local Street - Municipality,NORTERRA PKWY,,0,None,33.72240000,33.72240000,-112.115188890,-112.115188890,0,No Special Jurisdiction,5,Fell/Jumped from Vehicle,0,The First Harmful Event was Not a Collision with a Motor Vehicle in Transport,0,No,1,Non-Junction,1,Not an Intersection,0,None,,,1,On Roadway,3,Dark - Lighted,,,,,1,Clear,0,No,0000000,Not Applicable,22,10:00pm-10:59pm,50,50,22,10:00pm-10:59pm,54,54,23,11:00pm-11:59pm,10,10,,,,,,,1,
2021,4,40064,Arizona,1,1,0,0,0,6,6,25,YAVAPAI (25),0,NOT APPLICABLE,3,3,2,February,2021,4,Wednesday,22,10:00pm-10:59pm,30,30,1,This section IS ON the NHS,1,Rural,2,Principal Arterial - Other Freeways and Expressways,1,State Highway Agency,1,Interstate,I-40,,402,402,35.23086111,35.23086111,-112.597919440,-112.597919440,0,No Special Jurisdiction,35,Embankment,0,The First Harmful Event was Not a Collision with a Motor Vehicle in Transport,0,No,1,Non-Junction,1,Not an Intersection,0,None,,,3,On Median,2,Dark - Not Lighted,,,,,1,Clear,0,No,0000000,Not Applicable,22,10:00pm-10:59pm,31,31,23,11:00pm-11:59pm,15,15,99,Unknown,99,Unknown EMS Hospital Arrival Time,,,,,,,2,
2021,4,40065,Arizona,1,1,0,1,1,1,1,13,MARICOPA (13),370,PHOENIX,4,4,2,February,2021,5,Thursday,4,4:00am-4:59am,7,7,1,This section IS ON the NHS,2,Urban,2,Principal Arterial - Other Freeways and Expressways,1,State Highway Agency,1,Interstate,I-10,,1370,1370,33.46289444,33.46289444,-112.202991670,-112.202991670,0,No Special Jurisdiction,8,Pedestrian,0,The First Harmful Event was Not a Collision with a Motor Vehicle in Transport,0,No,1,Non-Junction,1,Not an Intersection,0,None,,,1,On Roadway,3,Dark - Lighted,,,,,1,Clear,0,No,0000000,Not Applicable,4,4:00am-4:59am,6,6,4,4:00am-4:59am,14,14,88,"Not Applicable (Not Transported) ",88,Not Applicable (Not Transported),,,,,,,1,
2021,4,40066,Arizona,1,1,0,1,1,1,1,3,COCHISE (3),0,NOT APPLICABLE,4,4,2,February,2021,5,Thursday,6,6:00am-6:59am,12,12,0,This section IS NOT on the NHS,2,Urban,4,Minor Arterial,1,State Highway Agency,3,State Highway,SR-92,MILLER CANYON RD,89,89,31.42896111,31.42896111,-110.240800000,-110.240800000,0,No Special Jurisdiction,8,Pedestrian,0,The First Harmful Event was Not a Collision with a Motor Vehicle in Transport,0,No,3,Intersection-Related,3,T-Intersection,0,None,,,1,On Roadway,2,Dark - Not Lighted,,,,,1,Clear,0,No,0000000,Not Applicable,6,6:00am-6:59am,12,12,6,6:00am-6:59am,26,26,88,"Not Applicable (Not Transported) ",88,Not Applicable (Not Transported),,,,,,,1,
2021,4,40068,Arizona,1,1,0,0,0,1,1,7,GILA (7),617,YOUNG,5,5,2,February,2021,6,Friday,15,3:00pm-3:59pm,30,30,0,This section IS NOT on the NHS,1,Rural,5,Major Collector,1,State Highway Agency,3,State Highway,SR-288,,489,489,34.10160000,34.10160000,-110.935561110,-110.935561110,0,No Special Jurisdiction,1,Rollover/Overturn,0,The First Harmful Event was Not a Collision with a Motor Vehicle in Transport,0,No,1,Non-Junction,1,Not an Intersection,0,None,,,4,On Roadside,1,Daylight,,,,,1,Clear,0,No,0000000,Not Applicable,15,3:00pm-3:59pm,30,30,15,3:00pm-3:59pm,44,44,88,"Not Applicable (Not Transported) ",88,Not Applicable (Not Transported),,,,,,,1,
2021,4,40071,Arizona,1,1,0,0,0,2,2,5,COCONINO (5),170,FLAGSTAFF,6,6,2,February,2021,7,Saturday,2,2:00am-2:59am,59,59,0,This section IS NOT on the NHS,2,Urban,4,Minor Arterial,4,City or Municipal Highway Agency,6,Local Street - Municipality,COUNTRY CLUB DR,,0,None,35.21266944,35.21266944,-111.577847220,-111.577847220,0,No Special Jurisdiction,42,Tree (Standing Only),0,The First Harmful Event was Not a Collision with a Motor Vehicle in Transport,0,No,1,Non-Junction,1,Not an Intersection,0,None,,,3,On Median,3,Dark - Lighted,,,,,1,Clear,0,No,0000000,Not Applicable,3,3:00am-3:59am,0,0,3,3:00am-3:59am,5,5,99,Unknown,99,Unknown EMS Hospital Arrival Time,,,,,,,2,
2021,4,40072,Arizona,1,1,0,1,1,4,4,19,PIMA (19),530,TUCSON,6,6,2,February,2021,7,Saturday,22,10:00pm-10:59pm,2,2,0,This section IS NOT on the NHS,1,Rural,4,Minor Arterial,1,State Highway Agency,3,State Highway,SR-86,,976,976,32.08231944,32.08231944,-111.299197220,-111.299197220,0,No Special Jurisdiction,8,Pedestrian,0,The First Harmful Event was Not a Collision with a Motor Vehicle in Transport,0,No,1,Non-Junction,1,Not an Intersection,0,None,,,1,On Roadway,2,Dark - Not Lighted,,,,,1,Clear,0,No,0000000,Not Applicable,22,10:00pm-10:59pm,4,4,22,10:00pm-10:59pm,10,10,88,"Not Applicable (Not Transported) ",88,Not Applicable (Not Transported),,,,,,,1,
2021,4,40073,Arizona,2,2,0,0,0,2,2,13,MARICOPA (13),190,GILBERT,6,6,2,February,2021,7,Saturday,23,11:00pm-11:59pm,10,10,0,This section IS NOT on the NHS,2,Urban,4,Minor Arterial,3,Town or Township Highway Agency,5,Local Street - Township,GREENWAY RD,,0,None,33.29025000,33.29025000,-111.738213890,-111.738213890,0,No Special Jurisdiction,12,Motor Vehicle In-Transport,2,Front-to-Front,0,No,1,Non-Junction,1,Not an Intersection,0,None,,,1,On Roadway,3,Dark - Lighted,,,,,1,Clear,0,No,0000000,Not Applicable,23,11:00pm-11:59pm,10,10,23,11:00pm-11:59pm,17,17,99,Unknown,99,Unknown EMS Hospital Arrival Time,,,,,,,1,
2021,4,40074,Arizona,1,1,0,1,1,1,1,13,MARICOPA (13),80,CHANDLER,7,7,2,February,2021,1,Sunday,16,4:00pm-4:59pm,48,48,0,This section IS NOT on the NHS,2,Urban,3,Principal Arterial - Other,2,County Highway Agency,4,County Road,CR- E RIGGS RD,,0,None,33.21806944,33.21806944,-111.878633330,-111.878633330,0,No Special Jurisdiction,9,Pedalcyclist,0,The First Harmful Event was Not a Collision with a Motor Vehicle in Transport,0,No,1,Non-Junction,1,Not an Intersection,0,None,,,4,On Roadside,1,Daylight,,,,,1,Clear,0,No,0000000,Not Applicable,16,4:00pm-4:59pm,48,48,16,4:00pm-4:59pm,52,52,88,"Not Applicable (Not Transported) ",88,Not Applicable (Not Transported),,,,,,,1,
2021,4,40075,Arizona,2,2,0,0,0,2,2,13,MARICOPA (13),368,PEORIA,7,7,2,February,2021,1,Sunday,20,8:00pm-8:59pm,51,51,0,This section IS NOT on the NHS,2,Urban,4,Minor Arterial,4,City or Municipal Highway Agency,6,Local Street - Municipality,PEORIA AVE,89TH AVE,0,None,33.58090000,33.58090000,-112.250663890,-112.250663890,0,No Special Jurisdiction,12,Motor Vehicle In-Transport,2,Front-to-Front,0,No,2,Intersection,3,T-Intersection,0,None,,,1,On Roadway,3,Dark - Lighted,,,,,1,Clear,0,No,0000000,Not Applicable,99,Unknown,99,Unknown,99,Unknown EMS Scene Arrival Hour,99,Unknown EMS Scene Arrival Minutes,99,Unknown,99,Unknown EMS Hospital Arrival Time,,,,,,,1,
2021,4,40076,Arizona,2,2,0,0,0,12,12,3,COCHISE (3),0,NOT APPLICABLE,8,8,2,February,2021,2,Monday,19,7:00pm-7:59pm,6,6,0,This section IS NOT on the NHS,1,Rural,4,Minor Arterial,1,State Highway Agency,2,U.S. Highway,US-191,,370,370,31.86832778,31.86832778,-109.695155560,-109.695155560,0,No Special Jurisdiction,11,Live Animal,0,The First Harmful Event was Not a Collision with a Motor Vehicle in Transport,0,No,1,Non-Junction,1,Not an Intersection,0,None,,,1,On Roadway,3,Dark - Lighted,,,,,1,Clear,0,No,0000000,Not Applicable,19,7:00pm-7:59pm,0,0,19,7:00pm-7:59pm,13,13,20,8:00pm-8:59pm,39,39,,,,,,,1,
2021,4,40077,Arizona,3,3,0,0,0,5,5,25,YAVAPAI (25),105,CONGRESS,9,9,2,February,2021,3,Tuesday,15,3:00pm-3:59pm,12,12,0,This section IS NOT on the NHS,1,Rural,5,Major Collector,1,State Highway Agency,3,State Highway,SR-89,,29,29,34.04005833,34.04005833,-112.813572220,-112.813572220,0,No Special Jurisdiction,12,Motor Vehicle In-Transport,8,Sideswipe - Opposite Direction,0,No,1,Non-Junction,1,Not an Intersection,0,None,,,1,On Roadway,1,Daylight,,,,,10,Cloudy,0,No,0000000,Not Applicable,15,3:00pm-3:59pm,20,20,15,3:00pm-3:59pm,33,33,99,Unknown,99,Unknown EMS Hospital Arrival Time,,,,,,,1,
2021,4,40078,Arizona,2,2,0,0,0,2,2,13,MARICOPA (13),370,PHOENIX,10,10,2,February,2021,4,Wednesday,0,0:00am-0:59am,30,30,1,This section IS ON the NHS,2,Urban,3,Principal Arterial - Other,1,State Highway Agency,1,Interstate,I-10,,1602,1602,33.31099444,33.31099444,-111.972072220,-111.972072220,0,No Special Jurisdiction,12,Motor Vehicle In-Transport,2,Front-to-Front,0,No,1,Non-Junction,1,Not an Intersection,0,None,,,1,On Roadway,3,Dark - Lighted,,,,,1,Clear,0,No,0000000,Not Applicable,0,0:00am-0:59am,33,33,0,0:00am-0:59am,40,40,99,Unknown,99,Unknown EMS Hospital Arrival Time,,,,,,,1,
2021,4,40079,Arizona,3,3,0,0,0,3,3,13,MARICOPA (13),490,TEMPE,10,10,2,February,2021,4,Wednesday,9,9:00am-9:59am,37,37,1,This section IS ON the NHS,2,Urban,3,Principal Arterial - Other,1,State Highway Agency,2,U.S. Highway,US-60,,1446,1446,33.38565833,33.38565833,-111.885255560,-111.885255560,0,No Special Jurisdiction,12,Motor Vehicle In-Transport,7,Sideswipe - Same Direction,0,No,1,Non-Junction,1,Not an Intersection,0,None,,,1,On Roadway,1,Daylight,,,,,1,Clear,0,No,0000000,Not Applicable,9,9:00am-9:59am,37,37,9,9:00am-9:59am,40,40,10,10:00am-10:59am,1,1,,,,,,,1,
2021,4,40081,Arizona,1,1,0,0,0,1,1,13,MARICOPA (13),190,GILBERT,12,12,2,February,2021,6,Friday,11,11:00am-11:59am,0,0,1,This section IS ON the NHS,2,Urban,3,Principal Arterial - Other,4,City or Municipal Highway Agency,6,Local Street - Municipality,POWER RD,,0,None,33.36224167,33.36224167,-111.687652780,-111.687652780,0,No Special Jurisdiction,1,Rollover/Overturn,0,The First Harmful Event was Not a Collision with a Motor Vehicle in Transport,0,No,1,Non-Junction,1,Not an Intersection,0,None,,,98,Not Reported,1,Daylight,,,,,1,Clear,0,No,0000000,Not Applicable,10,10:00am-10:59am,58,58,11,11:00am-11:59am,4,4,11,11:00am-11:59am,30,30,,,,,,,1,
2021,4,40083,Arizona,1,1,0,0,0,2,2,7,GILA (7),0,NOT APPLICABLE,12,12,2,February,2021,6,Friday,22,10:00pm-10:59pm,48,48,1,This section IS ON the NHS,1,Rural,3,Principal Arterial - Other,1,State Highway Agency,3,State Highway,SR-260,,919,919,34.30913611,34.30913611,-111.020252780,-111.020252780,0,No Special Jurisdiction,31,"Post, Pole or Other Supports",0,The First Harmful Event was Not a Collision with a Motor Vehicle in Transport,0,No,1,Non-Junction,1,Not an Intersection,0,None,,,3,On Median,2,Dark - Not Lighted,,,,,1,Clear,0,No,0000000,Not Applicable,22,10:00pm-10:59pm,48,48,23,11:00pm-11:59pm,0,0,99,Unknown,99,Unknown EMS Hospital Arrival Time,,,,,,,1,
2021,4,40084,Arizona,1,1,0,0,0,2,2,13,MARICOPA (13),290,MESA,13,13,2,February,2021,7,Saturday,3,3:00am-3:59am,47,47,0,This section IS NOT on the NHS,2,Urban,4,Minor Arterial,4,City or Municipal Highway Agency,6,Local Street - Municipality,WESTWOOD,,0,None,33.39893056,33.39893056,-111.852902780,-111.852902780,0,No Special Jurisdiction,42,Tree (Standing Only),0,The First Harmful Event was Not a Collision with a Motor Vehicle in Transport,0,No,1,Non-Junction,1,Not an Intersection,0,None,,,4,On Roadside,3,Dark - Lighted,,,,,1,Clear,0,No,0000000,Not Applicable,3,3:00am-3:59am,47,47,3,3:00am-3:59am,55,55,4,4:00am-4:59am,13,13,,,,,,,1,
2021,4,40085,Arizona,2,2,0,0,0,3,3,13,MARICOPA (13),290,MESA,13,13,2,February,2021,7,Saturday,11,11:00am-11:59am,10,10,1,This section IS ON the NHS,2,Urban,3,Principal Arterial - Other,1,State Highway Agency,3,State Highway,SR-87,SAN ANGELO ST,557,557,33.36863333,33.36863333,-111.842033330,-111.842033330,0,No Special Jurisdiction,12,Motor Vehicle In-Transport,6,Angle,0,No,2,Intersection,2,Four-Way Intersection,0,None,,,1,On Roadway,1,Daylight,,,,,1,Clear,0,No,0000000,Not Applicable,11,11:00am-11:59am,13,13,11,11:00am-11:59am,15,15,88,"Not Applicable (Not Transported) ",88,Not Applicable (Not Transported),,,,,,,1,
2021,4,40086,Arizona,1,1,0,0,0,1,1,25,YAVAPAI (25),616,YARNELL,13,13,2,February,2021,7,Saturday,14,2:00pm-2:59pm,3,3,0,This section IS NOT on the NHS,1,Rural,4,Minor Arterial,1,State Highway Agency,3,State Highway,SR-89,,138,138,34.20754722,34.20754722,-112.798744440,-112.798744440,0,No Special Jurisdiction,24,Guardrail Face,0,The First Harmful Event was Not a Collision with a Motor Vehicle in Transport,0,No,1,Non-Junction,1,Not an Intersection,0,None,,,4,On Roadside,1,Daylight,,,,,10,Cloudy,0,No,0000000,Not Applicable,14,2:00pm-2:59pm,7,7,14,2:00pm-2:59pm,12,12,88,"Not Applicable (Not Transported) ",88,Not Applicable (Not Transported),,,,,,,1,
2021,4,40087,Arizona,1,1,0,0,0,2,2,23,SANTA CRUZ (23),360,PATAGONIA,13,13,2,February,2021,7,Saturday,17,5:00pm-5:59pm,12,12,0,This section IS NOT on the NHS,1,Rural,4,Minor Arterial,1,State Highway Agency,3,State Highway,SR-82,,242,242,31.62025000,31.62025000,-110.718936110,-110.718936110,0,No Special Jurisdiction,42,Tree (Standing Only),0,The First Harmful Event was Not a Collision with a Motor Vehicle in Transport,0,No,1,Non-Junction,1,Not an Intersection,0,None,,,4,On Roadside,1,Daylight,,,,,1,Clear,0,No,0000000,Not Applicable,17,5:00pm-5:59pm,12,12,17,5:00pm-5:59pm,20,20,99,Unknown,99,Unknown EMS Hospital Arrival Time,,,,,,,1,
2021,4,40089,Arizona,2,2,0,1,1,3,3,25,YAVAPAI (25),373,PRESCOTT VALLEY,14,14,2,February,2021,1,Sunday,20,8:00pm-8:59pm,30,30,1,This section IS ON the NHS,2,Urban,3,Principal Arterial - Other,1,State Highway Agency,3,State Highway,SR-69,,269,269,34.58219444,34.58219444,-112.347138890,-112.347138890,0,No Special Jurisdiction,8,Pedestrian,0,The First Harmful Event was Not a Collision with a Motor Vehicle in Transport,0,No,1,Non-Junction,1,Not an Intersection,0,None,,,1,On Roadway,2,Dark - Not Lighted,,,,,1,Clear,0,No,0000000,Not Applicable,20,8:00pm-8:59pm,30,30,20,8:00pm-8:59pm,34,34,20,8:00pm-8:59pm,52,52,,,,,,,1,
2021,4,40090,Arizona,1,1,0,1,1,1,1,19,PIMA (19),530,TUCSON,14,14,2,February,2021,1,Sunday,21,9:00pm-9:59pm,27,27,0,This section IS NOT on the NHS,2,Urban,3,Principal Arterial - Other,1,State Highway Agency,3,State Highway,SR-86,,1174,1174,32.17769167,32.17769167,-110.991119440,-110.991119440,0,No Special Jurisdiction,8,Pedestrian,0,The First Harmful Event was Not a Collision with a Motor Vehicle in Transport,0,No,1,Non-Junction,1,Not an Intersection,0,None,,,1,On Roadway,2,Dark - Not Lighted,,,,,1,Clear,0,No,0000000,Not Applicable,21,9:00pm-9:59pm,27,27,21,9:00pm-9:59pm,32,32,88,"Not Applicable (Not Transported) ",88,Not Applicable (Not Transported),,,,,,,1,
2021,4,40091,Arizona,2,2,0,0,0,3,3,13,MARICOPA (13),370,PHOENIX,15,15,2,February,2021,2,Monday,4,4:00am-4:59am,52,52,1,This section IS ON the NHS,2,Urban,2,Principal Arterial - Other Freeways and Expressways,1,State Highway Agency,1,Interstate,I-10,,1500,1500,33.42318056,33.42318056,-112.022572220,-112.022572220,0,No Special Jurisdiction,12,Motor Vehicle In-Transport,6,Angle,0,No,1,Non-Junction,1,Not an Intersection,0,None,,,1,On Roadway,3,Dark - Lighted,,,,,1,Clear,0,No,0000000,Not Applicable,4,4:00am-4:59am,59,59,5,5:00am-5:59am,6,6,99,Unknown,99,Unknown EMS Hospital Arrival Time,,,,,,,1,
2021,4,40092,Arizona,3,3,0,0,0,3,3,13,MARICOPA (13),80,CHANDLER,17,17,2,February,2021,4,Wednesday,7,7:00am-7:59am,49,49,1,This section IS ON the NHS,2,Urban,2,Principal Arterial - Other Freeways and Expressways,1,State Highway Agency,3,State Highway,SR-202,,529,529,33.29145000,33.29145000,-111.934188890,-111.934188890,0,No Special Jurisdiction,12,Motor Vehicle In-Transport,1,Front-to-Rear,0,No,1,Non-Junction,1,Not an Intersection,0,None,,,1,On Roadway,1,Daylight,,,,,1,Clear,0,No,0000000,Not Applicable,7,7:00am-7:59am,49,49,7,7:00am-7:59am,54,54,8,8:00am-8:59am,9,9,,,,,,,1,
2021,4,40093,Arizona,1,1,0,0,0,1,1,1,APACHE (1),106,CONCHO,17,17,2,February,2021,4,Wednesday,22,10:00pm-10:59pm,58,58,0,This section IS NOT on the NHS,1,Rural,5,Major Collector,2,County Highway Agency,4,County Road,CR-5020,,0,None,34.47815000,34.47815000,-109.613750000,-109.613750000,0,No Special Jurisdiction,17,Boulder,0,The First Harmful Event was Not a Collision with a Motor Vehicle in Transport,0,No,1,Non-Junction,1,Not an Intersection,0,None,,,4,On Roadside,2,Dark - Not Lighted,,,,,1,Clear,0,No,0000000,Not Applicable,22,10:00pm-10:59pm,58,58,23,11:00pm-11:59pm,20,20,0,0:00am-0:59am,13,13,,,,,,,1,
2021,4,40094,Arizona,2,1,1,1,2,5,6,17,NAVAJO (17),0,NOT APPLICABLE,18,18,2,February,2021,5,Thursday,0,0:00am-0:59am,3,3,1,This section IS ON the NHS,1,Rural,3,Principal Arterial - Other,1,State Highway Agency,3,State Highway,SR-260,,1117,1117,34.34679722,34.34679722,-110.706600000,-110.706600000,0,No Special Jurisdiction,14,Parked Motor Vehicle,0,The First Harmful Event was Not a Collision with a Motor Vehicle in Transport,0,No,1,Non-Junction,1,Not an Intersection,0,None,,,4,On Roadside,2,Dark - Not Lighted,,,,,4,Snow,0,No,0000000,Not Applicable,0,0:00am-0:59am,3,3,0,0:00am-0:59am,39,39,88,"Not Applicable (Not Transported) ",88,Not Applicable (Not Transported),,,,,,,1,
2021,4,40095,Arizona,1,1,0,0,0,1,1,13,MARICOPA (13),290,MESA,18,18,2,February,2021,5,Thursday,4,4:00am-4:59am,53,53,1,This section IS ON the NHS,2,Urban,2,Principal Arterial - Other Freeways and Expressways,1,State Highway Agency,3,State Highway,SR-202,,279,279,33.42781389,33.42781389,-111.636108330,-111.636108330,0,No Special Jurisdiction,50,Bridge Overhead Structure,0,The First Harmful Event was Not a Collision with a Motor Vehicle in Transport,0,No,1,Non-Junction,1,Not an Intersection,0,None,,,4,On Roadside,3,Dark - Lighted,,,,,1,Clear,0,No,0000000,Not Applicable,4,4:00am-4:59am,53,53,5,5:00am-5:59am,4,4,88,"Not Applicable (Not Transported) ",88,Not Applicable (Not Transported),,,,,,,1,
2021,4,40096,Arizona,2,2,0,0,0,4,4,5,COCONINO (5),0,NOT APPLICABLE,18,18,2,February,2021,5,Thursday,8,8:00am-8:59am,6,6,1,This section IS ON the NHS,1,Rural,3,Principal Arterial - Other,1,State Highway Agency,3,State Highway,SR-260,,1099,1099,34.33392778,34.33392778,-110.752516670,-110.752516670,0,No Special Jurisdiction,12,Motor Vehicle In-Transport,6,Angle,0,No,1,Non-Junction,1,Not an Intersection,0,None,,,1,On Roadway,1,Daylight,,,,,1,Clear,0,No,0000000,Not Applicable,8,8:00am-8:59am,7,7,8,8:00am-8:59am,11,11,10,10:00am-10:59am,2,2,,,,,,,1,