caseyear,state,st_case,statename,ve_total,ve_forms,pvh_invl,peds,pernotmvit,permvit,persons,county,countyname,city,cityname,day,dayname,month,monthname,year,day_week,day_weekname,hour,hourname,minute,minutename,nhs,nhsname,rur_urb,rur_urbname,func_sys,func_sysname,rd_owner,rd_ownername,route,routename,tway_id,tway_id2,milept,mileptname,latitude,latitudename,longitud,longitudname,sp_jur,sp_jurname,harm_ev,harm_evname,man_coll,man_collname,reljct1,reljct1name,reljct2,reljct2name,typ_int,typ_intname,wrk_zone,wrk_zonename,road_fnc,road_fncname,rel_road,rel_roadname,lgt_cond,lgt_condname,weather1,weather1name,weather2,weather2name,weather,weathername,sch_bus,sch_busname,rail,railname,not_hour,not_hourname,not_min,not_minname,arr_hour,arr_hourname,arr_min,arr_minname,hosp_hr,hosp_hrname,hosp_mn,hosp_mnname,cf1,cf1name,cf2,cf2name,cf3,cf3name,fatals,drunk_dr
2021,4,40138,Arizona,1,1,0,1,1,1,1,13,MARICOPA (13),200,GLENDALE,13,13,3,March,2021,7,Saturday,20,8:00pm-8:59pm,29,29,0,This section IS NOT on the NHS,2,Urban,4,Minor Arterial,4,City or Municipal Highway Agency,6,Local Street - Municipality,BETHANY HOME RD,,0,None,33.52401111,33.52401111,-112.191161110,-112.191161110,0,No Special Jurisdiction,8,Pedestrian,0,The First Harmful Event was Not a Collision with a Motor Vehicle in Transport,0,No,1,Non-Junction,1,Not an Intersection,0,None,,,1,On Roadway,3,Dark - Lighted,,,,,1,Clear,0,No,0000000,Not Applicable,99,Unknown,99,Unknown,99,Unknown EMS Scene Arrival Hour,99,Unknown EMS Scene Arrival Minutes,99,Unknown,99,Unknown EMS Hospital Arrival Time,,,,,,,1,
2021,4,40139,Arizona,1,1,0,0,0,1,1,13,MARICOPA (13),60,BUCKEYE,14,14,3,March,2021,1,Sunday,99,Unknown Hours,99,Unknown Minutes,1,This section IS ON the NHS,1,Rural,3,Principal Arterial - Other,1,State Highway Agency,1,Interstate,I-10,,1100,1100,33.43592778,33.43592778,-112.663208330,-112.663208330,0,No Special Jurisdiction,1,Rollover/Overturn,0,The First Harmful Event was Not a Collision with a Motor Vehicle in Transport,0,No,1,Non-Junction,1,Not an Intersection,0,None,,,4,On Roadside,2,Dark - Not Lighted,,,,,1,Clear,0,No,0000000,Not Applicable,6,6:00am-6:59am,17,17,6,6:00am-6:59am,31,31,88,"Not Applicable (Not Transported) ",88,Not Applicable (Not Transported),,,,,,,1,
2021,4,40140,Arizona,1,1,0,1,1,1,1,19,PIMA (19),530,TUCSON,14,14,3,March,2021,1,Sunday,22,10:00pm-10:59pm,34,34,0,This section IS NOT on the NHS,2,Urban,4,Minor Arterial,4,City or Municipal Highway Agency,6,Local Street - Municipality,STONE AVE,,0,None,32.25744167,32.25744167,-110.971977780,-110.971977780,0,No Special Jurisdiction,8,Pedestrian,0,The First Harmful Event was Not a Collision with a Motor Vehicle in Transport,0,No,1,Non-Junction,1,Not an Intersection,0,None,,,1,On Roadway,3,Dark - Lighted,,,,,1,Clear,0,No,0000000,Not Applicable,22,10:00pm-10:59pm,34,34,22,10:00pm-10:59pm,39,39,88,"Not Applicable (Not Transported) ",88,Not Applicable (Not Transported),,,,,,,1,
2021,4,40141,Arizona,2,1,1,0,0,2,2,13,MARICOPA (13),368,PEORIA,15,15,3,March,2021,2,Monday,2,2:00am-2:59am,53,53,0,This section IS NOT on the NHS,2,Urban,4,Minor Arterial,4,City or Municipal Highway Agency,6,Local Street - Municipality,83RD AVE,PEORIA,0,None,33.58307778,33.58307778,-112.237386110,-112.237386110,0,No Special Jurisdiction,33,Curb,0,The First Harmful Event was Not a Collision with a Motor Vehicle in Transport,0,No,3,Intersection-Related,3,T-Intersection,0,None,,,4,On Roadside,3,Dark - Lighted,,,,,1,Clear,0,No,0000000,Not Applicable,2,2:00am-2:59am,54,54,2,2:00am-2:59am,58,58,3,3:00am-3:59am,20,20,,,,,,,1,
2021,4,40142,Arizona,1,1,0,0,0,1,1,13,MARICOPA (13),9997,Other,17,17,3,March,2021,4,Wednesday,16,4:00pm-4:59pm,8,8,0,This section IS NOT on the NHS,2,Urban,4,Minor Arterial,2,County Highway Agency,4,County Road,CR-MERIDIAN RD,,0,None,33.43666667,33.43666667,-111.580672220,-111.580672220,0,No Special Jurisdiction,38,Fence,0,The First Harmful Event was Not a Collision with a Motor Vehicle in Transport,0,No,1,Non-Junction,1,Not an Intersection,0,None,,,4,On Roadside,1,Daylight,,,,,1,Clear,0,No,0000000,Not Applicable,16,4:00pm-4:59pm,8,8,16,4:00pm-4:59pm,24,24,88,"Not Applicable (Not Transported) ",88,Not Applicable (Not Transported),,,,,,,1,
2021,4,40143,Arizona,1,1,0,1,1,1,1,25,YAVAPAI (25),616,YARNELL,17,17,3,March,2021,4,Wednesday,16,4:00pm-4:59pm,40,40,0,This section IS NOT on the NHS,1,Rural,4,Minor Arterial,1,State Highway Agency,3,State Highway,SR-89,,219,219,34.26209167,34.26209167,-112.728088890,-112.728088890,0,No Special Jurisdiction,9,Pedalcyclist,0,The First Harmful Event was Not a Collision with a Motor Vehicle in Transport,0,No,1,Non-Junction,1,Not an Intersection,0,None,,,1,On Roadway,1,Daylight,,,,,1,Clear,0,No,0000000,Not Applicable,16,4:00pm-4:59pm,42,42,17,5:00pm-5:59pm,11,11,88,"Not Applicable (Not Transported) ",88,Not Applicable (Not Transported),,,,,,,1,
2021,4,40144,Arizona,1,1,0,1,1,2,2,13,MARICOPA (13),200,GLENDALE,17,17,3,March,2021,4,Wednesday,19,7:00pm-7:59pm,15,15,0,This section IS NOT on the NHS,2,Urban,4,Minor Arterial,4,City or Municipal Highway Agency,6,Local Street - Municipality,67TH AVE,,0,None,33.56018611,33.56018611,-112.202961110,-112.202961110,0,No Special Jurisdiction,8,Pedestrian,0,The First Harmful Event was Not a Collision with a Motor Vehicle in Transport,0,No,1,Non-Junction,1,Not an Intersection,0,None,,,1,On Roadway,3,Dark - Lighted,,,,,1,Clear,0,No,0000000,Not Applicable,99,Unknown,99,Unknown,99,Unknown EMS Scene Arrival Hour,99,Unknown EMS Scene Arrival Minutes,99,Unknown,99,Unknown EMS Hospital Arrival Time,,,,,,,1,
2021,4,40145,Arizona,1,1,0,1,1,1,1,13,MARICOPA (13),368,PEORIA,17,17,3,March,2021,4,Wednesday,20,8:00pm-8:59pm,19,19,0,This section IS NOT on the NHS,2,Urban,4,Minor Arterial,4,City or Municipal Highway Agency,6,Local Street - Municipality,OLIVE AVE,91ST AVE,0,None,33.56629444,33.56629444,-112.255327780,-112.255327780,0,No Special Jurisdiction,8,Pedestrian,0,The First Harmful Event was Not a Collision with a Motor Vehicle in Transport,0,No,3,Intersection-Related,2,Four-Way Intersection,0,None,,,1,On Roadway,3,Dark - Lighted,,,,,1,Clear,0,No,0000000,Not Applicable,20,8:00pm-8:59pm,19,19,20,8:00pm-8:59pm,25,25,88,"Not Applicable (Not Transported) ",88,Not Applicable (Not Transported),,,,,,,1,
2021,4,40146,Arizona,6,6,0,0,0,7,7,13,MARICOPA (13),420,SCOTTSDALE,18,18,3,March,2021,5,Thursday,9,9:00am-9:59am,35,35,1,This section IS ON the NHS,2,Urban,3,Principal Arterial - Other,4,City or Municipal Highway Agency,6,Local Street - Municipality,SHEA BLVD,HAYDEN RD,0,None,33.58198611,33.58198611,-111.908847220,-111.908847220,0,No Special Jurisdiction,12,Motor Vehicle In-Transport,6,Angle,0,No,2,Intersection,2,Four-Way Intersection,0,None,,,1,On Roadway,1,Daylight,,,,,1,Clear,0,No,0000000,Not Applicable,9,9:00am-9:59am,36,36,9,9:00am-9:59am,38,38,10,10:00am-10:59am,13,13,,,,,,,1,
2021,4,40147,Arizona,6,6,0,0,0,7,7,19,PIMA (19),530,TUCSON,18,18,3,March,2021,5,Thursday,16,4:00pm-4:59pm,18,18,0,This section IS NOT on the NHS,2,Urban,3,Principal Arterial - Other,4,City or Municipal Highway Agency,6,Local Street - Municipality,KOLB RD,BROADWAY BLVD,0,None,32.22121667,32.22121667,-110.841105560,-110.841105560,0,No Special Jurisdiction,12,Motor Vehicle In-Transport,1,Front-to-Rear,0,No,3,Intersection-Related,2,Four-Way Intersection,0,None,,,1,On Roadway,1,Daylight,,,,,1,Clear,0,No,0000000,Not Applicable,16,4:00pm-4:59pm,18,18,16,4:00pm-4:59pm,24,24,88,"Not Applicable (Not Transported) ",88,Not Applicable (Not Transported),,,,,,,1,
2021,4,40148,Arizona,1,1,0,1,1,1,1,19,PIMA (19),530,TUCSON,19,19,3,March,2021,6,Friday,6,6:00am-6:59am,2,2,0,This section IS NOT on the NHS,2,Urban,3,Principal Arterial - Other,3,Town or Township Highway Agency,6,Local Street - Municipality,ALVERNON WAY,,0,None,32.25466111,32.25466111,-110.909763890,-110.909763890,0,No Special Jurisdiction,8,Pedestrian,0,The First Harmful Event was Not a Collision with a Motor Vehicle in Transport,0,No,1,Non-Junction,1,Not an Intersection,0,None,,,11,Continuous Left - Turn Lane,3,Dark - Lighted,,,,,1,Clear,0,No,0000000,Not Applicable,6,6:00am-6:59am,2,2,6,6:00am-6:59am,5,5,6,6:00am-6:59am,40,40,,,,,,,1,
2021,4,40149,Arizona,4,4,0,0,0,5,5,3,COCHISE (3),431,SIERRA VISTA,19,19,3,March,2021,6,Friday,22,10:00pm-10:59pm,30,30,0,This section IS NOT on the NHS,1,Rural,3,Principal Arterial - Other,1,State Highway Agency,3,State Highway,SR-90,,403,403,31.54936111,31.54936111,-110.107102780,-110.107102780,0,No Special Jurisdiction,12,Motor Vehicle In-Transport,2,Front-to-Front,0,No,1,Non-Junction,1,Not an Intersection,0,None,,,1,On Roadway,2,Dark - Not Lighted,,,,,1,Clear,0,No,0000000,Not Applicable,22,10:00pm-10:59pm,30,30,22,10:00pm-10:59pm,45,45,99,Unknown,99,Unknown EMS Hospital Arrival Time,,,,,,,3,
2021,4,40150,Arizona,1,1,0,1,1,1,1,19,PIMA (19),530,TUCSON,19,19,3,March,2021,6,Friday,22,10:00pm-10:59pm,37,37,0,This section IS NOT on the NHS,2,Urban,4,Minor Arterial,4,City or Municipal Highway Agency,6,Local Street - Municipality,PRINCE RD,,0,None,32.27230000,32.27230000,-111.002788890,-111.002788890,0,No Special Jurisdiction,8,Pedestrian,0,The First Harmful Event was Not a Collision with a Motor Vehicle in Transport,0,No,1,Non-Junction,1,Not an Intersection,0,None,,,1,On Roadway,3,Dark - Lighted,,,,,1,Clear,0,No,0000000,Not Applicable,22,10:00pm-10:59pm,37,37,22,10:00pm-10:59pm,42,42,88,"Not Applicable (Not Transported) ",88,Not Applicable (Not Transported),,,,,,,1,
2021,4,40151,Arizona,1,1,0,0,0,1,1,13,MARICOPA (13),290,MESA,20,20,3,March,2021,7,Saturday,3,3:00am-3:59am,52,52,1,This section IS ON the NHS,2,Urban,2,Principal Arterial - Other Freeways and Expressways,1,State Highway Agency,3,State Highway,"SR-202 EXIT RAMP ",GILBERT RD,159,159,33.46481111,33.46481111,-111.787536110,-111.787536110,0,No Special Jurisdiction,23,Bridge Rail (Includes parapet),0,The First Harmful Event was Not a Collision with a Motor Vehicle in Transport,1,Yes,3,Intersection-Related,3,T-Intersection,0,None,,,4,On Roadside,3,Dark - Lighted,,,,,1,Clear,0,No,0000000,Not Applicable,3,3:00am-3:59am,53,53,4,4:00am-4:59am,0,0,88,"Not Applicable (Not Transported) ",88,Not Applicable (Not Transported),,,,,,,1,
2021,4,40152,Arizona,2,2,0,0,0,3,3,13,MARICOPA (13),220,GOODYEAR,20,20,3,March,2021,7,Saturday,13,1:00pm-1:59pm,0,0,0,This section IS NOT on the NHS,1,Rural,4,Minor Arterial,1,State Highway Agency,3,State Highway,SR-238,,59,59,33.05561667,33.05561667,-112.270991670,-112.270991670,0,No Special Jurisdiction,12,Motor Vehicle In-Transport,6,Angle,0,No,1,Non-Junction,1,Not an Intersection,0,None,,,1,On Roadway,1,Daylight,,,,,1,Clear,0,No,0000000,Not Applicable,13,1:00pm-1:59pm,0,0,13,1:00pm-1:59pm,0,0,99,Unknown,99,Unknown EMS Hospital Arrival Time,,,,,,,2,
2021,4,40153,Arizona,1,1,0,1,1,1,1,19,PIMA (19),530,TUCSON,20,20,3,March,2021,7,Saturday,18,6:00pm-6:59pm,17,17,9,Unknown if this section is on the NHS,9,Unknown,99,Unknown,99,Unknown,9,Unknown,E MAINSAIL BLVD,,0,None,32.49620556,32.49620556,-110.922411110,-110.922411110,9,Unknown,9,Pedalcyclist,0,The First Harmful Event was Not a Collision with a Motor Vehicle in Transport,0,No,1,Non-Junction,1,Not an Intersection,0,None,,,1,On Roadway,5,Dusk,,,,,1,Clear,0,No,0000000,Not Applicable,18,6:00pm-6:59pm,21,21,18,6:00pm-6:59pm,30,30,88,"Not Applicable (Not Transported) ",88,Not Applicable (Not Transported),,,,,,,1,
2021,4,40154,Arizona,1,1,0,1,1,1,1,13,MARICOPA (13),370,PHOENIX,20,20,3,March,2021,7,Saturday,22,10:00pm-10:59pm,43,43,0,This section IS NOT on the NHS,2,Urban,4,Minor Arterial,4,City or Municipal Highway Agency,6,Local Street - Municipality,19TH AVE,,0,None,33.39297500,33.39297500,-112.099172220,-112.099172220,0,No Special Jurisdiction,9,Pedalcyclist,0,The First Harmful Event was Not a Collision with a Motor Vehicle in Transport,0,No,1,Non-Junction,1,Not an Intersection,0,None,,,1,On Roadway,3,Dark - Lighted,,,,,1,Clear,0,No,0000000,Not Applicable,22,10:00pm-10:59pm,44,44,22,10:00pm-10:59pm,48,48,23,11:00pm-11:59pm,9,9,,,,,,,1,
2021,4,40155,Arizona,3,3,0,0,0,12,12,17,NAVAJO (17),0,NOT APPLICABLE,21,21,3,March,2021,1,Sunday,13,1:00pm-1:59pm,34,34,0,This section IS NOT on the NHS,1,Rural,5,Major Collector,1,State Highway Agency,3,State Highway,SR-377,,239,239,34.74925278,34.74925278,-110.260319440,-110.260319440,0,No Special Jurisdiction,12,Motor Vehicle In-Transport,2,Front-to-Front,0,No,1,Non-Junction,1,Not an Intersection,0,None,,,1,On Roadway,1,Daylight,,,,,1,Clear,0,No,0000000,Not Applicable,13,1:00pm-1:59pm,36,36,13,1:00pm-1:59pm,45,45,99,Unknown,99,Unknown EMS Hospital Arrival Time,,,,,,,1,
2021,4,40156,Arizona,2,2,0,0,0,5,5,13,MARICOPA (13),370,PHOENIX,24,24,3,March,2021,4,Wednesday,7,7:00am-7:59am,33,33,0,This section IS NOT on the NHS,2,Urban,4,Minor Arterial,4,City or Municipal Highway Agency,6,Local Street - Municipality,THOMAS RD,,0,None,33.47979444,33.47979444,-112.244508330,-112.244508330,0,No Special Jurisdiction,12,Motor Vehicle In-Transport,2,Front-to-Front,0,No,1,Non-Junction,1,Not an Intersection,0,None,,,1,On Roadway,1,Daylight,,,,,1,Clear,0,No,0000000,Not Applicable,7,7:00am-7:59am,33,33,7,7:00am-7:59am,39,39,8,8:00am-8:59am,19,19,,,,,,,1,
2021,4,40157,Arizona,1,1,0,1,1,1,1,19,PIMA (19),530,TUCSON,25,25,3,March,2021,5,Thursday,12,12:00pm-12:59pm,26,26,0,This section IS NOT on the NHS,2,Urban,3,Principal Arterial - Other,4,City or Municipal Highway Agency,6,Local Street - Municipality,BROADWAY BLVD,6TH AVE,0,None,32.22119167,32.22119167,-110.968608330,-110.968608330,0,No Special Jurisdiction,9,Pedalcyclist,0,The First Harmful Event was Not a Collision with a Motor Vehicle in Transport,0,No,3,Intersection-Related,2,Four-Way Intersection,0,None,,,1,On Roadway,1,Daylight,,,,,10,Cloudy,0,No,0000000,Not Applicable,12,12:00pm-12:59pm,26,26,12,12:00pm-12:59pm,36,36,99,Unknown,99,Unknown EMS Hospital Arrival Time,,,,,,,1,
2021,4,40158,Arizona,2,2,0,0,0,4,4,19,PIMA (19),530,TUCSON,25,25,3,March,2021,5,Thursday,13,1:00pm-1:59pm,36,36,0,This section IS NOT on the NHS,2,Urban,4,Minor Arterial,4,City or Municipal Highway Agency,6,Local Street - Municipality,"CAMINO SECO ",OLD SPANISH TRL,0,None,32.21609722,32.21609722,-110.806777780,-110.806777780,0,No Special Jurisdiction,12,Motor Vehicle In-Transport,6,Angle,0,No,2,Intersection,2,Four-Way Intersection,0,None,,,1,On Roadway,1,Daylight,,,,,10,Cloudy,0,No,0000000,Not Applicable,99,Unknown,99,Unknown,99,Unknown EMS Scene Arrival Hour,99,Unknown EMS Scene Arrival Minutes,99,Unknown,99,Unknown EMS Hospital Arrival Time,,,,,,,1,
2021,4,40159,Arizona,2,2,0,0,0,2,2,13,MARICOPA (13),290,MESA,25,25,3,March,2021,5,Thursday,17,5:00pm-5:59pm,36,36,1,This section IS ON the NHS,2,Urban,2,Principal Arterial - Other Freeways and Expressways,1,State Highway Agency,3,State Highway,SR-202,,329,329,33.35144444,33.35144444,-111.644080560,-111.644080560,0,No Special Jurisdiction,12,Motor Vehicle In-Transport,1,Front-to-Rear,0,No,1,Non-Junction,1,Not an Intersection,0,None,,,1,On Roadway,1,Daylight,,,,,10,Cloudy,0,No,0000000,Not Applicable,17,5:00pm-5:59pm,37,37,17,5:00pm-5:59pm,44,44,18,6:00pm-6:59pm,39,39,,,,,,,1,
2021,4,40160,Arizona,1,1,0,0,0,1,1,13,MARICOPA (13),200,GLENDALE,26,26,3,March,2021,6,Friday,0,0:00am-0:59am,5,5,0,This section IS NOT on the NHS,2,Urban,4,Minor Arterial,4,City or Municipal Highway Agency,6,Local Street - Municipality,CAMELBACK RD,,0,None,33.50921667,33.50921667,-112.208958330,-112.208958330,0,No Special Jurisdiction,42,Tree (Standing Only),0,The First Harmful Event was Not a Collision with a Motor Vehicle in Transport,0,No,1,Non-Junction,1,Not an Intersection,0,None,,,4,On Roadside,3,Dark - Lighted,,,,,1,Clear,0,No,0000000,Not Applicable,99,Unknown,99,Unknown,99,Unknown EMS Scene Arrival Hour,99,Unknown EMS Scene Arrival Minutes,99,Unknown,99,Unknown EMS Hospital Arrival Time,,,,,,,1,
2021,4,40161,Arizona,1,1,0,0,0,1,1,7,GILA (7),9997,Other,26,26,3,March,2021,6,Friday,14,2:00pm-2:59pm,44,44,0,This section IS NOT on the NHS,1,Rural,4,Minor Arterial,1,State Highway Agency,3,State Highway,SR-87,,1384,1384,34.28455000,34.28455000,-111.334275000,-111.334275000,0,No Special Jurisdiction,35,Embankment,0,The First Harmful Event was Not a Collision with a Motor Vehicle in Transport,0,No,1,Non-Junction,1,Not an Intersection,0,None,,,4,On Roadside,1,Daylight,,,,,98,Not Reported,0,No,0000000,Not Applicable,14,2:00pm-2:59pm,44,44,14,2:00pm-2:59pm,56,56,15,3:00pm-3:59pm,51,51,,,,,,,1,
2021,4,40162,Arizona,2,2,0,0,0,3,3,13,MARICOPA (13),290,MESA,26,26,3,March,2021,6,Friday,22,10:00pm-10:59pm,26,26,1,This section IS ON the NHS,2,Urban,2,Principal Arterial - Other Freeways and Expressways,1,State Highway Agency,2,U.S. Highway,US-60,,1606,1606,33.38650833,33.38650833,-111.580836110,-111.580836110,0,No Special Jurisdiction,12,Motor Vehicle In-Transport,1,Front-to-Rear,0,No,1,Non-Junction,1,Not an Intersection,0,None,,,1,On Roadway,3,Dark - Lighted,,,,,1,Clear,0,No,0000000,Not Applicable,22,10:00pm-10:59pm,26,26,22,10:00pm-10:59pm,35,35,88,"Not Applicable (Not Transported) ",88,Not Applicable (Not Transported),,,,,,,2,
2021,4,40163,Arizona,2,1,1,2,2,1,1,13,MARICOPA (13),200,GLENDALE,27,27,3,March,2021,7,Saturday,3,3:00am-3:59am,27,27,0,This section IS NOT on the NHS,2,Urban,4,Minor Arterial,4,City or Municipal Highway Agency,6,Local Street - Municipality,GLENDALE AVE,,0,None,33.53813056,33.53813056,-112.210252780,-112.210252780,0,No Special Jurisdiction,8,Pedestrian,0,The First Harmful Event was Not a Collision with a Motor Vehicle in Transport,0,No,1,Non-Junction,1,Not an Intersection,4,"Work Zone, Type Unknown",,,1,On Roadway,3,Dark - Lighted,,,,,1,Clear,0,No,0000000,Not Applicable,99,Unknown,99,Unknown,99,Unknown EMS Scene Arrival Hour,99,Unknown EMS Scene Arrival Minutes,99,Unknown,99,Unknown EMS Hospital Arrival Time,,,,,,,1,
2021,4,40164,Arizona,1,1,0,0,0,1,1,19,PIMA (19),530,TUCSON,27,27,3,March,2021,7,Saturday,23,11:00pm-11:59pm,9,9,1,This section IS ON the NHS,2,Urban,2,Principal Arterial - Other Freeways and Expressways,4,City or Municipal Highway Agency,6,Local Street - Municipality,GOLF LINKS RD,,0,None,32.19273056,32.19273056,-110.904636110,-110.904636110,0,No Special Jurisdiction,33,Curb,0,The First Harmful Event was Not a Collision with a Motor Vehicle in Transport,0,No,1,Non-Junction,1,Not an Intersection,0,None,,,3,On Median,2,Dark - Not Lighted,,,,,1,Clear,0,No,0000000,Not Applicable,23,11:00pm-11:59pm,9,9,23,11:00pm-11:59pm,16,16,88,"Not Applicable (Not Transported) ",88,Not Applicable (Not Transported),,,,,,,1,
2021,4,40166,Arizona,2,2,0,0,0,2,2,13,MARICOPA (13),290,MESA,29,29,3,March,2021,2,Monday,12,12:00pm-12:59pm,5,5,0,This section IS NOT on the NHS,2,Urban,4,Minor Arterial,2,County Highway Agency,4,County Road,CR-UNIVERSITY DR,110TH ST,0,None,33.42232500,33.42232500,-111.593633330,-111.593633330,0,No Special Jurisdiction,12,Motor Vehicle In-Transport,6,Angle,0,No,2,Intersection,2,Four-Way Intersection,0,None,,,1,On Roadway,1,Daylight,,,,,1,Clear,0,No,0000000,Not Applicable,12,12:00pm-12:59pm,5,5,12,12:00pm-12:59pm,14,14,99,Unknown,99,Unknown EMS Hospital Arrival Time,,,,,,,2,
2021,4,40167,Arizona,2,2,0,0,0,3,3,13,MARICOPA (13),200,GLENDALE,30,30,3,March,2021,3,Tuesday,0,0:00am-0:59am,51,51,0,This section IS NOT on the NHS,2,Urban,4,Minor Arterial,4,City or Municipal Highway Agency,6,Local Street - Municipality,99TH AVE,MARYLAND AVE,0,None,33.53013889,33.53013889,-112.272397220,-112.272397220,0,No Special Jurisdiction,12,Motor Vehicle In-Transport,6,Angle,0,No,2,Intersection,2,Four-Way Intersection,0,None,,,1,On Roadway,3,Dark - Lighted,,,,,1,Clear,0,No,0000000,Not Applicable,99,Unknown,99,Unknown,99,Unknown EMS Scene Arrival Hour,99,Unknown EMS Scene Arrival Minutes,99,Unknown,99,Unknown EMS Hospital Arrival Time,,,,,,,1,
2021,4,40168,Arizona,2,2,0,1,1,3,3,13,MARICOPA (13),370,PHOENIX,30,30,3,March,2021,3,Tuesday,6,6:00am-6:59am,40,40,0,This section IS NOT on the NHS,2,Urban,4,Minor Arterial,4,City or Municipal Highway Agency,6,Local Street - Municipality,WASHINGTON ST,40TH ST,0,None,33.44806389,33.44806389,-111.995394440,-111.995394440,0,No Special Jurisdiction,12,Motor Vehicle In-Transport,6,Angle,0,No,2,Intersection,2,Four-Way Intersection,0,None,,,1,On Roadway,1,Daylight,,,,,1,Clear,0,No,0000000,Not Applicable,99,Unknown,99,Unknown,99,Unknown EMS Scene Arrival Hour,99,Unknown EMS Scene Arrival Minutes,99,Unknown,99,Unknown EMS Hospital Arrival Time,,,,,,,1,
2021,4,40171,Arizona,1,1,0,1,1,2,2,13,MARICOPA (13),490,TEMPE,19,19,2,February,2021,6,Friday,17,5:00pm-5:59pm,13,13,0,This section IS NOT on the NHS,2,Urban,4,Minor Arterial,4,City or Municipal Highway Agency,6,Local Street - Municipality,CURRY RD,MARY ST,0,None,33.44049167,33.44049167,-111.923688890,-111.923688890,0,No Special Jurisdiction,9,Pedalcyclist,0,The First Harmful Event was Not a Collision with a Motor Vehicle in Transport,0,No,2,Intersection,3,T-Intersection,0,None,,,1,On Roadway,1,Daylight,,,,,1,Clear,0,No,0000000,Not Applicable,17,5:00pm-5:59pm,18,18,17,5:00pm-5:59pm,22,22,17,5:00pm-5:59pm,34,34,,,,,,,1,
2021,4,40172,Arizona,1,1,0,1,1,1,1,13,MARICOPA (13),490,TEMPE,21,21,2,February,2021,1,Sunday,18,6:00pm-6:59pm,26,26,0,This section IS NOT on the NHS,2,Urban,4,Minor Arterial,4,City or Municipal Highway Agency,6,Local Street - Municipality,BASELINE RD,,0,None,33.37820278,33.37820278,-111.945566670,-111.945566670,0,No Special Jurisdiction,9,Pedalcyclist,0,The First Harmful Event was Not a Collision with a Motor Vehicle in Transport,0,No,1,Non-Junction,1,Not an Intersection,0,None,,,1,On Roadway,5,Dusk,,,,,1,Clear,0,No,0000000,Not Applicable,18,6:00pm-6:59pm,26,26,18,6:00pm-6:59pm,31,31,18,6:00pm-6:59pm,42,42,,,,,,,1,
2021,4,40173,Arizona,2,2,0,0,0,4,4,13,MARICOPA (13),420,SCOTTSDALE,21,21,2,February,2021,1,Sunday,21,9:00pm-9:59pm,48,48,1,This section IS ON the NHS,2,Urban,3,Principal Arterial - Other,4,City or Municipal Highway Agency,6,Local Street - Municipality,SCOTTSDALE RD,CHAPARRAL RD,0,None,33.50955556,33.50955556,-111.926144440,-111.926144440,0,No Special Jurisdiction,12,Motor Vehicle In-Transport,6,Angle,0,No,2,Intersection,4,Y-Intersection,0,None,,,1,On Roadway,3,Dark - Lighted,,,,,1,Clear,0,No,0000000,Not Applicable,21,9:00pm-9:59pm,49,49,21,9:00pm-9:59pm,50,50,22,10:00pm-10:59pm,10,10,,,,,,,1,
2021,4,40174,Arizona,2,2,0,0,0,4,4,25,YAVAPAI (25),386,PRESCOTT,23,23,2,February,2021,3,Tuesday,14,2:00pm-2:59pm,57,57,0,This section IS NOT on the NHS,1,Rural,5,Major Collector,2,County Highway Agency,4,County Road,CR-IRON SPRINGS RD,,0,None,34.58163056,34.58163056,-112.555597220,-112.555597220,0,No Special Jurisdiction,12,Motor Vehicle In-Transport,8,Sideswipe - Opposite Direction,0,No,1,Non-Junction,1,Not an Intersection,0,None,,,1,On Roadway,1,Daylight,,,,,1,Clear,0,No,0000000,Not Applicable,15,3:00pm-3:59pm,0,0,15,3:00pm-3:59pm,4,4,88,"Not Applicable (Not Transported) ",88,Not Applicable (Not Transported),,,,,,,2,
2021,4,40176,Arizona,2,2,0,1,1,3,3,13,MARICOPA (13),370,PHOENIX,24,24,2,February,2021,4,Wednesday,21,9:00pm-9:59pm,29,29,0,This section IS NOT on the NHS,2,Urban,4,Minor Arterial,4,City or Municipal Highway Agency,6,Local Street - Municipality,GLENDALE AVE,,0,None,33.53860278,33.53860278,-112.114761110,-112.114761110,0,No Special Jurisdiction,8,Pedestrian,0,The First Harmful Event was Not a Collision with a Motor Vehicle in Transport,0,No,1,Non-Junction,1,Not an Intersection,0,None,,,1,On Roadway,3,Dark - Lighted,,,,,1,Clear,0,No,0000000,Not Applicable,21,9:00pm-9:59pm,29,29,21,9:00pm-9:59pm,34,34,21,9:00pm-9:59pm,52,52,,,,,,,1,
2021,4,40177,Arizona,1,1,0,1,1,1,1,13,MARICOPA (13),30,AVONDALE,1,1,1,January,2021,6,Friday,2,2:00am-2:59am,14,14,1,This section IS ON the NHS,2,Urban,3,Principal Arterial - Other,1,State Highway Agency,1,Interstate,I-17,,2212,2212,33.76211111,33.76211111,-112.128108330,-112.128108330,0,No Special Jurisdiction,8,Pedestrian,0,The First Harmful Event was Not a Collision with a Motor Vehicle in Transport,0,No,1,Non-Junction,1,Not an Intersection,0,None,,,1,On Roadway,3,Dark - Lighted,,,,,1,Clear,0,No,0000000,Not Applicable,2,2:00am-2:59am,14,14,2,2:00am-2:59am,25,25,88,"Not Applicable (Not Transported) ",88,Not Applicable (Not Transported),,,,,,,1,