caseyear,state,st_case,statename,ve_total,ve_forms,pvh_invl,peds,pernotmvit,permvit,persons,county,countyname,city,cityname,day,dayname,month,monthname,year,day_week,day_weekname,hour,hourname,minute,minutename,nhs,nhsname,rur_urb,rur_urbname,func_sys,func_sysname,rd_owner,rd_ownername,route,routename,tway_id,tway_id2,milept,mileptname,latitude,latitudename,longitud,longitudname,sp_jur,sp_jurname,harm_ev,harm_evname,man_coll,man_collname,reljct1,reljct1name,reljct2,reljct2name,typ_int,typ_intname,wrk_zone,wrk_zonename,road_fnc,road_fncname,rel_road,rel_roadname,lgt_cond,lgt_condname,weather1,weather1name,weather2,weather2name,weather,weathername,sch_bus,sch_busname,rail,railname,not_hour,not_hourname,not_min,not_minname,arr_hour,arr_hourname,arr_min,arr_minname,hosp_hr,hosp_hrname,hosp_mn,hosp_mnname,cf1,cf1name,cf2,cf2name,cf3,cf3name,fatals,drunk_dr
2021,4,40303,Arizona,2,2,0,0,0,2,2,25,YAVAPAI (25),105,CONGRESS,20,20,5,May,2021,5,Thursday,5,5:00am-5:59am,54,54,1,This section IS ON the NHS,1,Rural,3,Principal Arterial - Other,1,State Highway Agency,2,U.S. Highway,US-93,,1811,1811,34.16231944,34.16231944,-113.006552780,-113.006552780,0,No Special Jurisdiction,12,Motor Vehicle In-Transport,2,Front-to-Front,0,No,1,Non-Junction,1,Not an Intersection,0,None,,,1,On Roadway,1,Daylight,,,,,1,Clear,0,No,0000000,Not Applicable,5,5:00am-5:59am,58,58,6,6:00am-6:59am,25,25,99,Unknown,99,Unknown EMS Hospital Arrival Time,,,,,,,1,
2021,4,40304,Arizona,2,2,0,0,0,2,2,21,PINAL (21),487,SUPERIOR,20,20,5,May,2021,5,Thursday,15,3:00pm-3:59pm,9,9,1,This section IS ON the NHS,1,Rural,3,Principal Arterial - Other,1,State Highway Agency,2,U.S. Highway,US-60,,2002,2002,33.32076944,33.32076944,-111.035127780,-111.035127780,0,No Special Jurisdiction,12,Motor Vehicle In-Transport,2,Front-to-Front,0,No,1,Non-Junction,1,Not an Intersection,0,None,,,1,On Roadway,1,Daylight,,,,,1,Clear,0,No,0000000,Not Applicable,15,3:00pm-3:59pm,18,18,15,3:00pm-3:59pm,37,37,88,"Not Applicable (Not Transported) ",88,Not Applicable (Not Transported),,,,,,,1,
2021,4,40305,Arizona,2,2,0,0,0,3,3,17,NAVAJO (17),0,NOT APPLICABLE,20,20,5,May,2021,5,Thursday,17,5:00pm-5:59pm,14,14,1,This section IS ON the NHS,1,Rural,3,Principal Arterial - Other,1,State Highway Agency,3,State Highway,SR-77,,2129,2129,34.83112778,34.83112778,-110.143547220,-110.143547220,0,No Special Jurisdiction,12,Motor Vehicle In-Transport,2,Front-to-Front,0,No,1,Non-Junction,1,Not an Intersection,0,None,,,1,On Roadway,1,Daylight,,,,,10,Cloudy,0,No,0000000,Not Applicable,17,5:00pm-5:59pm,17,17,17,5:00pm-5:59pm,38,38,99,Unknown,99,Unknown EMS Hospital Arrival Time,,,,,,,2,
2021,4,40306,Arizona,1,1,0,1,1,2,2,23,SANTA CRUZ (23),330,NOGALES,20,20,5,May,2021,5,Thursday,20,8:00pm-8:59pm,16,16,1,This section IS ON the NHS,2,Urban,3,Principal Arterial - Other,1,State Highway Agency,1,Interstate,I-19 RAMP,,39,39,31.36199444,31.36199444,-110.943791670,-110.943791670,0,No Special Jurisdiction,8,Pedestrian,0,The First Harmful Event was Not a Collision with a Motor Vehicle in Transport,0,No,20,Entrance/Exit Ramp,1,Not an Intersection,4,"Work Zone, Type Unknown",,,1,On Roadway,3,Dark - Lighted,,,,,10,Cloudy,0,No,0000000,Not Applicable,20,8:00pm-8:59pm,18,18,20,8:00pm-8:59pm,21,21,21,9:00pm-9:59pm,15,15,,,,,,,1,
2021,4,40307,Arizona,2,2,0,0,0,2,2,13,MARICOPA (13),30,AVONDALE,23,23,5,May,2021,1,Sunday,16,4:00pm-4:59pm,15,15,0,This section IS NOT on the NHS,2,Urban,4,Minor Arterial,4,City or Municipal Highway Agency,6,Local Street - Municipality,W MCDOWELL RD,N RANCHO SANTA FE BLVD,0,None,33.46424722,33.46424722,-112.335200000,-112.335200000,0,No Special Jurisdiction,12,Motor Vehicle In-Transport,6,Angle,0,No,2,Intersection,2,Four-Way Intersection,0,None,,,1,On Roadway,1,Daylight,,,,,1,Clear,0,No,0000000,Not Applicable,16,4:00pm-4:59pm,16,16,16,4:00pm-4:59pm,55,55,88,"Not Applicable (Not Transported) ",88,Not Applicable (Not Transported),,,,,,,1,
2021,4,40308,Arizona,2,2,0,0,0,2,2,1,APACHE (1),0,NOT APPLICABLE,23,23,5,May,2021,1,Sunday,16,4:00pm-4:59pm,40,40,0,This section IS NOT on the NHS,1,Rural,5,Major Collector,2,County Highway Agency,4,County Road,CR-5020,,0,None,34.47913333,34.47913333,-109.620130560,-109.620130560,0,No Special Jurisdiction,12,Motor Vehicle In-Transport,8,Sideswipe - Opposite Direction,0,No,1,Non-Junction,1,Not an Intersection,0,None,,,1,On Roadway,1,Daylight,,,,,1,Clear,0,No,0000000,Not Applicable,16,4:00pm-4:59pm,40,40,16,4:00pm-4:59pm,51,51,88,"Not Applicable (Not Transported) ",88,Not Applicable (Not Transported),,,,,,,1,
2021,4,40309,Arizona,1,1,0,0,0,2,2,25,YAVAPAI (25),0,NOT APPLICABLE,24,24,5,May,2021,2,Monday,2,2:00am-2:59am,24,24,1,This section IS ON the NHS,1,Rural,3,Principal Arterial - Other,1,State Highway Agency,1,Interstate,I-17,,480,480,34.05250000,34.05250000,-112.145680560,-112.145680560,0,No Special Jurisdiction,1,Rollover/Overturn,0,The First Harmful Event was Not a Collision with a Motor Vehicle in Transport,0,No,1,Non-Junction,1,Not an Intersection,0,None,,,4,On Roadside,2,Dark - Not Lighted,,,,,1,Clear,0,No,0000000,Not Applicable,2,2:00am-2:59am,30,30,2,2:00am-2:59am,40,40,99,Unknown,99,Unknown EMS Hospital Arrival Time,,,,,,,1,
2021,4,40310,Arizona,1,1,0,1,1,1,1,13,MARICOPA (13),192,FOUNTAIN HILLS,25,25,5,May,2021,3,Tuesday,6,6:00am-6:59am,38,38,0,This section IS NOT on the NHS,2,Urban,5,Major Collector,4,City or Municipal Highway Agency,6,Local Street - Municipality,N MCDOWELL MOUNTAIN RD,,0,None,33.63665833,33.63665833,-111.700788890,-111.700788890,0,No Special Jurisdiction,9,Pedalcyclist,0,The First Harmful Event was Not a Collision with a Motor Vehicle in Transport,0,No,1,Non-Junction,1,Not an Intersection,0,None,,,1,On Roadway,1,Daylight,,,,,1,Clear,0,No,0000000,Not Applicable,6,6:00am-6:59am,38,38,99,Unknown EMS Scene Arrival Hour,99,Unknown EMS Scene Arrival Minutes,88,"Not Applicable (Not Transported) ",88,Not Applicable (Not Transported),,,,,,,1,
2021,4,40311,Arizona,2,2,0,0,0,3,3,13,MARICOPA (13),30,AVONDALE,26,26,5,May,2021,4,Wednesday,12,12:00pm-12:59pm,8,8,0,This section IS NOT on the NHS,2,Urban,4,Minor Arterial,2,County Highway Agency,6,Local Street - Municipality,S AVONDALE BLVD,W BROADWAY RD,0,None,33.40615000,33.40615000,-112.306238890,-112.306238890,0,No Special Jurisdiction,12,Motor Vehicle In-Transport,6,Angle,0,No,2,Intersection,2,Four-Way Intersection,0,None,,,1,On Roadway,1,Daylight,,,,,10,Cloudy,0,No,0000000,Not Applicable,12,12:00pm-12:59pm,11,11,12,12:00pm-12:59pm,15,15,12,12:00pm-12:59pm,51,51,,,,,,,1,
2021,4,40312,Arizona,2,2,0,0,0,7,7,17,NAVAJO (17),430,SNOWFLAKE,26,26,5,May,2021,4,Wednesday,15,3:00pm-3:59pm,30,30,1,This section IS ON the NHS,1,Rural,3,Principal Arterial - Other,1,State Highway Agency,3,State Highway,SR-77,,1969,1969,34.59549722,34.59549722,-110.087263890,-110.087263890,0,No Special Jurisdiction,12,Motor Vehicle In-Transport,2,Front-to-Front,0,No,1,Non-Junction,1,Not an Intersection,0,None,,,1,On Roadway,1,Daylight,,,,,1,Clear,0,No,0000000,Not Applicable,15,3:00pm-3:59pm,35,35,15,3:00pm-3:59pm,50,50,99,Unknown,99,Unknown EMS Hospital Arrival Time,,,,,,,3,
2021,4,40313,Arizona,4,4,0,3,3,4,4,23,SANTA CRUZ (23),529,TUBAC,28,28,5,May,2021,6,Friday,21,9:00pm-9:59pm,6,6,1,This section IS ON the NHS,1,Rural,3,Principal Arterial - Other,1,State Highway Agency,1,Interstate,I-19,,210,210,31.59850278,31.59850278,-111.052352780,-111.052352780,0,No Special Jurisdiction,8,Pedestrian,0,The First Harmful Event was Not a Collision with a Motor Vehicle in Transport,0,No,1,Non-Junction,1,Not an Intersection,0,None,,,2,On Shoulder,3,Dark - Lighted,,,,,1,Clear,0,No,0000000,Not Applicable,21,9:00pm-9:59pm,0,0,21,9:00pm-9:59pm,6,6,99,Unknown,99,Unknown EMS Hospital Arrival Time,,,,,,,1,
2021,4,40314,Arizona,1,1,0,1,1,1,1,23,SANTA CRUZ (23),529,TUBAC,28,28,5,May,2021,6,Friday,22,10:00pm-10:59pm,27,27,1,This section IS ON the NHS,1,Rural,3,Principal Arterial - Other,1,State Highway Agency,1,Interstate,I-19,,230,230,31.62645000,31.62645000,-111.054763890,-111.054763890,0,No Special Jurisdiction,8,Pedestrian,0,The First Harmful Event was Not a Collision with a Motor Vehicle in Transport,0,No,1,Non-Junction,1,Not an Intersection,0,None,,,1,On Roadway,2,Dark - Not Lighted,,,,,1,Clear,0,No,0000000,Not Applicable,22,10:00pm-10:59pm,33,33,22,10:00pm-10:59pm,36,36,88,"Not Applicable (Not Transported) ",88,Not Applicable (Not Transported),,,,,,,1,
2021,4,40315,Arizona,3,3,0,0,0,4,4,13,MARICOPA (13),60,BUCKEYE,29,29,5,May,2021,7,Saturday,7,7:00am-7:59am,58,58,1,This section IS ON the NHS,1,Rural,3,Principal Arterial - Other,1,State Highway Agency,1,Interstate,I-10,,1070,1070,33.44698056,33.44698056,-112.712538890,-112.712538890,0,No Special Jurisdiction,12,Motor Vehicle In-Transport,1,Front-to-Rear,0,No,1,Non-Junction,1,Not an Intersection,0,None,,,1,On Roadway,1,Daylight,,,,,1,Clear,0,No,0000000,Not Applicable,7,7:00am-7:59am,59,59,8,8:00am-8:59am,7,7,88,"Not Applicable (Not Transported) ",88,Not Applicable (Not Transported),,,,,,,1,
2021,4,40316,Arizona,6,6,0,0,0,9,9,13,MARICOPA (13),370,PHOENIX,30,30,5,May,2021,1,Sunday,0,0:00am-0:59am,51,51,1,This section IS ON the NHS,2,Urban,3,Principal Arterial - Other,1,State Highway Agency,1,Interstate,I-17,,230,230,33.70573889,33.70573889,-112.116186110,-112.116186110,0,No Special Jurisdiction,25,Concrete Traffic Barrier,0,The First Harmful Event was Not a Collision with a Motor Vehicle in Transport,0,No,1,Non-Junction,1,Not an Intersection,0,None,,,4,On Roadside,3,Dark - Lighted,,,,,1,Clear,0,No,0000000,Not Applicable,0,0:00am-0:59am,55,55,1,1:00am-1:59am,4,4,99,Unknown,99,Unknown EMS Hospital Arrival Time,,,,,,,2,
2021,4,40317,Arizona,2,2,0,0,0,2,2,21,PINAL (21),110,COOLIDGE,31,31,5,May,2021,2,Monday,0,0:00am-0:59am,57,57,0,This section IS NOT on the NHS,1,Rural,5,Major Collector,1,State Highway Agency,3,State Highway,SR-87,E HANNA RD,71,71,32.82139167,32.82139167,-111.515391670,-111.515391670,0,No Special Jurisdiction,12,Motor Vehicle In-Transport,6,Angle,0,No,2,Intersection,2,Four-Way Intersection,0,None,,,1,On Roadway,2,Dark - Not Lighted,,,,,1,Clear,0,No,0000000,Not Applicable,0,0:00am-0:59am,58,58,1,1:00am-1:59am,18,18,88,"Not Applicable (Not Transported) ",88,Not Applicable (Not Transported),,,,,,,1,
2021,4,40318,Arizona,2,2,0,0,0,2,2,19,PIMA (19),530,TUCSON,27,27,4,April,2021,3,Tuesday,17,5:00pm-5:59pm,56,56,0,This section IS NOT on the NHS,2,Urban,3,Principal Arterial - Other,4,City or Municipal Highway Agency,6,Local Street - Municipality,GOLF LINKS RD E,SARNOFF DR S,0,None,32.19179444,32.19179444,-110.814594440,-110.814594440,0,No Special Jurisdiction,12,Motor Vehicle In-Transport,6,Angle,0,No,2,Intersection,3,T-Intersection,0,None,,,1,On Roadway,1,Daylight,,,,,10,Cloudy,0,No,0000000,Not Applicable,17,5:00pm-5:59pm,56,56,18,6:00pm-6:59pm,0,0,18,6:00pm-6:59pm,6,6,,,,,,,1,
2021,4,40319,Arizona,2,2,0,0,0,3,3,21,PINAL (21),0,NOT APPLICABLE,8,8,1,January,2021,6,Friday,16,4:00pm-4:59pm,28,28,0,This section IS NOT on the NHS,1,Rural,4,Minor Arterial,1,State Highway Agency,9,Unknown,GILBERT RD,,0,None,33.17196944,33.17196944,-111.789750000,-111.789750000,0,No Special Jurisdiction,12,Motor Vehicle In-Transport,2,Front-to-Front,0,No,1,Non-Junction,1,Not an Intersection,0,None,,,1,On Roadway,5,Dusk,,,,,1,Clear,0,No,0000000,Not Applicable,16,4:00pm-4:59pm,28,28,16,4:00pm-4:59pm,35,35,17,5:00pm-5:59pm,0,0,,,,,,,3,
2021,4,40320,Arizona,2,2,0,0,0,2,2,21,PINAL (21),110,COOLIDGE,26,26,1,January,2021,3,Tuesday,12,12:00pm-12:59pm,35,35,0,This section IS NOT on the NHS,1,Rural,4,Minor Arterial,4,City or Municipal Highway Agency,6,Local Street - Municipality,"N SIGNAL PEAK RD ",,0,None,32.99633333,32.99633333,-111.618283330,-111.618283330,0,No Special Jurisdiction,12,Motor Vehicle In-Transport,2,Front-to-Front,0,No,1,Non-Junction,1,Not an Intersection,0,None,,,1,On Roadway,1,Daylight,,,,,10,Cloudy,0,No,0000000,Not Applicable,12,12:00pm-12:59pm,38,38,12,12:00pm-12:59pm,42,42,99,Unknown,99,Unknown EMS Hospital Arrival Time,,,,,,,1,
2021,4,40321,Arizona,2,2,0,0,0,2,2,13,MARICOPA (13),370,PHOENIX,3,3,2,February,2021,4,Wednesday,18,6:00pm-6:59pm,59,59,0,This section IS NOT on the NHS,2,Urban,4,Minor Arterial,4,City or Municipal Highway Agency,6,Local Street - Municipality,W BUCKEYE RD,S 35TH AVE,0,None,33.43685833,33.43685833,-112.134650000,-112.134650000,0,No Special Jurisdiction,12,Motor Vehicle In-Transport,6,Angle,0,No,2,Intersection,2,Four-Way Intersection,0,None,,,1,On Roadway,3,Dark - Lighted,,,,,1,Clear,0,No,0000000,Not Applicable,99,Unknown,99,Unknown,99,Unknown EMS Scene Arrival Hour,99,Unknown EMS Scene Arrival Minutes,99,Unknown,99,Unknown EMS Hospital Arrival Time,,,,,,,1,
2021,4,40322,Arizona,2,2,0,0,0,4,4,13,MARICOPA (13),190,GILBERT,16,16,2,February,2021,3,Tuesday,7,7:00am-7:59am,4,4,0,This section IS NOT on the NHS,2,Urban,3,Principal Arterial - Other,3,Town or Township Highway Agency,5,Local Street - Township,E RIGGS RD,S HIGELY RD,0,None,33.21928333,33.21928333,-111.720488890,-111.720488890,0,No Special Jurisdiction,12,Motor Vehicle In-Transport,6,Angle,0,No,2,Intersection,2,Four-Way Intersection,0,None,,,1,On Roadway,3,Dark - Lighted,,,,,10,Cloudy,0,No,0000000,Not Applicable,99,Unknown,99,Unknown,99,Unknown EMS Scene Arrival Hour,99,Unknown EMS Scene Arrival Minutes,99,Unknown,99,Unknown EMS Hospital Arrival Time,,,,,,,1,
2021,4,40323,Arizona,1,1,0,1,1,1,1,1,APACHE (1),0,NOT APPLICABLE,5,5,2,February,2021,6,Friday,99,Unknown Hours,99,Unknown Minutes,9,Unknown if this section is on the NHS,9,Unknown,99,Unknown,99,Unknown,9,Unknown,CR-520,,99999,Unknown,99.99990000,99.99990000,999.999900000,999.999900000,9,Unknown,8,Pedestrian,0,The First Harmful Event was Not a Collision with a Motor Vehicle in Transport,9,Reported as Unknown,99,Reported as Unknown,99,Reported as Unknown,0,None,,,99,Reported as Unknown,9,Reported as Unknown,,,,,99,Reported as Unknown,0,No,0000000,Not Applicable,99,Unknown,99,Unknown,99,Unknown EMS Scene Arrival Hour,99,Unknown EMS Scene Arrival Minutes,99,Unknown,99,Unknown EMS Hospital Arrival Time,,,,,,,1,
2021,4,40324,Arizona,1,1,0,1,1,1,1,17,NAVAJO (17),0,NOT APPLICABLE,5,5,2,February,2021,6,Friday,18,6:00pm-6:59pm,50,50,0,This section IS NOT on the NHS,1,Rural,4,Minor Arterial,1,State Highway Agency,3,State Highway,SR-264,,572,572,35.84047500,35.84047500,-110.526886110,-110.526886110,0,No Special Jurisdiction,8,Pedestrian,0,The First Harmful Event was Not a Collision with a Motor Vehicle in Transport,9,Reported as Unknown,99,Reported as Unknown,99,Reported as Unknown,0,None,,,99,Reported as Unknown,9,Reported as Unknown,,,,,99,Reported as Unknown,0,No,0000000,Not Applicable,99,Unknown,99,Unknown,99,Unknown EMS Scene Arrival Hour,99,Unknown EMS Scene Arrival Minutes,99,Unknown,99,Unknown EMS Hospital Arrival Time,,,,,,,1,
2021,4,40325,Arizona,1,1,0,1,1,1,1,7,GILA (7),0,NOT APPLICABLE,10,10,2,February,2021,4,Wednesday,99,Unknown Hours,99,Unknown Minutes,0,This section IS NOT on the NHS,2,Urban,5,Major Collector,1,State Highway Agency,3,State Highway,SR-73,,233,233,33.79063889,33.79063889,-110.022338890,-110.022338890,0,No Special Jurisdiction,8,Pedestrian,0,The First Harmful Event was Not a Collision with a Motor Vehicle in Transport,8,Not Reported,98,Not Reported,98,Not Reported,0,None,,,98,Not Reported,8,Not Reported,,,,,98,Not Reported,0,No,0000000,Not Applicable,99,Unknown,99,Unknown,99,Unknown EMS Scene Arrival Hour,99,Unknown EMS Scene Arrival Minutes,99,Unknown,99,Unknown EMS Hospital Arrival Time,,,,,,,1,
2021,4,40326,Arizona,2,2,0,0,0,3,3,13,MARICOPA (13),370,PHOENIX,11,11,2,February,2021,5,Thursday,15,3:00pm-3:59pm,30,30,1,This section IS ON the NHS,2,Urban,3,Principal Arterial - Other,4,City or Municipal Highway Agency,6,Local Street - Municipality,N 51ST AVE,W GROVERS AVE,0,None,33.64720556,33.64720556,-112.168958330,-112.168958330,0,No Special Jurisdiction,12,Motor Vehicle In-Transport,6,Angle,0,No,2,Intersection,2,Four-Way Intersection,0,None,,,1,On Roadway,1,Daylight,,,,,1,Clear,0,No,0000000,Not Applicable,99,Unknown,99,Unknown,99,Unknown EMS Scene Arrival Hour,99,Unknown EMS Scene Arrival Minutes,99,Unknown,99,Unknown EMS Hospital Arrival Time,,,,,,,1,
2021,4,40327,Arizona,1,1,0,1,1,2,2,13,MARICOPA (13),370,PHOENIX,11,11,2,February,2021,5,Thursday,21,9:00pm-9:59pm,36,36,1,This section IS ON the NHS,2,Urban,3,Principal Arterial - Other,4,City or Municipal Highway Agency,6,Local Street - Municipality,W BELL RD,N 19TH AVE,0,None,33.64003056,33.64003056,-112.099913890,-112.099913890,0,No Special Jurisdiction,8,Pedestrian,0,The First Harmful Event was Not a Collision with a Motor Vehicle in Transport,0,No,3,Intersection-Related,2,Four-Way Intersection,0,None,,,1,On Roadway,3,Dark - Lighted,,,,,1,Clear,0,No,0000000,Not Applicable,99,Unknown,99,Unknown,99,Unknown EMS Scene Arrival Hour,99,Unknown EMS Scene Arrival Minutes,99,Unknown,99,Unknown EMS Hospital Arrival Time,,,,,,,1,
2021,4,40328,Arizona,1,1,0,0,0,1,1,13,MARICOPA (13),370,PHOENIX,12,12,2,February,2021,6,Friday,19,7:00pm-7:59pm,17,17,0,This section IS NOT on the NHS,2,Urban,4,Minor Arterial,4,City or Municipal Highway Agency,6,Local Street - Municipality,W CAMELBACK RD,,0,None,33.50822500,33.50822500,-112.286241670,-112.286241670,0,No Special Jurisdiction,1,Rollover/Overturn,0,The First Harmful Event was Not a Collision with a Motor Vehicle in Transport,0,No,1,Non-Junction,1,Not an Intersection,0,None,,,1,On Roadway,5,Dusk,,,,,98,Not Reported,0,No,0000000,Not Applicable,99,Unknown,99,Unknown,99,Unknown EMS Scene Arrival Hour,99,Unknown EMS Scene Arrival Minutes,99,Unknown,99,Unknown EMS Hospital Arrival Time,,,,,,,1,
2021,4,40329,Arizona,1,1,0,1,1,1,1,13,MARICOPA (13),370,PHOENIX,15,15,2,February,2021,2,Monday,7,7:00am-7:59am,3,3,0,This section IS NOT on the NHS,2,Urban,4,Minor Arterial,4,City or Municipal Highway Agency,6,Local Street - Municipality,W CAMELBACK RD,,0,None,33.48057778,33.48057778,-112.134969440,-112.134969440,0,No Special Jurisdiction,8,Pedestrian,0,The First Harmful Event was Not a Collision with a Motor Vehicle in Transport,0,No,4,Driveway Access,1,Not an Intersection,0,None,,,1,On Roadway,4,Dawn,,,,,98,Not Reported,0,No,0000000,Not Applicable,99,Unknown,99,Unknown,99,Unknown EMS Scene Arrival Hour,99,Unknown EMS Scene Arrival Minutes,99,Unknown,99,Unknown EMS Hospital Arrival Time,,,,,,,1,
2021,4,40331,Arizona,1,1,0,1,1,3,3,13,MARICOPA (13),370,PHOENIX,20,20,2,February,2021,7,Saturday,19,7:00pm-7:59pm,25,25,1,This section IS ON the NHS,2,Urban,3,Principal Arterial - Other,4,City or Municipal Highway Agency,6,Local Street - Municipality,7TH ST,E MCDOWELL RD,0,None,33.46576944,33.46576944,-112.065311110,-112.065311110,0,No Special Jurisdiction,8,Pedestrian,0,The First Harmful Event was Not a Collision with a Motor Vehicle in Transport,0,No,3,Intersection-Related,2,Four-Way Intersection,0,None,,,1,On Roadway,6,Dark - Unknown Lighting,,,,,98,Not Reported,0,No,0000000,Not Applicable,99,Unknown,99,Unknown,99,Unknown EMS Scene Arrival Hour,99,Unknown EMS Scene Arrival Minutes,99,Unknown,99,Unknown EMS Hospital Arrival Time,,,,,,,1,
2021,4,40332,Arizona,1,1,0,1,1,4,4,13,MARICOPA (13),370,PHOENIX,20,20,2,February,2021,7,Saturday,20,8:00pm-8:59pm,22,22,0,This section IS NOT on the NHS,2,Urban,4,Minor Arterial,4,City or Municipal Highway Agency,6,Local Street - Municipality,E GREENWAY RD,,0,None,33.63166667,33.63166667,-112.029386110,-112.029386110,0,No Special Jurisdiction,8,Pedestrian,0,The First Harmful Event was Not a Collision with a Motor Vehicle in Transport,0,No,1,Non-Junction,1,Not an Intersection,0,None,,,1,On Roadway,6,Dark - Unknown Lighting,,,,,98,Not Reported,0,No,0000000,Not Applicable,99,Unknown,99,Unknown,99,Unknown EMS Scene Arrival Hour,99,Unknown EMS Scene Arrival Minutes,88,"Not Applicable (Not Transported) ",88,Not Applicable (Not Transported),,,,,,,1,
2021,4,40333,Arizona,1,1,0,0,0,4,4,21,PINAL (21),0,NOT APPLICABLE,22,22,2,February,2021,2,Monday,0,0:00am-0:59am,8,8,1,This section IS ON the NHS,2,Urban,3,Principal Arterial - Other,1,State Highway Agency,3,State Highway,SR-347,W FARRELL RD,101,101,33.02936944,33.02936944,-112.047702780,-112.047702780,0,No Special Jurisdiction,46,Traffic Signal Support,0,The First Harmful Event was Not a Collision with a Motor Vehicle in Transport,0,No,3,Intersection-Related,2,Four-Way Intersection,0,None,,,4,On Roadside,6,Dark - Unknown Lighting,,,,,98,Not Reported,0,No,0000000,Not Applicable,99,Unknown,99,Unknown,99,Unknown EMS Scene Arrival Hour,99,Unknown EMS Scene Arrival Minutes,99,Unknown,99,Unknown EMS Hospital Arrival Time,,,,,,,2,
2021,4,40334,Arizona,1,1,0,0,0,2,2,21,PINAL (21),0,NOT APPLICABLE,22,22,2,February,2021,2,Monday,0,0:00am-0:59am,15,15,0,This section IS NOT on the NHS,1,Rural,5,Major Collector,62,Bureau of Indian Affairs,8,Other,CHUICHU RD,,0,None,32.62450833,32.62450833,-111.883241670,-111.883241670,0,No Special Jurisdiction,99,Reported as Unknown,99,Reported as Unknown,8,Not Reported,98,Not Reported,98,Not Reported,0,None,,,98,Not Reported,6,Dark - Unknown Lighting,,,,,98,Not Reported,0,No,0000000,Not Applicable,99,Unknown,99,Unknown,99,Unknown EMS Scene Arrival Hour,99,Unknown EMS Scene Arrival Minutes,99,Unknown,99,Unknown EMS Hospital Arrival Time,,,,,,,2,
2021,4,40335,Arizona,2,2,0,1,1,3,3,13,MARICOPA (13),370,PHOENIX,23,23,2,February,2021,3,Tuesday,19,7:00pm-7:59pm,47,47,0,This section IS NOT on the NHS,2,Urban,4,Minor Arterial,4,City or Municipal Highway Agency,6,Local Street - Municipality,THOMAS RD,N 31ST AVE,0,None,33.48042500,33.48042500,-112.126144440,-112.126144440,0,No Special Jurisdiction,12,Motor Vehicle In-Transport,6,Angle,0,No,3,Intersection-Related,2,Four-Way Intersection,0,None,,,1,On Roadway,2,Dark - Not Lighted,,,,,1,Clear,0,No,0000000,Not Applicable,99,Unknown,99,Unknown,99,Unknown EMS Scene Arrival Hour,99,Unknown EMS Scene Arrival Minutes,99,Unknown,99,Unknown EMS Hospital Arrival Time,,,,,,,1,
2021,4,40336,Arizona,1,1,0,0,0,1,1,17,NAVAJO (17),0,NOT APPLICABLE,23,23,2,February,2021,3,Tuesday,23,11:00pm-11:59pm,5,5,9,Unknown if this section is on the NHS,9,Unknown,99,Unknown,99,Unknown,9,Unknown,BIA 59,,99999,Unknown,77.77770000,77.77770000,777.777700000,777.777700000,3,Indian Reservation,1,Rollover/Overturn,0,The First Harmful Event was Not a Collision with a Motor Vehicle in Transport,8,Not Reported,98,Not Reported,98,Not Reported,0,None,,,98,Not Reported,6,Dark - Unknown Lighting,,,,,98,Not Reported,0,No,0000000,Not Applicable,99,Unknown,99,Unknown,99,Unknown EMS Scene Arrival Hour,99,Unknown EMS Scene Arrival Minutes,99,Unknown,99,Unknown EMS Hospital Arrival Time,,,,,,,1,
2021,4,40337,Arizona,1,1,0,0,0,1,1,27,YUMA (27),620,YUMA,25,25,2,February,2021,5,Thursday,13,1:00pm-1:59pm,59,59,0,This section IS NOT on the NHS,2,Urban,4,Minor Arterial,4,City or Municipal Highway Agency,6,Local Street - Municipality,S AVENUE 3E,,0,None,77.77770000,77.77770000,777.777700000,777.777700000,0,No Special Jurisdiction,1,Rollover/Overturn,0,The First Harmful Event was Not a Collision with a Motor Vehicle in Transport,0,No,98,Not Reported,98,Not Reported,0,None,,,99,Reported as Unknown,1,Daylight,,,,,98,Not Reported,0,No,0000000,Not Applicable,99,Unknown,99,Unknown,99,Unknown EMS Scene Arrival Hour,99,Unknown EMS Scene Arrival Minutes,99,Unknown,99,Unknown EMS Hospital Arrival Time,,,,,,,1,
2021,4,40338,Arizona,1,1,0,0,0,1,1,15,MOHAVE (15),260,KINGMAN,26,26,2,February,2021,6,Friday,99,Unknown Hours,99,Unknown Minutes,0,This section IS NOT on the NHS,8,Not Reported,98,Not Reported,98,Not Reported,9,Unknown,E HEARNE AVE,,0,None,77.77770000,77.77770000,777.777700000,777.777700000,0,No Special Jurisdiction,99,Reported as Unknown,98,Not Reported,8,Not Reported,98,Not Reported,98,Not Reported,0,None,,,98,Not Reported,8,Not Reported,,,,,98,Not Reported,0,No,0000000,Not Applicable,99,Unknown,98,Unknown if Notified,99,Unknown EMS Scene Arrival Hour,98,Unknown if Arrived,99,Unknown,98,Unknown if Transported,,,,,,,1,
2021,4,40339,Arizona,3,3,0,0,0,3,3,13,MARICOPA (13),80,CHANDLER,26,26,2,February,2021,6,Friday,12,12:00pm-12:59pm,52,52,0,This section IS NOT on the NHS,2,Urban,3,Principal Arterial - Other,4,City or Municipal Highway Agency,6,Local Street - Municipality,E RIGGS RD,S VAL VISTA DR,0,None,33.21926667,33.21926667,-111.755441670,-111.755441670,0,No Special Jurisdiction,12,Motor Vehicle In-Transport,6,Angle,0,No,2,Intersection,2,Four-Way Intersection,0,None,,,1,On Roadway,1,Daylight,,,,,1,Clear,0,No,0000000,Not Applicable,12,12:00pm-12:59pm,57,57,13,1:00pm-1:59pm,1,1,13,1:00pm-1:59pm,41,41,,,,,,,1,