caseyear,state,st_case,statename,ve_total,ve_forms,pvh_invl,peds,pernotmvit,permvit,persons,county,countyname,city,cityname,day,dayname,month,monthname,year,day_week,day_weekname,hour,hourname,minute,minutename,nhs,nhsname,rur_urb,rur_urbname,func_sys,func_sysname,rd_owner,rd_ownername,route,routename,tway_id,tway_id2,milept,mileptname,latitude,latitudename,longitud,longitudname,sp_jur,sp_jurname,harm_ev,harm_evname,man_coll,man_collname,reljct1,reljct1name,reljct2,reljct2name,typ_int,typ_intname,wrk_zone,wrk_zonename,road_fnc,road_fncname,rel_road,rel_roadname,lgt_cond,lgt_condname,weather1,weather1name,weather2,weather2name,weather,weathername,sch_bus,sch_busname,rail,railname,not_hour,not_hourname,not_min,not_minname,arr_hour,arr_hourname,arr_min,arr_minname,hosp_hr,hosp_hrname,hosp_mn,hosp_mnname,cf1,cf1name,cf2,cf2name,cf3,cf3name,fatals,drunk_dr
2021,4,40378,Arizona,1,1,0,1,1,1,1,13,MARICOPA (13),370,PHOENIX,4,4,4,April,2021,1,Sunday,21,9:00pm-9:59pm,34,34,0,This section IS NOT on the NHS,2,Urban,4,Minor Arterial,4,City or Municipal Highway Agency,6,Local Street - Municipality,E MCDWOWLL RD,,0,None,33.46579444,33.46579444,-112.015855560,-112.015855560,0,No Special Jurisdiction,8,Pedestrian,0,The First Harmful Event was Not a Collision with a Motor Vehicle in Transport,0,No,1,Non-Junction,1,Not an Intersection,0,None,,,1,On Roadway,9,Reported as Unknown,,,,,98,Not Reported,0,No,0000000,Not Applicable,99,Unknown,99,Unknown,99,Unknown EMS Scene Arrival Hour,99,Unknown EMS Scene Arrival Minutes,88,"Not Applicable (Not Transported) ",88,Not Applicable (Not Transported),,,,,,,1,
2021,4,40379,Arizona,1,1,0,1,1,1,1,13,MARICOPA (13),370,PHOENIX,4,4,4,April,2021,1,Sunday,23,11:00pm-11:59pm,23,23,0,This section IS NOT on the NHS,2,Urban,4,Minor Arterial,4,City or Municipal Highway Agency,6,Local Street - Municipality,E CAMELBACK RD,,0,None,33.50920000,33.50920000,-112.064172220,-112.064172220,0,No Special Jurisdiction,8,Pedestrian,0,The First Harmful Event was Not a Collision with a Motor Vehicle in Transport,0,No,1,Non-Junction,1,Not an Intersection,0,None,,,1,On Roadway,3,Dark - Lighted,,,,,1,Clear,0,No,0000000,Not Applicable,99,Unknown,99,Unknown,99,Unknown EMS Scene Arrival Hour,99,Unknown EMS Scene Arrival Minutes,99,Unknown,99,Unknown EMS Hospital Arrival Time,,,,,,,1,
2021,4,40380,Arizona,1,1,0,0,0,2,2,21,PINAL (21),0,NOT APPLICABLE,6,6,4,April,2021,3,Tuesday,8,8:00am-8:59am,30,30,9,Unknown if this section is on the NHS,9,Unknown,99,Unknown,99,Unknown,9,Unknown,W RIGGS RD,,0,None,99.99990000,99.99990000,999.999900000,999.999900000,9,Unknown,1,Rollover/Overturn,0,The First Harmful Event was Not a Collision with a Motor Vehicle in Transport,0,No,98,Not Reported,98,Not Reported,0,None,,,98,Not Reported,1,Daylight,,,,,98,Not Reported,0,No,0000000,Not Applicable,99,Unknown,99,Unknown,99,Unknown EMS Scene Arrival Hour,99,Unknown EMS Scene Arrival Minutes,88,"Not Applicable (Not Transported) ",88,Not Applicable (Not Transported),,,,,,,1,
2021,4,40381,Arizona,1,1,0,0,0,1,1,3,COCHISE (3),40,BENSON,6,6,4,April,2021,3,Tuesday,18,6:00pm-6:59pm,40,40,9,Unknown if this section is on the NHS,8,Not Reported,98,Not Reported,98,Not Reported,9,Unknown,E 4TH ST,,0,None,77.77770000,77.77770000,777.777700000,777.777700000,9,Unknown,99,Reported as Unknown,99,Reported as Unknown,8,Not Reported,98,Not Reported,98,Not Reported,0,None,,,98,Not Reported,8,Not Reported,,,,,98,Not Reported,0,No,0000000,Not Applicable,99,Unknown,98,Unknown if Notified,99,Unknown EMS Scene Arrival Hour,98,Unknown if Arrived,88,"Not Applicable (Not Transported) ",88,Not Applicable (Not Transported),,,,,,,1,
2021,4,40382,Arizona,2,2,0,0,0,2,2,13,MARICOPA (13),370,PHOENIX,10,10,4,April,2021,7,Saturday,5,5:00am-5:59am,2,2,0,This section IS NOT on the NHS,2,Urban,4,Minor Arterial,4,City or Municipal Highway Agency,6,Local Street - Municipality,S 19TH AVE,W GRANT ST,0,None,33.44130833,33.44130833,-112.100019440,-112.100019440,0,No Special Jurisdiction,12,Motor Vehicle In-Transport,6,Angle,0,No,2,Intersection,2,Four-Way Intersection,0,None,,,1,On Roadway,3,Dark - Lighted,,,,,1,Clear,0,No,0000000,Not Applicable,99,Unknown,99,Unknown,99,Unknown EMS Scene Arrival Hour,99,Unknown EMS Scene Arrival Minutes,88,"Not Applicable (Not Transported) ",88,Not Applicable (Not Transported),,,,,,,1,
2021,4,40383,Arizona,1,1,0,0,0,2,2,3,COCHISE (3),0,NOT APPLICABLE,14,14,4,April,2021,4,Wednesday,23,11:00pm-11:59pm,0,0,0,This section IS NOT on the NHS,2,Urban,7,Local,2,County Highway Agency,9,Unknown,N SAN XAVIER RD,,0,None,31.57105000,31.57105000,-110.259022220,-110.259022220,0,No Special Jurisdiction,39,Wall,0,The First Harmful Event was Not a Collision with a Motor Vehicle in Transport,0,No,1,Non-Junction,1,Not an Intersection,0,None,,,4,On Roadside,6,Dark - Unknown Lighting,,,,,98,Not Reported,0,No,0000000,Not Applicable,99,Unknown,99,Unknown,99,Unknown EMS Scene Arrival Hour,99,Unknown EMS Scene Arrival Minutes,88,"Not Applicable (Not Transported) ",88,Not Applicable (Not Transported),,,,,,,2,
2021,4,40384,Arizona,2,2,0,0,0,2,2,21,PINAL (21),0,NOT APPLICABLE,16,16,4,April,2021,6,Friday,16,4:00pm-4:59pm,4,4,0,This section IS NOT on the NHS,1,Rural,5,Major Collector,2,County Highway Agency,4,County Road,CR-W PAPAGO RD,N WHITE RD,0,None,32.98527222,32.98527222,-112.100088890,-112.100088890,0,No Special Jurisdiction,12,Motor Vehicle In-Transport,6,Angle,0,No,2,Intersection,2,Four-Way Intersection,0,None,,,1,On Roadway,1,Daylight,,,,,98,Not Reported,0,No,0000000,Not Applicable,99,Unknown,99,Unknown,99,Unknown EMS Scene Arrival Hour,99,Unknown EMS Scene Arrival Minutes,99,Unknown,99,Unknown EMS Hospital Arrival Time,,,,,,,1,
2021,4,40385,Arizona,1,1,0,1,1,1,1,13,MARICOPA (13),370,PHOENIX,19,19,4,April,2021,2,Monday,21,9:00pm-9:59pm,44,44,0,This section IS NOT on the NHS,2,Urban,4,Minor Arterial,4,City or Municipal Highway Agency,6,Local Street - Municipality,MCDOWELL RD,,0,None,33.46592500,33.46592500,-112.200411110,-112.200411110,0,No Special Jurisdiction,8,Pedestrian,0,The First Harmful Event was Not a Collision with a Motor Vehicle in Transport,0,No,1,Non-Junction,1,Not an Intersection,0,None,,,1,On Roadway,3,Dark - Lighted,,,,,98,Not Reported,0,No,0000000,Not Applicable,99,Unknown,99,Unknown,99,Unknown EMS Scene Arrival Hour,99,Unknown EMS Scene Arrival Minutes,99,Unknown,99,Unknown EMS Hospital Arrival Time,,,,,,,1,
2021,4,40386,Arizona,2,2,0,0,0,4,4,13,MARICOPA (13),370,PHOENIX,20,20,4,April,2021,3,Tuesday,12,12:00pm-12:59pm,37,37,0,This section IS NOT on the NHS,2,Urban,4,Minor Arterial,4,City or Municipal Highway Agency,6,Local Street - Municipality,E BROADWAY RD,,0,None,33.40758056,33.40758056,-111.923666670,-111.923666670,0,No Special Jurisdiction,12,Motor Vehicle In-Transport,6,Angle,0,No,1,Non-Junction,1,Not an Intersection,0,None,,,1,On Roadway,1,Daylight,,,,,1,Clear,0,No,0000000,Not Applicable,12,12:00pm-12:59pm,39,39,12,12:00pm-12:59pm,44,44,99,Unknown,99,Unknown EMS Hospital Arrival Time,,,,,,,1,
2021,4,40387,Arizona,1,1,0,0,0,1,1,13,MARICOPA (13),370,PHOENIX,24,24,4,April,2021,7,Saturday,1,1:00am-1:59am,11,11,0,This section IS NOT on the NHS,2,Urban,4,Minor Arterial,4,City or Municipal Highway Agency,6,Local Street - Municipality,N 19TH AVE,I-10  ENTRANCE RAMP,0,None,33.46109167,33.46109167,-112.100044440,-112.100044440,0,No Special Jurisdiction,30,Utility Pole/Light Support,0,The First Harmful Event was Not a Collision with a Motor Vehicle in Transport,1,Yes,3,Intersection-Related,3,T-Intersection,0,None,,,3,On Median,3,Dark - Lighted,,,,,98,Not Reported,0,No,0000000,Not Applicable,99,Unknown,99,Unknown,99,Unknown EMS Scene Arrival Hour,99,Unknown EMS Scene Arrival Minutes,99,Unknown,99,Unknown EMS Hospital Arrival Time,,,,,,,1,
2021,4,40389,Arizona,1,1,0,0,0,1,1,1,APACHE (1),0,NOT APPLICABLE,24,24,4,April,2021,7,Saturday,15,3:00pm-3:59pm,40,40,0,This section IS NOT on the NHS,1,Rural,4,Minor Arterial,1,State Highway Agency,3,State Highway,SR-264,,1472,1472,35.69004722,35.69004722,-109.254227780,-109.254227780,0,No Special Jurisdiction,1,Rollover/Overturn,0,The First Harmful Event was Not a Collision with a Motor Vehicle in Transport,0,No,98,Not Reported,98,Not Reported,0,None,,,98,Not Reported,8,Not Reported,,,,,98,Not Reported,0,No,0000000,Not Applicable,99,Unknown,99,Unknown,99,Unknown EMS Scene Arrival Hour,99,Unknown EMS Scene Arrival Minutes,88,"Not Applicable (Not Transported) ",88,Not Applicable (Not Transported),,,,,,,1,
2021,4,40390,Arizona,2,2,0,1,1,2,2,13,MARICOPA (13),370,PHOENIX,25,25,4,April,2021,1,Sunday,19,7:00pm-7:59pm,59,59,0,This section IS NOT on the NHS,2,Urban,5,Major Collector,4,City or Municipal Highway Agency,6,Local Street - Municipality,N 23RD AVE,,0,None,33.58953333,33.58953333,-112.108072220,-112.108072220,0,No Special Jurisdiction,9,Pedalcyclist,0,The First Harmful Event was Not a Collision with a Motor Vehicle in Transport,0,No,1,Non-Junction,1,Not an Intersection,0,None,,,1,On Roadway,3,Dark - Lighted,,,,,98,Not Reported,0,No,0000000,Not Applicable,99,Unknown,99,Unknown,99,Unknown EMS Scene Arrival Hour,99,Unknown EMS Scene Arrival Minutes,99,Unknown,99,Unknown EMS Hospital Arrival Time,,,,,,,1,
2021,4,40391,Arizona,1,1,0,1,1,1,1,13,MARICOPA (13),263,LITCHFIELD PARK,2,2,5,May,2021,1,Sunday,10,10:00am-10:59am,17,17,0,This section IS NOT on the NHS,2,Urban,4,Minor Arterial,2,County Highway Agency,4,County Road,CR-N 127TH AVE,W SAN MIGUEL AVE,0,None,33.51644444,33.51644444,-112.332494440,-112.332494440,0,No Special Jurisdiction,9,Pedalcyclist,0,The First Harmful Event was Not a Collision with a Motor Vehicle in Transport,0,No,3,Intersection-Related,98,Not Reported,0,None,,,1,On Roadway,1,Daylight,,,,,1,Clear,0,No,0000000,Not Applicable,10,10:00am-10:59am,17,17,10,10:00am-10:59am,27,27,88,"Not Applicable (Not Transported) ",88,Not Applicable (Not Transported),,,,,,,1,
2021,4,40392,Arizona,1,1,0,0,0,1,1,13,MARICOPA (13),30,AVONDALE,6,6,5,May,2021,5,Thursday,2,2:00am-2:59am,53,53,0,This section IS NOT on the NHS,2,Urban,4,Minor Arterial,4,City or Municipal Highway Agency,6,Local Street - Municipality,W MCDOWELL RD,N RANCHO SANTA FE BLVD,0,None,33.46418889,33.46418889,-112.335183330,-112.335183330,0,No Special Jurisdiction,33,Curb,0,The First Harmful Event was Not a Collision with a Motor Vehicle in Transport,0,No,3,Intersection-Related,2,Four-Way Intersection,0,None,,,4,On Roadside,3,Dark - Lighted,,,,,1,Clear,0,No,0000000,Not Applicable,2,2:00am-2:59am,54,54,3,3:00am-3:59am,2,2,99,Unknown,99,Unknown EMS Hospital Arrival Time,,,,,,,1,
2021,4,40394,Arizona,2,2,0,0,0,4,4,13,MARICOPA (13),388,QUEEN CREEK,6,6,5,May,2021,5,Thursday,22,10:00pm-10:59pm,50,50,0,This section IS NOT on the NHS,2,Urban,4,Minor Arterial,3,Town or Township Highway Agency,5,Local Street - Township,S RITTENHOUSE RD,S ELLSWORTH RD,0,None,33.25582778,33.25582778,-111.634602780,-111.634602780,0,No Special Jurisdiction,12,Motor Vehicle In-Transport,6,Angle,0,No,2,Intersection,4,Y-Intersection,0,None,,,1,On Roadway,3,Dark - Lighted,,,,,1,Clear,0,No,0000000,Not Applicable,22,10:00pm-10:59pm,51,51,23,11:00pm-11:59pm,0,0,99,Unknown,99,Unknown EMS Hospital Arrival Time,,,,,,,1,
2021,4,40395,Arizona,1,1,0,0,0,2,2,21,PINAL (21),0,NOT APPLICABLE,15,15,5,May,2021,7,Saturday,11,11:00am-11:59am,42,42,0,This section IS NOT on the NHS,1,Rural,5,Major Collector,2,County Highway Agency,6,Local Street - Municipality,W WARREN RD,,0,None,32.98547222,32.98547222,-112.132830560,-112.132830560,0,No Special Jurisdiction,35,Embankment,0,The First Harmful Event was Not a Collision with a Motor Vehicle in Transport,0,No,1,Non-Junction,1,Not an Intersection,0,None,,,4,On Roadside,1,Daylight,,,,,1,Clear,0,No,0000000,Not Applicable,11,11:00am-11:59am,44,44,12,12:00pm-12:59pm,0,0,99,Unknown,99,Unknown EMS Hospital Arrival Time,,,,,,,1,
2021,4,40396,Arizona,1,1,0,0,0,2,2,13,MARICOPA (13),190,GILBERT,16,16,5,May,2021,1,Sunday,23,11:00pm-11:59pm,32,32,0,This section IS NOT on the NHS,2,Urban,4,Minor Arterial,3,Town or Township Highway Agency,5,Local Street - Township,N GILBERT RD,E GUADALUPE RD,0,None,33.36460278,33.36460278,-111.790052780,-111.790052780,0,No Special Jurisdiction,33,Curb,0,The First Harmful Event was Not a Collision with a Motor Vehicle in Transport,0,No,3,Intersection-Related,2,Four-Way Intersection,0,None,,,4,On Roadside,3,Dark - Lighted,,,,,1,Clear,0,No,0000000,Not Applicable,99,Unknown,99,Unknown,99,Unknown EMS Scene Arrival Hour,99,Unknown EMS Scene Arrival Minutes,99,Unknown,99,Unknown EMS Hospital Arrival Time,,,,,,,1,
2021,4,40397,Arizona,2,2,0,0,0,2,2,5,COCONINO (5),170,FLAGSTAFF,26,26,5,May,2021,4,Wednesday,20,8:00pm-8:59pm,13,13,0,This section IS NOT on the NHS,2,Urban,5,Major Collector,4,City or Municipal Highway Agency,9,Unknown,E ROUTE 66,,0,None,35.22114722,35.22114722,-111.570666670,-111.570666670,0,No Special Jurisdiction,12,Motor Vehicle In-Transport,1,Front-to-Rear,0,No,1,Non-Junction,1,Not an Intersection,0,None,,,1,On Roadway,2,Dark - Not Lighted,,,,,10,Cloudy,0,No,0000000,Not Applicable,99,Unknown,99,Unknown,99,Unknown EMS Scene Arrival Hour,99,Unknown EMS Scene Arrival Minutes,88,"Not Applicable (Not Transported) ",88,Not Applicable (Not Transported),,,,,,,1,
2021,4,40398,Arizona,1,1,0,1,1,1,1,13,MARICOPA (13),370,PHOENIX,28,28,5,May,2021,6,Friday,3,3:00am-3:59am,38,38,0,This section IS NOT on the NHS,2,Urban,4,Minor Arterial,4,City or Municipal Highway Agency,6,Local Street - Municipality,W BETHANY HOME RD,,0,None,33.52397500,33.52397500,-112.136222220,-112.136222220,0,No Special Jurisdiction,8,Pedestrian,0,The First Harmful Event was Not a Collision with a Motor Vehicle in Transport,0,No,1,Non-Junction,1,Not an Intersection,0,None,,,11,Continuous Left - Turn Lane,3,Dark - Lighted,,,,,1,Clear,0,No,0000000,Not Applicable,99,Unknown,99,Unknown,99,Unknown EMS Scene Arrival Hour,99,Unknown EMS Scene Arrival Minutes,99,Unknown,99,Unknown EMS Hospital Arrival Time,,,,,,,1,
2021,4,40399,Arizona,2,2,0,0,0,5,5,13,MARICOPA (13),30,AVONDALE,30,30,5,May,2021,1,Sunday,18,6:00pm-6:59pm,53,53,0,This section IS NOT on the NHS,2,Urban,4,Minor Arterial,2,County Highway Agency,6,Local Street - Municipality,W LOWER BUCKEYE RD,S AVONDALE BLVD,0,None,33.42065833,33.42065833,-112.306722220,-112.306722220,0,No Special Jurisdiction,12,Motor Vehicle In-Transport,1,Front-to-Rear,0,No,3,Intersection-Related,2,Four-Way Intersection,0,None,,,1,On Roadway,1,Daylight,,,,,1,Clear,0,No,0000000,Not Applicable,18,6:00pm-6:59pm,53,53,18,6:00pm-6:59pm,58,58,99,Unknown,99,Unknown EMS Hospital Arrival Time,,,,,,,1,
2021,4,40400,Arizona,5,5,0,0,0,5,5,12,LA PAZ (12),0,NOT APPLICABLE,1,1,6,June,2021,3,Tuesday,16,4:00pm-4:59pm,50,50,1,This section IS ON the NHS,1,Rural,1,Interstate,1,State Highway Agency,1,Interstate,I-10,,485,485,33.62273889,33.62273889,-113.713602780,-113.713602780,0,No Special Jurisdiction,12,Motor Vehicle In-Transport,1,Front-to-Rear,0,No,1,Non-Junction,1,Not an Intersection,1,Construction,,,1,On Roadway,1,Daylight,,,,,1,Clear,0,No,0000000,Not Applicable,16,4:00pm-4:59pm,50,50,17,5:00pm-5:59pm,10,10,99,Unknown,99,Unknown EMS Hospital Arrival Time,,,,,,,1,
2021,4,40401,Arizona,1,1,0,0,0,1,1,13,MARICOPA (13),200,GLENDALE,10,10,6,June,2021,5,Thursday,22,10:00pm-10:59pm,19,19,0,This section IS NOT on the NHS,2,Urban,4,Minor Arterial,1,State Highway Agency,7,Local Street - Frontage Road,W BEARDSLEY RD,,0,None,33.66717778,33.66717778,-112.213575000,-112.213575000,0,No Special Jurisdiction,39,Wall,0,The First Harmful Event was Not a Collision with a Motor Vehicle in Transport,0,No,1,Non-Junction,1,Not an Intersection,0,None,,,4,On Roadside,3,Dark - Lighted,,,,,1,Clear,0,No,0000000,Not Applicable,99,Unknown,99,Unknown,99,Unknown EMS Scene Arrival Hour,99,Unknown EMS Scene Arrival Minutes,99,Unknown,99,Unknown EMS Hospital Arrival Time,,,,,,,1,
2021,4,40402,Arizona,1,1,0,0,0,2,2,13,MARICOPA (13),370,PHOENIX,6,6,6,June,2021,1,Sunday,0,0:00am-0:59am,55,55,1,This section IS ON the NHS,2,Urban,1,Interstate,1,State Highway Agency,1,Interstate,I-17 US-60 ARIZONA VETERANS ME,,25,25,33.42854444,33.42854444,-112.073236110,-112.073236110,0,No Special Jurisdiction,25,Concrete Traffic Barrier,0,The First Harmful Event was Not a Collision with a Motor Vehicle in Transport,1,Yes,19,Other location within Interchange Area,1,Not an Intersection,1,Construction,,,3,On Median,3,Dark - Lighted,,,,,1,Clear,0,No,0000000,Not Applicable,0,0:00am-0:59am,59,59,1,1:00am-1:59am,10,10,1,1:00am-1:59am,56,56,,,,,,,1,
2021,4,40403,Arizona,2,2,0,0,0,2,2,25,YAVAPAI (25),373,PRESCOTT VALLEY,6,6,6,June,2021,1,Sunday,19,7:00pm-7:59pm,34,34,0,This section IS NOT on the NHS,2,Urban,4,Minor Arterial,4,City or Municipal Highway Agency,6,Local Street - Municipality,GLASSFORD HILL RD,,29,29,34.61891667,34.61891667,-112.348491670,-112.348491670,0,No Special Jurisdiction,1,Rollover/Overturn,0,The First Harmful Event was Not a Collision with a Motor Vehicle in Transport,0,No,1,Non-Junction,1,Not an Intersection,0,None,,,4,On Roadside,5,Dusk,,,,,1,Clear,0,No,0000000,Not Applicable,19,7:00pm-7:59pm,34,34,19,7:00pm-7:59pm,34,34,88,"Not Applicable (Not Transported) ",88,Not Applicable (Not Transported),,,,,,,1,
2021,4,40404,Arizona,2,2,0,0,0,3,3,25,YAVAPAI (25),386,PRESCOTT,4,4,6,June,2021,6,Friday,16,4:00pm-4:59pm,9,9,0,This section IS NOT on the NHS,2,Urban,4,Minor Arterial,4,City or Municipal Highway Agency,6,Local Street - Municipality,PRESCOTT LAKES PKWY,SUNDOG CONNECTOR RD,15,15,34.56910000,34.56910000,-112.424397220,-112.424397220,0,No Special Jurisdiction,12,Motor Vehicle In-Transport,7,Sideswipe - Same Direction,0,No,2,Intersection,6,Roundabout,0,None,,,1,On Roadway,1,Daylight,,,,,1,Clear,0,No,0000000,Not Applicable,16,4:00pm-4:59pm,9,9,16,4:00pm-4:59pm,18,18,16,4:00pm-4:59pm,45,45,,,,,,,1,
2021,4,40405,Arizona,1,1,0,0,0,1,1,13,MARICOPA (13),370,PHOENIX,4,4,6,June,2021,6,Friday,1,1:00am-1:59am,14,14,1,This section IS ON the NHS,2,Urban,2,Principal Arterial - Other Freeways and Expressways,1,State Highway Agency,3,State Highway,SR-202 RAMP,,2,2,33.29101111,33.29101111,-112.097088890,-112.097088890,0,No Special Jurisdiction,30,Utility Pole/Light Support,0,The First Harmful Event was Not a Collision with a Motor Vehicle in Transport,1,Yes,5,Entrance/Exit Ramp Related,1,Not an Intersection,0,None,,,4,On Roadside,3,Dark - Lighted,,,,,1,Clear,0,No,0000000,Not Applicable,1,1:00am-1:59am,14,14,1,1:00am-1:59am,20,20,88,"Not Applicable (Not Transported) ",88,Not Applicable (Not Transported),,,,,,,1,
2021,4,40406,Arizona,1,1,0,0,0,1,1,21,PINAL (21),0,NOT APPLICABLE,4,4,6,June,2021,6,Friday,19,7:00pm-7:59pm,27,27,0,This section IS NOT on the NHS,1,Rural,3,Principal Arterial - Other,1,State Highway Agency,3,State Highway,SR-79,,459,459,33.08151111,33.08151111,-111.374325000,-111.374325000,0,No Special Jurisdiction,35,Embankment,0,The First Harmful Event was Not a Collision with a Motor Vehicle in Transport,0,No,1,Non-Junction,1,Not an Intersection,0,None,,,4,On Roadside,3,Dark - Lighted,,,,,1,Clear,0,No,0000000,Not Applicable,19,7:00pm-7:59pm,27,27,19,7:00pm-7:59pm,37,37,88,"Not Applicable (Not Transported) ",88,Not Applicable (Not Transported),,,,,,,1,
2021,4,40408,Arizona,2,2,0,0,0,2,2,13,MARICOPA (13),290,MESA,1,1,6,June,2021,3,Tuesday,17,5:00pm-5:59pm,17,17,0,This section IS NOT on the NHS,2,Urban,4,Minor Arterial,4,City or Municipal Highway Agency,6,Local Street - Municipality,N GILBERT ST,E ELMWOOD ST,182,182,33.43266944,33.43266944,-111.787975000,-111.787975000,0,No Special Jurisdiction,12,Motor Vehicle In-Transport,6,Angle,0,No,2,Intersection,3,T-Intersection,0,None,,,1,On Roadway,1,Daylight,,,,,1,Clear,0,No,0000000,Not Applicable,17,5:00pm-5:59pm,18,18,17,5:00pm-5:59pm,24,24,18,6:00pm-6:59pm,13,13,,,,,,,1,
2021,4,40409,Arizona,2,2,0,0,0,7,7,15,MOHAVE (15),0,NOT APPLICABLE,14,14,6,June,2021,2,Monday,0,0:00am-0:59am,33,33,1,This section IS ON the NHS,1,Rural,3,Principal Arterial - Other,1,State Highway Agency,2,U.S. Highway,US-93,,1122,1122,34.92135556,34.92135556,-113.657997220,-113.657997220,0,No Special Jurisdiction,12,Motor Vehicle In-Transport,2,Front-to-Front,0,No,1,Non-Junction,1,Not an Intersection,0,None,,,1,On Roadway,2,Dark - Not Lighted,,,,,1,Clear,0,No,0000000,Not Applicable,0,0:00am-0:59am,41,41,1,1:00am-1:59am,15,15,99,Unknown,99,Unknown EMS Hospital Arrival Time,,,,,,,4,
2021,4,40410,Arizona,2,2,0,0,0,4,4,7,GILA (7),0,NOT APPLICABLE,5,5,6,June,2021,7,Saturday,2,2:00am-2:59am,4,4,0,This section IS NOT on the NHS,1,Rural,4,Minor Arterial,1,State Highway Agency,2,U.S. Highway,US-70,,123,123,33.33038611,33.33038611,-110.568277780,-110.568277780,0,No Special Jurisdiction,12,Motor Vehicle In-Transport,1,Front-to-Rear,0,No,1,Non-Junction,1,Not an Intersection,0,None,,,1,On Roadway,2,Dark - Not Lighted,,,,,1,Clear,0,No,0000000,Not Applicable,2,2:00am-2:59am,4,4,2,2:00am-2:59am,9,9,99,Unknown,99,Unknown EMS Hospital Arrival Time,,,,,,,2,
2021,4,40411,Arizona,4,1,3,0,0,1,1,21,PINAL (21),22,APACHE JUNCTION,11,11,6,June,2021,6,Friday,12,12:00pm-12:59pm,23,23,0,This section IS NOT on the NHS,2,Urban,4,Minor Arterial,4,City or Municipal Highway Agency,6,Local Street - Municipality,W APACHE TRL,,14,14,33.41535833,33.41535833,-111.556766670,-111.556766670,0,No Special Jurisdiction,59,"Traffic Sign Support ",0,The First Harmful Event was Not a Collision with a Motor Vehicle in Transport,0,No,1,Non-Junction,1,Not an Intersection,0,None,,,4,On Roadside,1,Daylight,,,,,1,Clear,0,No,0000000,Not Applicable,99,Unknown,99,Unknown,99,Unknown EMS Scene Arrival Hour,99,Unknown EMS Scene Arrival Minutes,99,Unknown,99,Unknown EMS Hospital Arrival Time,,,,,,,1,
2021,4,40412,Arizona,1,1,0,0,0,2,2,13,MARICOPA (13),368,PEORIA,12,12,6,June,2021,7,Saturday,12,12:00pm-12:59pm,46,46,1,This section IS ON the NHS,2,Urban,2,Principal Arterial - Other Freeways and Expressways,1,State Highway Agency,3,State Highway,SR-101,,79,79,33.56572222,33.56572222,-112.257369440,-112.257369440,0,No Special Jurisdiction,24,Guardrail Face,0,The First Harmful Event was Not a Collision with a Motor Vehicle in Transport,0,No,1,Non-Junction,1,Not an Intersection,0,None,,,4,On Roadside,1,Daylight,,,,,1,Clear,0,No,0000000,Not Applicable,12,12:00pm-12:59pm,47,47,12,12:00pm-12:59pm,56,56,88,"Not Applicable (Not Transported) ",88,Not Applicable (Not Transported),,,,,,,1,
2021,4,40413,Arizona,2,2,0,0,0,2,2,19,PIMA (19),0,NOT APPLICABLE,20,20,6,June,2021,1,Sunday,10,10:00am-10:59am,47,47,0,This section IS NOT on the NHS,1,Rural,5,Major Collector,1,State Highway Agency,3,State Highway,SR-83 S SONOITA HWY,,496,496,31.95782500,31.95782500,-110.669825000,-110.669825000,0,No Special Jurisdiction,12,Motor Vehicle In-Transport,6,Angle,0,No,1,Non-Junction,1,Not an Intersection,0,None,,,1,On Roadway,1,Daylight,,,,,1,Clear,0,No,0000000,Not Applicable,10,10:00am-10:59am,48,48,11,11:00am-11:59am,0,0,11,11:00am-11:59am,49,49,,,,,,,1,
2021,4,40414,Arizona,3,3,0,0,0,3,3,19,PIMA (19),530,TUCSON,11,11,6,June,2021,6,Friday,18,6:00pm-6:59pm,10,10,0,This section IS NOT on the NHS,2,Urban,4,Minor Arterial,4,City or Municipal Highway Agency,6,Local Street - Municipality,CRAYCROFT RD,,80,80,32.20960556,32.20960556,-110.875202780,-110.875202780,0,No Special Jurisdiction,12,Motor Vehicle In-Transport,7,Sideswipe - Same Direction,0,No,1,Non-Junction,1,Not an Intersection,0,None,,,1,On Roadway,1,Daylight,,,,,1,Clear,0,No,0000000,Not Applicable,18,6:00pm-6:59pm,10,10,18,6:00pm-6:59pm,12,12,18,6:00pm-6:59pm,24,24,,,,,,,1,
2021,4,40415,Arizona,2,2,0,0,0,2,2,13,MARICOPA (13),368,PEORIA,3,3,6,June,2021,5,Thursday,16,4:00pm-4:59pm,11,11,0,This section IS NOT on the NHS,2,Urban,4,Minor Arterial,1,State Highway Agency,6,Local Street - Municipality,W THUNDERBIRD RD,N 88TH AVE,54,54,33.60991111,33.60991111,-112.248305560,-112.248305560,0,No Special Jurisdiction,12,Motor Vehicle In-Transport,6,Angle,0,No,2,Intersection,2,Four-Way Intersection,0,None,,,1,On Roadway,1,Daylight,,,,,1,Clear,0,No,0000000,Not Applicable,99,Unknown,99,Unknown,99,Unknown EMS Scene Arrival Hour,99,Unknown EMS Scene Arrival Minutes,99,Unknown,99,Unknown EMS Hospital Arrival Time,,,,,,,1,
2021,4,40416,Arizona,8,8,0,0,0,16,16,13,MARICOPA (13),370,PHOENIX,9,9,6,June,2021,4,Wednesday,22,10:00pm-10:59pm,9,9,1,This section IS ON the NHS,2,Urban,2,Principal Arterial - Other Freeways and Expressways,1,State Highway Agency,3,State Highway,SR-202 RED MOUNTAIN FWY,,39,39,33.45636389,33.45636389,-111.976344440,-111.976344440,0,No Special Jurisdiction,12,Motor Vehicle In-Transport,1,Front-to-Rear,0,No,1,Non-Junction,1,Not an Intersection,0,None,,,1,On Roadway,3,Dark - Lighted,,,,,1,Clear,0,No,0000000,Not Applicable,22,10:00pm-10:59pm,12,12,22,10:00pm-10:59pm,22,22,99,Unknown,99,Unknown EMS Hospital Arrival Time,,,,,,,4,