caseyear,state,st_case,statename,ve_total,ve_forms,pvh_invl,peds,pernotmvit,permvit,persons,county,countyname,city,cityname,day,dayname,month,monthname,year,day_week,day_weekname,hour,hourname,minute,minutename,nhs,nhsname,rur_urb,rur_urbname,func_sys,func_sysname,rd_owner,rd_ownername,route,routename,tway_id,tway_id2,milept,mileptname,latitude,latitudename,longitud,longitudname,sp_jur,sp_jurname,harm_ev,harm_evname,man_coll,man_collname,reljct1,reljct1name,reljct2,reljct2name,typ_int,typ_intname,wrk_zone,wrk_zonename,road_fnc,road_fncname,rel_road,rel_roadname,lgt_cond,lgt_condname,weather1,weather1name,weather2,weather2name,weather,weathername,sch_bus,sch_busname,rail,railname,not_hour,not_hourname,not_min,not_minname,arr_hour,arr_hourname,arr_min,arr_minname,hosp_hr,hosp_hrname,hosp_mn,hosp_mnname,cf1,cf1name,cf2,cf2name,cf3,cf3name,fatals,drunk_dr
2021,4,40457,Arizona,3,3,0,0,0,5,5,13,MARICOPA (13),290,MESA,5,5,6,June,2021,7,Saturday,5,5:00am-5:59am,55,55,1,This section IS ON the NHS,2,Urban,3,Principal Arterial - Other,1,State Highway Agency,3,State Highway,SR-87 COUNTRY CLUB DR,GUADALUPE RD,554,554,33.36423333,33.36423333,-111.841863890,-111.841863890,0,No Special Jurisdiction,12,Motor Vehicle In-Transport,6,Angle,0,No,2,Intersection,2,Four-Way Intersection,0,None,,,1,On Roadway,1,Daylight,,,,,1,Clear,0,No,0000000,Not Applicable,5,5:00am-5:59am,52,52,5,5:00am-5:59am,58,58,99,Unknown,99,Unknown EMS Hospital Arrival Time,,,,,,,1,
2021,4,40458,Arizona,1,1,0,0,0,1,1,17,NAVAJO (17),0,NOT APPLICABLE,30,30,6,June,2021,4,Wednesday,15,3:00pm-3:59pm,36,36,0,This section IS NOT on the NHS,1,Rural,6,Minor Collector,2,County Highway Agency,5,Local Street - Township,LONE PINE DAM RD,,40,40,34.33153056,34.33153056,-110.115805560,-110.115805560,0,No Special Jurisdiction,1,Rollover/Overturn,0,The First Harmful Event was Not a Collision with a Motor Vehicle in Transport,0,No,1,Non-Junction,1,Not an Intersection,0,None,,,4,On Roadside,1,Daylight,,,,,1,Clear,0,No,0000000,Not Applicable,99,Unknown,99,Unknown,99,Unknown EMS Scene Arrival Hour,99,Unknown EMS Scene Arrival Minutes,88,"Not Applicable (Not Transported) ",88,Not Applicable (Not Transported),,,,,,,1,
2021,4,40459,Arizona,1,1,0,0,0,1,1,23,SANTA CRUZ (23),392,RIO RICO,29,29,6,June,2021,3,Tuesday,8,8:00am-8:59am,44,44,0,This section IS NOT on the NHS,2,Urban,7,Local,98,Not Reported,6,Local Street - Municipality,VIA PALESTRA,,1,1,31.47931944,31.47931944,-111.033661110,-111.033661110,0,No Special Jurisdiction,5,Fell/Jumped from Vehicle,0,The First Harmful Event was Not a Collision with a Motor Vehicle in Transport,0,No,1,Non-Junction,1,Not an Intersection,0,None,,,1,On Roadway,1,Daylight,,,,,10,Cloudy,0,No,0000000,Not Applicable,8,8:00am-8:59am,44,44,8,8:00am-8:59am,54,54,88,"Not Applicable (Not Transported) ",88,Not Applicable (Not Transported),,,,,,,1,
2021,4,40460,Arizona,1,1,0,1,1,1,1,19,PIMA (19),530,TUCSON,28,28,6,June,2021,2,Monday,13,1:00pm-1:59pm,23,23,0,This section IS NOT on the NHS,2,Urban,4,Minor Arterial,4,City or Municipal Highway Agency,6,Local Street - Municipality,S 12TH AVE,W SANTA PAULA ST,11,11,32.13575000,32.13575000,-110.977683330,-110.977683330,0,No Special Jurisdiction,9,Pedalcyclist,0,The First Harmful Event was Not a Collision with a Motor Vehicle in Transport,0,No,3,Intersection-Related,3,T-Intersection,0,None,,,1,On Roadway,1,Daylight,,,,,1,Clear,0,No,0000000,Not Applicable,99,Unknown,99,Unknown,99,Unknown EMS Scene Arrival Hour,99,Unknown EMS Scene Arrival Minutes,99,Unknown,99,Unknown EMS Hospital Arrival Time,,,,,,,1,
2021,4,40461,Arizona,1,1,0,0,0,1,1,13,MARICOPA (13),0,NOT APPLICABLE,25,25,6,June,2021,6,Friday,16,4:00pm-4:59pm,33,33,0,This section IS NOT on the NHS,2,Urban,4,Minor Arterial,4,City or Municipal Highway Agency,6,Local Street - Municipality,N REEMS RD,,264,264,33.58999722,33.58999722,-112.393686110,-112.393686110,0,No Special Jurisdiction,33,Curb,0,The First Harmful Event was Not a Collision with a Motor Vehicle in Transport,0,No,1,Non-Junction,1,Not an Intersection,0,None,,,4,On Roadside,1,Daylight,,,,,1,Clear,0,No,0000000,Not Applicable,16,4:00pm-4:59pm,33,33,99,Unknown EMS Scene Arrival Hour,98,Unknown if Arrived,88,"Not Applicable (Not Transported) ",88,Not Applicable (Not Transported),,,,,,,1,
2021,4,40462,Arizona,1,1,0,1,1,1,1,19,PIMA (19),530,TUCSON,4,4,6,June,2021,6,Friday,21,9:00pm-9:59pm,27,27,0,This section IS NOT on the NHS,2,Urban,4,Minor Arterial,4,City or Municipal Highway Agency,6,Local Street - Municipality,S 6TH AVE,COLUMBIA ST,195,195,32.17327222,32.17327222,-110.968241670,-110.968241670,0,No Special Jurisdiction,8,Pedestrian,0,The First Harmful Event was Not a Collision with a Motor Vehicle in Transport,0,No,3,Intersection-Related,2,Four-Way Intersection,0,None,,,1,On Roadway,3,Dark - Lighted,,,,,1,Clear,0,No,0000000,Not Applicable,21,9:00pm-9:59pm,21,21,21,9:00pm-9:59pm,30,30,21,9:00pm-9:59pm,47,47,,,,,,,1,
2021,4,40463,Arizona,2,2,0,0,0,2,2,13,MARICOPA (13),368,PEORIA,24,24,6,June,2021,5,Thursday,22,10:00pm-10:59pm,32,32,0,This section IS NOT on the NHS,2,Urban,4,Minor Arterial,4,City or Municipal Highway Agency,6,Local Street - Municipality,N 107TH AVE,,218,218,33.69963056,33.69963056,-112.289819440,-112.289819440,0,No Special Jurisdiction,12,Motor Vehicle In-Transport,2,Front-to-Front,0,No,1,Non-Junction,1,Not an Intersection,0,None,,,1,On Roadway,2,Dark - Not Lighted,,,,,1,Clear,0,No,0000000,Not Applicable,22,10:00pm-10:59pm,32,32,22,10:00pm-10:59pm,38,38,23,11:00pm-11:59pm,0,0,,,,,,,1,
2021,4,40464,Arizona,2,2,0,0,0,2,2,13,MARICOPA (13),158,EL MIRAGE,22,22,6,June,2021,3,Tuesday,3,3:00am-3:59am,1,1,0,This section IS NOT on the NHS,2,Urban,4,Minor Arterial,2,County Highway Agency,6,Local Street - Municipality,LITCHFIELD RD,,140,140,33.56671389,33.56671389,-112.359000000,-112.359000000,0,No Special Jurisdiction,12,Motor Vehicle In-Transport,1,Front-to-Rear,0,No,1,Non-Junction,1,Not an Intersection,0,None,,,1,On Roadway,2,Dark - Not Lighted,,,,,1,Clear,0,No,0000000,Not Applicable,3,3:00am-3:59am,1,1,3,3:00am-3:59am,10,10,99,Unknown,99,Unknown EMS Hospital Arrival Time,,,,,,,1,
2021,4,40465,Arizona,2,2,0,0,0,4,4,19,PIMA (19),530,TUCSON,26,26,6,June,2021,7,Saturday,20,8:00pm-8:59pm,20,20,0,This section IS NOT on the NHS,2,Urban,3,Principal Arterial - Other,4,City or Municipal Highway Agency,6,Local Street - Municipality,E VALENCIA RD,S PARK AVE,7,7,32.13411667,32.13411667,-110.956711110,-110.956711110,0,No Special Jurisdiction,12,Motor Vehicle In-Transport,6,Angle,0,No,3,Intersection-Related,2,Four-Way Intersection,0,None,,,1,On Roadway,3,Dark - Lighted,,,,,1,Clear,0,No,0000000,Not Applicable,20,8:00pm-8:59pm,20,20,20,8:00pm-8:59pm,25,25,99,Unknown,99,Unknown EMS Hospital Arrival Time,,,,,,,1,
2021,4,40467,Arizona,2,2,0,0,0,2,2,13,MARICOPA (13),190,GILBERT,2,2,7,July,2021,6,Friday,6,6:00am-6:59am,15,15,0,This section IS NOT on the NHS,2,Urban,5,Major Collector,3,Town or Township Highway Agency,6,Local Street - Municipality,E HOUSTON AVE,N HIGLEY RD,0,None,33.37206667,33.37206667,-111.722113890,-111.722113890,0,No Special Jurisdiction,12,Motor Vehicle In-Transport,6,Angle,0,No,2,Intersection,2,Four-Way Intersection,0,None,,,1,On Roadway,1,Daylight,,,,,1,Clear,0,No,0000000,Not Applicable,99,Unknown,99,Unknown,99,Unknown EMS Scene Arrival Hour,99,Unknown EMS Scene Arrival Minutes,99,Unknown,99,Unknown EMS Hospital Arrival Time,,,,,,,1,
2021,4,40468,Arizona,1,1,0,0,0,1,1,17,NAVAJO (17),0,NOT APPLICABLE,3,3,7,July,2021,7,Saturday,5,5:00am-5:59am,20,20,0,This section IS NOT on the NHS,1,Rural,4,Minor Arterial,1,State Highway Agency,2,U.S. Highway,US-60,,3209,3209,34.03685000,34.03685000,-110.241327780,-110.241327780,0,No Special Jurisdiction,25,Concrete Traffic Barrier,0,The First Harmful Event was Not a Collision with a Motor Vehicle in Transport,0,No,1,Non-Junction,1,Not an Intersection,0,None,,,4,On Roadside,4,Dawn,,,,,10,Cloudy,0,No,0000000,Not Applicable,5,5:00am-5:59am,20,20,5,5:00am-5:59am,36,36,88,"Not Applicable (Not Transported) ",88,Not Applicable (Not Transported),,,,,,,1,
2021,4,40469,Arizona,3,3,0,0,0,12,12,13,MARICOPA (13),0,NOT APPLICABLE,2,2,7,July,2021,6,Friday,13,1:00pm-1:59pm,20,20,1,This section IS ON the NHS,1,Rural,2,Principal Arterial - Other Freeways and Expressways,1,State Highway Agency,1,Interstate,I-10,,820,820,33.53213056,33.53213056,-113.132113890,-113.132113890,0,No Special Jurisdiction,12,Motor Vehicle In-Transport,1,Front-to-Rear,0,No,1,Non-Junction,1,Not an Intersection,0,None,,,1,On Roadway,1,Daylight,,,,,1,Clear,0,No,0000000,Not Applicable,13,1:00pm-1:59pm,25,25,13,1:00pm-1:59pm,54,54,99,Unknown,99,Unknown EMS Hospital Arrival Time,,,,,,,6,
2021,4,40470,Arizona,2,2,0,0,0,3,3,25,YAVAPAI (25),0,NOT APPLICABLE,6,6,7,July,2021,3,Tuesday,14,2:00pm-2:59pm,44,44,0,This section IS NOT on the NHS,1,Rural,4,Minor Arterial,1,State Highway Agency,3,State Highway,SR-89A,,892,892,34.67186944,34.67186944,-112.207369440,-112.207369440,0,No Special Jurisdiction,12,Motor Vehicle In-Transport,2,Front-to-Front,0,No,1,Non-Junction,1,Not an Intersection,0,None,,,1,On Roadway,1,Daylight,,,,,1,Clear,0,No,0000000,Not Applicable,14,2:00pm-2:59pm,44,44,15,3:00pm-3:59pm,2,2,88,"Not Applicable (Not Transported) ",88,Not Applicable (Not Transported),,,,,,,3,
2021,4,40471,Arizona,3,3,0,0,0,4,4,19,PIMA (19),0,NOT APPLICABLE,6,6,7,July,2021,3,Tuesday,23,11:00pm-11:59pm,24,24,1,This section IS ON the NHS,1,Rural,2,Principal Arterial - Other Freeways and Expressways,1,State Highway Agency,1,Interstate,I-19,,490,490,31.73223056,31.73223056,-111.054994440,-111.054994440,0,No Special Jurisdiction,1,Rollover/Overturn,0,The First Harmful Event was Not a Collision with a Motor Vehicle in Transport,0,No,1,Non-Junction,1,Not an Intersection,1,Construction,,,1,On Roadway,2,Dark - Not Lighted,,,,,1,Clear,0,No,0000000,Not Applicable,23,11:00pm-11:59pm,33,33,23,11:00pm-11:59pm,40,40,99,Unknown,99,Unknown EMS Hospital Arrival Time,,,,,,,1,
2021,4,40472,Arizona,1,1,0,1,1,2,2,19,PIMA (19),530,TUCSON,2,2,7,July,2021,6,Friday,10,10:00am-10:59am,59,59,0,This section IS NOT on the NHS,2,Urban,3,Principal Arterial - Other,4,City or Municipal Highway Agency,6,Local Street - Municipality,S ALVERNON WAY,E JUAREZ ST,0,None,32.20537222,32.20537222,-110.909580560,-110.909580560,0,No Special Jurisdiction,9,Pedalcyclist,0,The First Harmful Event was Not a Collision with a Motor Vehicle in Transport,0,No,2,Intersection,2,Four-Way Intersection,0,None,,,1,On Roadway,1,Daylight,,,,,1,Clear,0,No,0000000,Not Applicable,99,Unknown,99,Unknown,99,Unknown EMS Scene Arrival Hour,99,Unknown EMS Scene Arrival Minutes,99,Unknown,99,Unknown EMS Hospital Arrival Time,,,,,,,1,
2021,4,40473,Arizona,1,1,0,0,0,1,1,13,MARICOPA (13),290,MESA,4,4,7,July,2021,1,Sunday,17,5:00pm-5:59pm,59,59,1,This section IS ON the NHS,2,Urban,2,Principal Arterial - Other Freeways and Expressways,1,State Highway Agency,2,U.S. Highway,US-60,,1912,1912,33.38654722,33.38654722,-111.634663890,-111.634663890,0,No Special Jurisdiction,24,Guardrail Face,0,The First Harmful Event was Not a Collision with a Motor Vehicle in Transport,1,Yes,19,Other location within Interchange Area,1,Not an Intersection,0,None,,,4,On Roadside,1,Daylight,,,,,1,Clear,0,No,0000000,Not Applicable,18,6:00pm-6:59pm,0,0,18,6:00pm-6:59pm,19,19,18,6:00pm-6:59pm,40,40,,,,,,,1,
2021,4,40474,Arizona,2,2,0,0,0,4,4,25,YAVAPAI (25),386,PRESCOTT,9,9,7,July,2021,6,Friday,7,7:00am-7:59am,40,40,1,This section IS ON the NHS,2,Urban,2,Principal Arterial - Other Freeways and Expressways,1,State Highway Agency,3,State Highway,SR-89,,3185,3185,34.63700000,34.63700000,-112.409575000,-112.409575000,0,No Special Jurisdiction,12,Motor Vehicle In-Transport,6,Angle,0,No,1,Non-Junction,1,Not an Intersection,0,None,,,1,On Roadway,1,Daylight,,,,,1,Clear,0,No,0000000,Not Applicable,7,7:00am-7:59am,40,40,7,7:00am-7:59am,45,45,99,Unknown,99,Unknown EMS Hospital Arrival Time,,,,,,,2,
2021,4,40475,Arizona,2,2,0,0,0,2,2,13,MARICOPA (13),370,PHOENIX,11,11,7,July,2021,1,Sunday,20,8:00pm-8:59pm,21,21,0,This section IS NOT on the NHS,2,Urban,5,Major Collector,4,City or Municipal Highway Agency,6,Local Street - Municipality,W CHERYL DR,N METRO PKWY,0,None,33.57588889,33.57588889,-112.124894440,-112.124894440,0,No Special Jurisdiction,12,Motor Vehicle In-Transport,6,Angle,0,No,2,Intersection,2,Four-Way Intersection,0,None,,,1,On Roadway,3,Dark - Lighted,,,,,1,Clear,0,No,0000000,Not Applicable,99,Unknown,98,Unknown if Notified,99,Unknown EMS Scene Arrival Hour,98,Unknown if Arrived,88,"Not Applicable (Not Transported) ",88,Not Applicable (Not Transported),,,,,,,1,
2021,4,40476,Arizona,2,2,0,0,0,2,2,25,YAVAPAI (25),0,NOT APPLICABLE,10,10,7,July,2021,7,Saturday,6,6:00am-6:59am,30,30,1,This section IS ON the NHS,1,Rural,3,Principal Arterial - Other,1,State Highway Agency,2,U.S. Highway,US-93,,1624,1624,34.35219722,34.35219722,-113.165477780,-113.165477780,0,No Special Jurisdiction,12,Motor Vehicle In-Transport,2,Front-to-Front,0,No,1,Non-Junction,1,Not an Intersection,0,None,,,1,On Roadway,1,Daylight,,,,,1,Clear,0,No,0000000,Not Applicable,6,6:00am-6:59am,35,35,7,7:00am-7:59am,30,30,99,Unknown,99,Unknown EMS Hospital Arrival Time,,,,,,,1,
2021,4,40478,Arizona,2,2,0,0,0,2,2,19,PIMA (19),0,NOT APPLICABLE,5,5,7,July,2021,2,Monday,5,5:00am-5:59am,27,27,0,This section IS NOT on the NHS,1,Rural,6,Minor Collector,2,County Highway Agency,5,Local Street - Township,W EL TIRO RD,N ANWAY RD,55,55,32.42937778,32.42937778,-111.321494440,-111.321494440,0,No Special Jurisdiction,12,Motor Vehicle In-Transport,6,Angle,0,No,2,Intersection,2,Four-Way Intersection,0,None,,,1,On Roadway,4,Dawn,,,,,10,Cloudy,0,No,0000000,Not Applicable,5,5:00am-5:59am,27,27,5,5:00am-5:59am,36,36,6,6:00am-6:59am,53,53,,,,,,,1,
2021,4,40479,Arizona,1,1,0,1,1,2,2,13,MARICOPA (13),370,PHOENIX,13,13,7,July,2021,3,Tuesday,23,11:00pm-11:59pm,0,0,1,This section IS ON the NHS,2,Urban,1,Interstate,1,State Highway Agency,1,Interstate,I-17,,164,164,33.60184167,33.60184167,-112.116655560,-112.116655560,0,No Special Jurisdiction,8,Pedestrian,0,The First Harmful Event was Not a Collision with a Motor Vehicle in Transport,0,No,1,Non-Junction,1,Not an Intersection,0,None,,,1,On Roadway,2,Dark - Not Lighted,,,,,1,Clear,0,No,0000000,Not Applicable,23,11:00pm-11:59pm,1,1,23,11:00pm-11:59pm,21,21,99,Unknown,99,Unknown EMS Hospital Arrival Time,,,,,,,1,
2021,4,40480,Arizona,2,2,0,0,0,2,2,25,YAVAPAI (25),0,NOT APPLICABLE,15,15,7,July,2021,5,Thursday,16,4:00pm-4:59pm,58,58,1,This section IS ON the NHS,1,Rural,3,Principal Arterial - Other,1,State Highway Agency,2,U.S. Highway,US-93,,1649,1649,34.34744444,34.34744444,-113.161444440,-113.161444440,0,No Special Jurisdiction,12,Motor Vehicle In-Transport,2,Front-to-Front,0,No,1,Non-Junction,1,Not an Intersection,0,None,,,1,On Roadway,1,Daylight,,,,,10,Cloudy,0,No,0000000,Not Applicable,17,5:00pm-5:59pm,7,7,17,5:00pm-5:59pm,48,48,99,Unknown,99,Unknown EMS Hospital Arrival Time,,,,,,,1,
2021,4,40481,Arizona,1,1,0,2,2,1,1,5,COCONINO (5),170,FLAGSTAFF,2,2,7,July,2021,6,Friday,20,8:00pm-8:59pm,49,49,1,This section IS ON the NHS,2,Urban,3,Principal Arterial - Other,4,City or Municipal Highway Agency,2,U.S. Highway,US-89,N COUNTRY CLUB DR,2,2,35.22122500,35.22122500,-111.587969440,-111.587969440,0,No Special Jurisdiction,8,Pedestrian,0,The First Harmful Event was Not a Collision with a Motor Vehicle in Transport,0,No,3,Intersection-Related,3,T-Intersection,0,None,,,1,On Roadway,3,Dark - Lighted,,,,,1,Clear,0,No,0000000,Not Applicable,99,Unknown,99,Unknown,99,Unknown EMS Scene Arrival Hour,99,Unknown EMS Scene Arrival Minutes,99,Unknown,99,Unknown EMS Hospital Arrival Time,,,,,,,1,
2021,4,40482,Arizona,2,2,0,0,0,3,3,13,MARICOPA (13),370,PHOENIX,10,10,7,July,2021,7,Saturday,13,1:00pm-1:59pm,51,51,0,This section IS NOT on the NHS,2,Urban,7,Local,98,Not Reported,6,Local Street - Municipality,N 32ND ST,,99998,Not Reported,33.46655278,33.46655278,-112.012911110,-112.012911110,0,No Special Jurisdiction,12,Motor Vehicle In-Transport,2,Front-to-Front,0,No,8,Driveway Access Related,1,Not an Intersection,0,None,,,1,On Roadway,1,Daylight,,,,,1,Clear,0,No,0000000,Not Applicable,99,Unknown,99,Unknown,99,Unknown EMS Scene Arrival Hour,99,Unknown EMS Scene Arrival Minutes,99,Unknown,99,Unknown EMS Hospital Arrival Time,,,,,,,1,
2021,4,40483,Arizona,1,1,0,1,1,1,1,19,PIMA (19),530,TUCSON,13,13,7,July,2021,3,Tuesday,4,4:00am-4:59am,56,56,0,This section IS NOT on the NHS,2,Urban,3,Principal Arterial - Other,4,City or Municipal Highway Agency,6,Local Street - Municipality,E GRANT RD,,46,46,32.25066111,32.25066111,-110.894297220,-110.894297220,0,No Special Jurisdiction,9,Pedalcyclist,0,The First Harmful Event was Not a Collision with a Motor Vehicle in Transport,0,No,1,Non-Junction,1,Not an Intersection,0,None,,,1,On Roadway,4,Dawn,,,,,1,Clear,0,No,0000000,Not Applicable,4,4:00am-4:59am,59,59,5,5:00am-5:59am,4,4,5,5:00am-5:59am,30,30,,,,,,,1,
2021,4,40484,Arizona,1,1,0,0,0,1,1,5,COCONINO (5),179,FOREST LAKES ESTATES,11,11,7,July,2021,1,Sunday,3,3:00am-3:59am,45,45,1,This section IS ON the NHS,1,Rural,3,Principal Arterial - Other,1,State Highway Agency,3,State Highway,SR-260,,1051,1051,34.32087500,34.32087500,-110.843827780,-110.843827780,0,No Special Jurisdiction,35,Embankment,0,The First Harmful Event was Not a Collision with a Motor Vehicle in Transport,0,No,1,Non-Junction,1,Not an Intersection,0,None,,,4,On Roadside,3,Dark - Lighted,,,,,1,Clear,0,No,0000000,Not Applicable,4,4:00am-4:59am,10,10,4,4:00am-4:59am,20,20,88,"Not Applicable (Not Transported) ",88,Not Applicable (Not Transported),,,,,,,1,
2021,4,40485,Arizona,2,2,0,0,0,2,2,13,MARICOPA (13),490,TEMPE,11,11,7,July,2021,1,Sunday,13,1:00pm-1:59pm,8,8,0,This section IS NOT on the NHS,2,Urban,4,Minor Arterial,4,City or Municipal Highway Agency,6,Local Street - Municipality,S MILL AVE,,53,53,33.39169167,33.39169167,-111.939611110,-111.939611110,0,No Special Jurisdiction,12,Motor Vehicle In-Transport,2,Front-to-Front,0,No,8,Driveway Access Related,1,Not an Intersection,0,None,,,1,On Roadway,1,Daylight,,,,,1,Clear,0,No,0000000,Not Applicable,13,1:00pm-1:59pm,9,9,13,1:00pm-1:59pm,19,19,13,1:00pm-1:59pm,27,27,,,,,,,1,
2021,4,40486,Arizona,1,1,0,0,0,1,1,1,APACHE (1),79,CHAMBERS,9,9,7,July,2021,6,Friday,23,11:00pm-11:59pm,26,26,0,This section IS NOT on the NHS,1,Rural,4,Minor Arterial,1,State Highway Agency,2,U.S. Highway,US-191,,3329,3329,34.76272778,34.76272778,-109.242072220,-109.242072220,0,No Special Jurisdiction,1,Rollover/Overturn,0,The First Harmful Event was Not a Collision with a Motor Vehicle in Transport,0,No,1,Non-Junction,1,Not an Intersection,0,None,,,4,On Roadside,3,Dark - Lighted,,,,,1,Clear,0,No,0000000,Not Applicable,23,11:00pm-11:59pm,29,29,23,11:00pm-11:59pm,52,52,88,"Not Applicable (Not Transported) ",88,Not Applicable (Not Transported),,,,,,,1,
2021,4,40488,Arizona,2,2,0,0,0,2,2,21,PINAL (21),9997,Other,6,6,7,July,2021,3,Tuesday,15,3:00pm-3:59pm,44,44,0,This section IS NOT on the NHS,2,Urban,5,Major Collector,2,County Highway Agency,6,Local Street - Municipality,E COMBS RD,,9,9,33.21991944,33.21991944,-111.548391670,-111.548391670,0,No Special Jurisdiction,33,Curb,0,The First Harmful Event was Not a Collision with a Motor Vehicle in Transport,0,No,1,Non-Junction,1,Not an Intersection,0,None,,,4,On Roadside,1,Daylight,,,,,1,Clear,0,No,0000000,Not Applicable,15,3:00pm-3:59pm,45,45,16,4:00pm-4:59pm,0,0,16,4:00pm-4:59pm,30,30,,,,,,,1,
2021,4,40489,Arizona,1,1,0,0,0,1,1,13,MARICOPA (13),60,BUCKEYE,4,4,7,July,2021,1,Sunday,11,11:00am-11:59am,39,39,0,This section IS NOT on the NHS,1,Rural,7,Local,3,Town or Township Highway Agency,5,Local Street - Township,N 371ST AVE,,99998,Not Reported,33.45428889,33.45428889,-112.850475000,-112.850475000,0,No Special Jurisdiction,1,Rollover/Overturn,0,The First Harmful Event was Not a Collision with a Motor Vehicle in Transport,0,No,1,Non-Junction,1,Not an Intersection,0,None,,,1,On Roadway,1,Daylight,,,,,10,Cloudy,0,No,0000000,Not Applicable,11,11:00am-11:59am,39,39,11,11:00am-11:59am,48,48,13,1:00pm-1:59pm,24,24,,,,,,,1,
2021,4,40490,Arizona,2,2,0,0,0,3,3,13,MARICOPA (13),510,TOLLESON,17,17,7,July,2021,7,Saturday,9,9:00am-9:59am,33,33,0,This section IS NOT on the NHS,2,Urban,4,Minor Arterial,4,City or Municipal Highway Agency,6,Local Street - Municipality,N 91ST AVE,,400,400,33.45519167,33.45519167,-112.255216670,-112.255216670,0,No Special Jurisdiction,12,Motor Vehicle In-Transport,2,Front-to-Front,0,No,4,Driveway Access,1,Not an Intersection,0,None,,,1,On Roadway,1,Daylight,,,,,10,Cloudy,0,No,0000000,Not Applicable,9,9:00am-9:59am,35,35,9,9:00am-9:59am,38,38,99,Unknown,99,Unknown EMS Hospital Arrival Time,,,,,,,1,
2021,4,40491,Arizona,1,1,0,0,0,2,2,19,PIMA (19),0,NOT APPLICABLE,18,18,7,July,2021,1,Sunday,21,9:00pm-9:59pm,58,58,0,This section IS NOT on the NHS,1,Rural,3,Principal Arterial - Other,4,City or Municipal Highway Agency,5,Local Street - Township,S HOUGHTON RD,,95,95,32.05153611,32.05153611,-110.773852780,-110.773852780,0,No Special Jurisdiction,1,Rollover/Overturn,0,The First Harmful Event was Not a Collision with a Motor Vehicle in Transport,0,No,1,Non-Junction,1,Not an Intersection,0,None,,,1,On Roadway,2,Dark - Not Lighted,,,,,2,Rain,0,No,0000000,Not Applicable,21,9:00pm-9:59pm,58,58,22,10:00pm-10:59pm,5,5,22,10:00pm-10:59pm,20,20,,,,,,,1,
2021,4,40492,Arizona,2,2,0,0,0,2,2,21,PINAL (21),0,NOT APPLICABLE,21,21,7,July,2021,4,Wednesday,13,1:00pm-1:59pm,47,47,0,This section IS NOT on the NHS,1,Rural,3,Principal Arterial - Other,1,State Highway Agency,3,State Highway,SR-79,E ARIZONA FARMS RD,485,485,33.11819444,33.11819444,-111.362675000,-111.362675000,0,No Special Jurisdiction,12,Motor Vehicle In-Transport,6,Angle,0,No,2,Intersection,3,T-Intersection,0,None,,,1,On Roadway,1,Daylight,,,,,1,Clear,0,No,0000000,Not Applicable,13,1:00pm-1:59pm,50,50,14,2:00pm-2:59pm,1,1,99,Unknown,99,Unknown EMS Hospital Arrival Time,,,,,,,1,
2021,4,40493,Arizona,2,2,0,0,0,2,2,25,YAVAPAI (25),373,PRESCOTT VALLEY,21,21,7,July,2021,4,Wednesday,9,9:00am-9:59am,4,4,1,This section IS ON the NHS,2,Urban,3,Principal Arterial - Other,1,State Highway Agency,3,State Highway,SR-69,,269,269,34.58171389,34.58171389,-112.349791670,-112.349791670,0,No Special Jurisdiction,12,Motor Vehicle In-Transport,2,Front-to-Front,0,No,1,Non-Junction,1,Not an Intersection,0,None,,,1,On Roadway,1,Daylight,,,,,10,Cloudy,0,No,0000000,Not Applicable,9,9:00am-9:59am,4,4,9,9:00am-9:59am,7,7,88,"Not Applicable (Not Transported) ",88,Not Applicable (Not Transported),,,,,,,2,
2021,4,40494,Arizona,1,1,0,1,1,2,2,19,PIMA (19),0,NOT APPLICABLE,25,25,7,July,2021,1,Sunday,18,6:00pm-6:59pm,22,22,0,This section IS NOT on the NHS,2,Urban,7,Local,98,Not Reported,6,Local Street - Municipality,LAMBERT LN,,99998,Not Reported,32.39318889,32.39318889,-111.310719440,-111.310719440,0,No Special Jurisdiction,8,Pedestrian,0,The First Harmful Event was Not a Collision with a Motor Vehicle in Transport,0,No,1,Non-Junction,1,Not an Intersection,0,None,,,2,On Shoulder,1,Daylight,,,,,10,Cloudy,0,No,0000000,Not Applicable,18,6:00pm-6:59pm,23,23,99,Unknown EMS Scene Arrival Hour,99,Unknown EMS Scene Arrival Minutes,99,Unknown,99,Unknown EMS Hospital Arrival Time,,,,,,,1,
2021,4,40496,Arizona,1,1,0,0,0,2,2,19,PIMA (19),530,TUCSON,28,28,7,July,2021,4,Wednesday,18,6:00pm-6:59pm,58,58,1,This section IS ON the NHS,2,Urban,2,Principal Arterial - Other Freeways and Expressways,4,City or Municipal Highway Agency,6,Local Street - Municipality,GOLF LINKS RD,,9,9,32.19088889,32.19088889,-110.906444440,-110.906444440,0,No Special Jurisdiction,30,Utility Pole/Light Support,0,The First Harmful Event was Not a Collision with a Motor Vehicle in Transport,0,No,1,Non-Junction,1,Not an Intersection,0,None,,,4,On Roadside,5,Dusk,,,,,1,Clear,0,No,0000000,Not Applicable,99,Unknown,99,Unknown,99,Unknown EMS Scene Arrival Hour,99,Unknown EMS Scene Arrival Minutes,99,Unknown,99,Unknown EMS Hospital Arrival Time,,,,,,,1,
2021,4,40497,Arizona,3,3,0,0,0,3,3,19,PIMA (19),407,SAHUARITA,29,29,7,July,2021,5,Thursday,8,8:00am-8:59am,11,11,0,This section IS NOT on the NHS,2,Urban,4,Minor Arterial,4,City or Municipal Highway Agency,6,Local Street - Municipality,PIMA MINE RD,,0,None,32.00130833,32.00130833,-110.969519440,-110.969519440,0,No Special Jurisdiction,12,Motor Vehicle In-Transport,2,Front-to-Front,0,No,1,Non-Junction,1,Not an Intersection,0,None,,,1,On Roadway,1,Daylight,,,,,10,Cloudy,0,No,0000000,Not Applicable,8,8:00am-8:59am,14,14,8,8:00am-8:59am,23,23,99,Unknown,99,Unknown EMS Hospital Arrival Time,,,,,,,1,