caseyear,state,st_case,statename,ve_total,ve_forms,pvh_invl,peds,pernotmvit,permvit,persons,county,countyname,city,cityname,day,dayname,month,monthname,year,day_week,day_weekname,hour,hourname,minute,minutename,nhs,nhsname,rur_urb,rur_urbname,func_sys,func_sysname,rd_owner,rd_ownername,route,routename,tway_id,tway_id2,milept,mileptname,latitude,latitudename,longitud,longitudname,sp_jur,sp_jurname,harm_ev,harm_evname,man_coll,man_collname,reljct1,reljct1name,reljct2,reljct2name,typ_int,typ_intname,wrk_zone,wrk_zonename,road_fnc,road_fncname,rel_road,rel_roadname,lgt_cond,lgt_condname,weather1,weather1name,weather2,weather2name,weather,weathername,sch_bus,sch_busname,rail,railname,not_hour,not_hourname,not_min,not_minname,arr_hour,arr_hourname,arr_min,arr_minname,hosp_hr,hosp_hrname,hosp_mn,hosp_mnname,cf1,cf1name,cf2,cf2name,cf3,cf3name,fatals,drunk_dr
2021,4,40538,Arizona,1,1,0,1,1,1,1,19,PIMA (19),530,TUCSON,8,8,8,August,2021,1,Sunday,17,5:00pm-5:59pm,14,14,0,This section IS NOT on the NHS,2,Urban,4,Minor Arterial,2,County Highway Agency,5,Local Street - Township,W RUTHRAUFF RD,,13,13,32.29410000,32.29410000,-111.007100000,-111.007100000,0,No Special Jurisdiction,8,Pedestrian,0,The First Harmful Event was Not a Collision with a Motor Vehicle in Transport,0,No,1,Non-Junction,1,Not an Intersection,0,None,,,1,On Roadway,1,Daylight,,,,,10,Cloudy,0,No,0000000,Not Applicable,17,5:00pm-5:59pm,14,14,17,5:00pm-5:59pm,18,18,99,Unknown,99,Unknown EMS Hospital Arrival Time,,,,,,,1,
2021,4,40539,Arizona,1,1,0,0,0,1,1,7,GILA (7),365,PAYSON,9,9,8,August,2021,2,Monday,12,12:00pm-12:59pm,33,33,0,This section IS NOT on the NHS,1,Rural,3,Principal Arterial - Other,1,State Highway Agency,3,State Highway,SR-260,,994,994,34.30490278,34.30490278,-110.923763890,-110.923763890,0,No Special Jurisdiction,24,Guardrail Face,0,The First Harmful Event was Not a Collision with a Motor Vehicle in Transport,0,No,1,Non-Junction,1,Not an Intersection,0,None,,,4,On Roadside,1,Daylight,,,,,10,Cloudy,0,No,0000000,Not Applicable,12,12:00pm-12:59pm,37,37,12,12:00pm-12:59pm,57,57,13,1:00pm-1:59pm,59,59,,,,,,,1,
2021,4,40540,Arizona,1,1,0,0,0,1,1,13,MARICOPA (13),290,MESA,2,2,8,August,2021,2,Monday,18,6:00pm-6:59pm,18,18,0,This section IS NOT on the NHS,2,Urban,4,Minor Arterial,4,City or Municipal Highway Agency,6,Local Street - Municipality,S ELLSWORTH RD,,104,104,33.35404722,33.35404722,-111.635786110,-111.635786110,0,No Special Jurisdiction,30,Utility Pole/Light Support,0,The First Harmful Event was Not a Collision with a Motor Vehicle in Transport,0,No,1,Non-Junction,1,Not an Intersection,0,None,,,3,On Median,1,Daylight,,,,,1,Clear,0,No,0000000,Not Applicable,18,6:00pm-6:59pm,18,18,18,6:00pm-6:59pm,23,23,18,6:00pm-6:59pm,51,51,,,,,,,1,
2021,4,40541,Arizona,2,2,0,0,0,5,5,17,NAVAJO (17),334,OVERGAARD,5,5,8,August,2021,5,Thursday,12,12:00pm-12:59pm,53,53,1,This section IS ON the NHS,1,Rural,3,Principal Arterial - Other,1,State Highway Agency,3,State Highway,SR-260,,1258,1258,34.40251667,34.40251667,-110.563691670,-110.563691670,0,No Special Jurisdiction,12,Motor Vehicle In-Transport,8,Sideswipe - Opposite Direction,0,No,1,Non-Junction,1,Not an Intersection,0,None,,,1,On Roadway,1,Daylight,,,,,1,Clear,0,No,0000000,Not Applicable,12,12:00pm-12:59pm,57,57,12,12:00pm-12:59pm,58,58,99,Unknown,99,Unknown EMS Hospital Arrival Time,,,,,,,1,
2021,4,40542,Arizona,4,4,0,0,0,6,6,13,MARICOPA (13),290,MESA,6,6,8,August,2021,6,Friday,18,6:00pm-6:59pm,52,52,0,This section IS NOT on the NHS,2,Urban,3,Principal Arterial - Other,4,City or Municipal Highway Agency,5,Local Street - Township,S GILBERT RD,E PUEBLO AVE,161,161,33.40084722,33.40084722,-111.788372220,-111.788372220,0,No Special Jurisdiction,12,Motor Vehicle In-Transport,2,Front-to-Front,0,No,2,Intersection,2,Four-Way Intersection,0,None,,,1,On Roadway,1,Daylight,,,,,1,Clear,0,No,0000000,Not Applicable,18,6:00pm-6:59pm,52,52,19,7:00pm-7:59pm,0,0,19,7:00pm-7:59pm,15,15,,,,,,,1,
2021,4,40543,Arizona,1,1,0,1,1,1,1,13,MARICOPA (13),200,GLENDALE,6,6,8,August,2021,6,Friday,8,8:00am-8:59am,58,58,0,This section IS NOT on the NHS,2,Urban,3,Principal Arterial - Other,4,City or Municipal Highway Agency,6,Local Street - Municipality,W NORTHERN AVE,W GRAND AVE,445,445,33.55266111,33.55266111,-112.202516670,-112.202516670,0,No Special Jurisdiction,9,Pedalcyclist,0,The First Harmful Event was Not a Collision with a Motor Vehicle in Transport,0,No,2,Intersection,2,Four-Way Intersection,0,None,,,1,On Roadway,1,Daylight,,,,,1,Clear,0,No,0000000,Not Applicable,99,Unknown,99,Unknown,99,Unknown EMS Scene Arrival Hour,99,Unknown EMS Scene Arrival Minutes,99,Unknown,99,Unknown EMS Hospital Arrival Time,,,,,,,1,
2021,4,40544,Arizona,2,2,0,0,0,13,13,21,PINAL (21),70,CASA GRANDE,7,7,8,August,2021,7,Saturday,19,7:00pm-7:59pm,59,59,1,This section IS ON the NHS,1,Rural,1,Interstate,1,State Highway Agency,1,Interstate,I-10,,2195,2195,32.65539722,32.65539722,-111.404525000,-111.404525000,0,No Special Jurisdiction,12,Motor Vehicle In-Transport,98,Not Reported,0,No,1,Non-Junction,1,Not an Intersection,0,None,,,1,On Roadway,3,Dark - Lighted,,,,,1,Clear,0,No,0000000,Not Applicable,19,7:00pm-7:59pm,59,59,20,8:00pm-8:59pm,25,25,99,Unknown,99,Unknown EMS Hospital Arrival Time,,,,,,,3,
2021,4,40547,Arizona,2,2,0,0,0,8,8,1,APACHE (1),222,GREER,4,4,8,August,2021,4,Wednesday,15,3:00pm-3:59pm,10,10,0,This section IS NOT on the NHS,1,Rural,5,Major Collector,1,State Highway Agency,3,State Highway,SR-260,SR-373,2051,2051,34.07577778,34.07577778,-109.467005560,-109.467005560,0,No Special Jurisdiction,12,Motor Vehicle In-Transport,6,Angle,0,No,2,Intersection,3,T-Intersection,0,None,,,1,On Roadway,1,Daylight,,,,,1,Clear,0,No,0000000,Not Applicable,15,3:00pm-3:59pm,13,13,15,3:00pm-3:59pm,21,21,16,4:00pm-4:59pm,13,13,,,,,,,1,
2021,4,40548,Arizona,2,2,0,0,0,4,4,13,MARICOPA (13),290,MESA,11,11,8,August,2021,4,Wednesday,20,8:00pm-8:59pm,37,37,0,This section IS NOT on the NHS,2,Urban,4,Minor Arterial,1,State Highway Agency,3,State Highway,SR-7 N ALMA SCHOOL RD,SR-202 RED MOUNTAIN FWY,176,176,33.44598889,33.44598889,-111.856463890,-111.856463890,0,No Special Jurisdiction,12,Motor Vehicle In-Transport,1,Front-to-Rear,0,No,3,Intersection-Related,98,Not Reported,0,None,,,1,On Roadway,2,Dark - Not Lighted,,,,,1,Clear,0,No,0000000,Not Applicable,20,8:00pm-8:59pm,40,40,20,8:00pm-8:59pm,50,50,99,Unknown,99,Unknown EMS Hospital Arrival Time,,,,,,,2,
2021,4,40549,Arizona,3,3,0,0,0,3,3,13,MARICOPA (13),370,PHOENIX,19,19,8,August,2021,5,Thursday,15,3:00pm-3:59pm,5,5,1,This section IS ON the NHS,2,Urban,1,Interstate,1,State Highway Agency,1,Interstate,I-17,,345,345,33.86498889,33.86498889,-112.145311110,-112.145311110,0,No Special Jurisdiction,12,Motor Vehicle In-Transport,1,Front-to-Rear,1,Yes,18,Through Roadway,1,Not an Intersection,0,None,,,1,On Roadway,1,Daylight,,,,,1,Clear,0,No,0000000,Not Applicable,15,3:00pm-3:59pm,7,7,15,3:00pm-3:59pm,18,18,88,"Not Applicable (Not Transported) ",88,Not Applicable (Not Transported),,,,,,,1,
2021,4,40550,Arizona,1,1,0,1,1,1,1,13,MARICOPA (13),370,PHOENIX,20,20,8,August,2021,6,Friday,3,3:00am-3:59am,25,25,1,This section IS ON the NHS,2,Urban,1,Interstate,1,State Highway Agency,1,Interstate,I-17 RAMP,,0,None,33.57953889,33.57953889,-112.116569440,-112.116569440,0,No Special Jurisdiction,8,Pedestrian,0,The First Harmful Event was Not a Collision with a Motor Vehicle in Transport,1,Yes,20,Entrance/Exit Ramp,1,Not an Intersection,0,None,,,1,On Roadway,3,Dark - Lighted,,,,,1,Clear,0,No,0000000,Not Applicable,3,3:00am-3:59am,25,25,3,3:00am-3:59am,25,25,88,"Not Applicable (Not Transported) ",88,Not Applicable (Not Transported),,,,,,,1,
2021,4,40551,Arizona,6,6,0,0,0,6,6,13,MARICOPA (13),370,PHOENIX,20,20,8,August,2021,6,Friday,7,7:00am-7:59am,54,54,1,This section IS ON the NHS,2,Urban,1,Interstate,1,State Highway Agency,1,Interstate,I-17,,108,108,33.52211389,33.52211389,-112.112197220,-112.112197220,0,No Special Jurisdiction,12,Motor Vehicle In-Transport,1,Front-to-Rear,1,Yes,18,Through Roadway,1,Not an Intersection,0,None,,,1,On Roadway,1,Daylight,,,,,1,Clear,0,No,0000000,Not Applicable,7,7:00am-7:59am,57,57,8,8:00am-8:59am,5,5,8,8:00am-8:59am,24,24,,,,,,,1,
2021,4,40552,Arizona,2,2,0,0,0,2,2,13,MARICOPA (13),368,PEORIA,21,21,8,August,2021,7,Saturday,12,12:00pm-12:59pm,3,3,1,This section IS ON the NHS,2,Urban,3,Principal Arterial - Other,1,State Highway Agency,2,U.S. Highway,US-60 NW GRAND AVE,N 71ST AVE,1218,1218,33.56154722,33.56154722,-112.212297220,-112.212297220,0,No Special Jurisdiction,12,Motor Vehicle In-Transport,6,Angle,0,No,2,Intersection,3,T-Intersection,0,None,,,1,On Roadway,1,Daylight,,,,,1,Clear,0,No,0000000,Not Applicable,12,12:00pm-12:59pm,3,3,12,12:00pm-12:59pm,7,7,88,"Not Applicable (Not Transported) ",88,Not Applicable (Not Transported),,,,,,,1,
2021,4,40553,Arizona,1,1,0,0,0,2,2,19,PIMA (19),530,TUCSON,22,22,8,August,2021,1,Sunday,6,6:00am-6:59am,27,27,0,This section IS NOT on the NHS,2,Urban,4,Minor Arterial,4,City or Municipal Highway Agency,6,Local Street - Municipality,FLOWING WELLS RD,,16,16,32.26995278,32.26995278,-110.995016670,-110.995016670,0,No Special Jurisdiction,30,Utility Pole/Light Support,0,The First Harmful Event was Not a Collision with a Motor Vehicle in Transport,0,No,1,Non-Junction,1,Not an Intersection,0,None,,,4,On Roadside,4,Dawn,,,,,1,Clear,0,No,0000000,Not Applicable,99,Unknown,99,Unknown,99,Unknown EMS Scene Arrival Hour,99,Unknown EMS Scene Arrival Minutes,99,Unknown,99,Unknown EMS Hospital Arrival Time,,,,,,,1,
2021,4,40554,Arizona,1,1,0,1,1,1,1,19,PIMA (19),0,NOT APPLICABLE,21,21,8,August,2021,7,Saturday,3,3:00am-3:59am,13,13,1,This section IS ON the NHS,1,Rural,1,Interstate,1,State Highway Agency,1,Interstate,I-10,,2891,2891,31.98663889,31.98663889,-110.573422220,-110.573422220,0,No Special Jurisdiction,8,Pedestrian,0,The First Harmful Event was Not a Collision with a Motor Vehicle in Transport,0,No,1,Non-Junction,1,Not an Intersection,0,None,,,2,On Shoulder,2,Dark - Not Lighted,,,,,1,Clear,0,No,0000000,Not Applicable,3,3:00am-3:59am,13,13,3,3:00am-3:59am,30,30,88,"Not Applicable (Not Transported) ",88,Not Applicable (Not Transported),,,,,,,1,
2021,4,40555,Arizona,2,2,0,0,0,2,2,13,MARICOPA (13),0,NOT APPLICABLE,21,21,8,August,2021,7,Saturday,22,10:00pm-10:59pm,35,35,0,This section IS NOT on the NHS,1,Rural,5,Major Collector,1,State Highway Agency,3,State Highway,SR-238 W MARICOPA RD,,273,273,33.04106389,33.04106389,-112.328561110,-112.328561110,0,No Special Jurisdiction,12,Motor Vehicle In-Transport,2,Front-to-Front,0,No,1,Non-Junction,1,Not an Intersection,0,None,,,1,On Roadway,2,Dark - Not Lighted,,,,,1,Clear,0,No,0000000,Not Applicable,22,10:00pm-10:59pm,37,37,23,11:00pm-11:59pm,0,0,88,"Not Applicable (Not Transported) ",88,Not Applicable (Not Transported),,,,,,,2,
2021,4,40557,Arizona,2,2,0,0,0,4,4,19,PIMA (19),530,TUCSON,23,23,8,August,2021,2,Monday,13,1:00pm-1:59pm,22,22,1,This section IS ON the NHS,2,Urban,1,Interstate,1,State Highway Agency,1,Interstate,I-10,,2596,2596,32.20692500,32.20692500,-110.979691670,-110.979691670,0,No Special Jurisdiction,12,Motor Vehicle In-Transport,7,Sideswipe - Same Direction,1,Yes,18,Through Roadway,1,Not an Intersection,0,None,,,1,On Roadway,1,Daylight,,,,,1,Clear,0,No,0000000,Not Applicable,13,1:00pm-1:59pm,22,22,13,1:00pm-1:59pm,22,22,88,"Not Applicable (Not Transported) ",88,Not Applicable (Not Transported),,,,,,,1,
2021,4,40558,Arizona,1,1,0,0,0,1,1,3,COCHISE (3),520,TOMBSTONE,23,23,8,August,2021,2,Monday,23,11:00pm-11:59pm,45,45,0,This section IS NOT on the NHS,1,Rural,4,Minor Arterial,1,State Highway Agency,3,State Highway,SR-80,,152,152,31.80084167,31.80084167,-110.157972220,-110.157972220,0,No Special Jurisdiction,1,Rollover/Overturn,0,The First Harmful Event was Not a Collision with a Motor Vehicle in Transport,0,No,1,Non-Junction,1,Not an Intersection,0,None,,,4,On Roadside,2,Dark - Not Lighted,,,,,1,Clear,0,No,0000000,Not Applicable,23,11:00pm-11:59pm,45,45,0,0:00am-0:59am,29,29,0,0:00am-0:59am,54,54,,,,,,,1,
2021,4,40559,Arizona,2,2,0,0,0,2,2,13,MARICOPA (13),370,PHOENIX,27,27,8,August,2021,6,Friday,4,4:00am-4:59am,26,26,1,This section IS ON the NHS,2,Urban,1,Interstate,1,State Highway Agency,1,Interstate,I-10,,1421,1421,33.46232222,33.46232222,-112.127847220,-112.127847220,0,No Special Jurisdiction,12,Motor Vehicle In-Transport,1,Front-to-Rear,0,No,1,Non-Junction,1,Not an Intersection,0,None,,,1,On Roadway,3,Dark - Lighted,,,,,1,Clear,0,No,0000000,Not Applicable,4,4:00am-4:59am,33,33,4,4:00am-4:59am,40,40,99,Unknown,99,Unknown EMS Hospital Arrival Time,,,,,,,1,
2021,4,40561,Arizona,1,1,0,0,0,2,2,13,MARICOPA (13),370,PHOENIX,30,30,8,August,2021,2,Monday,3,3:00am-3:59am,27,27,1,This section IS ON the NHS,2,Urban,1,Interstate,1,State Highway Agency,1,Interstate,I-17,,309,309,33.81163889,33.81163889,-112.138377780,-112.138377780,0,No Special Jurisdiction,41,Shrubbery,0,The First Harmful Event was Not a Collision with a Motor Vehicle in Transport,0,No,1,Non-Junction,1,Not an Intersection,0,None,,,4,On Roadside,2,Dark - Not Lighted,,,,,1,Clear,0,No,0000000,Not Applicable,3,3:00am-3:59am,33,33,3,3:00am-3:59am,39,39,99,Unknown,99,Unknown EMS Hospital Arrival Time,,,,,,,1,
2021,4,40562,Arizona,1,1,0,0,0,1,1,13,MARICOPA (13),200,GLENDALE,29,29,8,August,2021,1,Sunday,12,12:00pm-12:59pm,54,54,1,This section IS ON the NHS,2,Urban,2,Principal Arterial - Other Freeways and Expressways,1,State Highway Agency,3,State Highway,SR-101,,69,69,33.53325556,33.53325556,-112.269386110,-112.269386110,0,No Special Jurisdiction,59,"Traffic Sign Support ",0,The First Harmful Event was Not a Collision with a Motor Vehicle in Transport,1,Yes,19,Other location within Interchange Area,1,Not an Intersection,0,None,,,4,On Roadside,1,Daylight,,,,,1,Clear,0,No,0000000,Not Applicable,12,12:00pm-12:59pm,54,54,12,12:00pm-12:59pm,59,59,13,1:00pm-1:59pm,21,21,,,,,,,1,
2021,4,40563,Arizona,2,2,0,1,1,3,3,13,MARICOPA (13),200,GLENDALE,29,29,8,August,2021,1,Sunday,16,4:00pm-4:59pm,8,8,1,This section IS ON the NHS,2,Urban,2,Principal Arterial - Other Freeways and Expressways,1,State Highway Agency,3,State Highway,SR-101,,157,157,33.65275556,33.65275556,-112.232477780,-112.232477780,0,No Special Jurisdiction,8,Pedestrian,0,The First Harmful Event was Not a Collision with a Motor Vehicle in Transport,1,Yes,18,Through Roadway,1,Not an Intersection,0,None,,,1,On Roadway,1,Daylight,,,,,1,Clear,0,No,0000000,Not Applicable,16,4:00pm-4:59pm,11,11,16,4:00pm-4:59pm,18,18,88,"Not Applicable (Not Transported) ",88,Not Applicable (Not Transported),,,,,,,1,
2021,4,40564,Arizona,1,1,0,0,0,1,1,13,MARICOPA (13),370,PHOENIX,30,30,8,August,2021,2,Monday,9,9:00am-9:59am,49,49,1,This section IS ON the NHS,2,Urban,2,Principal Arterial - Other Freeways and Expressways,1,State Highway Agency,3,State Highway,SR-202,,51,51,33.44227778,33.44227778,-111.968741670,-111.968741670,0,No Special Jurisdiction,39,Wall,0,The First Harmful Event was Not a Collision with a Motor Vehicle in Transport,0,No,1,Non-Junction,1,Not an Intersection,0,None,,,4,On Roadside,1,Daylight,,,,,1,Clear,0,No,0000000,Not Applicable,9,9:00am-9:59am,50,50,9,9:00am-9:59am,59,59,88,"Not Applicable (Not Transported) ",88,Not Applicable (Not Transported),,,,,,,1,
2021,4,40565,Arizona,2,2,0,0,0,3,3,13,MARICOPA (13),290,MESA,27,27,8,August,2021,6,Friday,16,4:00pm-4:59pm,20,20,0,This section IS NOT on the NHS,2,Urban,4,Minor Arterial,4,City or Municipal Highway Agency,6,Local Street - Municipality,S SIGNAL BUTTE RD,,135,135,33.39978611,33.39978611,-111.598038890,-111.598038890,0,No Special Jurisdiction,54,"Motor Vehicle In-Transport Strikes or is Struck by Cargo, Persons or Objects Set-in-Motion from/by Another Motor Vehicle In Transport",11,"Other ",0,No,1,Non-Junction,1,Not an Intersection,0,None,,,1,On Roadway,1,Daylight,,,,,1,Clear,0,No,0000000,Not Applicable,16,4:00pm-4:59pm,20,20,16,4:00pm-4:59pm,35,35,17,5:00pm-5:59pm,0,0,,,,,,,1,
2021,4,40566,Arizona,1,1,0,0,0,2,2,13,MARICOPA (13),368,PEORIA,17,17,8,August,2021,3,Tuesday,19,7:00pm-7:59pm,3,3,0,This section IS NOT on the NHS,2,Urban,5,Major Collector,4,City or Municipal Highway Agency,6,Local Street - Municipality,N 94TH DR,,0,None,33.60058889,33.60058889,-112.262808330,-112.262808330,0,No Special Jurisdiction,33,Curb,0,The First Harmful Event was Not a Collision with a Motor Vehicle in Transport,0,No,1,Non-Junction,1,Not an Intersection,0,None,,,4,On Roadside,1,Daylight,,,,,1,Clear,0,No,0000000,Not Applicable,19,7:00pm-7:59pm,5,5,19,7:00pm-7:59pm,12,12,19,7:00pm-7:59pm,36,36,,,,,,,1,
2021,4,40567,Arizona,1,1,0,1,1,2,2,5,COCONINO (5),0,NOT APPLICABLE,19,19,8,August,2021,5,Thursday,1,1:00am-1:59am,24,24,0,This section IS NOT on the NHS,1,Rural,4,Minor Arterial,1,State Highway Agency,3,State Highway,SR-98,,3370,3370,36.61435556,36.61435556,-110.997022220,-110.997022220,3,Indian Reservation,8,Pedestrian,0,The First Harmful Event was Not a Collision with a Motor Vehicle in Transport,0,No,1,Non-Junction,1,Not an Intersection,0,None,,,1,On Roadway,2,Dark - Not Lighted,,,,,10,Cloudy,0,No,0000000,Not Applicable,1,1:00am-1:59am,24,24,1,1:00am-1:59am,24,24,88,"Not Applicable (Not Transported) ",88,Not Applicable (Not Transported),,,,,,,1,
2021,4,40568,Arizona,1,1,0,0,0,1,1,7,GILA (7),0,NOT APPLICABLE,26,26,8,August,2021,5,Thursday,5,5:00am-5:59am,37,37,1,This section IS ON the NHS,1,Rural,3,Principal Arterial - Other,1,State Highway Agency,3,State Highway,SR-87,,2263,2263,33.94577778,33.94577778,-111.432219440,-111.432219440,0,No Special Jurisdiction,2,Fire/Explosion,0,The First Harmful Event was Not a Collision with a Motor Vehicle in Transport,0,No,1,Non-Junction,1,Not an Intersection,0,None,,,1,On Roadway,2,Dark - Not Lighted,,,,,1,Clear,0,No,0000000,Not Applicable,5,5:00am-5:59am,41,41,6,6:00am-6:59am,11,11,88,"Not Applicable (Not Transported) ",88,Not Applicable (Not Transported),,,,,,,1,
2021,4,40569,Arizona,3,3,0,0,0,3,3,25,YAVAPAI (25),0,NOT APPLICABLE,28,28,8,August,2021,7,Saturday,17,5:00pm-5:59pm,0,0,1,This section IS ON the NHS,1,Rural,1,Interstate,1,State Highway Agency,1,Interstate,I-17,,2449,2449,34.09280833,34.09280833,-112.142986110,-112.142986110,0,No Special Jurisdiction,12,Motor Vehicle In-Transport,1,Front-to-Rear,0,No,1,Non-Junction,1,Not an Intersection,0,None,,,1,On Roadway,1,Daylight,,,,,1,Clear,0,No,0000000,Not Applicable,17,5:00pm-5:59pm,2,2,17,5:00pm-5:59pm,13,13,17,5:00pm-5:59pm,53,53,,,,,,,1,
2021,4,40570,Arizona,1,1,0,0,0,2,2,9,GRAHAM (9),0,NOT APPLICABLE,20,20,8,August,2021,6,Friday,20,8:00pm-8:59pm,34,34,0,This section IS NOT on the NHS,1,Rural,4,Minor Arterial,1,State Highway Agency,2,U.S. Highway,US-70,,2710,2710,33.29398611,33.29398611,-110.441797220,-110.441797220,0,No Special Jurisdiction,1,Rollover/Overturn,0,The First Harmful Event was Not a Collision with a Motor Vehicle in Transport,0,No,1,Non-Junction,1,Not an Intersection,0,None,,,4,On Roadside,2,Dark - Not Lighted,,,,,1,Clear,0,No,0000000,Not Applicable,20,8:00pm-8:59pm,34,34,20,8:00pm-8:59pm,45,45,21,9:00pm-9:59pm,0,0,,,,,,,1,
2021,4,40571,Arizona,1,1,0,0,0,1,1,13,MARICOPA (13),370,PHOENIX,21,21,8,August,2021,7,Saturday,3,3:00am-3:59am,34,34,1,This section IS ON the NHS,2,Urban,1,Interstate,1,State Highway Agency,1,Interstate,I-17,,2095,2095,33.58930000,33.58930000,-112.117061110,-112.117061110,0,No Special Jurisdiction,25,Concrete Traffic Barrier,0,The First Harmful Event was Not a Collision with a Motor Vehicle in Transport,1,Yes,19,Other location within Interchange Area,1,Not an Intersection,0,None,,,4,On Roadside,3,Dark - Lighted,,,,,1,Clear,0,No,0000000,Not Applicable,3,3:00am-3:59am,34,34,3,3:00am-3:59am,42,42,3,3:00am-3:59am,57,57,,,,,,,1,
2021,4,40572,Arizona,7,7,0,0,0,11,11,13,MARICOPA (13),200,GLENDALE,25,25,8,August,2021,4,Wednesday,14,2:00pm-2:59pm,17,17,0,This section IS NOT on the NHS,2,Urban,4,Minor Arterial,4,City or Municipal Highway Agency,6,Local Street - Municipality,W CACTUS RD,,0,None,33.59641389,33.59641389,-112.184383330,-112.184383330,0,No Special Jurisdiction,12,Motor Vehicle In-Transport,1,Front-to-Rear,0,No,1,Non-Junction,1,Not an Intersection,0,None,,,1,On Roadway,1,Daylight,,,,,1,Clear,0,No,0000000,Not Applicable,99,Unknown,99,Unknown,99,Unknown EMS Scene Arrival Hour,99,Unknown EMS Scene Arrival Minutes,99,Unknown,99,Unknown EMS Hospital Arrival Time,,,,,,,1,
2021,4,40573,Arizona,1,1,0,0,0,1,1,19,PIMA (19),0,NOT APPLICABLE,19,19,8,August,2021,5,Thursday,17,5:00pm-5:59pm,27,27,0,This section IS NOT on the NHS,1,Rural,4,Minor Arterial,2,County Highway Agency,5,Local Street - Township,SNYDER HILL RD,,0,None,32.16173889,32.16173889,-111.233036110,-111.233036110,0,No Special Jurisdiction,38,Fence,0,The First Harmful Event was Not a Collision with a Motor Vehicle in Transport,0,No,1,Non-Junction,1,Not an Intersection,0,None,,,5,Outside Trafficway,2,Dark - Not Lighted,,,,,1,Clear,0,No,0000000,Not Applicable,17,5:00pm-5:59pm,27,27,17,5:00pm-5:59pm,33,33,18,6:00pm-6:59pm,11,11,,,,,,,1,
2021,4,40574,Arizona,1,1,0,1,1,1,1,13,MARICOPA (13),200,GLENDALE,29,29,8,August,2021,1,Sunday,0,0:00am-0:59am,6,6,0,This section IS NOT on the NHS,2,Urban,4,Minor Arterial,4,City or Municipal Highway Agency,6,Local Street - Municipality,W BETHANY HOME RD,,0,None,33.52406111,33.52406111,-112.192186110,-112.192186110,0,No Special Jurisdiction,8,Pedestrian,0,The First Harmful Event was Not a Collision with a Motor Vehicle in Transport,0,No,1,Non-Junction,1,Not an Intersection,0,None,,,1,On Roadway,3,Dark - Lighted,,,,,1,Clear,0,No,0000000,Not Applicable,99,Unknown,98,Unknown if Notified,99,Unknown EMS Scene Arrival Hour,98,Unknown if Arrived,88,"Not Applicable (Not Transported) ",88,Not Applicable (Not Transported),,,,,,,1,
2021,4,40575,Arizona,2,2,0,0,0,3,3,13,MARICOPA (13),200,GLENDALE,25,25,8,August,2021,4,Wednesday,7,7:00am-7:59am,31,31,1,This section IS ON the NHS,2,Urban,3,Principal Arterial - Other,1,State Highway Agency,2,U.S. Highway,US-60 W GRAND AVE,N 57TH DR,1550,1550,33.53619167,33.53619167,-112.183061110,-112.183061110,0,No Special Jurisdiction,12,Motor Vehicle In-Transport,6,Angle,0,No,2,Intersection,3,T-Intersection,0,None,,,1,On Roadway,1,Daylight,,,,,1,Clear,0,No,0000000,Not Applicable,99,Unknown,99,Unknown,99,Unknown EMS Scene Arrival Hour,99,Unknown EMS Scene Arrival Minutes,99,Unknown,99,Unknown EMS Hospital Arrival Time,,,,,,,1,
2021,4,40576,Arizona,2,2,0,0,0,4,4,13,MARICOPA (13),200,GLENDALE,25,25,8,August,2021,4,Wednesday,0,0:00am-0:59am,10,10,0,This section IS NOT on the NHS,2,Urban,4,Minor Arterial,4,City or Municipal Highway Agency,6,Local Street - Municipality,W BETHANY HOME RD,N 83RD AVE,0,None,33.52233056,33.52233056,-112.237602780,-112.237602780,0,No Special Jurisdiction,12,Motor Vehicle In-Transport,6,Angle,0,No,2,Intersection,2,Four-Way Intersection,0,None,,,1,On Roadway,3,Dark - Lighted,,,,,1,Clear,0,No,0000000,Not Applicable,99,Unknown,99,Unknown,99,Unknown EMS Scene Arrival Hour,99,Unknown EMS Scene Arrival Minutes,99,Unknown,99,Unknown EMS Hospital Arrival Time,,,,,,,3,
2021,4,40577,Arizona,1,1,0,0,0,1,1,13,MARICOPA (13),370,PHOENIX,7,7,5,May,2021,6,Friday,1,1:00am-1:59am,13,13,1,This section IS ON the NHS,2,Urban,3,Principal Arterial - Other,1,State Highway Agency,2,U.S. Highway,US-60,,1272,1272,33.49841667,33.49841667,-112.138480560,-112.138480560,0,No Special Jurisdiction,33,Curb,0,The First Harmful Event was Not a Collision with a Motor Vehicle in Transport,0,No,1,Non-Junction,1,Not an Intersection,0,None,,,3,On Median,3,Dark - Lighted,,,,,1,Clear,0,No,0000000,Not Applicable,99,Unknown,99,Unknown,99,Unknown EMS Scene Arrival Hour,99,Unknown EMS Scene Arrival Minutes,99,Unknown,99,Unknown EMS Hospital Arrival Time,,,,,,,1,
2021,4,40578,Arizona,2,1,1,0,0,1,1,13,MARICOPA (13),370,PHOENIX,1,1,5,May,2021,7,Saturday,13,1:00pm-1:59pm,26,26,0,This section IS NOT on the NHS,2,Urban,4,Minor Arterial,4,City or Municipal Highway Agency,6,Local Street - Municipality,S 19TH AVE,,0,None,33.40449167,33.40449167,-112.099313890,-112.099313890,0,No Special Jurisdiction,38,Fence,0,The First Harmful Event was Not a Collision with a Motor Vehicle in Transport,0,No,1,Non-Junction,1,Not an Intersection,0,None,,,4,On Roadside,1,Daylight,,,,,98,Not Reported,0,No,0000000,Not Applicable,99,Unknown,99,Unknown,99,Unknown EMS Scene Arrival Hour,99,Unknown EMS Scene Arrival Minutes,99,Unknown,99,Unknown EMS Hospital Arrival Time,,,,,,,1,