caseyear,state,st_case,statename,ve_total,ve_forms,pvh_invl,peds,pernotmvit,permvit,persons,county,countyname,city,cityname,day,dayname,month,monthname,year,day_week,day_weekname,hour,hourname,minute,minutename,nhs,nhsname,rur_urb,rur_urbname,func_sys,func_sysname,rd_owner,rd_ownername,route,routename,tway_id,tway_id2,milept,mileptname,latitude,latitudename,longitud,longitudname,sp_jur,sp_jurname,harm_ev,harm_evname,man_coll,man_collname,reljct1,reljct1name,reljct2,reljct2name,typ_int,typ_intname,wrk_zone,wrk_zonename,road_fnc,road_fncname,rel_road,rel_roadname,lgt_cond,lgt_condname,weather1,weather1name,weather2,weather2name,weather,weathername,sch_bus,sch_busname,rail,railname,not_hour,not_hourname,not_min,not_minname,arr_hour,arr_hourname,arr_min,arr_minname,hosp_hr,hosp_hrname,hosp_mn,hosp_mnname,cf1,cf1name,cf2,cf2name,cf3,cf3name,fatals,drunk_dr
2021,4,40579,Arizona,1,1,0,0,0,1,1,27,YUMA (27),620,YUMA,2,2,5,May,2021,1,Sunday,8,8:00am-8:59am,22,22,0,This section IS NOT on the NHS,1,Rural,5,Major Collector,2,County Highway Agency,4,County Road,CR-E COUNTY 2ND ST,,0,None,32.79512500,32.79512500,-113.884311110,-113.884311110,0,No Special Jurisdiction,32,Culvert,0,The First Harmful Event was Not a Collision with a Motor Vehicle in Transport,0,No,1,Non-Junction,1,Not an Intersection,0,None,,,4,On Roadside,1,Daylight,,,,,98,Not Reported,0,No,0000000,Not Applicable,99,Unknown,99,Unknown,99,Unknown EMS Scene Arrival Hour,99,Unknown EMS Scene Arrival Minutes,88,"Not Applicable (Not Transported) ",88,Not Applicable (Not Transported),,,,,,,1,
2021,4,40580,Arizona,2,2,0,0,0,2,2,13,MARICOPA (13),370,PHOENIX,2,2,5,May,2021,1,Sunday,21,9:00pm-9:59pm,29,29,1,This section IS ON the NHS,2,Urban,3,Principal Arterial - Other,4,City or Municipal Highway Agency,6,Local Street - Municipality,W INDIAN SCHOOL RD,N 91ST AVE,0,None,33.49429444,33.49429444,-112.255102780,-112.255102780,0,No Special Jurisdiction,12,Motor Vehicle In-Transport,6,Angle,0,No,2,Intersection,2,Four-Way Intersection,0,None,,,1,On Roadway,3,Dark - Lighted,,,,,1,Clear,0,No,0000000,Not Applicable,99,Unknown,99,Unknown,99,Unknown EMS Scene Arrival Hour,99,Unknown EMS Scene Arrival Minutes,99,Unknown,99,Unknown EMS Hospital Arrival Time,,,,,,,1,
2021,4,40583,Arizona,1,1,0,1,1,1,1,13,MARICOPA (13),370,PHOENIX,5,5,5,May,2021,4,Wednesday,20,8:00pm-8:59pm,2,2,0,This section IS NOT on the NHS,2,Urban,4,Minor Arterial,4,City or Municipal Highway Agency,6,Local Street - Municipality,E THOMAS RD,,0,None,33.48044167,33.48044167,-112.010705560,-112.010705560,0,No Special Jurisdiction,8,Pedestrian,0,The First Harmful Event was Not a Collision with a Motor Vehicle in Transport,0,No,1,Non-Junction,1,Not an Intersection,0,None,,,1,On Roadway,3,Dark - Lighted,,,,,1,Clear,0,No,0000000,Not Applicable,99,Unknown,99,Unknown,99,Unknown EMS Scene Arrival Hour,99,Unknown EMS Scene Arrival Minutes,99,Unknown,99,Unknown EMS Hospital Arrival Time,,,,,,,1,
2021,4,40584,Arizona,1,1,0,0,0,1,1,17,NAVAJO (17),0,NOT APPLICABLE,6,6,5,May,2021,5,Thursday,8,8:00am-8:59am,14,14,0,This section IS NOT on the NHS,1,Rural,5,Major Collector,1,State Highway Agency,2,U.S. Highway,US-163,,104,104,36.83831944,36.83831944,-110.256666670,-110.256666670,0,No Special Jurisdiction,99,Reported as Unknown,99,Reported as Unknown,9,Reported as Unknown,99,Reported as Unknown,99,Reported as Unknown,0,None,,,99,Reported as Unknown,9,Reported as Unknown,,,,,99,Reported as Unknown,0,No,0000000,Not Applicable,99,Unknown,99,Unknown,99,Unknown EMS Scene Arrival Hour,99,Unknown EMS Scene Arrival Minutes,99,Unknown,99,Unknown EMS Hospital Arrival Time,,,,,,,1,
2021,4,40585,Arizona,1,1,0,1,1,1,1,13,MARICOPA (13),370,PHOENIX,7,7,5,May,2021,6,Friday,2,2:00am-2:59am,47,47,0,This section IS NOT on the NHS,2,Urban,4,Minor Arterial,4,City or Municipal Highway Agency,6,Local Street - Municipality,W THOMAS RD,,0,None,33.48055000,33.48055000,-112.147936110,-112.147936110,0,No Special Jurisdiction,8,Pedestrian,0,The First Harmful Event was Not a Collision with a Motor Vehicle in Transport,0,No,1,Non-Junction,1,Not an Intersection,0,None,,,1,On Roadway,3,Dark - Lighted,,,,,1,Clear,0,No,0000000,Not Applicable,99,Unknown,99,Unknown,99,Unknown EMS Scene Arrival Hour,99,Unknown EMS Scene Arrival Minutes,88,"Not Applicable (Not Transported) ",88,Not Applicable (Not Transported),,,,,,,1,
2021,4,40586,Arizona,3,3,0,0,0,3,3,9,GRAHAM (9),0,NOT APPLICABLE,10,10,5,May,2021,2,Monday,13,1:00pm-1:59pm,0,0,0,This section IS NOT on the NHS,1,Rural,4,Minor Arterial,1,State Highway Agency,2,U.S. Highway,US-70,,289,289,33.25818333,33.25818333,-110.293430560,-110.293430560,3,Indian Reservation,12,Motor Vehicle In-Transport,99,Reported as Unknown,8,Not Reported,98,Not Reported,98,Not Reported,0,None,,,98,Not Reported,1,Daylight,,,,,98,Not Reported,0,No,0000000,Not Applicable,99,Unknown,98,Unknown if Notified,99,Unknown EMS Scene Arrival Hour,98,Unknown if Arrived,99,Unknown,98,Unknown if Transported,,,,,,,2,
2021,4,40587,Arizona,2,2,0,0,0,4,4,13,MARICOPA (13),388,QUEEN CREEK,10,10,5,May,2021,2,Monday,23,11:00pm-11:59pm,59,59,0,This section IS NOT on the NHS,2,Urban,4,Minor Arterial,4,City or Municipal Highway Agency,6,Local Street - Municipality,W HUNT HWY,,0,None,33.20476389,33.20476389,-111.668244440,-111.668244440,0,No Special Jurisdiction,12,Motor Vehicle In-Transport,6,Angle,0,No,1,Non-Junction,1,Not an Intersection,0,None,,,1,On Roadway,2,Dark - Not Lighted,,,,,1,Clear,0,No,0000000,Not Applicable,23,11:00pm-11:59pm,59,59,0,0:00am-0:59am,6,6,0,0:00am-0:59am,30,30,,,,,,,1,
2021,4,40588,Arizona,2,2,0,0,0,2,2,13,MARICOPA (13),370,PHOENIX,15,15,5,May,2021,7,Saturday,20,8:00pm-8:59pm,50,50,1,This section IS ON the NHS,2,Urban,3,Principal Arterial - Other,4,City or Municipal Highway Agency,6,Local Street - Municipality,N 51ST AVE,W VAN BUREN ST,0,None,33.45123056,33.45123056,-112.169075000,-112.169075000,0,No Special Jurisdiction,12,Motor Vehicle In-Transport,6,Angle,0,No,2,Intersection,2,Four-Way Intersection,0,None,,,1,On Roadway,3,Dark - Lighted,,,,,98,Not Reported,0,No,0000000,Not Applicable,99,Unknown,99,Unknown,99,Unknown EMS Scene Arrival Hour,99,Unknown EMS Scene Arrival Minutes,99,Unknown,99,Unknown EMS Hospital Arrival Time,,,,,,,1,
2021,4,40589,Arizona,2,2,0,0,0,4,4,13,MARICOPA (13),80,CHANDLER,21,21,5,May,2021,6,Friday,18,6:00pm-6:59pm,50,50,1,This section IS ON the NHS,2,Urban,3,Principal Arterial - Other,4,City or Municipal Highway Agency,6,Local Street - Municipality,W ELLIOT RD,N CENTRAL DR,0,None,33.34965556,33.34965556,-111.865408330,-111.865408330,0,No Special Jurisdiction,12,Motor Vehicle In-Transport,6,Angle,0,No,3,Intersection-Related,3,T-Intersection,0,None,,,1,On Roadway,1,Daylight,,,,,1,Clear,0,No,0000000,Not Applicable,18,6:00pm-6:59pm,51,51,18,6:00pm-6:59pm,55,55,19,7:00pm-7:59pm,22,22,,,,,,,1,
2021,4,40590,Arizona,1,1,0,1,1,1,1,13,MARICOPA (13),370,PHOENIX,22,22,5,May,2021,7,Saturday,23,11:00pm-11:59pm,46,46,0,This section IS NOT on the NHS,2,Urban,4,Minor Arterial,4,City or Municipal Highway Agency,6,Local Street - Municipality,N 35TH AVE,,0,None,33.46936389,33.46936389,-112.134552780,-112.134552780,0,No Special Jurisdiction,8,Pedestrian,0,The First Harmful Event was Not a Collision with a Motor Vehicle in Transport,0,No,1,Non-Junction,1,Not an Intersection,0,None,,,1,On Roadway,3,Dark - Lighted,,,,,98,Not Reported,0,No,0000000,Not Applicable,99,Unknown,99,Unknown,99,Unknown EMS Scene Arrival Hour,99,Unknown EMS Scene Arrival Minutes,88,"Not Applicable (Not Transported) ",88,Not Applicable (Not Transported),,,,,,,1,
2021,4,40591,Arizona,2,2,0,0,0,3,3,13,MARICOPA (13),370,PHOENIX,23,23,5,May,2021,1,Sunday,0,0:00am-0:59am,0,0,1,This section IS ON the NHS,2,Urban,3,Principal Arterial - Other,4,City or Municipal Highway Agency,6,Local Street - Municipality,W BELL RD,I-17 ENTRANCE RAMP,0,None,33.64003611,33.64003611,-112.113977780,-112.113977780,0,No Special Jurisdiction,12,Motor Vehicle In-Transport,6,Angle,1,Yes,2,Intersection,2,Four-Way Intersection,0,None,,,1,On Roadway,3,Dark - Lighted,,,,,1,Clear,0,No,0000000,Not Applicable,99,Unknown,99,Unknown,99,Unknown EMS Scene Arrival Hour,99,Unknown EMS Scene Arrival Minutes,88,"Not Applicable (Not Transported) ",88,Not Applicable (Not Transported),,,,,,,1,
2021,4,40592,Arizona,1,1,0,1,1,1,1,13,MARICOPA (13),370,PHOENIX,25,25,5,May,2021,3,Tuesday,20,8:00pm-8:59pm,55,55,0,This section IS NOT on the NHS,2,Urban,4,Minor Arterial,4,City or Municipal Highway Agency,6,Local Street - Municipality,N 67TH AVE,,0,None,33.49973611,33.49973611,-112.203172220,-112.203172220,0,No Special Jurisdiction,9,Pedalcyclist,0,The First Harmful Event was Not a Collision with a Motor Vehicle in Transport,0,No,1,Non-Junction,1,Not an Intersection,0,None,,,1,On Roadway,3,Dark - Lighted,,,,,98,Not Reported,0,No,0000000,Not Applicable,99,Unknown,99,Unknown,99,Unknown EMS Scene Arrival Hour,99,Unknown EMS Scene Arrival Minutes,99,Unknown,99,Unknown EMS Hospital Arrival Time,,,,,,,1,
2021,4,40593,Arizona,2,2,0,0,0,5,5,13,MARICOPA (13),370,PHOENIX,25,25,5,May,2021,3,Tuesday,21,9:00pm-9:59pm,32,32,0,This section IS NOT on the NHS,2,Urban,4,Minor Arterial,4,City or Municipal Highway Agency,6,Local Street - Municipality,W CACTUS RD,N 43RD AVE,0,None,33.59638056,33.59638056,-112.151263890,-112.151263890,0,No Special Jurisdiction,12,Motor Vehicle In-Transport,6,Angle,0,No,2,Intersection,2,Four-Way Intersection,0,None,,,1,On Roadway,3,Dark - Lighted,,,,,98,Not Reported,0,No,0000000,Not Applicable,99,Unknown,99,Unknown,99,Unknown EMS Scene Arrival Hour,99,Unknown EMS Scene Arrival Minutes,99,Unknown,99,Unknown EMS Hospital Arrival Time,,,,,,,1,
2021,4,40594,Arizona,2,2,0,1,1,2,2,13,MARICOPA (13),370,PHOENIX,30,30,5,May,2021,1,Sunday,22,10:00pm-10:59pm,28,28,1,This section IS ON the NHS,2,Urban,3,Principal Arterial - Other,1,State Highway Agency,2,U.S. Highway,US-60,,99999,Unknown,33.50236111,33.50236111,-112.143238890,-112.143238890,0,No Special Jurisdiction,8,Pedestrian,0,The First Harmful Event was Not a Collision with a Motor Vehicle in Transport,0,No,1,Non-Junction,1,Not an Intersection,0,None,,,1,On Roadway,3,Dark - Lighted,,,,,98,Not Reported,0,No,0000000,Not Applicable,99,Unknown,99,Unknown,99,Unknown EMS Scene Arrival Hour,99,Unknown EMS Scene Arrival Minutes,88,"Not Applicable (Not Transported) ",88,Not Applicable (Not Transported),,,,,,,1,
2021,4,40595,Arizona,3,3,0,0,0,4,4,13,MARICOPA (13),60,BUCKEYE,30,30,5,May,2021,1,Sunday,22,10:00pm-10:59pm,29,29,0,This section IS NOT on the NHS,2,Urban,4,Minor Arterial,4,City or Municipal Highway Agency,6,Local Street - Municipality,N VERRADO WAY,,0,None,33.44998889,33.44998889,-112.504294440,-112.504294440,0,No Special Jurisdiction,12,Motor Vehicle In-Transport,1,Front-to-Rear,0,No,98,Not Reported,98,Not Reported,0,None,,,1,On Roadway,9,Reported as Unknown,,,,,98,Not Reported,0,No,0000000,Not Applicable,22,10:00pm-10:59pm,30,30,22,10:00pm-10:59pm,38,38,22,10:00pm-10:59pm,53,53,,,,,,,3,
2021,4,40596,Arizona,2,2,0,0,0,2,2,13,MARICOPA (13),370,PHOENIX,31,31,5,May,2021,2,Monday,22,10:00pm-10:59pm,33,33,1,This section IS ON the NHS,2,Urban,3,Principal Arterial - Other,4,City or Municipal Highway Agency,6,Local Street - Municipality,N CAVE CREEK RD,E GREENWAY PKWY,0,None,33.63184167,33.63184167,-112.030911110,-112.030911110,0,No Special Jurisdiction,12,Motor Vehicle In-Transport,6,Angle,0,No,2,Intersection,2,Four-Way Intersection,0,None,,,1,On Roadway,3,Dark - Lighted,,,,,1,Clear,0,No,0000000,Not Applicable,99,Unknown,99,Unknown,99,Unknown EMS Scene Arrival Hour,99,Unknown EMS Scene Arrival Minutes,99,Unknown,99,Unknown EMS Hospital Arrival Time,,,,,,,2,
2021,4,40597,Arizona,1,1,0,1,1,2,2,13,MARICOPA (13),30,AVONDALE,4,4,9,September,2021,7,Saturday,0,0:00am-0:59am,7,7,1,This section IS ON the NHS,2,Urban,1,Interstate,1,State Highway Agency,1,Interstate,I-10,,1309,1309,33.45763333,33.45763333,-112.334486110,-112.334486110,0,No Special Jurisdiction,8,Pedestrian,0,The First Harmful Event was Not a Collision with a Motor Vehicle in Transport,0,No,1,Non-Junction,1,Not an Intersection,0,None,,,1,On Roadway,3,Dark - Lighted,,,,,1,Clear,0,No,0000000,Not Applicable,0,0:00am-0:59am,7,7,99,Unknown EMS Scene Arrival Hour,99,Unknown EMS Scene Arrival Minutes,88,"Not Applicable (Not Transported) ",88,Not Applicable (Not Transported),,,,,,,1,
2021,4,40598,Arizona,1,1,0,1,1,2,2,13,MARICOPA (13),370,PHOENIX,6,6,9,September,2021,2,Monday,0,0:00am-0:59am,10,10,1,This section IS ON the NHS,2,Urban,2,Principal Arterial - Other Freeways and Expressways,1,State Highway Agency,3,State Highway,SR-202 RED MOUNTAIN FWY,,8,8,33.46215278,33.46215278,-112.028166670,-112.028166670,0,No Special Jurisdiction,8,Pedestrian,0,The First Harmful Event was Not a Collision with a Motor Vehicle in Transport,0,No,1,Non-Junction,1,Not an Intersection,0,None,,,1,On Roadway,3,Dark - Lighted,,,,,1,Clear,0,No,0000000,Not Applicable,0,0:00am-0:59am,12,12,0,0:00am-0:59am,18,18,88,"Not Applicable (Not Transported) ",88,Not Applicable (Not Transported),,,,,,,1,
2021,4,40599,Arizona,1,1,0,1,1,1,1,21,PINAL (21),22,APACHE JUNCTION,6,6,9,September,2021,2,Monday,4,4:00am-4:59am,20,20,1,This section IS ON the NHS,2,Urban,2,Principal Arterial - Other Freeways and Expressways,1,State Highway Agency,2,U.S. Highway,US-60,,2009,2009,33.36906944,33.36906944,-111.480072220,-111.480072220,0,No Special Jurisdiction,8,Pedestrian,0,The First Harmful Event was Not a Collision with a Motor Vehicle in Transport,0,No,1,Non-Junction,1,Not an Intersection,0,None,,,1,On Roadway,2,Dark - Not Lighted,,,,,1,Clear,0,No,0000000,Not Applicable,4,4:00am-4:59am,20,20,4,4:00am-4:59am,41,41,5,5:00am-5:59am,10,10,,,,,,,1,
2021,4,40600,Arizona,2,2,0,0,0,2,2,13,MARICOPA (13),370,PHOENIX,6,6,9,September,2021,2,Monday,7,7:00am-7:59am,8,8,0,This section IS NOT on the NHS,2,Urban,4,Minor Arterial,4,City or Municipal Highway Agency,6,Local Street - Municipality,W BETHANY HOME RD,15TH AVE,0,None,33.52399444,33.52399444,-112.091163890,-112.091163890,0,No Special Jurisdiction,12,Motor Vehicle In-Transport,6,Angle,0,No,2,Intersection,2,Four-Way Intersection,0,None,,,1,On Roadway,1,Daylight,,,,,1,Clear,0,No,0000000,Not Applicable,99,Unknown,99,Unknown,99,Unknown EMS Scene Arrival Hour,99,Unknown EMS Scene Arrival Minutes,99,Unknown,99,Unknown EMS Hospital Arrival Time,,,,,,,1,
2021,4,40601,Arizona,1,1,0,1,1,1,1,19,PIMA (19),530,TUCSON,7,7,9,September,2021,3,Tuesday,4,4:00am-4:59am,38,38,0,This section IS NOT on the NHS,2,Urban,4,Minor Arterial,4,City or Municipal Highway Agency,6,Local Street - Municipality,S CAMBELL AVE,,0,None,32.14220278,32.14220278,-110.943461110,-110.943461110,0,No Special Jurisdiction,8,Pedestrian,0,The First Harmful Event was Not a Collision with a Motor Vehicle in Transport,0,No,1,Non-Junction,1,Not an Intersection,0,None,,,1,On Roadway,4,Dawn,,,,,1,Clear,0,No,0000000,Not Applicable,4,4:00am-4:59am,38,38,4,4:00am-4:59am,40,40,5,5:00am-5:59am,10,10,,,,,,,1,
2021,4,40602,Arizona,1,1,0,1,1,1,1,13,MARICOPA (13),490,TEMPE,7,7,9,September,2021,3,Tuesday,3,3:00am-3:59am,40,40,1,This section IS ON the NHS,2,Urban,2,Principal Arterial - Other Freeways and Expressways,1,State Highway Agency,3,State Highway,SR-101 PRICE FRWY,,558,558,33.37458889,33.37458889,-111.893544440,-111.893544440,0,No Special Jurisdiction,8,Pedestrian,0,The First Harmful Event was Not a Collision with a Motor Vehicle in Transport,0,No,1,Non-Junction,1,Not an Intersection,0,None,,,1,On Roadway,3,Dark - Lighted,,,,,1,Clear,0,No,0000000,Not Applicable,3,3:00am-3:59am,44,44,3,3:00am-3:59am,57,57,88,"Not Applicable (Not Transported) ",88,Not Applicable (Not Transported),,,,,,,1,
2021,4,40603,Arizona,2,2,0,0,0,2,2,13,MARICOPA (13),0,NOT APPLICABLE,9,9,9,September,2021,5,Thursday,7,7:00am-7:59am,0,0,1,This section IS ON the NHS,2,Urban,2,Principal Arterial - Other Freeways and Expressways,1,State Highway Agency,3,State Highway,SR-202 RAMP,BROADWAY RD,0,None,33.40795000,33.40795000,-111.639583330,-111.639583330,0,No Special Jurisdiction,12,Motor Vehicle In-Transport,6,Angle,1,Yes,2,Intersection,2,Four-Way Intersection,0,None,,,1,On Roadway,1,Daylight,,,,,1,Clear,0,No,0000000,Not Applicable,99,Unknown,99,Unknown,99,Unknown EMS Scene Arrival Hour,99,Unknown EMS Scene Arrival Minutes,6,6:00am-6:59am,53,53,,,,,,,1,
2021,4,40604,Arizona,1,1,0,1,1,1,1,19,PIMA (19),530,TUCSON,11,11,9,September,2021,7,Saturday,13,1:00pm-1:59pm,5,5,0,This section IS NOT on the NHS,2,Urban,3,Principal Arterial - Other,4,City or Municipal Highway Agency,6,Local Street - Municipality,ORACLE RD,RILLITO ST,0,None,32.24810278,32.24810278,-110.978036110,-110.978036110,0,No Special Jurisdiction,9,Pedalcyclist,0,The First Harmful Event was Not a Collision with a Motor Vehicle in Transport,0,No,2,Intersection,2,Four-Way Intersection,0,None,,,1,On Roadway,1,Daylight,,,,,1,Clear,0,No,0000000,Not Applicable,99,Unknown,99,Unknown,99,Unknown EMS Scene Arrival Hour,99,Unknown EMS Scene Arrival Minutes,88,"Not Applicable (Not Transported) ",88,Not Applicable (Not Transported),,,,,,,1,
2021,4,40606,Arizona,3,3,0,0,0,4,4,17,NAVAJO (17),232,HEBER,10,10,9,September,2021,6,Friday,8,8:00am-8:59am,43,43,1,This section IS ON the NHS,1,Rural,3,Principal Arterial - Other,1,State Highway Agency,3,State Highway,SR-260,,3012,3012,34.43282778,34.43282778,-110.639766670,-110.639766670,0,No Special Jurisdiction,12,Motor Vehicle In-Transport,2,Front-to-Front,0,No,1,Non-Junction,1,Not an Intersection,0,None,,,1,On Roadway,1,Daylight,,,,,1,Clear,0,No,0000000,Not Applicable,8,8:00am-8:59am,43,43,8,8:00am-8:59am,50,50,99,Unknown,99,Unknown EMS Hospital Arrival Time,,,,,,,1,
2021,4,40607,Arizona,3,3,0,0,0,4,4,13,MARICOPA (13),30,AVONDALE,10,10,9,September,2021,6,Friday,22,10:00pm-10:59pm,58,58,1,This section IS ON the NHS,2,Urban,1,Interstate,1,State Highway Agency,1,Interstate,I-10,,1305,1305,33.45761389,33.45761389,-112.327380560,-112.327380560,0,No Special Jurisdiction,12,Motor Vehicle In-Transport,1,Front-to-Rear,1,Yes,18,Through Roadway,1,Not an Intersection,1,Construction,,,1,On Roadway,3,Dark - Lighted,,,,,1,Clear,0,No,0000000,Not Applicable,22,10:00pm-10:59pm,58,58,23,11:00pm-11:59pm,5,5,99,Unknown,99,Unknown EMS Hospital Arrival Time,,,,,,,1,
2021,4,40608,Arizona,1,1,0,1,1,1,1,13,MARICOPA (13),220,GOODYEAR,14,14,9,September,2021,3,Tuesday,23,11:00pm-11:59pm,43,43,0,This section IS NOT on the NHS,2,Urban,4,Minor Arterial,4,City or Municipal Highway Agency,6,Local Street - Municipality,W CAMELBACK RD,,440,440,33.50818611,33.50818611,-112.400191670,-112.400191670,0,No Special Jurisdiction,8,Pedestrian,0,The First Harmful Event was Not a Collision with a Motor Vehicle in Transport,0,No,1,Non-Junction,1,Not an Intersection,0,None,,,1,On Roadway,2,Dark - Not Lighted,,,,,1,Clear,0,No,0000000,Not Applicable,23,11:00pm-11:59pm,46,46,23,11:00pm-11:59pm,53,53,0,0:00am-0:59am,15,15,,,,,,,1,
2021,4,40610,Arizona,2,2,0,0,0,3,3,13,MARICOPA (13),290,MESA,2,2,9,September,2021,5,Thursday,19,7:00pm-7:59pm,23,23,0,This section IS NOT on the NHS,2,Urban,3,Principal Arterial - Other,4,City or Municipal Highway Agency,6,Local Street - Municipality,W UNIVERISTY DR,N MAY,80,80,33.42213889,33.42213889,-111.878725000,-111.878725000,0,No Special Jurisdiction,12,Motor Vehicle In-Transport,98,Not Reported,0,No,2,Intersection,3,T-Intersection,0,None,,,1,On Roadway,3,Dark - Lighted,,,,,1,Clear,0,No,0000000,Not Applicable,19,7:00pm-7:59pm,23,23,19,7:00pm-7:59pm,25,25,19,7:00pm-7:59pm,45,45,,,,,,,1,
2021,4,40611,Arizona,1,1,0,1,1,3,3,13,MARICOPA (13),200,GLENDALE,3,3,9,September,2021,6,Friday,22,10:00pm-10:59pm,7,7,0,This section IS NOT on the NHS,2,Urban,4,Minor Arterial,4,City or Municipal Highway Agency,6,Local Street - Municipality,W NORTHERN AVE,N 47TH AVE,470,470,33.55312500,33.55312500,-112.160238890,-112.160238890,0,No Special Jurisdiction,9,Pedalcyclist,0,The First Harmful Event was Not a Collision with a Motor Vehicle in Transport,0,No,3,Intersection-Related,2,Four-Way Intersection,0,None,,,1,On Roadway,3,Dark - Lighted,,,,,1,Clear,0,No,0000000,Not Applicable,99,Unknown,99,Unknown,99,Unknown EMS Scene Arrival Hour,99,Unknown EMS Scene Arrival Minutes,99,Unknown,99,Unknown EMS Hospital Arrival Time,,,,,,,1,
2021,4,40612,Arizona,2,2,0,0,0,2,2,13,MARICOPA (13),290,MESA,4,4,9,September,2021,7,Saturday,18,6:00pm-6:59pm,25,25,0,This section IS NOT on the NHS,2,Urban,3,Principal Arterial - Other,4,City or Municipal Highway Agency,6,Local Street - Municipality,W UNIVERSITY DR,N STANDAGE,90,90,33.42217500,33.42217500,-111.860897220,-111.860897220,0,No Special Jurisdiction,12,Motor Vehicle In-Transport,6,Angle,0,No,2,Intersection,2,Four-Way Intersection,0,None,,,1,On Roadway,3,Dark - Lighted,,,,,1,Clear,0,No,0000000,Not Applicable,18,6:00pm-6:59pm,25,25,18,6:00pm-6:59pm,30,30,18,6:00pm-6:59pm,35,35,,,,,,,1,
2021,4,40613,Arizona,1,1,0,0,0,2,2,5,COCONINO (5),0,NOT APPLICABLE,7,7,9,September,2021,3,Tuesday,12,12:00pm-12:59pm,5,5,0,This section IS NOT on the NHS,1,Rural,4,Minor Arterial,1,State Highway Agency,2,U.S. Highway,US-89 ALT,,5732,5732,36.73524444,36.73524444,-112.128325000,-112.128325000,0,No Special Jurisdiction,17,Boulder,0,The First Harmful Event was Not a Collision with a Motor Vehicle in Transport,0,No,1,Non-Junction,1,Not an Intersection,0,None,,,4,On Roadside,1,Daylight,,,,,1,Clear,0,No,0000000,Not Applicable,12,12:00pm-12:59pm,12,12,13,1:00pm-1:59pm,12,12,99,Unknown,99,Unknown EMS Hospital Arrival Time,,,,,,,1,
2021,4,40614,Arizona,2,2,0,0,0,2,2,13,MARICOPA (13),370,PHOENIX,9,9,9,September,2021,5,Thursday,14,2:00pm-2:59pm,15,15,1,This section IS ON the NHS,2,Urban,2,Principal Arterial - Other Freeways and Expressways,1,State Highway Agency,3,State Highway,SR-202 RAMP,,3,3,33.43731667,33.43731667,-111.962297220,-111.962297220,0,No Special Jurisdiction,25,Concrete Traffic Barrier,0,The First Harmful Event was Not a Collision with a Motor Vehicle in Transport,1,Yes,5,Entrance/Exit Ramp Related,1,Not an Intersection,0,None,,,4,On Roadside,1,Daylight,,,,,10,Cloudy,0,No,0000000,Not Applicable,14,2:00pm-2:59pm,15,15,14,2:00pm-2:59pm,23,23,14,2:00pm-2:59pm,39,39,,,,,,,1,
2021,4,40615,Arizona,1,1,0,0,0,1,1,13,MARICOPA (13),0,NOT APPLICABLE,3,3,9,September,2021,6,Friday,6,6:00am-6:59am,47,47,1,This section IS ON the NHS,2,Urban,2,Principal Arterial - Other Freeways and Expressways,1,State Highway Agency,3,State Highway,SR-202 SOUTH MOUNTAIN FWY,,664,664,33.31246667,33.31246667,-112.155794440,-112.155794440,0,No Special Jurisdiction,25,Concrete Traffic Barrier,0,The First Harmful Event was Not a Collision with a Motor Vehicle in Transport,0,No,1,Non-Junction,1,Not an Intersection,0,None,,,4,On Roadside,1,Daylight,,,,,1,Clear,0,No,0000000,Not Applicable,99,Unknown,99,Unknown,99,Unknown EMS Scene Arrival Hour,99,Unknown EMS Scene Arrival Minutes,99,Unknown,99,Unknown EMS Hospital Arrival Time,,,,,,,1,
2021,4,40616,Arizona,1,1,0,0,0,2,2,13,MARICOPA (13),370,PHOENIX,4,4,9,September,2021,7,Saturday,7,7:00am-7:59am,53,53,1,This section IS ON the NHS,2,Urban,1,Interstate,1,State Highway Agency,1,Interstate,I-10,,1461,1461,33.46171111,33.46171111,-112.057455560,-112.057455560,0,No Special Jurisdiction,42,Tree (Standing Only),0,The First Harmful Event was Not a Collision with a Motor Vehicle in Transport,1,Yes,19,Other location within Interchange Area,1,Not an Intersection,0,None,,,4,On Roadside,1,Daylight,,,,,1,Clear,0,No,0000000,Not Applicable,7,7:00am-7:59am,54,54,8,8:00am-8:59am,4,4,8,8:00am-8:59am,15,15,,,,,,,1,
2021,4,40617,Arizona,2,2,0,0,0,2,2,13,MARICOPA (13),80,CHANDLER,17,17,9,September,2021,6,Friday,23,11:00pm-11:59pm,29,29,1,This section IS ON the NHS,2,Urban,2,Principal Arterial - Other Freeways and Expressways,1,State Highway Agency,3,State Highway,SR-202,,539,539,33.29276667,33.29276667,-111.949847220,-111.949847220,0,No Special Jurisdiction,12,Motor Vehicle In-Transport,1,Front-to-Rear,0,No,1,Non-Junction,1,Not an Intersection,0,None,,,1,On Roadway,3,Dark - Lighted,,,,,1,Clear,0,No,0000000,Not Applicable,23,11:00pm-11:59pm,29,29,23,11:00pm-11:59pm,53,53,88,"Not Applicable (Not Transported) ",88,Not Applicable (Not Transported),,,,,,,1,
2021,4,40618,Arizona,3,3,0,0,0,4,4,19,PIMA (19),530,TUCSON,19,19,9,September,2021,1,Sunday,0,0:00am-0:59am,44,44,0,This section IS NOT on the NHS,2,Urban,4,Minor Arterial,2,County Highway Agency,3,State Highway,SR-19 NOGALES HWY,,134,134,32.08555556,32.08555556,-110.959077780,-110.959077780,0,No Special Jurisdiction,12,Motor Vehicle In-Transport,8,Sideswipe - Opposite Direction,0,No,1,Non-Junction,1,Not an Intersection,0,None,,,1,On Roadway,2,Dark - Not Lighted,,,,,1,Clear,0,No,0000000,Not Applicable,0,0:00am-0:59am,45,45,0,0:00am-0:59am,52,52,88,"Not Applicable (Not Transported) ",88,Not Applicable (Not Transported),,,,,,,1,