caseyear,state,st_case,statename,ve_total,ve_forms,pvh_invl,peds,pernotmvit,permvit,persons,county,countyname,city,cityname,day,dayname,month,monthname,year,day_week,day_weekname,hour,hourname,minute,minutename,nhs,nhsname,rur_urb,rur_urbname,func_sys,func_sysname,rd_owner,rd_ownername,route,routename,tway_id,tway_id2,milept,mileptname,latitude,latitudename,longitud,longitudname,sp_jur,sp_jurname,harm_ev,harm_evname,man_coll,man_collname,reljct1,reljct1name,reljct2,reljct2name,typ_int,typ_intname,wrk_zone,wrk_zonename,road_fnc,road_fncname,rel_road,rel_roadname,lgt_cond,lgt_condname,weather1,weather1name,weather2,weather2name,weather,weathername,sch_bus,sch_busname,rail,railname,not_hour,not_hourname,not_min,not_minname,arr_hour,arr_hourname,arr_min,arr_minname,hosp_hr,hosp_hrname,hosp_mn,hosp_mnname,cf1,cf1name,cf2,cf2name,cf3,cf3name,fatals,drunk_dr
2021,4,40655,Arizona,2,2,0,0,0,4,4,3,COCHISE (3),0,NOT APPLICABLE,30,30,10,October,2021,7,Saturday,17,5:00pm-5:59pm,23,23,1,This section IS ON the NHS,1,Rural,3,Principal Arterial - Other,1,State Highway Agency,3,State Highway,SR-90,SR-82,3084,3084,31.69274722,31.69274722,-110.350352780,-110.350352780,0,No Special Jurisdiction,12,Motor Vehicle In-Transport,6,Angle,0,No,2,Intersection,2,Four-Way Intersection,0,None,,,1,On Roadway,5,Dusk,,,,,1,Clear,0,No,0000000,Not Applicable,17,5:00pm-5:59pm,16,16,17,5:00pm-5:59pm,18,18,99,Unknown,99,Unknown EMS Hospital Arrival Time,,,,,,,1,
2021,4,40657,Arizona,2,2,0,0,0,3,3,19,PIMA (19),530,TUCSON,29,29,10,October,2021,6,Friday,9,9:00am-9:59am,55,55,0,This section IS NOT on the NHS,2,Urban,3,Principal Arterial - Other,4,City or Municipal Highway Agency,6,Local Street - Municipality,GRANT RD,CRAYCROFT RD,0,None,32.25067778,32.25067778,-110.875336110,-110.875336110,0,No Special Jurisdiction,12,Motor Vehicle In-Transport,6,Angle,0,No,2,Intersection,98,Not Reported,0,None,,,1,On Roadway,1,Daylight,,,,,1,Clear,0,No,0000000,Not Applicable,99,Unknown,99,Unknown,99,Unknown EMS Scene Arrival Hour,99,Unknown EMS Scene Arrival Minutes,99,Unknown,99,Unknown EMS Hospital Arrival Time,,,,,,,1,
2021,4,40658,Arizona,1,1,0,1,1,2,2,13,MARICOPA (13),290,MESA,22,22,10,October,2021,6,Friday,20,8:00pm-8:59pm,52,52,1,This section IS ON the NHS,2,Urban,3,Principal Arterial - Other,1,State Highway Agency,3,State Highway,SR-87 S COUNTRY CLUB DR,,0,None,33.38879167,33.38879167,-111.840183330,-111.840183330,0,No Special Jurisdiction,8,Pedestrian,0,The First Harmful Event was Not a Collision with a Motor Vehicle in Transport,0,No,1,Non-Junction,1,Not an Intersection,0,None,,,1,On Roadway,3,Dark - Lighted,,,,,1,Clear,0,No,0000000,Not Applicable,20,8:00pm-8:59pm,53,53,20,8:00pm-8:59pm,56,56,21,9:00pm-9:59pm,1,1,,,,,,,1,
2021,4,40659,Arizona,2,2,0,0,0,3,3,25,YAVAPAI (25),0,NOT APPLICABLE,8,8,10,October,2021,6,Friday,16,4:00pm-4:59pm,50,50,0,This section IS NOT on the NHS,1,Rural,4,Minor Arterial,1,State Highway Agency,3,State Highway,SR-89,,2860,2860,34.33008333,34.33008333,-112.687963890,-112.687963890,0,No Special Jurisdiction,54,"Motor Vehicle In-Transport Strikes or is Struck by Cargo, Persons or Objects Set-in-Motion from/by Another Motor Vehicle In Transport",11,"Other ",0,No,1,Non-Junction,1,Not an Intersection,0,None,,,1,On Roadway,1,Daylight,,,,,10,Cloudy,0,No,0000000,Not Applicable,16,4:00pm-4:59pm,51,51,17,5:00pm-5:59pm,10,10,99,Unknown,99,Unknown EMS Hospital Arrival Time,,,,,,,1,
2021,4,40661,Arizona,1,1,0,1,1,1,1,13,MARICOPA (13),200,GLENDALE,21,21,10,October,2021,5,Thursday,18,6:00pm-6:59pm,48,48,0,This section IS NOT on the NHS,2,Urban,4,Minor Arterial,4,City or Municipal Highway Agency,6,Local Street - Municipality,W BETHANY HOME RD,N 58TH AVE,0,None,33.52423889,33.52423889,-112.184102780,-112.184102780,0,No Special Jurisdiction,8,Pedestrian,0,The First Harmful Event was Not a Collision with a Motor Vehicle in Transport,0,No,3,Intersection-Related,2,Four-Way Intersection,0,None,,,1,On Roadway,2,Dark - Not Lighted,,,,,1,Clear,0,No,0000000,Not Applicable,99,Unknown,99,Unknown,99,Unknown EMS Scene Arrival Hour,99,Unknown EMS Scene Arrival Minutes,99,Unknown,99,Unknown EMS Hospital Arrival Time,,,,,,,1,
2021,4,40662,Arizona,1,1,0,1,1,1,1,13,MARICOPA (13),290,MESA,25,25,10,October,2021,2,Monday,22,10:00pm-10:59pm,1,1,0,This section IS NOT on the NHS,2,Urban,4,Minor Arterial,4,City or Municipal Highway Agency,6,Local Street - Municipality,E BROADWAY RD,,0,None,33.40750278,33.40750278,-111.880563890,-111.880563890,0,No Special Jurisdiction,8,Pedestrian,0,The First Harmful Event was Not a Collision with a Motor Vehicle in Transport,0,No,1,Non-Junction,1,Not an Intersection,0,None,,,1,On Roadway,3,Dark - Lighted,,,,,1,Clear,0,No,0000000,Not Applicable,22,10:00pm-10:59pm,1,1,22,10:00pm-10:59pm,8,8,88,"Not Applicable (Not Transported) ",88,Not Applicable (Not Transported),,,,,,,1,
2021,4,40663,Arizona,1,1,0,1,1,1,1,13,MARICOPA (13),570,WICKENBURG,27,27,10,October,2021,4,Wednesday,6,6:00am-6:59am,15,15,1,This section IS ON the NHS,1,Rural,3,Principal Arterial - Other,1,State Highway Agency,2,U.S. Highway,US-60,JACK BURDEN RD,1103,1103,33.97194444,33.97194444,-112.724375000,-112.724375000,0,No Special Jurisdiction,8,Pedestrian,0,The First Harmful Event was Not a Collision with a Motor Vehicle in Transport,0,No,3,Intersection-Related,3,T-Intersection,2,Maintenance,,,1,On Roadway,3,Dark - Lighted,,,,,1,Clear,0,No,0000000,Not Applicable,6,6:00am-6:59am,15,15,6,6:00am-6:59am,23,23,88,"Not Applicable (Not Transported) ",88,Not Applicable (Not Transported),,,,,,,1,
2021,4,40664,Arizona,1,1,0,0,0,1,1,1,APACHE (1),0,NOT APPLICABLE,2,2,10,October,2021,7,Saturday,9,9:00am-9:59am,25,25,1,This section IS ON the NHS,1,Rural,3,Principal Arterial - Other,1,State Highway Agency,2,U.S. Highway,US-60,,3575,3575,34.27310278,34.27310278,-109.758613890,-109.758613890,0,No Special Jurisdiction,38,Fence,0,The First Harmful Event was Not a Collision with a Motor Vehicle in Transport,0,No,1,Non-Junction,1,Not an Intersection,0,None,,,5,Outside Trafficway,1,Daylight,,,,,1,Clear,0,No,0000000,Not Applicable,9,9:00am-9:59am,24,24,9,9:00am-9:59am,35,35,88,"Not Applicable (Not Transported) ",88,Not Applicable (Not Transported),,,,,,,1,
2021,4,40665,Arizona,1,1,0,0,0,2,2,15,MOHAVE (15),0,NOT APPLICABLE,2,2,10,October,2021,7,Saturday,16,4:00pm-4:59pm,31,31,1,This section IS ON the NHS,1,Rural,1,Interstate,1,State Highway Agency,1,Interstate,I-15,,210,210,36.96840000,36.96840000,-113.755377780,-113.755377780,0,No Special Jurisdiction,1,Rollover/Overturn,0,The First Harmful Event was Not a Collision with a Motor Vehicle in Transport,0,No,1,Non-Junction,1,Not an Intersection,0,None,,,1,On Roadway,1,Daylight,,,,,1,Clear,0,No,0000000,Not Applicable,16,4:00pm-4:59pm,31,31,17,5:00pm-5:59pm,22,22,99,Unknown,99,Unknown EMS Hospital Arrival Time,,,,,,,1,
2021,4,40666,Arizona,2,1,1,0,0,1,1,3,COCHISE (3),0,NOT APPLICABLE,5,5,10,October,2021,3,Tuesday,16,4:00pm-4:59pm,50,50,1,This section IS ON the NHS,1,Rural,1,Interstate,1,State Highway Agency,1,Interstate,I-10 RAMP,,3180,3180,32.04092778,32.04092778,-110.094933330,-110.094933330,0,No Special Jurisdiction,14,Parked Motor Vehicle,0,The First Harmful Event was Not a Collision with a Motor Vehicle in Transport,1,Yes,5,Entrance/Exit Ramp Related,1,Not an Intersection,0,None,,,8,Gore,1,Daylight,,,,,1,Clear,0,No,0000000,Not Applicable,16,4:00pm-4:59pm,56,56,17,5:00pm-5:59pm,6,6,88,"Not Applicable (Not Transported) ",88,Not Applicable (Not Transported),,,,,,,1,
2021,4,40667,Arizona,1,1,0,0,0,1,1,13,MARICOPA (13),0,NOT APPLICABLE,9,9,10,October,2021,7,Saturday,15,3:00pm-3:59pm,37,37,1,This section IS ON the NHS,1,Rural,3,Principal Arterial - Other,1,State Highway Agency,3,State Highway,SR-87,,2161,2161,33.83941667,33.83941667,-111.469222220,-111.469222220,0,No Special Jurisdiction,18,Other Object (not fixed),0,The First Harmful Event was Not a Collision with a Motor Vehicle in Transport,0,No,1,Non-Junction,1,Not an Intersection,0,None,,,3,On Median,1,Daylight,,,,,1,Clear,0,No,0000000,Not Applicable,15,3:00pm-3:59pm,43,43,16,4:00pm-4:59pm,13,13,88,"Not Applicable (Not Transported) ",88,Not Applicable (Not Transported),,,,,,,1,
2021,4,40668,Arizona,2,2,0,0,0,3,3,7,GILA (7),0,NOT APPLICABLE,21,21,10,October,2021,5,Thursday,11,11:00am-11:59am,15,15,1,This section IS ON the NHS,1,Rural,3,Principal Arterial - Other,1,State Highway Agency,3,State Highway,SR-87,SR-188,2356,2356,34.03635278,34.03635278,-111.368080560,-111.368080560,0,No Special Jurisdiction,12,Motor Vehicle In-Transport,6,Angle,0,No,2,Intersection,2,Four-Way Intersection,0,None,,,1,On Roadway,1,Daylight,,,,,1,Clear,0,No,0000000,Not Applicable,11,11:00am-11:59am,15,15,11,11:00am-11:59am,36,36,99,Unknown,99,Unknown EMS Hospital Arrival Time,,,,,,,1,
2021,4,40669,Arizona,2,1,1,0,0,3,3,13,MARICOPA (13),370,PHOENIX,1,1,12,December,2021,4,Wednesday,19,7:00pm-7:59pm,17,17,0,This section IS NOT on the NHS,2,Urban,4,Minor Arterial,4,City or Municipal Highway Agency,6,Local Street - Municipality,N 67TH AVE,,0,None,33.50821389,33.50821389,-112.203291670,-112.203291670,0,No Special Jurisdiction,33,Curb,0,The First Harmful Event was Not a Collision with a Motor Vehicle in Transport,0,No,1,Non-Junction,1,Not an Intersection,0,None,,,10,Separator,3,Dark - Lighted,,,,,1,Clear,0,No,0000000,Not Applicable,99,Unknown,99,Unknown,99,Unknown EMS Scene Arrival Hour,99,Unknown EMS Scene Arrival Minutes,99,Unknown,99,Unknown EMS Hospital Arrival Time,,,,,,,1,
2021,4,40671,Arizona,1,1,0,1,1,2,2,13,MARICOPA (13),370,PHOENIX,2,2,11,November,2021,3,Tuesday,18,6:00pm-6:59pm,8,8,1,This section IS ON the NHS,2,Urban,3,Principal Arterial - Other,4,City or Municipal Highway Agency,6,Local Street - Municipality,W INDIAN SCHOOL RD,,0,None,33.49502222,33.49502222,-112.164300000,-112.164300000,0,No Special Jurisdiction,8,Pedestrian,0,The First Harmful Event was Not a Collision with a Motor Vehicle in Transport,0,No,1,Non-Junction,1,Not an Intersection,0,None,,,1,On Roadway,3,Dark - Lighted,,,,,1,Clear,0,No,0000000,Not Applicable,99,Unknown,99,Unknown,99,Unknown EMS Scene Arrival Hour,99,Unknown EMS Scene Arrival Minutes,99,Unknown,99,Unknown EMS Hospital Arrival Time,,,,,,,1,
2021,4,40673,Arizona,1,1,0,1,1,1,1,13,MARICOPA (13),368,PEORIA,3,3,11,November,2021,4,Wednesday,12,12:00pm-12:59pm,36,36,0,This section IS NOT on the NHS,2,Urban,4,Minor Arterial,4,City or Municipal Highway Agency,6,Local Street - Municipality,N 91ST AVE,,0,None,33.55469722,33.55469722,-112.255080560,-112.255080560,0,No Special Jurisdiction,8,Pedestrian,0,The First Harmful Event was Not a Collision with a Motor Vehicle in Transport,0,No,1,Non-Junction,1,Not an Intersection,0,None,,,1,On Roadway,1,Daylight,,,,,1,Clear,0,No,0000000,Not Applicable,99,Unknown,99,Unknown,99,Unknown EMS Scene Arrival Hour,99,Unknown EMS Scene Arrival Minutes,99,Unknown,99,Unknown EMS Hospital Arrival Time,,,,,,,1,
2021,4,40674,Arizona,1,1,0,0,0,2,2,13,MARICOPA (13),290,MESA,7,7,11,November,2021,1,Sunday,6,6:00am-6:59am,42,42,0,This section IS NOT on the NHS,2,Urban,4,Minor Arterial,4,City or Municipal Highway Agency,6,Local Street - Municipality,W 8TH AVE,,0,None,33.40011111,33.40011111,-111.884863890,-111.884863890,0,No Special Jurisdiction,21,Bridge Pier or Support,0,The First Harmful Event was Not a Collision with a Motor Vehicle in Transport,0,No,1,Non-Junction,1,Not an Intersection,0,None,,,4,On Roadside,4,Dawn,,,,,1,Clear,0,No,0000000,Not Applicable,6,6:00am-6:59am,34,34,6,6:00am-6:59am,42,42,88,"Not Applicable (Not Transported) ",88,Not Applicable (Not Transported),,,,,,,2,
2021,4,40675,Arizona,1,1,0,1,1,2,2,7,GILA (7),0,NOT APPLICABLE,6,6,11,November,2021,7,Saturday,1,1:00am-1:59am,21,21,0,This section IS NOT on the NHS,1,Rural,5,Major Collector,1,State Highway Agency,3,State Highway,SR-188,,2602,2602,33.84529444,33.84529444,-111.307341670,-111.307341670,0,No Special Jurisdiction,8,Pedestrian,0,The First Harmful Event was Not a Collision with a Motor Vehicle in Transport,0,No,1,Non-Junction,1,Not an Intersection,0,None,,,1,On Roadway,2,Dark - Not Lighted,,,,,1,Clear,0,No,0000000,Not Applicable,1,1:00am-1:59am,21,21,1,1:00am-1:59am,21,21,88,"Not Applicable (Not Transported) ",88,Not Applicable (Not Transported),,,,,,,1,
2021,4,40676,Arizona,3,3,0,0,0,5,5,13,MARICOPA (13),490,TEMPE,8,8,11,November,2021,2,Monday,10,10:00am-10:59am,34,34,1,This section IS ON the NHS,2,Urban,2,Principal Arterial - Other Freeways and Expressways,1,State Highway Agency,2,U.S. Highway,US-60,,1720,1720,33.38577778,33.38577778,-111.955188890,-111.955188890,0,No Special Jurisdiction,20,Impact Attenuator/Crash Cushion,0,The First Harmful Event was Not a Collision with a Motor Vehicle in Transport,1,Yes,19,Other location within Interchange Area,1,Not an Intersection,0,None,,,8,Gore,1,Daylight,,,,,1,Clear,0,No,0000000,Not Applicable,10,10:00am-10:59am,36,36,10,10:00am-10:59am,55,55,99,Unknown,99,Unknown EMS Hospital Arrival Time,,,,,,,1,
2021,4,40677,Arizona,1,1,0,1,1,1,1,19,PIMA (19),530,TUCSON,8,8,11,November,2021,2,Monday,9,9:00am-9:59am,5,5,0,This section IS NOT on the NHS,2,Urban,3,Principal Arterial - Other,4,City or Municipal Highway Agency,6,Local Street - Municipality,GRANT RD,ORACLE RD,0,None,32.25019722,32.25019722,-110.977841670,-110.977841670,0,No Special Jurisdiction,8,Pedestrian,0,The First Harmful Event was Not a Collision with a Motor Vehicle in Transport,0,No,3,Intersection-Related,2,Four-Way Intersection,0,None,,,1,On Roadway,1,Daylight,,,,,1,Clear,0,No,0000000,Not Applicable,9,9:00am-9:59am,5,5,9,9:00am-9:59am,16,16,9,9:00am-9:59am,24,24,,,,,,,1,
2021,4,40678,Arizona,1,1,0,1,1,1,1,13,MARICOPA (13),370,PHOENIX,13,13,11,November,2021,7,Saturday,18,6:00pm-6:59pm,3,3,1,This section IS ON the NHS,2,Urban,3,Principal Arterial - Other,4,City or Municipal Highway Agency,6,Local Street - Municipality,E CACTUS RD,,0,None,33.59689444,33.59689444,-112.018088890,-112.018088890,0,No Special Jurisdiction,8,Pedestrian,0,The First Harmful Event was Not a Collision with a Motor Vehicle in Transport,0,No,1,Non-Junction,1,Not an Intersection,0,None,,,1,On Roadway,5,Dusk,,,,,1,Clear,0,No,0000000,Not Applicable,99,Unknown,99,Unknown,99,Unknown EMS Scene Arrival Hour,99,Unknown EMS Scene Arrival Minutes,99,Unknown,99,Unknown EMS Hospital Arrival Time,,,,,,,1,
2021,4,40680,Arizona,1,1,0,1,1,1,1,19,PIMA (19),530,TUCSON,21,21,11,November,2021,1,Sunday,19,7:00pm-7:59pm,54,54,0,This section IS NOT on the NHS,2,Urban,4,Minor Arterial,4,City or Municipal Highway Agency,6,Local Street - Municipality,E 22ND ST,SAHUARA AVE,0,None,32.20702500,32.20702500,-110.866733330,-110.866733330,0,No Special Jurisdiction,8,Pedestrian,0,The First Harmful Event was Not a Collision with a Motor Vehicle in Transport,0,No,3,Intersection-Related,98,Not Reported,0,None,,,1,On Roadway,3,Dark - Lighted,,,,,1,Clear,0,No,0000000,Not Applicable,19,7:00pm-7:59pm,54,54,19,7:00pm-7:59pm,59,59,99,Unknown,99,Unknown EMS Hospital Arrival Time,,,,,,,1,
2021,4,40681,Arizona,2,2,0,0,0,3,3,19,PIMA (19),530,TUCSON,24,24,11,November,2021,4,Wednesday,2,2:00am-2:59am,24,24,0,This section IS NOT on the NHS,2,Urban,3,Principal Arterial - Other,4,City or Municipal Highway Agency,6,Local Street - Municipality,E BROADWAY BLVD,,0,None,32.22095000,32.22095000,-110.847980560,-110.847980560,0,No Special Jurisdiction,12,Motor Vehicle In-Transport,2,Front-to-Front,0,No,1,Non-Junction,1,Not an Intersection,0,None,,,1,On Roadway,2,Dark - Not Lighted,,,,,10,Cloudy,0,No,0000000,Not Applicable,2,2:00am-2:59am,24,24,2,2:00am-2:59am,28,28,99,Unknown,99,Unknown EMS Hospital Arrival Time,,,,,,,1,
2021,4,40682,Arizona,1,1,0,1,1,3,3,13,MARICOPA (13),370,PHOENIX,29,29,11,November,2021,2,Monday,18,6:00pm-6:59pm,10,10,1,This section IS ON the NHS,2,Urban,3,Principal Arterial - Other,4,City or Municipal Highway Agency,6,Local Street - Municipality,N 7TH ST,,0,None,33.55857222,33.55857222,-112.065311110,-112.065311110,0,No Special Jurisdiction,8,Pedestrian,0,The First Harmful Event was Not a Collision with a Motor Vehicle in Transport,0,No,1,Non-Junction,1,Not an Intersection,0,None,,,1,On Roadway,3,Dark - Lighted,,,,,1,Clear,0,No,0000000,Not Applicable,99,Unknown,99,Unknown,99,Unknown EMS Scene Arrival Hour,99,Unknown EMS Scene Arrival Minutes,99,Unknown,99,Unknown EMS Hospital Arrival Time,,,,,,,1,
2021,4,40683,Arizona,2,2,0,0,0,2,2,19,PIMA (19),335,ORO VALLEY,11,11,11,November,2021,5,Thursday,7,7:00am-7:59am,49,49,0,This section IS NOT on the NHS,2,Urban,3,Principal Arterial - Other,4,City or Municipal Highway Agency,6,Local Street - Municipality,TANGERINE RD,MONTERRA VISTA DR,0,None,32.42381667,32.42381667,-110.975683330,-110.975683330,0,No Special Jurisdiction,12,Motor Vehicle In-Transport,6,Angle,0,No,2,Intersection,3,T-Intersection,0,None,,,1,On Roadway,1,Daylight,,,,,1,Clear,0,No,0000000,Not Applicable,7,7:00am-7:59am,50,50,7,7:00am-7:59am,54,54,88,"Not Applicable (Not Transported) ",88,Not Applicable (Not Transported),,,,,,,1,
2021,4,40684,Arizona,2,2,0,0,0,3,3,7,GILA (7),0,NOT APPLICABLE,4,4,11,November,2021,5,Thursday,9,9:00am-9:59am,32,32,1,This section IS ON the NHS,1,Rural,3,Principal Arterial - Other,1,State Highway Agency,3,State Highway,"SR-260 ",,2780,2780,34.30007778,34.30007778,-110.961761110,-110.961761110,0,No Special Jurisdiction,1,Rollover/Overturn,0,The First Harmful Event was Not a Collision with a Motor Vehicle in Transport,0,No,1,Non-Junction,1,Not an Intersection,0,None,,,1,On Roadway,1,Daylight,,,,,1,Clear,0,No,0000000,Not Applicable,9,9:00am-9:59am,35,35,9,9:00am-9:59am,50,50,99,Unknown,99,Unknown EMS Hospital Arrival Time,,,,,,,2,
2021,4,40685,Arizona,1,1,0,0,0,1,1,13,MARICOPA (13),0,NOT APPLICABLE,12,12,11,November,2021,6,Friday,15,3:00pm-3:59pm,5,5,0,This section IS NOT on the NHS,2,Urban,7,Local,4,City or Municipal Highway Agency,6,Local Street - Municipality,N 81ST ST,,0,None,33.43113333,33.43113333,-111.656419440,-111.656419440,0,No Special Jurisdiction,18,Other Object (not fixed),0,The First Harmful Event was Not a Collision with a Motor Vehicle in Transport,0,No,1,Non-Junction,1,Not an Intersection,0,None,,,4,On Roadside,1,Daylight,,,,,1,Clear,0,No,0000000,Not Applicable,15,3:00pm-3:59pm,5,5,15,3:00pm-3:59pm,10,10,15,3:00pm-3:59pm,20,20,,,,,,,1,
2021,4,40686,Arizona,1,1,0,1,1,1,1,13,MARICOPA (13),290,MESA,13,13,11,November,2021,7,Saturday,22,10:00pm-10:59pm,0,0,0,This section IS NOT on the NHS,2,Urban,4,Minor Arterial,1,State Highway Agency,2,U.S. Highway,US-60 /MAIN ST,,1915,1915,33.41537778,33.41537778,-111.626150000,-111.626150000,0,No Special Jurisdiction,8,Pedestrian,0,The First Harmful Event was Not a Collision with a Motor Vehicle in Transport,0,No,1,Non-Junction,1,Not an Intersection,0,None,,,1,On Roadway,2,Dark - Not Lighted,,,,,1,Clear,0,No,0000000,Not Applicable,22,10:00pm-10:59pm,2,2,22,10:00pm-10:59pm,12,12,88,"Not Applicable (Not Transported) ",88,Not Applicable (Not Transported),,,,,,,1,
2021,4,40687,Arizona,2,2,0,0,0,2,2,19,PIMA (19),530,TUCSON,19,19,11,November,2021,6,Friday,6,6:00am-6:59am,41,41,0,This section IS NOT on the NHS,2,Urban,4,Minor Arterial,4,City or Municipal Highway Agency,6,Local Street - Municipality,SILVERBELL RD,,0,None,32.30578889,32.30578889,-111.051319440,-111.051319440,0,No Special Jurisdiction,12,Motor Vehicle In-Transport,6,Angle,0,No,1,Non-Junction,1,Not an Intersection,0,None,,,1,On Roadway,2,Dark - Not Lighted,,,,,1,Clear,0,No,0000000,Not Applicable,6,6:00am-6:59am,33,33,6,6:00am-6:59am,38,38,7,7:00am-7:59am,2,2,,,,,,,1,
2021,4,40688,Arizona,2,2,0,0,0,2,2,13,MARICOPA (13),200,GLENDALE,23,23,11,November,2021,3,Tuesday,5,5:00am-5:59am,28,28,0,This section IS NOT on the NHS,2,Urban,4,Minor Arterial,4,City or Municipal Highway Agency,6,Local Street - Municipality,W OLIVE AVE,,0,None,33.56738056,33.56738056,-112.201133330,-112.201133330,0,No Special Jurisdiction,12,Motor Vehicle In-Transport,2,Front-to-Front,0,No,1,Non-Junction,1,Not an Intersection,0,None,,,1,On Roadway,3,Dark - Lighted,,,,,1,Clear,0,No,0000000,Not Applicable,99,Unknown,99,Unknown,99,Unknown EMS Scene Arrival Hour,99,Unknown EMS Scene Arrival Minutes,99,Unknown,99,Unknown EMS Hospital Arrival Time,,,,,,,1,
2021,4,40689,Arizona,1,1,0,0,0,1,1,7,GILA (7),365,PAYSON,26,26,11,November,2021,6,Friday,19,7:00pm-7:59pm,0,0,0,This section IS NOT on the NHS,2,Urban,5,Major Collector,4,City or Municipal Highway Agency,6,Local Street - Municipality,W AIRPORT RD,,0,None,34.25111944,34.25111944,-111.357844440,-111.357844440,0,No Special Jurisdiction,42,Tree (Standing Only),0,The First Harmful Event was Not a Collision with a Motor Vehicle in Transport,0,No,1,Non-Junction,1,Not an Intersection,0,None,,,4,On Roadside,2,Dark - Not Lighted,,,,,1,Clear,0,No,0000000,Not Applicable,19,7:00pm-7:59pm,0,0,19,7:00pm-7:59pm,10,10,88,"Not Applicable (Not Transported) ",88,Not Applicable (Not Transported),,,,,,,1,
2021,4,40690,Arizona,1,1,0,1,1,1,1,13,MARICOPA (13),200,GLENDALE,26,26,11,November,2021,6,Friday,6,6:00am-6:59am,32,32,0,This section IS NOT on the NHS,2,Urban,4,Minor Arterial,4,City or Municipal Highway Agency,6,Local Street - Municipality,W BETHANY HOME RD,N 47TH AVE,0,None,33.52395000,33.52395000,-112.160075000,-112.160075000,0,No Special Jurisdiction,8,Pedestrian,0,The First Harmful Event was Not a Collision with a Motor Vehicle in Transport,0,No,3,Intersection-Related,2,Four-Way Intersection,0,None,,,1,On Roadway,3,Dark - Lighted,,,,,1,Clear,0,No,0000000,Not Applicable,99,Unknown,99,Unknown,99,Unknown EMS Scene Arrival Hour,99,Unknown EMS Scene Arrival Minutes,99,Unknown,99,Unknown EMS Hospital Arrival Time,,,,,,,1,
2021,4,40691,Arizona,2,2,0,0,0,2,2,7,GILA (7),300,MIAMI,8,8,11,November,2021,2,Monday,4,4:00am-4:59am,28,28,1,This section IS ON the NHS,2,Urban,3,Principal Arterial - Other,1,State Highway Agency,2,U.S. Highway,US-60,,2429,2429,33.38723333,33.38723333,-110.887702780,-110.887702780,0,No Special Jurisdiction,12,Motor Vehicle In-Transport,2,Front-to-Front,0,No,1,Non-Junction,1,Not an Intersection,0,None,,,1,On Roadway,2,Dark - Not Lighted,,,,,1,Clear,0,No,0000000,Not Applicable,4,4:00am-4:59am,30,30,4,4:00am-4:59am,35,35,5,5:00am-5:59am,20,20,,,,,,,1,
2021,4,40692,Arizona,3,3,0,0,0,7,7,13,MARICOPA (13),0,NOT APPLICABLE,9,9,11,November,2021,3,Tuesday,19,7:00pm-7:59pm,48,48,1,This section IS ON the NHS,2,Urban,1,Interstate,1,State Highway Agency,1,Interstate,I-17,,2310,2310,33.89891389,33.89891389,-112.146941670,-112.146941670,0,No Special Jurisdiction,12,Motor Vehicle In-Transport,8,Sideswipe - Opposite Direction,0,No,1,Non-Junction,1,Not an Intersection,0,None,,,1,On Roadway,3,Dark - Lighted,,,,,1,Clear,0,No,0000000,Not Applicable,19,7:00pm-7:59pm,51,51,19,7:00pm-7:59pm,59,59,20,8:00pm-8:59pm,40,40,,,,,,,1,
2021,4,40693,Arizona,5,5,0,0,0,12,12,13,MARICOPA (13),200,GLENDALE,24,24,11,November,2021,4,Wednesday,18,6:00pm-6:59pm,10,10,0,This section IS NOT on the NHS,2,Urban,4,Minor Arterial,4,City or Municipal Highway Agency,6,Local Street - Municipality,CAMELBACK RD,,0,None,33.50954722,33.50954722,-112.162338890,-112.162338890,0,No Special Jurisdiction,12,Motor Vehicle In-Transport,1,Front-to-Rear,0,No,1,Non-Junction,1,Not an Intersection,0,None,,,1,On Roadway,3,Dark - Lighted,,,,,1,Clear,0,No,0000000,Not Applicable,99,Unknown,99,Unknown,99,Unknown EMS Scene Arrival Hour,99,Unknown EMS Scene Arrival Minutes,99,Unknown,99,Unknown EMS Hospital Arrival Time,,,,,,,1,
2021,4,40694,Arizona,3,3,0,0,0,3,3,21,PINAL (21),0,NOT APPLICABLE,8,8,4,April,2021,5,Thursday,5,5:00am-5:59am,47,47,0,This section IS NOT on the NHS,1,Rural,4,Minor Arterial,2,County Highway Agency,6,Local Street - Municipality,N IRONWOOD RD,,0,None,33.28839444,33.28839444,-111.563288890,-111.563288890,0,No Special Jurisdiction,12,Motor Vehicle In-Transport,1,Front-to-Rear,0,No,1,Non-Junction,1,Not an Intersection,4,"Work Zone, Type Unknown",,,1,On Roadway,1,Daylight,,,,,1,Clear,0,No,0000000,Not Applicable,5,5:00am-5:59am,48,48,6,6:00am-6:59am,0,0,6,6:00am-6:59am,40,40,,,,,,,1,
2021,4,40695,Arizona,2,2,0,0,0,3,3,13,MARICOPA (13),370,PHOENIX,26,26,4,April,2021,2,Monday,12,12:00pm-12:59pm,38,38,1,This section IS ON the NHS,2,Urban,3,Principal Arterial - Other,1,State Highway Agency,7,Local Street - Frontage Road,I-17 FRONTAGE,S 7TH AVE,0,None,33.42886667,33.42886667,-112.082430560,-112.082430560,0,No Special Jurisdiction,12,Motor Vehicle In-Transport,6,Angle,1,Yes,2,Intersection,2,Four-Way Intersection,0,None,,,1,On Roadway,1,Daylight,,,,,1,Clear,0,No,0000000,Not Applicable,99,Unknown,99,Unknown,99,Unknown EMS Scene Arrival Hour,99,Unknown EMS Scene Arrival Minutes,99,Unknown,99,Unknown EMS Hospital Arrival Time,,,,,,,1,