caseyear,state,st_case,statename,ve_total,ve_forms,pvh_invl,peds,pernotmvit,permvit,persons,county,countyname,city,cityname,day,dayname,month,monthname,year,day_week,day_weekname,hour,hourname,minute,minutename,nhs,nhsname,rur_urb,rur_urbname,func_sys,func_sysname,rd_owner,rd_ownername,route,routename,tway_id,tway_id2,milept,mileptname,latitude,latitudename,longitud,longitudname,sp_jur,sp_jurname,harm_ev,harm_evname,man_coll,man_collname,reljct1,reljct1name,reljct2,reljct2name,typ_int,typ_intname,wrk_zone,wrk_zonename,road_fnc,road_fncname,rel_road,rel_roadname,lgt_cond,lgt_condname,weather1,weather1name,weather2,weather2name,weather,weathername,sch_bus,sch_busname,rail,railname,not_hour,not_hourname,not_min,not_minname,arr_hour,arr_hourname,arr_min,arr_minname,hosp_hr,hosp_hrname,hosp_mn,hosp_mnname,cf1,cf1name,cf2,cf2name,cf3,cf3name,fatals,drunk_dr
2021,4,40734,Arizona,1,1,0,0,0,1,1,13,MARICOPA (13),60,BUCKEYE,18,18,7,July,2021,1,Sunday,8,8:00am-8:59am,40,40,0,This section IS NOT on the NHS,1,Rural,5,Major Collector,2,County Highway Agency,9,Unknown,OLD US HWY 80,,0,None,33.29334444,33.29334444,-112.797336110,-112.797336110,0,No Special Jurisdiction,1,Rollover/Overturn,0,The First Harmful Event was Not a Collision with a Motor Vehicle in Transport,0,No,1,Non-Junction,1,Not an Intersection,0,None,,,4,On Roadside,1,Daylight,,,,,10,Cloudy,0,No,0000000,Not Applicable,8,8:00am-8:59am,40,40,9,9:00am-9:59am,0,0,88,"Not Applicable (Not Transported) ",88,Not Applicable (Not Transported),,,,,,,1,
2021,4,40735,Arizona,4,4,0,0,0,4,4,13,MARICOPA (13),370,PHOENIX,24,24,7,July,2021,7,Saturday,20,8:00pm-8:59pm,45,45,0,This section IS NOT on the NHS,2,Urban,4,Minor Arterial,4,City or Municipal Highway Agency,6,Local Street - Municipality,W THOMAS RD,,0,None,33.48016111,33.48016111,-112.216455560,-112.216455560,0,No Special Jurisdiction,12,Motor Vehicle In-Transport,1,Front-to-Rear,0,No,1,Non-Junction,1,Not an Intersection,0,None,,,1,On Roadway,3,Dark - Lighted,,,,,10,Cloudy,0,No,0000000,Not Applicable,20,8:00pm-8:59pm,45,45,20,8:00pm-8:59pm,50,50,99,Unknown,99,Unknown EMS Hospital Arrival Time,,,,,,,1,
2021,4,40736,Arizona,1,1,0,2,2,1,1,13,MARICOPA (13),290,MESA,30,30,7,July,2021,6,Friday,23,11:00pm-11:59pm,23,23,0,This section IS NOT on the NHS,2,Urban,4,Minor Arterial,2,County Highway Agency,6,Local Street - Municipality,E BROADWAY RD,S 93RD WAY,0,None,33.40779444,33.40779444,-111.628825000,-111.628825000,0,No Special Jurisdiction,8,Pedestrian,0,The First Harmful Event was Not a Collision with a Motor Vehicle in Transport,0,No,3,Intersection-Related,2,Four-Way Intersection,0,None,,,1,On Roadway,3,Dark - Lighted,,,,,2,Rain,0,No,0000000,Not Applicable,23,11:00pm-11:59pm,27,27,23,11:00pm-11:59pm,34,34,0,0:00am-0:59am,35,35,,,,,,,1,
2021,4,40737,Arizona,2,2,0,0,0,8,8,13,MARICOPA (13),370,PHOENIX,2,2,8,August,2021,2,Monday,4,4:00am-4:59am,26,26,1,This section IS ON the NHS,2,Urban,3,Principal Arterial - Other,4,City or Municipal Highway Agency,6,Local Street - Municipality,W INDIAN SCHOOL RD,N 71ST AVE,0,None,33.49479444,33.49479444,-112.212341670,-112.212341670,0,No Special Jurisdiction,12,Motor Vehicle In-Transport,6,Angle,0,No,2,Intersection,3,T-Intersection,0,None,,,1,On Roadway,3,Dark - Lighted,,,,,1,Clear,0,No,0000000,Not Applicable,99,Unknown,99,Unknown,99,Unknown EMS Scene Arrival Hour,99,Unknown EMS Scene Arrival Minutes,99,Unknown,99,Unknown EMS Hospital Arrival Time,,,,,,,1,
2021,4,40738,Arizona,2,2,0,0,0,5,5,13,MARICOPA (13),370,PHOENIX,19,19,8,August,2021,5,Thursday,22,10:00pm-10:59pm,7,7,0,This section IS NOT on the NHS,2,Urban,5,Major Collector,4,City or Municipal Highway Agency,6,Local Street - Municipality,E ROOSEVELT ST,N 20TH ST,0,None,33.45863056,33.45863056,-112.039072220,-112.039072220,0,No Special Jurisdiction,12,Motor Vehicle In-Transport,6,Angle,0,No,2,Intersection,2,Four-Way Intersection,0,None,,,1,On Roadway,3,Dark - Lighted,,,,,1,Clear,0,No,0000000,Not Applicable,22,10:00pm-10:59pm,10,10,22,10:00pm-10:59pm,13,13,22,10:00pm-10:59pm,26,26,,,,,,,1,
2021,4,40739,Arizona,2,2,0,0,0,3,3,13,MARICOPA (13),370,PHOENIX,28,28,8,August,2021,7,Saturday,13,1:00pm-1:59pm,28,28,1,This section IS ON the NHS,2,Urban,3,Principal Arterial - Other,4,City or Municipal Highway Agency,6,Local Street - Municipality,N 44TH ST,E BELLEVIEW ST,0,None,33.46222778,33.46222778,-111.987213890,-111.987213890,0,No Special Jurisdiction,12,Motor Vehicle In-Transport,6,Angle,0,No,3,Intersection-Related,2,Four-Way Intersection,0,None,,,1,On Roadway,1,Daylight,,,,,1,Clear,0,No,0000000,Not Applicable,13,1:00pm-1:59pm,40,40,13,1:00pm-1:59pm,45,45,14,2:00pm-2:59pm,1,1,,,,,,,1,
2021,4,40740,Arizona,2,2,0,0,0,3,3,13,MARICOPA (13),60,BUCKEYE,17,17,9,September,2021,6,Friday,19,7:00pm-7:59pm,9,9,0,This section IS NOT on the NHS,1,Rural,5,Major Collector,2,County Highway Agency,8,Other,S WINTERSBURG RD,BUCKEYE RD,62,62,33.43565556,33.43565556,-112.867772220,-112.867772220,0,No Special Jurisdiction,12,Motor Vehicle In-Transport,6,Angle,0,No,2,Intersection,2,Four-Way Intersection,0,None,,,1,On Roadway,2,Dark - Not Lighted,,,,,1,Clear,0,No,0000000,Not Applicable,19,7:00pm-7:59pm,9,9,19,7:00pm-7:59pm,35,35,88,"Not Applicable (Not Transported) ",88,Not Applicable (Not Transported),,,,,,,1,
2021,4,40741,Arizona,2,2,0,0,0,2,2,13,MARICOPA (13),200,GLENDALE,18,18,9,September,2021,7,Saturday,1,1:00am-1:59am,38,38,0,This section IS NOT on the NHS,2,Urban,4,Minor Arterial,4,City or Municipal Highway Agency,6,Local Street - Municipality,CAMELBACK RD,N 84TH LN,532,532,33.50881389,33.50881389,-112.241136110,-112.241136110,0,No Special Jurisdiction,12,Motor Vehicle In-Transport,6,Angle,0,No,2,Intersection,3,T-Intersection,0,None,,,1,On Roadway,3,Dark - Lighted,,,,,1,Clear,0,No,0000000,Not Applicable,99,Unknown,99,Unknown,99,Unknown EMS Scene Arrival Hour,99,Unknown EMS Scene Arrival Minutes,99,Unknown,99,Unknown EMS Hospital Arrival Time,,,,,,,1,
2021,4,40742,Arizona,1,1,0,0,0,1,1,19,PIMA (19),530,TUCSON,18,18,9,September,2021,7,Saturday,10,10:00am-10:59am,12,12,1,This section IS ON the NHS,2,Urban,3,Principal Arterial - Other,4,City or Municipal Highway Agency,6,Local Street - Municipality,S KOLB RD,,151,151,32.13964167,32.13964167,-110.840580560,-110.840580560,0,No Special Jurisdiction,33,Curb,0,The First Harmful Event was Not a Collision with a Motor Vehicle in Transport,0,No,1,Non-Junction,1,Not an Intersection,0,None,,,4,On Roadside,1,Daylight,,,,,1,Clear,0,No,0000000,Not Applicable,10,10:00am-10:59am,12,12,99,Unknown EMS Scene Arrival Hour,99,Unknown EMS Scene Arrival Minutes,88,"Not Applicable (Not Transported) ",88,Not Applicable (Not Transported),,,,,,,1,
2021,4,40743,Arizona,1,1,0,0,0,3,3,13,MARICOPA (13),370,PHOENIX,18,18,9,September,2021,7,Saturday,13,1:00pm-1:59pm,30,30,0,This section IS NOT on the NHS,2,Urban,3,Principal Arterial - Other,4,City or Municipal Highway Agency,6,Local Street - Municipality,S 51ST AVE,,101,101,33.41515278,33.41515278,-112.169219440,-112.169219440,0,No Special Jurisdiction,33,Curb,0,The First Harmful Event was Not a Collision with a Motor Vehicle in Transport,0,No,1,Non-Junction,1,Not an Intersection,0,None,,,4,On Roadside,1,Daylight,,,,,1,Clear,0,No,0000000,Not Applicable,99,Unknown,99,Unknown,99,Unknown EMS Scene Arrival Hour,99,Unknown EMS Scene Arrival Minutes,99,Unknown,99,Unknown EMS Hospital Arrival Time,,,,,,,1,
2021,4,40744,Arizona,1,1,0,0,0,1,1,17,NAVAJO (17),0,NOT APPLICABLE,19,19,9,September,2021,1,Sunday,6,6:00am-6:59am,20,20,0,This section IS NOT on the NHS,1,Rural,3,Principal Arterial - Other,1,State Highway Agency,3,State Highway,SR-260,,1529,1529,34.28558056,34.28558056,-110.141541670,-110.141541670,0,No Special Jurisdiction,42,Tree (Standing Only),0,The First Harmful Event was Not a Collision with a Motor Vehicle in Transport,0,No,1,Non-Junction,1,Not an Intersection,0,None,,,4,On Roadside,2,Dark - Not Lighted,,,,,1,Clear,0,No,0000000,Not Applicable,6,6:00am-6:59am,20,20,6,6:00am-6:59am,25,25,88,"Not Applicable (Not Transported) ",88,Not Applicable (Not Transported),,,,,,,1,
2021,4,40745,Arizona,1,1,0,1,1,1,1,13,MARICOPA (13),370,PHOENIX,23,23,9,September,2021,5,Thursday,14,2:00pm-2:59pm,50,50,0,This section IS NOT on the NHS,2,Urban,4,Minor Arterial,4,City or Municipal Highway Agency,6,Local Street - Municipality,E BROADWAY RD,N 36TH ST,513,513,33.40713056,33.40713056,-112.003805560,-112.003805560,0,No Special Jurisdiction,8,Pedestrian,0,The First Harmful Event was Not a Collision with a Motor Vehicle in Transport,0,No,3,Intersection-Related,98,Not Reported,0,None,,,1,On Roadway,1,Daylight,,,,,1,Clear,0,No,0000000,Not Applicable,99,Unknown,99,Unknown,99,Unknown EMS Scene Arrival Hour,99,Unknown EMS Scene Arrival Minutes,99,Unknown,98,Unknown if Transported,,,,,,,1,
2021,4,40746,Arizona,2,2,0,0,0,2,2,13,MARICOPA (13),30,AVONDALE,25,25,9,September,2021,7,Saturday,15,3:00pm-3:59pm,24,24,0,This section IS NOT on the NHS,2,Urban,4,Minor Arterial,2,County Highway Agency,4,County Road,CR-85 W BUCKEYE RD,,200,200,33.43538611,33.43538611,-112.307763890,-112.307763890,0,No Special Jurisdiction,12,Motor Vehicle In-Transport,6,Angle,0,No,1,Non-Junction,1,Not an Intersection,0,None,,,1,On Roadway,1,Daylight,,,,,1,Clear,0,No,0000000,Not Applicable,15,3:00pm-3:59pm,24,24,15,3:00pm-3:59pm,30,30,15,3:00pm-3:59pm,50,50,,,,,,,1,
2021,4,40747,Arizona,3,3,0,0,0,4,4,19,PIMA (19),530,TUCSON,27,27,9,September,2021,2,Monday,7,7:00am-7:59am,58,58,1,This section IS ON the NHS,2,Urban,1,Interstate,1,State Highway Agency,1,Interstate,I-10 RAMP,,2560,2560,32.24647222,32.24647222,-110.989352780,-110.989352780,0,No Special Jurisdiction,12,Motor Vehicle In-Transport,1,Front-to-Rear,1,Yes,5,Entrance/Exit Ramp Related,1,Not an Intersection,0,None,,,1,On Roadway,1,Daylight,,,,,1,Clear,0,No,0000000,Not Applicable,8,8:00am-8:59am,0,0,8,8:00am-8:59am,10,10,99,Unknown,99,Unknown EMS Hospital Arrival Time,,,,,,,1,
2021,4,40748,Arizona,1,1,0,1,1,1,1,19,PIMA (19),295,MARANA,1,1,10,October,2021,6,Friday,7,7:00am-7:59am,8,8,1,This section IS ON the NHS,2,Urban,1,Interstate,1,State Highway Agency,1,Interstate,I-10,,2405,2405,32.42633333,32.42633333,-111.166536110,-111.166536110,0,No Special Jurisdiction,8,Pedestrian,0,The First Harmful Event was Not a Collision with a Motor Vehicle in Transport,1,Yes,18,Through Roadway,1,Not an Intersection,0,None,,,1,On Roadway,1,Daylight,,,,,1,Clear,0,No,0000000,Not Applicable,7,7:00am-7:59am,9,9,7,7:00am-7:59am,20,20,88,"Not Applicable (Not Transported) ",88,Not Applicable (Not Transported),,,,,,,1,
2021,4,40749,Arizona,1,1,0,1,1,1,1,13,MARICOPA (13),370,PHOENIX,1,1,10,October,2021,6,Friday,21,9:00pm-9:59pm,30,30,0,This section IS NOT on the NHS,2,Urban,4,Minor Arterial,4,City or Municipal Highway Agency,6,Local Street - Municipality,W UNION HILLS DR,,204,204,33.65466389,33.65466389,-112.142733330,-112.142733330,0,No Special Jurisdiction,8,Pedestrian,0,The First Harmful Event was Not a Collision with a Motor Vehicle in Transport,0,No,1,Non-Junction,1,Not an Intersection,0,None,,,1,On Roadway,2,Dark - Not Lighted,,,,,1,Clear,0,No,0000000,Not Applicable,21,9:00pm-9:59pm,30,30,21,9:00pm-9:59pm,34,34,21,9:00pm-9:59pm,42,42,,,,,,,1,
2021,4,40750,Arizona,1,1,0,0,0,1,1,13,MARICOPA (13),490,TEMPE,8,8,10,October,2021,6,Friday,2,2:00am-2:59am,1,1,1,This section IS ON the NHS,2,Urban,2,Principal Arterial - Other Freeways and Expressways,1,State Highway Agency,3,State Highway,SR-202 RAMP,N SCOTTSDALE RD,0,None,33.43575556,33.43575556,-111.926527780,-111.926527780,0,No Special Jurisdiction,46,Traffic Signal Support,0,The First Harmful Event was Not a Collision with a Motor Vehicle in Transport,1,Yes,3,Intersection-Related,3,T-Intersection,0,None,,,12,Pedestrian Refuge Island or Traffic Island,3,Dark - Lighted,,,,,1,Clear,0,No,0000000,Not Applicable,1,1:00am-1:59am,58,58,2,2:00am-2:59am,2,2,2,2:00am-2:59am,37,37,,,,,,,1,
2021,4,40751,Arizona,1,1,0,0,0,3,3,15,MOHAVE (15),0,NOT APPLICABLE,8,8,10,October,2021,6,Friday,20,8:00pm-8:59pm,31,31,1,This section IS ON the NHS,1,Rural,3,Principal Arterial - Other,1,State Highway Agency,2,U.S. Highway,US-93,,1500,1500,34.48256944,34.48256944,-113.351361110,-113.351361110,0,No Special Jurisdiction,41,Shrubbery,0,The First Harmful Event was Not a Collision with a Motor Vehicle in Transport,0,No,1,Non-Junction,1,Not an Intersection,0,None,,,4,On Roadside,2,Dark - Not Lighted,,,,,1,Clear,0,No,0000000,Not Applicable,20,8:00pm-8:59pm,36,36,20,8:00pm-8:59pm,59,59,99,Unknown,99,Unknown EMS Hospital Arrival Time,,,,,,,1,
2021,4,40753,Arizona,1,1,0,1,1,1,1,12,LA PAZ (12),0,NOT APPLICABLE,11,11,10,October,2021,2,Monday,0,0:00am-0:59am,58,58,1,This section IS ON the NHS,1,Rural,1,Interstate,1,State Highway Agency,1,Interstate,I-10,,403,403,33.65298333,33.65298333,-113.935636110,-113.935636110,0,No Special Jurisdiction,8,Pedestrian,0,The First Harmful Event was Not a Collision with a Motor Vehicle in Transport,0,No,1,Non-Junction,1,Not an Intersection,0,None,,,1,On Roadway,2,Dark - Not Lighted,,,,,1,Clear,0,No,0000000,Not Applicable,1,1:00am-1:59am,0,0,1,1:00am-1:59am,22,22,99,Unknown,99,Unknown EMS Hospital Arrival Time,,,,,,,1,
2021,4,40755,Arizona,1,1,0,1,1,1,1,9,GRAHAM (9),410,SAFFORD,14,14,10,October,2021,5,Thursday,4,4:00am-4:59am,22,22,0,This section IS NOT on the NHS,1,Rural,4,Minor Arterial,1,State Highway Agency,2,U.S. Highway,US-70,,846,846,32.80475556,32.80475556,-109.579447220,-109.579447220,0,No Special Jurisdiction,9,Pedalcyclist,0,The First Harmful Event was Not a Collision with a Motor Vehicle in Transport,0,No,1,Non-Junction,1,Not an Intersection,0,None,,,1,On Roadway,2,Dark - Not Lighted,,,,,1,Clear,0,No,0000000,Not Applicable,4,4:00am-4:59am,24,24,4,4:00am-4:59am,33,33,88,"Not Applicable (Not Transported) ",88,Not Applicable (Not Transported),,,,,,,1,
2021,4,40756,Arizona,1,1,0,0,0,1,1,19,PIMA (19),9898,Not Reported,15,15,10,October,2021,6,Friday,0,0:00am-0:59am,22,22,0,This section IS NOT on the NHS,2,Urban,4,Minor Arterial,1,State Highway Agency,3,State Highway,SR-86 W TUCSON-AJO HWY,,1128,1128,32.17193333,32.17193333,-111.069816670,-111.069816670,0,No Special Jurisdiction,33,Curb,0,The First Harmful Event was Not a Collision with a Motor Vehicle in Transport,0,No,1,Non-Junction,1,Not an Intersection,0,None,,,4,On Roadside,2,Dark - Not Lighted,,,,,1,Clear,0,No,0000000,Not Applicable,0,0:00am-0:59am,24,24,0,0:00am-0:59am,35,35,88,"Not Applicable (Not Transported) ",88,Not Applicable (Not Transported),,,,,,,1,
2021,4,40757,Arizona,3,3,0,0,0,5,5,13,MARICOPA (13),420,SCOTTSDALE,17,17,10,October,2021,1,Sunday,18,6:00pm-6:59pm,7,7,1,This section IS ON the NHS,2,Urban,2,Principal Arterial - Other Freeways and Expressways,1,State Highway Agency,3,State Highway,SR-101,,346,346,33.65380278,33.65380278,-111.904397220,-111.904397220,0,No Special Jurisdiction,12,Motor Vehicle In-Transport,1,Front-to-Rear,1,Yes,18,Through Roadway,1,Not an Intersection,1,Construction,,,1,On Roadway,5,Dusk,,,,,1,Clear,0,No,0000000,Not Applicable,18,6:00pm-6:59pm,3,3,18,6:00pm-6:59pm,8,8,99,Unknown,99,Unknown EMS Hospital Arrival Time,,,,,,,1,
2021,4,40759,Arizona,1,1,0,0,0,4,4,5,COCONINO (5),0,NOT APPLICABLE,2,2,4,April,2021,6,Friday,19,7:00pm-7:59pm,15,15,0,This section IS NOT on the NHS,1,Rural,7,Local,99,Unknown,9,Unknown,GARLAND PRARIE RD,,0,None,35.22515000,35.22515000,-112.082569440,-112.082569440,0,No Special Jurisdiction,1,Rollover/Overturn,0,The First Harmful Event was Not a Collision with a Motor Vehicle in Transport,0,No,1,Non-Junction,1,Not an Intersection,0,None,,,4,On Roadside,2,Dark - Not Lighted,,,,,1,Clear,0,No,0000000,Not Applicable,19,7:00pm-7:59pm,15,15,19,7:00pm-7:59pm,36,36,20,8:00pm-8:59pm,34,34,,,,,,,1,
2021,4,40760,Arizona,1,1,0,0,0,1,1,13,MARICOPA (13),370,PHOENIX,24,24,5,May,2021,2,Monday,17,5:00pm-5:59pm,0,0,0,This section IS NOT on the NHS,9,Unknown,99,Unknown,99,Unknown,9,Unknown,N 38TH LN,W QUESTA DR,0,None,33.70836111,33.70836111,-112.141175000,-112.141175000,0,No Special Jurisdiction,42,Tree (Standing Only),0,The First Harmful Event was Not a Collision with a Motor Vehicle in Transport,0,No,3,Intersection-Related,3,T-Intersection,0,None,,,5,Outside Trafficway,1,Daylight,,,,,1,Clear,0,No,0000000,Not Applicable,99,Unknown,99,Unknown,99,Unknown EMS Scene Arrival Hour,99,Unknown EMS Scene Arrival Minutes,99,Unknown,99,Unknown EMS Hospital Arrival Time,,,,,,,1,
2021,4,40761,Arizona,2,2,0,0,0,2,2,13,MARICOPA (13),370,PHOENIX,22,22,6,June,2021,3,Tuesday,18,6:00pm-6:59pm,47,47,0,This section IS NOT on the NHS,2,Urban,4,Minor Arterial,4,City or Municipal Highway Agency,6,Local Street - Municipality,E MCDOWELL RD,N 24TH ST,525,525,33.46571389,33.46571389,-112.030300000,-112.030300000,0,No Special Jurisdiction,12,Motor Vehicle In-Transport,6,Angle,0,No,2,Intersection,2,Four-Way Intersection,0,None,,,1,On Roadway,1,Daylight,,,,,10,Cloudy,0,No,0000000,Not Applicable,18,6:00pm-6:59pm,47,47,18,6:00pm-6:59pm,51,51,19,7:00pm-7:59pm,3,3,,,,,,,1,
2021,4,40762,Arizona,3,2,1,0,0,2,2,13,MARICOPA (13),370,PHOENIX,27,27,6,June,2021,1,Sunday,3,3:00am-3:59am,19,19,0,This section IS NOT on the NHS,2,Urban,5,Major Collector,4,City or Municipal Highway Agency,6,Local Street - Municipality,W OSBORN AVE,,508,508,33.48785000,33.48785000,-112.096683330,-112.096683330,0,No Special Jurisdiction,12,Motor Vehicle In-Transport,7,Sideswipe - Same Direction,0,No,1,Non-Junction,1,Not an Intersection,0,None,,,1,On Roadway,3,Dark - Lighted,,,,,1,Clear,0,No,0000000,Not Applicable,99,Unknown,99,Unknown,99,Unknown EMS Scene Arrival Hour,99,Unknown EMS Scene Arrival Minutes,99,Unknown,99,Unknown EMS Hospital Arrival Time,,,,,,,1,
2021,4,40763,Arizona,1,1,0,1,1,2,2,13,MARICOPA (13),190,GILBERT,13,13,7,July,2021,3,Tuesday,21,9:00pm-9:59pm,15,15,0,This section IS NOT on the NHS,2,Urban,3,Principal Arterial - Other,4,City or Municipal Highway Agency,6,Local Street - Municipality,S POWER RD,,75,75,33.32043056,33.32043056,-111.686947220,-111.686947220,0,No Special Jurisdiction,8,Pedestrian,0,The First Harmful Event was Not a Collision with a Motor Vehicle in Transport,0,No,1,Non-Junction,1,Not an Intersection,0,None,,,1,On Roadway,3,Dark - Lighted,,,,,10,Cloudy,0,No,0000000,Not Applicable,21,9:00pm-9:59pm,15,15,21,9:00pm-9:59pm,25,25,88,"Not Applicable (Not Transported) ",88,Not Applicable (Not Transported),,,,,,,1,
2021,4,40764,Arizona,1,1,0,0,0,2,2,5,COCONINO (5),0,NOT APPLICABLE,4,4,8,August,2021,4,Wednesday,12,12:00pm-12:59pm,37,37,0,This section IS NOT on the NHS,8,Not Reported,98,Not Reported,98,Not Reported,9,Unknown,FOREST SERVICE RD 95,,0,None,34.53472778,34.53472778,-111.172563890,-111.172563890,1,National Park Service,42,Tree (Standing Only),0,The First Harmful Event was Not a Collision with a Motor Vehicle in Transport,0,No,1,Non-Junction,1,Not an Intersection,0,None,,,4,On Roadside,1,Daylight,,,,,1,Clear,0,No,0000000,Not Applicable,99,Unknown,99,Unknown,99,Unknown EMS Scene Arrival Hour,99,Unknown EMS Scene Arrival Minutes,88,"Not Applicable (Not Transported) ",88,Not Applicable (Not Transported),,,,,,,1,
2021,4,40765,Arizona,3,3,0,0,0,3,3,13,MARICOPA (13),370,PHOENIX,4,4,8,August,2021,4,Wednesday,13,1:00pm-1:59pm,44,44,0,This section IS NOT on the NHS,2,Urban,4,Minor Arterial,4,City or Municipal Highway Agency,6,Local Street - Municipality,N 32ND ST,E UTOPIA RD,257,257,33.66241111,33.66241111,-112.013669440,-112.013669440,0,No Special Jurisdiction,12,Motor Vehicle In-Transport,6,Angle,0,No,2,Intersection,2,Four-Way Intersection,0,None,,,1,On Roadway,1,Daylight,,,,,1,Clear,0,No,0000000,Not Applicable,99,Unknown,99,Unknown,99,Unknown EMS Scene Arrival Hour,99,Unknown EMS Scene Arrival Minutes,99,Unknown,99,Unknown EMS Hospital Arrival Time,,,,,,,1,
2021,4,40766,Arizona,1,1,0,1,1,1,1,13,MARICOPA (13),370,PHOENIX,10,10,8,August,2021,3,Tuesday,22,10:00pm-10:59pm,13,13,0,This section IS NOT on the NHS,2,Urban,4,Minor Arterial,4,City or Municipal Highway Agency,6,Local Street - Municipality,W GREENWAY RD,,206,206,33.62526389,33.62526389,-112.112258330,-112.112258330,0,No Special Jurisdiction,8,Pedestrian,0,The First Harmful Event was Not a Collision with a Motor Vehicle in Transport,0,No,1,Non-Junction,1,Not an Intersection,0,None,,,1,On Roadway,3,Dark - Lighted,,,,,1,Clear,0,No,0000000,Not Applicable,99,Unknown,99,Unknown,99,Unknown EMS Scene Arrival Hour,99,Unknown EMS Scene Arrival Minutes,99,Unknown,99,Unknown EMS Hospital Arrival Time,,,,,,,1,
2021,4,40767,Arizona,1,1,0,1,1,1,1,21,PINAL (21),9997,Other,20,20,8,August,2021,6,Friday,4,4:00am-4:59am,3,3,0,This section IS NOT on the NHS,2,Urban,4,Minor Arterial,4,City or Municipal Highway Agency,6,Local Street - Municipality,W SMITH-ENKE RD,,88,88,33.07310833,33.07310833,-112.016988890,-112.016988890,0,No Special Jurisdiction,8,Pedestrian,0,The First Harmful Event was Not a Collision with a Motor Vehicle in Transport,0,No,1,Non-Junction,1,Not an Intersection,0,None,,,1,On Roadway,2,Dark - Not Lighted,,,,,1,Clear,0,No,0000000,Not Applicable,4,4:00am-4:59am,4,4,4,4:00am-4:59am,9,9,88,"Not Applicable (Not Transported) ",88,Not Applicable (Not Transported),,,,,,,1,
2021,4,40768,Arizona,2,2,0,0,0,3,3,13,MARICOPA (13),190,GILBERT,2,2,9,September,2021,5,Thursday,16,4:00pm-4:59pm,56,56,0,This section IS NOT on the NHS,2,Urban,3,Principal Arterial - Other,4,City or Municipal Highway Agency,6,Local Street - Municipality,S POWER RD,E ELLIOT RD,867,867,33.35060000,33.35060000,-111.687422220,-111.687422220,0,No Special Jurisdiction,12,Motor Vehicle In-Transport,6,Angle,0,No,2,Intersection,2,Four-Way Intersection,0,None,,,1,On Roadway,1,Daylight,,,,,10,Cloudy,0,No,0000000,Not Applicable,16,4:00pm-4:59pm,56,56,17,5:00pm-5:59pm,1,1,17,5:00pm-5:59pm,30,30,,,,,,,1,
2021,4,40769,Arizona,1,1,0,1,1,1,1,21,PINAL (21),34,BAPCHULE,13,13,9,September,2021,2,Monday,5,5:00am-5:59am,5,5,1,This section IS ON the NHS,1,Rural,4,Minor Arterial,1,State Highway Agency,3,State Highway,SR-587,,25,25,33.16698056,33.16698056,-111.840919440,-111.840919440,3,Indian Reservation,8,Pedestrian,0,The First Harmful Event was Not a Collision with a Motor Vehicle in Transport,0,No,1,Non-Junction,1,Not an Intersection,0,None,,,1,On Roadway,4,Dawn,,,,,1,Clear,0,No,0000000,Not Applicable,5,5:00am-5:59am,0,0,5,5:00am-5:59am,5,5,88,"Not Applicable (Not Transported) ",88,Not Applicable (Not Transported),,,,,,,1,
2021,4,40771,Arizona,3,3,0,0,0,5,5,13,MARICOPA (13),370,PHOENIX,17,17,9,September,2021,6,Friday,10,10:00am-10:59am,53,53,1,This section IS ON the NHS,2,Urban,1,Interstate,1,State Highway Agency,1,Interstate,I-10 RAMP,N 35TH AVE,2,2,33.46226944,33.46226944,-112.134591670,-112.134591670,0,No Special Jurisdiction,12,Motor Vehicle In-Transport,6,Angle,1,Yes,2,Intersection,2,Four-Way Intersection,0,None,,,1,On Roadway,1,Daylight,,,,,1,Clear,0,No,0000000,Not Applicable,10,10:00am-10:59am,53,53,11,11:00am-11:59am,0,0,11,11:00am-11:59am,17,17,,,,,,,1,
2021,4,40772,Arizona,1,1,0,0,0,1,1,1,APACHE (1),0,NOT APPLICABLE,17,17,9,September,2021,6,Friday,17,5:00pm-5:59pm,36,36,0,This section IS NOT on the NHS,1,Rural,4,Minor Arterial,1,State Highway Agency,2,U.S. Highway,US-191,,3240,3240,35.07407500,35.07407500,-109.293325000,-109.293325000,0,No Special Jurisdiction,38,Fence,0,The First Harmful Event was Not a Collision with a Motor Vehicle in Transport,0,No,1,Non-Junction,1,Not an Intersection,0,None,,,4,On Roadside,1,Daylight,,,,,1,Clear,0,No,0000000,Not Applicable,17,5:00pm-5:59pm,20,20,17,5:00pm-5:59pm,35,35,88,"Not Applicable (Not Transported) ",88,Not Applicable (Not Transported),,,,,,,1,
2021,4,40774,Arizona,3,3,0,0,0,5,5,13,MARICOPA (13),370,PHOENIX,23,23,9,September,2021,5,Thursday,17,5:00pm-5:59pm,25,25,0,This section IS NOT on the NHS,2,Urban,4,Minor Arterial,4,City or Municipal Highway Agency,6,Local Street - Municipality,S 99TH AVE,,360,360,33.42395833,33.42395833,-112.272519440,-112.272519440,0,No Special Jurisdiction,12,Motor Vehicle In-Transport,6,Angle,0,No,8,Driveway Access Related,1,Not an Intersection,0,None,,,1,On Roadway,1,Daylight,,,,,1,Clear,0,No,0000000,Not Applicable,99,Unknown,99,Unknown,99,Unknown EMS Scene Arrival Hour,99,Unknown EMS Scene Arrival Minutes,99,Unknown,99,Unknown EMS Hospital Arrival Time,,,,,,,1,