caseyear,state,st_case,statename,ve_total,ve_forms,pvh_invl,peds,pernotmvit,permvit,persons,county,countyname,city,cityname,day,dayname,month,monthname,year,day_week,day_weekname,hour,hourname,minute,minutename,nhs,nhsname,rur_urb,rur_urbname,func_sys,func_sysname,rd_owner,rd_ownername,route,routename,tway_id,tway_id2,milept,mileptname,latitude,latitudename,longitud,longitudname,sp_jur,sp_jurname,harm_ev,harm_evname,man_coll,man_collname,reljct1,reljct1name,reljct2,reljct2name,typ_int,typ_intname,wrk_zone,wrk_zonename,road_fnc,road_fncname,rel_road,rel_roadname,lgt_cond,lgt_condname,weather1,weather1name,weather2,weather2name,weather,weathername,sch_bus,sch_busname,rail,railname,not_hour,not_hourname,not_min,not_minname,arr_hour,arr_hourname,arr_min,arr_minname,hosp_hr,hosp_hrname,hosp_mn,hosp_mnname,cf1,cf1name,cf2,cf2name,cf3,cf3name,fatals,drunk_dr
2021,4,40814,Arizona,1,1,0,0,0,1,1,13,MARICOPA (13),0,NOT APPLICABLE,9,9,11,November,2021,3,Tuesday,6,6:00am-6:59am,10,10,0,This section IS NOT on the NHS,1,Rural,6,Minor Collector,2,County Highway Agency,8,Other,W DOBBINS RD,,221,221,33.36310278,33.36310278,-112.797086110,-112.797086110,0,No Special Jurisdiction,42,Tree (Standing Only),0,The First Harmful Event was Not a Collision with a Motor Vehicle in Transport,0,No,1,Non-Junction,1,Not an Intersection,0,None,,,4,On Roadside,2,Dark - Not Lighted,,,,,1,Clear,0,No,0000000,Not Applicable,6,6:00am-6:59am,10,10,6,6:00am-6:59am,26,26,7,7:00am-7:59am,17,17,,,,,,,1,
2021,4,40815,Arizona,2,1,1,1,1,1,1,13,MARICOPA (13),420,SCOTTSDALE,10,10,11,November,2021,4,Wednesday,10,10:00am-10:59am,7,7,0,This section IS NOT on the NHS,2,Urban,4,Minor Arterial,4,City or Municipal Highway Agency,6,Local Street - Municipality,MCDOWELL RD,,603,603,33.46594444,33.46594444,-111.895822220,-111.895822220,0,No Special Jurisdiction,14,Parked Motor Vehicle,0,The First Harmful Event was Not a Collision with a Motor Vehicle in Transport,0,No,1,Non-Junction,1,Not an Intersection,1,Construction,,,5,Outside Trafficway,1,Daylight,,,,,1,Clear,0,No,0000000,Not Applicable,10,10:00am-10:59am,8,8,10,10:00am-10:59am,13,13,10,10:00am-10:59am,30,30,,,,,,,1,
2021,4,40817,Arizona,3,2,1,0,1,2,3,1,APACHE (1),79,CHAMBERS,11,11,11,November,2021,5,Thursday,12,12:00pm-12:59pm,18,18,1,This section IS ON the NHS,1,Rural,1,Interstate,1,State Highway Agency,1,Interstate,I-40,,3337,3337,35.19179167,35.19179167,-109.429086110,-109.429086110,0,No Special Jurisdiction,12,Motor Vehicle In-Transport,6,Angle,1,Yes,18,Through Roadway,1,Not an Intersection,0,None,,,1,On Roadway,1,Daylight,,,,,1,Clear,0,No,0000000,Not Applicable,12,12:00pm-12:59pm,19,19,12,12:00pm-12:59pm,25,25,88,"Not Applicable (Not Transported) ",88,Not Applicable (Not Transported),,,,,,,1,
2021,4,40818,Arizona,2,2,0,0,0,5,5,19,PIMA (19),530,TUCSON,11,11,11,November,2021,5,Thursday,19,7:00pm-7:59pm,29,29,1,This section IS ON the NHS,2,Urban,3,Principal Arterial - Other,1,State Highway Agency,3,State Highway,SR-77,INA RD,67,67,32.33707222,32.33707222,-110.977341670,-110.977341670,0,No Special Jurisdiction,12,Motor Vehicle In-Transport,6,Angle,0,No,2,Intersection,2,Four-Way Intersection,0,None,,,1,On Roadway,3,Dark - Lighted,,,,,1,Clear,0,No,0000000,Not Applicable,19,7:00pm-7:59pm,31,31,19,7:00pm-7:59pm,38,38,20,8:00pm-8:59pm,0,0,,,,,,,1,
2021,4,40819,Arizona,3,3,0,0,0,4,4,13,MARICOPA (13),0,NOT APPLICABLE,11,11,11,November,2021,5,Thursday,22,10:00pm-10:59pm,21,21,0,This section IS NOT on the NHS,2,Urban,4,Minor Arterial,2,County Highway Agency,8,Other,N EL MIRAGE RD,W WESCOTT DR,12,12,33.65691389,33.65691389,-112.323597220,-112.323597220,0,No Special Jurisdiction,12,Motor Vehicle In-Transport,6,Angle,0,No,2,Intersection,3,T-Intersection,0,None,,,1,On Roadway,3,Dark - Lighted,,,,,1,Clear,0,No,0000000,Not Applicable,22,10:00pm-10:59pm,21,21,22,10:00pm-10:59pm,28,28,23,11:00pm-11:59pm,0,0,,,,,,,1,
2021,4,40820,Arizona,2,2,0,0,0,2,2,25,YAVAPAI (25),0,NOT APPLICABLE,12,12,11,November,2021,6,Friday,7,7:00am-7:59am,9,9,0,This section IS NOT on the NHS,1,Rural,4,Minor Arterial,1,State Highway Agency,3,State Highway,SR-89,,827,827,34.93314722,34.93314722,-112.437016670,-112.437016670,0,No Special Jurisdiction,12,Motor Vehicle In-Transport,6,Angle,0,No,1,Non-Junction,1,Not an Intersection,0,None,,,1,On Roadway,1,Daylight,,,,,1,Clear,0,No,0000000,Not Applicable,7,7:00am-7:59am,1,1,7,7:00am-7:59am,32,32,88,"Not Applicable (Not Transported) ",88,Not Applicable (Not Transported),,,,,,,1,
2021,4,40821,Arizona,1,1,0,0,0,4,4,19,PIMA (19),0,NOT APPLICABLE,12,12,11,November,2021,6,Friday,21,9:00pm-9:59pm,7,7,0,This section IS NOT on the NHS,1,Rural,5,Major Collector,1,State Highway Agency,3,State Highway,SR-83,,400,400,31.83322778,31.83322778,-110.702052780,-110.702052780,0,No Special Jurisdiction,1,Rollover/Overturn,0,The First Harmful Event was Not a Collision with a Motor Vehicle in Transport,0,No,1,Non-Junction,1,Not an Intersection,0,None,,,4,On Roadside,2,Dark - Not Lighted,,,,,1,Clear,0,No,0000000,Not Applicable,21,9:00pm-9:59pm,10,10,21,9:00pm-9:59pm,22,22,99,Unknown,99,Unknown EMS Hospital Arrival Time,,,,,,,2,
2021,4,40822,Arizona,1,1,0,0,0,1,1,25,YAVAPAI (25),65,CAMP VERDE,16,16,11,November,2021,3,Tuesday,18,6:00pm-6:59pm,0,0,0,This section IS NOT on the NHS,2,Urban,6,Minor Collector,4,City or Municipal Highway Agency,6,Local Street - Municipality,ARENA DEL LOMA RD,,10,10,34.59953333,34.59953333,-111.872880560,-111.872880560,0,No Special Jurisdiction,23,Bridge Rail (Includes parapet),0,The First Harmful Event was Not a Collision with a Motor Vehicle in Transport,1,Yes,19,Other location within Interchange Area,1,Not an Intersection,0,None,,,4,On Roadside,2,Dark - Not Lighted,,,,,1,Clear,0,No,0000000,Not Applicable,21,9:00pm-9:59pm,0,0,21,9:00pm-9:59pm,10,10,88,"Not Applicable (Not Transported) ",88,Not Applicable (Not Transported),,,,,,,1,
2021,4,40823,Arizona,2,2,0,0,0,2,2,13,MARICOPA (13),370,PHOENIX,16,16,11,November,2021,3,Tuesday,18,6:00pm-6:59pm,39,39,0,This section IS NOT on the NHS,2,Urban,4,Minor Arterial,4,City or Municipal Highway Agency,6,Local Street - Municipality,E BROADWAY RD,S 40TH ST,518,518,33.40728889,33.40728889,-111.995394440,-111.995394440,0,No Special Jurisdiction,12,Motor Vehicle In-Transport,2,Front-to-Front,0,No,2,Intersection,2,Four-Way Intersection,0,None,,,1,On Roadway,3,Dark - Lighted,,,,,1,Clear,0,No,0000000,Not Applicable,18,6:00pm-6:59pm,40,40,18,6:00pm-6:59pm,46,46,19,7:00pm-7:59pm,1,1,,,,,,,1,
2021,4,40824,Arizona,3,3,0,0,0,3,3,13,MARICOPA (13),290,MESA,18,18,11,November,2021,5,Thursday,23,11:00pm-11:59pm,24,24,1,This section IS ON the NHS,2,Urban,2,Principal Arterial - Other Freeways and Expressways,1,State Highway Agency,2,U.S. Highway,US-60,,1466,1466,33.38567222,33.38567222,-111.864836110,-111.864836110,0,No Special Jurisdiction,12,Motor Vehicle In-Transport,7,Sideswipe - Same Direction,0,No,1,Non-Junction,1,Not an Intersection,0,None,,,1,On Roadway,3,Dark - Lighted,,,,,1,Clear,0,No,0000000,Not Applicable,23,11:00pm-11:59pm,27,27,23,11:00pm-11:59pm,32,32,88,"Not Applicable (Not Transported) ",88,Not Applicable (Not Transported),,,,,,,1,
2021,4,40825,Arizona,3,3,0,0,0,6,6,25,YAVAPAI (25),0,NOT APPLICABLE,19,19,11,November,2021,6,Friday,5,5:00am-5:59am,30,30,1,This section IS ON the NHS,1,Rural,3,Principal Arterial - Other,1,State Highway Agency,2,U.S. Highway,US-93,,1779,1779,34.17023611,34.17023611,-113.017897220,-113.017897220,0,No Special Jurisdiction,12,Motor Vehicle In-Transport,2,Front-to-Front,0,No,1,Non-Junction,1,Not an Intersection,0,None,,,1,On Roadway,4,Dawn,,,,,1,Clear,0,No,0000000,Not Applicable,5,5:00am-5:59am,42,42,6,6:00am-6:59am,30,30,99,Unknown,99,Unknown EMS Hospital Arrival Time,,,,,,,2,
2021,4,40826,Arizona,2,2,0,0,0,3,3,13,MARICOPA (13),370,PHOENIX,19,19,11,November,2021,6,Friday,22,10:00pm-10:59pm,1,1,0,This section IS NOT on the NHS,2,Urban,5,Major Collector,4,City or Municipal Highway Agency,6,Local Street - Municipality,E OSBORN RD,,536,536,33.48746944,33.48746944,-112.048169440,-112.048169440,0,No Special Jurisdiction,12,Motor Vehicle In-Transport,6,Angle,0,No,8,Driveway Access Related,1,Not an Intersection,0,None,,,1,On Roadway,3,Dark - Lighted,,,,,1,Clear,0,No,0000000,Not Applicable,99,Unknown,99,Unknown,99,Unknown EMS Scene Arrival Hour,99,Unknown EMS Scene Arrival Minutes,99,Unknown,99,Unknown EMS Hospital Arrival Time,,,,,,,1,
2021,4,40828,Arizona,1,1,0,1,1,1,1,19,PIMA (19),530,TUCSON,20,20,11,November,2021,7,Saturday,5,5:00am-5:59am,37,37,0,This section IS NOT on the NHS,2,Urban,4,Minor Arterial,4,City or Municipal Highway Agency,6,Local Street - Municipality,1ST AVE N,,36,36,32.27484167,32.27484167,-110.961022220,-110.961022220,0,No Special Jurisdiction,8,Pedestrian,0,The First Harmful Event was Not a Collision with a Motor Vehicle in Transport,0,No,1,Non-Junction,1,Not an Intersection,0,None,,,1,On Roadway,2,Dark - Not Lighted,,,,,1,Clear,0,No,0000000,Not Applicable,5,5:00am-5:59am,37,37,5,5:00am-5:59am,44,44,88,"Not Applicable (Not Transported) ",88,Not Applicable (Not Transported),,,,,,,1,
2021,4,40829,Arizona,2,2,0,0,0,2,2,13,MARICOPA (13),370,PHOENIX,20,20,11,November,2021,7,Saturday,6,6:00am-6:59am,49,49,0,This section IS NOT on the NHS,2,Urban,4,Minor Arterial,4,City or Municipal Highway Agency,6,Local Street - Municipality,N 19TH AVE,,0,None,33.67588333,33.67588333,-112.099930560,-112.099930560,0,No Special Jurisdiction,12,Motor Vehicle In-Transport,6,Angle,0,No,8,Driveway Access Related,1,Not an Intersection,0,None,,,1,On Roadway,8,Not Reported,,,,,98,Not Reported,0,No,0000000,Not Applicable,99,Unknown,99,Unknown,99,Unknown EMS Scene Arrival Hour,99,Unknown EMS Scene Arrival Minutes,99,Unknown,99,Unknown EMS Hospital Arrival Time,,,,,,,1,
2021,4,40830,Arizona,2,2,0,0,0,2,2,13,MARICOPA (13),0,NOT APPLICABLE,20,20,11,November,2021,7,Saturday,16,4:00pm-4:59pm,13,13,0,This section IS NOT on the NHS,1,Rural,5,Major Collector,2,County Highway Agency,5,Local Street - Township,OLD US-80,,180,180,33.19226389,33.19226389,-112.711311110,-112.711311110,0,No Special Jurisdiction,12,Motor Vehicle In-Transport,2,Front-to-Front,0,No,1,Non-Junction,1,Not an Intersection,0,None,,,1,On Roadway,1,Daylight,,,,,10,Cloudy,0,No,0000000,Not Applicable,14,2:00pm-2:59pm,44,44,15,3:00pm-3:59pm,4,4,88,"Not Applicable (Not Transported) ",88,Not Applicable (Not Transported),,,,,,,1,
2021,4,40831,Arizona,1,1,0,1,1,4,4,19,PIMA (19),530,TUCSON,20,20,11,November,2021,7,Saturday,18,6:00pm-6:59pm,32,32,0,This section IS NOT on the NHS,2,Urban,4,Minor Arterial,4,City or Municipal Highway Agency,6,Local Street - Municipality,1ST AVE,,44,44,32.28723611,32.28723611,-110.961172220,-110.961172220,0,No Special Jurisdiction,9,Pedalcyclist,0,The First Harmful Event was Not a Collision with a Motor Vehicle in Transport,0,No,1,Non-Junction,1,Not an Intersection,0,None,,,1,On Roadway,3,Dark - Lighted,,,,,1,Clear,0,No,0000000,Not Applicable,18,6:00pm-6:59pm,32,32,18,6:00pm-6:59pm,36,36,88,"Not Applicable (Not Transported) ",88,Not Applicable (Not Transported),,,,,,,1,
2021,4,40832,Arizona,1,1,0,0,0,1,1,13,MARICOPA (13),80,CHANDLER,20,20,11,November,2021,7,Saturday,19,7:00pm-7:59pm,11,11,1,This section IS ON the NHS,2,Urban,2,Principal Arterial - Other Freeways and Expressways,1,State Highway Agency,3,State Highway,SR-202,,495,495,33.28751667,33.28751667,-111.875197220,-111.875197220,0,No Special Jurisdiction,21,Bridge Pier or Support,0,The First Harmful Event was Not a Collision with a Motor Vehicle in Transport,1,Yes,19,Other location within Interchange Area,1,Not an Intersection,0,None,,,4,On Roadside,3,Dark - Lighted,,,,,10,Cloudy,0,No,0000000,Not Applicable,19,7:00pm-7:59pm,15,15,19,7:00pm-7:59pm,32,32,88,"Not Applicable (Not Transported) ",88,Not Applicable (Not Transported),,,,,,,1,
2021,4,40833,Arizona,1,1,0,1,1,2,2,5,COCONINO (5),0,NOT APPLICABLE,21,21,11,November,2021,1,Sunday,12,12:00pm-12:59pm,45,45,0,This section IS NOT on the NHS,2,Urban,5,Major Collector,2,County Highway Agency,8,Other,KACHINA TRAIL,CANYON LOOP,0,None,35.08782778,35.08782778,-111.688433330,-111.688433330,0,No Special Jurisdiction,15,Non-Motorist on Personal Conveyance,0,The First Harmful Event was Not a Collision with a Motor Vehicle in Transport,0,No,2,Intersection,3,T-Intersection,0,None,,,1,On Roadway,1,Daylight,,,,,1,Clear,0,No,0000000,Not Applicable,12,12:00pm-12:59pm,45,45,12,12:00pm-12:59pm,49,49,88,"Not Applicable (Not Transported) ",88,Not Applicable (Not Transported),,,,,,,1,
2021,4,40834,Arizona,1,1,0,0,0,1,1,25,YAVAPAI (25),82,CHINO VALLEY,21,21,11,November,2021,1,Sunday,22,10:00pm-10:59pm,21,21,0,This section IS NOT on the NHS,2,Urban,4,Minor Arterial,4,City or Municipal Highway Agency,6,Local Street - Municipality,EAST RD 1 NORTH,,9,9,34.75383056,34.75383056,-112.438008330,-112.438008330,0,No Special Jurisdiction,42,Tree (Standing Only),0,The First Harmful Event was Not a Collision with a Motor Vehicle in Transport,0,No,1,Non-Junction,1,Not an Intersection,0,None,,,4,On Roadside,2,Dark - Not Lighted,,,,,1,Clear,0,No,0000000,Not Applicable,22,10:00pm-10:59pm,21,21,22,10:00pm-10:59pm,31,31,23,11:00pm-11:59pm,53,53,,,,,,,1,
2021,4,40835,Arizona,1,1,0,0,0,1,1,5,COCONINO (5),0,NOT APPLICABLE,21,21,11,November,2021,1,Sunday,23,11:00pm-11:59pm,10,10,1,This section IS ON the NHS,1,Rural,1,Interstate,1,State Highway Agency,1,Interstate,I-17,,1289,1289,34.94996667,34.94996667,-111.665322220,-111.665322220,0,No Special Jurisdiction,34,Ditch,0,The First Harmful Event was Not a Collision with a Motor Vehicle in Transport,0,No,1,Non-Junction,1,Not an Intersection,0,None,,,4,On Roadside,2,Dark - Not Lighted,,,,,1,Clear,0,No,0000000,Not Applicable,23,11:00pm-11:59pm,13,13,23,11:00pm-11:59pm,25,25,88,"Not Applicable (Not Transported) ",88,Not Applicable (Not Transported),,,,,,,1,
2021,4,40836,Arizona,1,1,0,0,0,1,1,13,MARICOPA (13),370,PHOENIX,22,22,11,November,2021,2,Monday,11,11:00am-11:59am,31,31,1,This section IS ON the NHS,2,Urban,2,Principal Arterial - Other Freeways and Expressways,1,State Highway Agency,3,State Highway,SR-101,,206,206,33.66983333,33.66983333,-112.161275000,-112.161275000,0,No Special Jurisdiction,1,Rollover/Overturn,0,The First Harmful Event was Not a Collision with a Motor Vehicle in Transport,0,No,1,Non-Junction,1,Not an Intersection,0,None,,,4,On Roadside,1,Daylight,,,,,1,Clear,0,No,0000000,Not Applicable,11,11:00am-11:59am,38,38,11,11:00am-11:59am,56,56,88,"Not Applicable (Not Transported) ",88,Not Applicable (Not Transported),,,,,,,1,
2021,4,40837,Arizona,1,1,0,0,0,2,2,19,PIMA (19),530,TUCSON,23,23,11,November,2021,3,Tuesday,2,2:00am-2:59am,9,9,0,This section IS NOT on the NHS,2,Urban,5,Major Collector,4,City or Municipal Highway Agency,6,Local Street - Municipality,S WILMONT RD,,0,None,32.12347222,32.12347222,-110.857688890,-110.857688890,0,No Special Jurisdiction,42,Tree (Standing Only),0,The First Harmful Event was Not a Collision with a Motor Vehicle in Transport,0,No,1,Non-Junction,1,Not an Intersection,0,None,,,4,On Roadside,2,Dark - Not Lighted,,,,,1,Clear,0,No,0000000,Not Applicable,99,Unknown,99,Unknown,99,Unknown EMS Scene Arrival Hour,99,Unknown EMS Scene Arrival Minutes,99,Unknown,99,Unknown EMS Hospital Arrival Time,,,,,,,1,
2021,4,40838,Arizona,2,2,0,0,0,3,3,1,APACHE (1),0,NOT APPLICABLE,24,24,11,November,2021,4,Wednesday,5,5:00am-5:59am,40,40,1,This section IS ON the NHS,1,Rural,3,Principal Arterial - Other,1,State Highway Agency,2,U.S. Highway,US-160,,1170,1170,36.94632222,36.94632222,-109.720650000,-109.720650000,3,Indian Reservation,12,Motor Vehicle In-Transport,2,Front-to-Front,0,No,1,Non-Junction,1,Not an Intersection,0,None,,,1,On Roadway,2,Dark - Not Lighted,,,,,1,Clear,0,No,0000000,Not Applicable,5,5:00am-5:59am,40,40,6,6:00am-6:59am,31,31,88,"Not Applicable (Not Transported) ",88,Not Applicable (Not Transported),,,,,,,1,
2021,4,40839,Arizona,2,2,0,0,0,3,3,12,LA PAZ (12),0,NOT APPLICABLE,24,24,11,November,2021,4,Wednesday,14,2:00pm-2:59pm,37,37,0,This section IS NOT on the NHS,1,Rural,4,Minor Arterial,1,State Highway Agency,2,U.S. Highway,US-60,,401,401,33.69865000,33.69865000,-113.863922220,-113.863922220,0,No Special Jurisdiction,12,Motor Vehicle In-Transport,2,Front-to-Front,0,No,1,Non-Junction,1,Not an Intersection,0,None,,,1,On Roadway,1,Daylight,,,,,1,Clear,0,No,0000000,Not Applicable,14,2:00pm-2:59pm,42,42,14,2:00pm-2:59pm,58,58,99,Unknown,99,Unknown EMS Hospital Arrival Time,,,,,,,1,
2021,4,40842,Arizona,2,2,0,0,0,4,4,13,MARICOPA (13),0,NOT APPLICABLE,25,25,11,November,2021,5,Thursday,11,11:00am-11:59am,4,4,1,This section IS ON the NHS,2,Urban,2,Principal Arterial - Other Freeways and Expressways,1,State Highway Agency,3,State Highway,SR-202 RED MOUNTAIN FWY,,94,94,33.43541667,33.43541667,-111.896300000,-111.896300000,0,No Special Jurisdiction,12,Motor Vehicle In-Transport,2,Front-to-Front,1,Yes,18,Through Roadway,1,Not an Intersection,0,None,,,1,On Roadway,1,Daylight,,,,,1,Clear,0,No,0000000,Not Applicable,11,11:00am-11:59am,13,13,11,11:00am-11:59am,24,24,11,11:00am-11:59am,40,40,,,,,,,1,
2021,4,40843,Arizona,1,1,0,0,0,1,1,13,MARICOPA (13),0,NOT APPLICABLE,26,26,11,November,2021,6,Friday,18,6:00pm-6:59pm,6,6,1,This section IS ON the NHS,2,Urban,2,Principal Arterial - Other Freeways and Expressways,1,State Highway Agency,3,State Highway,SR-101,,461,461,33.49153611,33.49153611,-111.887652780,-111.887652780,0,No Special Jurisdiction,59,"Traffic Sign Support ",0,The First Harmful Event was Not a Collision with a Motor Vehicle in Transport,1,Yes,5,Entrance/Exit Ramp Related,1,Not an Intersection,0,None,,,8,Gore,3,Dark - Lighted,,,,,1,Clear,0,No,0000000,Not Applicable,18,6:00pm-6:59pm,8,8,18,6:00pm-6:59pm,10,10,99,Unknown,99,Unknown EMS Hospital Arrival Time,,,,,,,1,
2021,4,40844,Arizona,1,1,0,0,0,1,1,19,PIMA (19),530,TUCSON,26,26,11,November,2021,6,Friday,18,6:00pm-6:59pm,27,27,0,This section IS NOT on the NHS,2,Urban,4,Minor Arterial,4,City or Municipal Highway Agency,6,Local Street - Municipality,E 22ND ST,,4,4,32.20684444,32.20684444,-110.961016670,-110.961016670,0,No Special Jurisdiction,33,Curb,0,The First Harmful Event was Not a Collision with a Motor Vehicle in Transport,0,No,1,Non-Junction,1,Not an Intersection,0,None,,,3,On Median,3,Dark - Lighted,,,,,1,Clear,0,No,742104F,742104F,99,Unknown,99,Unknown,99,Unknown EMS Scene Arrival Hour,99,Unknown EMS Scene Arrival Minutes,88,"Not Applicable (Not Transported) ",88,Not Applicable (Not Transported),,,,,,,1,
2021,4,40845,Arizona,2,2,0,0,0,4,4,21,PINAL (21),0,NOT APPLICABLE,26,26,11,November,2021,6,Friday,22,10:00pm-10:59pm,19,19,1,This section IS ON the NHS,2,Urban,1,Interstate,1,State Highway Agency,1,Interstate,I-10 PEARL HARBOR MEMORIAL HWY,,1862,1862,32.99548889,32.99548889,-111.747116670,-111.747116670,0,No Special Jurisdiction,12,Motor Vehicle In-Transport,1,Front-to-Rear,0,No,1,Non-Junction,1,Not an Intersection,0,None,,,1,On Roadway,2,Dark - Not Lighted,,,,,1,Clear,0,No,0000000,Not Applicable,22,10:00pm-10:59pm,21,21,22,10:00pm-10:59pm,27,27,23,11:00pm-11:59pm,54,54,,,,,,,1,
2021,4,40846,Arizona,2,2,0,0,0,2,2,13,MARICOPA (13),370,PHOENIX,27,27,11,November,2021,7,Saturday,3,3:00am-3:59am,9,9,1,This section IS ON the NHS,2,Urban,2,Principal Arterial - Other Freeways and Expressways,1,State Highway Agency,3,State Highway,SR-101 PIMA FWY,,230,230,33.66917500,33.66917500,-112.100247220,-112.100247220,0,No Special Jurisdiction,12,Motor Vehicle In-Transport,2,Front-to-Front,1,Yes,18,Through Roadway,1,Not an Intersection,0,None,,,1,On Roadway,3,Dark - Lighted,,,,,1,Clear,0,No,0000000,Not Applicable,3,3:00am-3:59am,16,16,3,3:00am-3:59am,22,22,99,Unknown,99,Unknown EMS Hospital Arrival Time,,,,,,,1,
2021,4,40847,Arizona,1,1,0,0,0,1,1,19,PIMA (19),0,NOT APPLICABLE,27,27,11,November,2021,7,Saturday,10,10:00am-10:59am,26,26,0,This section IS NOT on the NHS,2,Urban,4,Minor Arterial,1,State Highway Agency,3,State Highway,SR-86 W AJO HWY,,1104,1104,32.15789167,32.15789167,-111.107694440,-111.107694440,0,No Special Jurisdiction,59,"Traffic Sign Support ",0,The First Harmful Event was Not a Collision with a Motor Vehicle in Transport,0,No,1,Non-Junction,1,Not an Intersection,0,None,,,4,On Roadside,1,Daylight,,,,,1,Clear,0,No,0000000,Not Applicable,10,10:00am-10:59am,27,27,10,10:00am-10:59am,28,28,88,"Not Applicable (Not Transported) ",88,Not Applicable (Not Transported),,,,,,,1,
2021,4,40848,Arizona,2,2,0,0,0,6,6,15,MOHAVE (15),0,NOT APPLICABLE,27,27,11,November,2021,7,Saturday,18,6:00pm-6:59pm,3,3,0,This section IS NOT on the NHS,1,Rural,5,Major Collector,1,State Highway Agency,3,State Highway,SR-66,,336,336,35.44883056,35.44883056,-113.635513890,-113.635513890,0,No Special Jurisdiction,12,Motor Vehicle In-Transport,2,Front-to-Front,0,No,1,Non-Junction,1,Not an Intersection,0,None,,,1,On Roadway,2,Dark - Not Lighted,,,,,1,Clear,0,No,0000000,Not Applicable,18,6:00pm-6:59pm,19,19,18,6:00pm-6:59pm,33,33,99,Unknown,99,Unknown EMS Hospital Arrival Time,,,,,,,4,
2021,4,40849,Arizona,1,1,0,0,0,2,2,13,MARICOPA (13),370,PHOENIX,28,28,11,November,2021,1,Sunday,1,1:00am-1:59am,3,3,0,This section IS NOT on the NHS,2,Urban,4,Minor Arterial,4,City or Municipal Highway Agency,6,Local Street - Municipality,JEFFERSON ST,,464,464,33.44675833,33.44675833,-112.066772220,-112.066772220,0,No Special Jurisdiction,33,Curb,0,The First Harmful Event was Not a Collision with a Motor Vehicle in Transport,0,No,1,Non-Junction,1,Not an Intersection,0,None,,,3,On Median,3,Dark - Lighted,,,,,1,Clear,0,No,0000000,Not Applicable,99,Unknown,99,Unknown,99,Unknown EMS Scene Arrival Hour,99,Unknown EMS Scene Arrival Minutes,99,Unknown,99,Unknown EMS Hospital Arrival Time,,,,,,,1,
2021,4,40850,Arizona,1,1,0,0,0,1,1,25,YAVAPAI (25),0,NOT APPLICABLE,28,28,11,November,2021,1,Sunday,10,10:00am-10:59am,45,45,0,This section IS NOT on the NHS,1,Rural,4,Minor Arterial,1,State Highway Agency,3,State Highway,SR-89,,154,154,34.20083611,34.20083611,-112.781250000,-112.781250000,0,No Special Jurisdiction,5,Fell/Jumped from Vehicle,0,The First Harmful Event was Not a Collision with a Motor Vehicle in Transport,0,No,1,Non-Junction,1,Not an Intersection,0,None,,,4,On Roadside,1,Daylight,,,,,1,Clear,0,No,0000000,Not Applicable,10,10:00am-10:59am,57,57,11,11:00am-11:59am,24,24,88,"Not Applicable (Not Transported) ",88,Not Applicable (Not Transported),,,,,,,1,
2021,4,40851,Arizona,2,2,0,0,0,2,2,17,NAVAJO (17),0,NOT APPLICABLE,30,30,11,November,2021,3,Tuesday,7,7:00am-7:59am,27,27,1,This section IS ON the NHS,1,Rural,1,Interstate,1,State Highway Agency,1,Interstate,I-40,,2823,2823,34.90951667,34.90951667,-110.232000000,-110.232000000,0,No Special Jurisdiction,12,Motor Vehicle In-Transport,1,Front-to-Rear,0,No,1,Non-Junction,1,Not an Intersection,0,None,,,1,On Roadway,1,Daylight,,,,,1,Clear,0,No,0000000,Not Applicable,7,7:00am-7:59am,32,32,7,7:00am-7:59am,35,35,88,"Not Applicable (Not Transported) ",88,Not Applicable (Not Transported),,,,,,,1,
2021,4,40852,Arizona,1,1,0,0,0,1,1,19,PIMA (19),530,TUCSON,30,30,11,November,2021,3,Tuesday,7,7:00am-7:59am,32,32,0,This section IS NOT on the NHS,2,Urban,3,Principal Arterial - Other,2,County Highway Agency,8,Other,E VALENCIA RD,,84,84,32.13225833,32.13225833,-110.834597220,-110.834597220,0,No Special Jurisdiction,52,Guardrail End,0,The First Harmful Event was Not a Collision with a Motor Vehicle in Transport,0,No,1,Non-Junction,1,Not an Intersection,0,None,,,4,On Roadside,1,Daylight,,,,,1,Clear,0,No,0000000,Not Applicable,7,7:00am-7:59am,32,32,7,7:00am-7:59am,43,43,88,"Not Applicable (Not Transported) ",88,Not Applicable (Not Transported),,,,,,,1,
2021,4,40854,Arizona,1,1,0,1,1,1,1,5,COCONINO (5),0,NOT APPLICABLE,30,30,11,November,2021,3,Tuesday,21,9:00pm-9:59pm,53,53,1,This section IS ON the NHS,1,Rural,3,Principal Arterial - Other,1,State Highway Agency,2,U.S. Highway,US-160 NAVAJO TRL,,275,275,36.27159722,36.27159722,-111.014327780,-111.014327780,3,Indian Reservation,8,Pedestrian,0,The First Harmful Event was Not a Collision with a Motor Vehicle in Transport,0,No,1,Non-Junction,1,Not an Intersection,0,None,,,1,On Roadway,2,Dark - Not Lighted,,,,,1,Clear,0,No,0000000,Not Applicable,21,9:00pm-9:59pm,53,53,22,10:00pm-10:59pm,12,12,88,"Not Applicable (Not Transported) ",88,Not Applicable (Not Transported),,,,,,,1,
2021,4,40855,Arizona,1,1,0,0,0,1,1,13,MARICOPA (13),370,PHOENIX,1,1,12,December,2021,4,Wednesday,1,1:00am-1:59am,28,28,1,This section IS ON the NHS,2,Urban,1,Interstate,1,State Highway Agency,1,Interstate,I-10,,1455,1455,33.46207222,33.46207222,-112.069030560,-112.069030560,0,No Special Jurisdiction,33,Curb,0,The First Harmful Event was Not a Collision with a Motor Vehicle in Transport,1,Yes,5,Entrance/Exit Ramp Related,1,Not an Intersection,0,None,,,8,Gore,3,Dark - Lighted,,,,,1,Clear,0,No,0000000,Not Applicable,1,1:00am-1:59am,30,30,1,1:00am-1:59am,39,39,1,1:00am-1:59am,50,50,,,,,,,1,