caseyear,state,st_case,statename,ve_total,ve_forms,pvh_invl,peds,pernotmvit,permvit,persons,county,countyname,city,cityname,day,dayname,month,monthname,year,day_week,day_weekname,hour,hourname,minute,minutename,nhs,nhsname,rur_urb,rur_urbname,func_sys,func_sysname,rd_owner,rd_ownername,route,routename,tway_id,tway_id2,milept,mileptname,latitude,latitudename,longitud,longitudname,sp_jur,sp_jurname,harm_ev,harm_evname,man_coll,man_collname,reljct1,reljct1name,reljct2,reljct2name,typ_int,typ_intname,wrk_zone,wrk_zonename,road_fnc,road_fncname,rel_road,rel_roadname,lgt_cond,lgt_condname,weather1,weather1name,weather2,weather2name,weather,weathername,sch_bus,sch_busname,rail,railname,not_hour,not_hourname,not_min,not_minname,arr_hour,arr_hourname,arr_min,arr_minname,hosp_hr,hosp_hrname,hosp_mn,hosp_mnname,cf1,cf1name,cf2,cf2name,cf3,cf3name,fatals,drunk_dr
2021,4,40856,Arizona,1,1,0,1,1,1,1,13,MARICOPA (13),370,PHOENIX,1,1,12,December,2021,4,Wednesday,19,7:00pm-7:59pm,23,23,0,This section IS NOT on the NHS,2,Urban,4,Minor Arterial,4,City or Municipal Highway Agency,6,Local Street - Municipality,W VAN BUREN ST,,657,657,33.45113611,33.45113611,-112.119997220,-112.119997220,0,No Special Jurisdiction,8,Pedestrian,0,The First Harmful Event was Not a Collision with a Motor Vehicle in Transport,0,No,1,Non-Junction,1,Not an Intersection,0,None,,,1,On Roadway,3,Dark - Lighted,,,,,1,Clear,0,No,0000000,Not Applicable,99,Unknown,99,Unknown,99,Unknown EMS Scene Arrival Hour,99,Unknown EMS Scene Arrival Minutes,88,"Not Applicable (Not Transported) ",88,Not Applicable (Not Transported),,,,,,,1,
2021,4,40857,Arizona,3,3,0,0,0,6,6,13,MARICOPA (13),190,GILBERT,2,2,12,December,2021,5,Thursday,14,2:00pm-2:59pm,28,28,0,This section IS NOT on the NHS,2,Urban,4,Minor Arterial,4,City or Municipal Highway Agency,6,Local Street - Municipality,E BASELINE RD,S GILBERT RD,833,833,33.37909722,33.37909722,-111.788313890,-111.788313890,0,No Special Jurisdiction,12,Motor Vehicle In-Transport,6,Angle,0,No,2,Intersection,2,Four-Way Intersection,0,None,,,1,On Roadway,1,Daylight,,,,,1,Clear,0,No,0000000,Not Applicable,99,Unknown,99,Unknown,99,Unknown EMS Scene Arrival Hour,99,Unknown EMS Scene Arrival Minutes,99,Unknown,99,Unknown EMS Hospital Arrival Time,,,,,,,1,
2021,4,40858,Arizona,1,1,0,0,0,1,1,13,MARICOPA (13),370,PHOENIX,3,3,12,December,2021,6,Friday,10,10:00am-10:59am,14,14,1,This section IS ON the NHS,2,Urban,1,Interstate,1,State Highway Agency,1,Interstate,I-17,,152,152,33.58756389,33.58756389,-112.116955560,-112.116955560,0,No Special Jurisdiction,25,Concrete Traffic Barrier,0,The First Harmful Event was Not a Collision with a Motor Vehicle in Transport,1,Yes,19,Other location within Interchange Area,1,Not an Intersection,0,None,,,3,On Median,1,Daylight,,,,,1,Clear,0,No,0000000,Not Applicable,10,10:00am-10:59am,16,16,10,10:00am-10:59am,28,28,10,10:00am-10:59am,42,42,,,,,,,1,
2021,4,40859,Arizona,1,1,0,0,0,3,3,15,MOHAVE (15),260,KINGMAN,3,3,12,December,2021,6,Friday,22,10:00pm-10:59pm,33,33,0,This section IS NOT on the NHS,9,Unknown,99,Unknown,99,Unknown,9,Unknown,E BEVERLY AVE,N YAVAPAI ST,0,None,35.21780000,35.21780000,-113.998550000,-113.998550000,0,No Special Jurisdiction,17,Boulder,0,The First Harmful Event was Not a Collision with a Motor Vehicle in Transport,0,No,3,Intersection-Related,3,T-Intersection,0,None,,,4,On Roadside,2,Dark - Not Lighted,,,,,1,Clear,0,No,0000000,Not Applicable,22,10:00pm-10:59pm,35,35,22,10:00pm-10:59pm,42,42,23,11:00pm-11:59pm,4,4,,,,,,,1,
2021,4,40860,Arizona,1,1,0,1,1,1,1,19,PIMA (19),530,TUCSON,4,4,12,December,2021,7,Saturday,0,0:00am-0:59am,38,38,0,This section IS NOT on the NHS,2,Urban,3,Principal Arterial - Other,4,City or Municipal Highway Agency,6,Local Street - Municipality,N CAMPBELL AVE,,271,271,32.26092222,32.26092222,-110.943791670,-110.943791670,0,No Special Jurisdiction,8,Pedestrian,0,The First Harmful Event was Not a Collision with a Motor Vehicle in Transport,0,No,1,Non-Junction,1,Not an Intersection,0,None,,,1,On Roadway,3,Dark - Lighted,,,,,1,Clear,0,No,0000000,Not Applicable,99,Unknown,99,Unknown,99,Unknown EMS Scene Arrival Hour,99,Unknown EMS Scene Arrival Minutes,88,"Not Applicable (Not Transported) ",88,Not Applicable (Not Transported),,,,,,,1,
2021,4,40861,Arizona,1,1,0,1,1,1,1,19,PIMA (19),530,TUCSON,4,4,12,December,2021,7,Saturday,14,2:00pm-2:59pm,53,53,0,This section IS NOT on the NHS,2,Urban,4,Minor Arterial,4,City or Municipal Highway Agency,6,Local Street - Municipality,E FORT LOWELL RD,"N GERONIMO AVE ",3,3,32.26475278,32.26475278,-110.965544440,-110.965544440,0,No Special Jurisdiction,8,Pedestrian,0,The First Harmful Event was Not a Collision with a Motor Vehicle in Transport,0,No,2,Intersection,2,Four-Way Intersection,0,None,,,1,On Roadway,1,Daylight,,,,,1,Clear,0,No,0000000,Not Applicable,99,Unknown,99,Unknown,99,Unknown EMS Scene Arrival Hour,99,Unknown EMS Scene Arrival Minutes,99,Unknown,99,Unknown EMS Hospital Arrival Time,,,,,,,1,
2021,4,40862,Arizona,1,1,0,0,0,1,1,13,MARICOPA (13),525,TONOPAH,4,4,12,December,2021,7,Saturday,16,4:00pm-4:59pm,59,59,1,This section IS ON the NHS,1,Rural,1,Interstate,1,State Highway Agency,1,Interstate,I-10,,850,850,33.52457500,33.52457500,-113.094455560,-113.094455560,0,No Special Jurisdiction,1,Rollover/Overturn,0,The First Harmful Event was Not a Collision with a Motor Vehicle in Transport,0,No,1,Non-Junction,1,Not an Intersection,0,None,,,3,On Median,5,Dusk,,,,,1,Clear,0,No,0000000,Not Applicable,17,5:00pm-5:59pm,2,2,17,5:00pm-5:59pm,18,18,18,6:00pm-6:59pm,14,14,,,,,,,1,
2021,4,40863,Arizona,2,2,0,0,0,2,2,13,MARICOPA (13),0,NOT APPLICABLE,4,4,12,December,2021,7,Saturday,18,6:00pm-6:59pm,3,3,0,This section IS NOT on the NHS,1,Rural,5,Major Collector,2,County Highway Agency,8,Other,W PATTON RD,N CROZIER RD,108,108,33.73867500,33.73867500,-112.533594440,-112.533594440,0,No Special Jurisdiction,12,Motor Vehicle In-Transport,6,Angle,0,No,2,Intersection,2,Four-Way Intersection,0,None,,,1,On Roadway,2,Dark - Not Lighted,,,,,1,Clear,0,No,0000000,Not Applicable,18,6:00pm-6:59pm,6,6,18,6:00pm-6:59pm,10,10,18,6:00pm-6:59pm,50,50,,,,,,,1,
2021,4,40864,Arizona,1,1,0,1,1,1,1,13,MARICOPA (13),370,PHOENIX,4,4,12,December,2021,7,Saturday,18,6:00pm-6:59pm,7,7,0,This section IS NOT on the NHS,2,Urban,4,Minor Arterial,4,City or Municipal Highway Agency,6,Local Street - Municipality,EAST CAMELBACK RD,,661,661,33.51001667,33.51001667,-112.016480560,-112.016480560,0,No Special Jurisdiction,8,Pedestrian,0,The First Harmful Event was Not a Collision with a Motor Vehicle in Transport,0,No,1,Non-Junction,1,Not an Intersection,0,None,,,1,On Roadway,2,Dark - Not Lighted,,,,,1,Clear,0,No,0000000,Not Applicable,99,Unknown,99,Unknown,99,Unknown EMS Scene Arrival Hour,99,Unknown EMS Scene Arrival Minutes,99,Unknown,99,Unknown EMS Hospital Arrival Time,,,,,,,1,
2021,4,40865,Arizona,2,2,0,0,0,4,4,13,MARICOPA (13),80,CHANDLER,5,5,12,December,2021,1,Sunday,2,2:00am-2:59am,21,21,1,This section IS ON the NHS,2,Urban,3,Principal Arterial - Other,1,State Highway Agency,3,State Highway,SR-87 S ARIZONA AVE,,472,472,33.24725556,33.24725556,-111.841325000,-111.841325000,0,No Special Jurisdiction,12,Motor Vehicle In-Transport,1,Front-to-Rear,0,No,1,Non-Junction,1,Not an Intersection,0,None,,,1,On Roadway,3,Dark - Lighted,,,,,1,Clear,0,No,0000000,Not Applicable,2,2:00am-2:59am,22,22,2,2:00am-2:59am,28,28,2,2:00am-2:59am,52,52,,,,,,,1,
2021,4,40866,Arizona,1,1,0,0,0,6,6,19,PIMA (19),530,TUCSON,5,5,12,December,2021,1,Sunday,3,3:00am-3:59am,5,5,0,This section IS NOT on the NHS,2,Urban,4,Minor Arterial,4,City or Municipal Highway Agency,6,Local Street - Municipality,S MISSION RD,W STARR PASS,272,272,32.20622500,32.20622500,-110.989916670,-110.989916670,0,No Special Jurisdiction,46,Traffic Signal Support,0,The First Harmful Event was Not a Collision with a Motor Vehicle in Transport,0,No,3,Intersection-Related,3,T-Intersection,0,None,,,12,Pedestrian Refuge Island or Traffic Island,3,Dark - Lighted,,,,,1,Clear,0,No,0000000,Not Applicable,3,3:00am-3:59am,5,5,3,3:00am-3:59am,10,10,99,Unknown,99,Unknown EMS Hospital Arrival Time,,,,,,,1,
2021,4,40867,Arizona,2,2,0,0,0,2,2,13,MARICOPA (13),339,PARADISE VALLEY,6,6,12,December,2021,2,Monday,16,4:00pm-4:59pm,53,53,1,This section IS ON the NHS,2,Urban,3,Principal Arterial - Other,4,City or Municipal Highway Agency,6,Local Street - Municipality,MCDONALD DR,47TH ST,9,9,33.52380278,33.52380278,-111.980050000,-111.980050000,0,No Special Jurisdiction,18,Other Object (not fixed),0,The First Harmful Event was Not a Collision with a Motor Vehicle in Transport,0,No,2,Intersection,3,T-Intersection,0,None,,,1,On Roadway,3,Dark - Lighted,,,,,1,Clear,0,No,0000000,Not Applicable,16,4:00pm-4:59pm,53,53,17,5:00pm-5:59pm,3,3,17,5:00pm-5:59pm,22,22,,,,,,,1,
2021,4,40868,Arizona,1,1,0,0,0,1,1,17,NAVAJO (17),429,SHOW LOW,7,7,12,December,2021,3,Tuesday,11,11:00am-11:59am,8,8,1,This section IS ON the NHS,1,Rural,3,Principal Arterial - Other,1,State Highway Agency,2,U.S. Highway,US-60,FIRST KNOLL CINDER PIT RD,3090,3090,34.26226667,34.26226667,-109.981052780,-109.981052780,0,No Special Jurisdiction,58,Ground,0,The First Harmful Event was Not a Collision with a Motor Vehicle in Transport,0,No,3,Intersection-Related,3,T-Intersection,0,None,,,4,On Roadside,1,Daylight,,,,,1,Clear,0,No,0000000,Not Applicable,11,11:00am-11:59am,10,10,11,11:00am-11:59am,15,15,88,"Not Applicable (Not Transported) ",88,Not Applicable (Not Transported),,,,,,,1,
2021,4,40869,Arizona,2,2,0,0,0,3,3,13,MARICOPA (13),370,PHOENIX,7,7,12,December,2021,3,Tuesday,12,12:00pm-12:59pm,6,6,1,This section IS ON the NHS,2,Urban,4,Minor Arterial,4,City or Municipal Highway Agency,6,Local Street - Municipality,W LOWER BUCKEYE RD,,592,592,33.42301111,33.42301111,-112.223386110,-112.223386110,0,No Special Jurisdiction,12,Motor Vehicle In-Transport,6,Angle,0,No,8,Driveway Access Related,1,Not an Intersection,0,None,,,1,On Roadway,1,Daylight,,,,,1,Clear,0,No,0000000,Not Applicable,99,Unknown,99,Unknown,99,Unknown EMS Scene Arrival Hour,99,Unknown EMS Scene Arrival Minutes,99,Unknown,99,Unknown EMS Hospital Arrival Time,,,,,,,1,
2021,4,40870,Arizona,1,1,0,0,0,2,2,13,MARICOPA (13),370,PHOENIX,7,7,12,December,2021,3,Tuesday,12,12:00pm-12:59pm,18,18,0,This section IS NOT on the NHS,2,Urban,4,Minor Arterial,4,City or Municipal Highway Agency,6,Local Street - Municipality,N 59TH AVE,,111,111,33.50180000,33.50180000,-112.186294440,-112.186294440,0,No Special Jurisdiction,33,Curb,0,The First Harmful Event was Not a Collision with a Motor Vehicle in Transport,0,No,1,Non-Junction,1,Not an Intersection,0,None,,,4,On Roadside,1,Daylight,,,,,1,Clear,0,No,0000000,Not Applicable,99,Unknown,99,Unknown,99,Unknown EMS Scene Arrival Hour,99,Unknown EMS Scene Arrival Minutes,99,Unknown,99,Unknown EMS Hospital Arrival Time,,,,,,,1,
2021,4,40871,Arizona,1,1,0,0,0,1,1,15,MOHAVE (15),315,MOCCASIN,7,7,12,December,2021,3,Tuesday,22,10:00pm-10:59pm,46,46,0,This section IS NOT on the NHS,1,Rural,4,Minor Arterial,1,State Highway Agency,3,State Highway,SR-389,,317,317,36.94411111,36.94411111,-112.541841670,-112.541841670,0,No Special Jurisdiction,1,Rollover/Overturn,0,The First Harmful Event was Not a Collision with a Motor Vehicle in Transport,0,No,1,Non-Junction,1,Not an Intersection,0,None,,,1,On Roadway,2,Dark - Not Lighted,,,,,10,Cloudy,0,No,0000000,Not Applicable,22,10:00pm-10:59pm,50,50,23,11:00pm-11:59pm,8,8,88,"Not Applicable (Not Transported) ",88,Not Applicable (Not Transported),,,,,,,1,
2021,4,40872,Arizona,1,1,0,0,0,1,1,25,YAVAPAI (25),90,CLARKDALE,8,8,12,December,2021,4,Wednesday,15,3:00pm-3:59pm,18,18,0,This section IS NOT on the NHS,2,Urban,5,Major Collector,3,Town or Township Highway Agency,5,Local Street - Township,CEMENT PLANT RD,,0,None,34.76470278,34.76470278,-112.070072220,-112.070072220,0,No Special Jurisdiction,43,Other Fixed Object,0,The First Harmful Event was Not a Collision with a Motor Vehicle in Transport,0,No,1,Non-Junction,1,Not an Intersection,0,None,,,4,On Roadside,1,Daylight,,,,,10,Cloudy,0,No,0000000,Not Applicable,15,3:00pm-3:59pm,17,17,15,3:00pm-3:59pm,24,24,16,4:00pm-4:59pm,0,0,,,,,,,1,
2021,4,40873,Arizona,1,1,0,1,1,1,1,13,MARICOPA (13),200,GLENDALE,8,8,12,December,2021,4,Wednesday,6,6:00am-6:59am,5,5,0,This section IS NOT on the NHS,2,Urban,4,Minor Arterial,4,City or Municipal Highway Agency,6,Local Street - Municipality,W CAMELBACK RD,N 51ST AVE,573,573,33.50954722,33.50954722,-112.168972220,-112.168972220,0,No Special Jurisdiction,8,Pedestrian,0,The First Harmful Event was Not a Collision with a Motor Vehicle in Transport,0,No,3,Intersection-Related,2,Four-Way Intersection,0,None,,,1,On Roadway,3,Dark - Lighted,,,,,10,Cloudy,0,No,0000000,Not Applicable,99,Unknown,99,Unknown,99,Unknown EMS Scene Arrival Hour,99,Unknown EMS Scene Arrival Minutes,99,Unknown,99,Unknown EMS Hospital Arrival Time,,,,,,,1,
2021,4,40874,Arizona,1,1,0,1,1,1,1,19,PIMA (19),530,TUCSON,8,8,12,December,2021,4,Wednesday,17,5:00pm-5:59pm,41,41,0,This section IS NOT on the NHS,2,Urban,4,Minor Arterial,4,City or Municipal Highway Agency,6,Local Street - Municipality,N EUCLID AVE,E ADAMS ST,99998,Not Reported,32.24066667,32.24066667,-110.959544440,-110.959544440,0,No Special Jurisdiction,8,Pedestrian,0,The First Harmful Event was Not a Collision with a Motor Vehicle in Transport,0,No,3,Intersection-Related,2,Four-Way Intersection,0,None,,,1,On Roadway,5,Dusk,,,,,1,Clear,0,No,0000000,Not Applicable,17,5:00pm-5:59pm,41,41,17,5:00pm-5:59pm,45,45,17,5:00pm-5:59pm,50,50,,,,,,,1,
2021,4,40875,Arizona,2,2,0,1,1,5,5,17,NAVAJO (17),429,SHOW LOW,8,8,12,December,2021,4,Wednesday,18,6:00pm-6:59pm,0,0,1,This section IS ON the NHS,1,Rural,3,Principal Arterial - Other,1,State Highway Agency,2,U.S. Highway,US-60,,3096,3096,34.26316389,34.26316389,-109.971058330,-109.971058330,0,No Special Jurisdiction,12,Motor Vehicle In-Transport,1,Front-to-Rear,0,No,1,Non-Junction,1,Not an Intersection,0,None,,,1,On Roadway,2,Dark - Not Lighted,,,,,10,Cloudy,0,No,0000000,Not Applicable,18,6:00pm-6:59pm,0,0,18,6:00pm-6:59pm,7,7,18,6:00pm-6:59pm,30,30,,,,,,,1,
2021,4,40876,Arizona,1,1,0,1,1,1,1,13,MARICOPA (13),370,PHOENIX,9,9,12,December,2021,5,Thursday,5,5:00am-5:59am,55,55,0,This section IS NOT on the NHS,2,Urban,4,Minor Arterial,4,City or Municipal Highway Agency,6,Local Street - Municipality,W CAMELBACK RD,,583,583,33.50955833,33.50955833,-112.150372220,-112.150372220,0,No Special Jurisdiction,9,Pedalcyclist,0,The First Harmful Event was Not a Collision with a Motor Vehicle in Transport,0,No,1,Non-Junction,1,Not an Intersection,0,None,,,1,On Roadway,3,Dark - Lighted,,,,,1,Clear,0,No,0000000,Not Applicable,99,Unknown,99,Unknown,99,Unknown EMS Scene Arrival Hour,99,Unknown EMS Scene Arrival Minutes,88,"Not Applicable (Not Transported) ",88,Not Applicable (Not Transported),,,,,,,1,
2021,4,40877,Arizona,5,5,0,0,0,7,7,19,PIMA (19),530,TUCSON,9,9,12,December,2021,5,Thursday,16,4:00pm-4:59pm,20,20,0,This section IS NOT on the NHS,2,Urban,4,Minor Arterial,4,City or Municipal Highway Agency,6,Local Street - Municipality,E 22ND ST,,19,19,32.20703333,32.20703333,-110.934925000,-110.934925000,0,No Special Jurisdiction,12,Motor Vehicle In-Transport,6,Angle,0,No,8,Driveway Access Related,1,Not an Intersection,0,None,,,1,On Roadway,1,Daylight,,,,,10,Cloudy,0,No,0000000,Not Applicable,99,Unknown,99,Unknown,99,Unknown EMS Scene Arrival Hour,99,Unknown EMS Scene Arrival Minutes,99,Unknown,99,Unknown EMS Hospital Arrival Time,,,,,,,1,
2021,4,40878,Arizona,2,2,0,0,0,2,2,13,MARICOPA (13),290,MESA,9,9,12,December,2021,5,Thursday,17,5:00pm-5:59pm,43,43,1,This section IS ON the NHS,2,Urban,2,Principal Arterial - Other Freeways and Expressways,1,State Highway Agency,3,State Highway,SR-101,,99998,Not Reported,33.37625833,33.37625833,-111.893175000,-111.893175000,0,No Special Jurisdiction,12,Motor Vehicle In-Transport,6,Angle,0,No,1,Non-Junction,1,Not an Intersection,0,None,,,1,On Roadway,3,Dark - Lighted,,,,,10,Cloudy,0,No,0000000,Not Applicable,17,5:00pm-5:59pm,34,34,17,5:00pm-5:59pm,53,53,88,"Not Applicable (Not Transported) ",88,Not Applicable (Not Transported),,,,,,,1,
2021,4,40879,Arizona,3,3,0,0,0,6,6,19,PIMA (19),530,TUCSON,9,9,12,December,2021,5,Thursday,19,7:00pm-7:59pm,0,0,1,This section IS ON the NHS,2,Urban,1,Interstate,1,State Highway Agency,1,Interstate,I-10,,2623,2623,32.18132222,32.18132222,-110.951958330,-110.951958330,0,No Special Jurisdiction,12,Motor Vehicle In-Transport,6,Angle,0,No,1,Non-Junction,1,Not an Intersection,0,None,,,1,On Roadway,3,Dark - Lighted,,,,,10,Cloudy,0,No,0000000,Not Applicable,18,6:00pm-6:59pm,59,59,19,7:00pm-7:59pm,6,6,99,Unknown,99,Unknown EMS Hospital Arrival Time,,,,,,,2,
2021,4,40880,Arizona,2,2,0,0,0,3,3,13,MARICOPA (13),60,BUCKEYE,10,10,12,December,2021,6,Friday,17,5:00pm-5:59pm,17,17,1,This section IS ON the NHS,2,Urban,3,Principal Arterial - Other,1,State Highway Agency,3,State Highway,SR-85 S OGLESBY RD,W SOUTHERN AVE,316,316,33.39218611,33.39218611,-112.625422220,-112.625422220,0,No Special Jurisdiction,12,Motor Vehicle In-Transport,6,Angle,0,No,2,Intersection,2,Four-Way Intersection,0,None,,,1,On Roadway,1,Daylight,,,,,1,Clear,0,No,0000000,Not Applicable,17,5:00pm-5:59pm,20,20,17,5:00pm-5:59pm,28,28,18,6:00pm-6:59pm,0,0,,,,,,,2,
2021,4,40881,Arizona,1,1,0,1,1,1,1,21,PINAL (21),22,APACHE JUNCTION,10,10,12,December,2021,6,Friday,18,6:00pm-6:59pm,11,11,0,This section IS NOT on the NHS,2,Urban,4,Minor Arterial,4,City or Municipal Highway Agency,6,Local Street - Municipality,W APACHE TRAIL,,9,9,33.41506944,33.41506944,-111.565191670,-111.565191670,0,No Special Jurisdiction,8,Pedestrian,0,The First Harmful Event was Not a Collision with a Motor Vehicle in Transport,0,No,1,Non-Junction,1,Not an Intersection,0,None,,,1,On Roadway,3,Dark - Lighted,,,,,1,Clear,0,No,0000000,Not Applicable,18,6:00pm-6:59pm,8,8,18,6:00pm-6:59pm,12,12,88,"Not Applicable (Not Transported) ",88,Not Applicable (Not Transported),,,,,,,1,
2021,4,40883,Arizona,1,1,0,0,0,1,1,19,PIMA (19),530,TUCSON,11,11,12,December,2021,7,Saturday,3,3:00am-3:59am,22,22,0,This section IS NOT on the NHS,2,Urban,3,Principal Arterial - Other,4,City or Municipal Highway Agency,6,Local Street - Municipality,N ALVERNON WY,E 22ND ST,188,188,32.20684444,32.20684444,-110.909433330,-110.909433330,0,No Special Jurisdiction,33,Curb,0,The First Harmful Event was Not a Collision with a Motor Vehicle in Transport,0,No,3,Intersection-Related,2,Four-Way Intersection,0,None,,,12,Pedestrian Refuge Island or Traffic Island,3,Dark - Lighted,,,,,1,Clear,0,No,0000000,Not Applicable,3,3:00am-3:59am,23,23,3,3:00am-3:59am,28,28,88,"Not Applicable (Not Transported) ",88,Not Applicable (Not Transported),,,,,,,1,
2021,4,40884,Arizona,1,1,0,1,1,1,1,13,MARICOPA (13),370,PHOENIX,11,11,12,December,2021,7,Saturday,3,3:00am-3:59am,50,50,0,This section IS NOT on the NHS,2,Urban,4,Minor Arterial,4,City or Municipal Highway Agency,6,Local Street - Municipality,E THOMAS RD,,722,722,33.48053056,33.48053056,-112.010233330,-112.010233330,0,No Special Jurisdiction,8,Pedestrian,0,The First Harmful Event was Not a Collision with a Motor Vehicle in Transport,0,No,1,Non-Junction,1,Not an Intersection,0,None,,,1,On Roadway,3,Dark - Lighted,,,,,1,Clear,0,No,0000000,Not Applicable,99,Unknown,99,Unknown,99,Unknown EMS Scene Arrival Hour,99,Unknown EMS Scene Arrival Minutes,99,Unknown,99,Unknown EMS Hospital Arrival Time,,,,,,,1,
2021,4,40885,Arizona,2,2,0,0,0,4,4,13,MARICOPA (13),370,PHOENIX,11,11,12,December,2021,7,Saturday,20,8:00pm-8:59pm,24,24,0,This section IS NOT on the NHS,2,Urban,4,Minor Arterial,4,City or Municipal Highway Agency,6,Local Street - Municipality,N CENTRAL AVE,W CAMELBACK RD,154,154,33.50932222,33.50932222,-112.073763890,-112.073763890,0,No Special Jurisdiction,12,Motor Vehicle In-Transport,2,Front-to-Front,0,No,2,Intersection,2,Four-Way Intersection,0,None,,,1,On Roadway,3,Dark - Lighted,,,,,1,Clear,0,No,0000000,Not Applicable,99,Unknown,99,Unknown,99,Unknown EMS Scene Arrival Hour,99,Unknown EMS Scene Arrival Minutes,99,Unknown,99,Unknown EMS Hospital Arrival Time,,,,,,,1,
2021,4,40886,Arizona,1,1,0,0,0,3,3,19,PIMA (19),0,NOT APPLICABLE,12,12,12,December,2021,1,Sunday,5,5:00am-5:59am,2,2,1,This section IS ON the NHS,1,Rural,1,Interstate,1,State Highway Agency,1,Interstate,I-19,,526,526,32.04534722,32.04534722,-110.992327780,-110.992327780,0,No Special Jurisdiction,42,Tree (Standing Only),0,The First Harmful Event was Not a Collision with a Motor Vehicle in Transport,0,No,1,Non-Junction,1,Not an Intersection,0,None,,,4,On Roadside,2,Dark - Not Lighted,,,,,1,Clear,0,No,0000000,Not Applicable,5,5:00am-5:59am,13,13,5,5:00am-5:59am,30,30,99,Unknown,99,Unknown EMS Hospital Arrival Time,,,,,,,1,
2021,4,40887,Arizona,2,2,0,0,0,4,4,5,COCONINO (5),0,NOT APPLICABLE,12,12,12,December,2021,1,Sunday,15,3:00pm-3:59pm,3,3,1,This section IS ON the NHS,1,Rural,1,Interstate,1,State Highway Agency,1,Interstate,I-40,,2281,2281,35.11842222,35.11842222,-111.130900000,-111.130900000,0,No Special Jurisdiction,12,Motor Vehicle In-Transport,7,Sideswipe - Same Direction,0,No,1,Non-Junction,1,Not an Intersection,0,None,,,1,On Roadway,1,Daylight,,,,,1,Clear,0,No,0000000,Not Applicable,15,3:00pm-3:59pm,4,4,15,3:00pm-3:59pm,35,35,99,Unknown,99,Unknown EMS Hospital Arrival Time,,,,,,,1,
2021,4,40888,Arizona,1,1,0,1,1,3,3,13,MARICOPA (13),370,PHOENIX,12,12,12,December,2021,1,Sunday,18,6:00pm-6:59pm,13,13,1,This section IS ON the NHS,2,Urban,3,Principal Arterial - Other,4,City or Municipal Highway Agency,6,Local Street - Municipality,E BELL RD,,362,362,33.64045833,33.64045833,-112.062325000,-112.062325000,0,No Special Jurisdiction,8,Pedestrian,0,The First Harmful Event was Not a Collision with a Motor Vehicle in Transport,0,No,1,Non-Junction,1,Not an Intersection,0,None,,,1,On Roadway,3,Dark - Lighted,,,,,1,Clear,0,No,0000000,Not Applicable,99,Unknown,99,Unknown,99,Unknown EMS Scene Arrival Hour,99,Unknown EMS Scene Arrival Minutes,99,Unknown,99,Unknown EMS Hospital Arrival Time,,,,,,,1,
2021,4,40889,Arizona,1,1,0,1,1,2,2,13,MARICOPA (13),290,MESA,13,13,12,December,2021,2,Monday,21,9:00pm-9:59pm,35,35,0,This section IS NOT on the NHS,2,Urban,6,Minor Collector,4,City or Municipal Highway Agency,6,Local Street - Municipality,HOBSON RD,,12,12,33.39613889,33.39613889,-111.818611110,-111.818611110,0,No Special Jurisdiction,8,Pedestrian,0,The First Harmful Event was Not a Collision with a Motor Vehicle in Transport,0,No,1,Non-Junction,1,Not an Intersection,0,None,,,1,On Roadway,2,Dark - Not Lighted,,,,,10,Cloudy,0,No,0000000,Not Applicable,21,9:00pm-9:59pm,35,35,21,9:00pm-9:59pm,40,40,21,9:00pm-9:59pm,50,50,,,,,,,1,
2021,4,40890,Arizona,1,1,0,0,0,1,1,5,COCONINO (5),0,NOT APPLICABLE,15,15,12,December,2021,4,Wednesday,4,4:00am-4:59am,50,50,0,This section IS NOT on the NHS,1,Rural,4,Minor Arterial,50,Indian Tribe Nation,8,Other,INDIAN ROUTE 20,,1057,1057,36.32241389,36.32241389,-111.432736110,-111.432736110,3,Indian Reservation,1,Rollover/Overturn,0,The First Harmful Event was Not a Collision with a Motor Vehicle in Transport,0,No,1,Non-Junction,1,Not an Intersection,0,None,,,4,On Roadside,2,Dark - Not Lighted,,,,,2,Rain,0,No,0000000,Not Applicable,5,5:00am-5:59am,26,26,5,5:00am-5:59am,43,43,88,"Not Applicable (Not Transported) ",88,Not Applicable (Not Transported),,,,,,,1,
2021,4,40891,Arizona,2,2,0,0,0,2,2,5,COCONINO (5),0,NOT APPLICABLE,15,15,12,December,2021,4,Wednesday,9,9:00am-9:59am,16,16,1,This section IS ON the NHS,1,Rural,1,Interstate,1,State Highway Agency,1,Interstate,I-40,,2305,2305,35.11672778,35.11672778,-111.106994440,-111.106994440,0,No Special Jurisdiction,12,Motor Vehicle In-Transport,1,Front-to-Rear,0,No,1,Non-Junction,1,Not an Intersection,0,None,,,1,On Roadway,1,Daylight,,,,,10,Cloudy,0,No,0000000,Not Applicable,9,9:00am-9:59am,20,20,9,9:00am-9:59am,40,40,10,10:00am-10:59am,20,20,,,,,,,1,
2021,4,40892,Arizona,1,1,0,1,1,1,1,19,PIMA (19),530,TUCSON,15,15,12,December,2021,4,Wednesday,17,5:00pm-5:59pm,57,57,0,This section IS NOT on the NHS,2,Urban,4,Minor Arterial,4,City or Municipal Highway Agency,6,Local Street - Municipality,S ALVERNON WAY,,151,151,32.15404167,32.15404167,-110.909400000,-110.909400000,0,No Special Jurisdiction,8,Pedestrian,0,The First Harmful Event was Not a Collision with a Motor Vehicle in Transport,0,No,1,Non-Junction,1,Not an Intersection,0,None,,,1,On Roadway,3,Dark - Lighted,,,,,1,Clear,0,No,0000000,Not Applicable,17,5:00pm-5:59pm,57,57,18,6:00pm-6:59pm,0,0,18,6:00pm-6:59pm,20,20,,,,,,,1,