caseyear,state,st_case,statename,ve_total,ve_forms,pvh_invl,peds,pernotmvit,permvit,persons,county,countyname,city,cityname,day,dayname,month,monthname,year,day_week,day_weekname,hour,hourname,minute,minutename,nhs,nhsname,rur_urb,rur_urbname,func_sys,func_sysname,rd_owner,rd_ownername,route,routename,tway_id,tway_id2,milept,mileptname,latitude,latitudename,longitud,longitudname,sp_jur,sp_jurname,harm_ev,harm_evname,man_coll,man_collname,reljct1,reljct1name,reljct2,reljct2name,typ_int,typ_intname,wrk_zone,wrk_zonename,road_fnc,road_fncname,rel_road,rel_roadname,lgt_cond,lgt_condname,weather1,weather1name,weather2,weather2name,weather,weathername,sch_bus,sch_busname,rail,railname,not_hour,not_hourname,not_min,not_minname,arr_hour,arr_hourname,arr_min,arr_minname,hosp_hr,hosp_hrname,hosp_mn,hosp_mnname,cf1,cf1name,cf2,cf2name,cf3,cf3name,fatals,drunk_dr
2021,4,40893,Arizona,1,1,0,0,0,3,3,17,NAVAJO (17),0,NOT APPLICABLE,15,15,12,December,2021,4,Wednesday,23,11:00pm-11:59pm,44,44,1,This section IS ON the NHS,1,Rural,3,Principal Arterial - Other,1,State Highway Agency,3,State Highway,SR-260,,1387,1387,34.36538889,34.36538889,-110.356477780,-110.356477780,0,No Special Jurisdiction,11,Live Animal,0,The First Harmful Event was Not a Collision with a Motor Vehicle in Transport,0,No,1,Non-Junction,1,Not an Intersection,0,None,,,1,On Roadway,2,Dark - Not Lighted,,,,,1,Clear,0,No,0000000,Not Applicable,23,11:00pm-11:59pm,46,46,0,0:00am-0:59am,1,1,99,Unknown,99,Unknown EMS Hospital Arrival Time,,,,,,,1,
2021,4,40894,Arizona,4,4,0,0,0,6,6,13,MARICOPA (13),370,PHOENIX,20,20,6,June,2021,1,Sunday,22,10:00pm-10:59pm,5,5,0,This section IS NOT on the NHS,2,Urban,4,Minor Arterial,4,City or Municipal Highway Agency,6,Local Street - Municipality,N 67TH AVE,,119,119,33.48945833,33.48945833,-112.203308330,-112.203308330,0,No Special Jurisdiction,12,Motor Vehicle In-Transport,1,Front-to-Rear,0,No,1,Non-Junction,1,Not an Intersection,0,None,,,1,On Roadway,3,Dark - Lighted,,,,,1,Clear,0,No,0000000,Not Applicable,99,Unknown,99,Unknown,99,Unknown EMS Scene Arrival Hour,99,Unknown EMS Scene Arrival Minutes,99,Unknown,99,Unknown EMS Hospital Arrival Time,,,,,,,1,
2021,4,40895,Arizona,1,1,0,1,1,1,1,13,MARICOPA (13),266,LAVEEN,16,16,7,July,2021,6,Friday,8,8:00am-8:59am,56,56,1,This section IS ON the NHS,2,Urban,3,Principal Arterial - Other,4,City or Municipal Highway Agency,6,Local Street - Municipality,S 51ST AVE,,87,87,33.39641389,33.39641389,-112.168211110,-112.168211110,0,No Special Jurisdiction,8,Pedestrian,0,The First Harmful Event was Not a Collision with a Motor Vehicle in Transport,0,No,1,Non-Junction,1,Not an Intersection,0,None,,,4,On Roadside,1,Daylight,,,,,1,Clear,0,No,0000000,Not Applicable,99,Unknown,99,Unknown,99,Unknown EMS Scene Arrival Hour,99,Unknown EMS Scene Arrival Minutes,88,"Not Applicable (Not Transported) ",88,Not Applicable (Not Transported),,,,,,,1,
2021,4,40896,Arizona,1,1,0,0,0,4,4,13,MARICOPA (13),420,SCOTTSDALE,16,16,7,July,2021,6,Friday,19,7:00pm-7:59pm,40,40,0,This section IS NOT on the NHS,9,Unknown,99,Unknown,99,Unknown,9,Unknown,HORSESHOE DAM RD,,99999,Unknown,99.99990000,99.99990000,999.999900000,999.999900000,0,No Special Jurisdiction,1,Rollover/Overturn,0,The First Harmful Event was Not a Collision with a Motor Vehicle in Transport,0,No,1,Non-Junction,1,Not an Intersection,0,None,,,4,On Roadside,2,Dark - Not Lighted,,,,,2,Rain,0,No,0000000,Not Applicable,19,7:00pm-7:59pm,40,40,20,8:00pm-8:59pm,0,0,21,9:00pm-9:59pm,0,0,,,,,,,1,
2021,4,40897,Arizona,1,1,0,0,0,1,1,7,GILA (7),365,PAYSON,29,29,7,July,2021,5,Thursday,7,7:00am-7:59am,46,46,0,This section IS NOT on the NHS,1,Rural,6,Minor Collector,11,"State Park, Forest, or Reservation Agency",5,Local Street - Township,FS 64 RD,,41,41,34.37230833,34.37230833,-111.368566670,-111.368566670,0,No Special Jurisdiction,41,Shrubbery,0,The First Harmful Event was Not a Collision with a Motor Vehicle in Transport,0,No,1,Non-Junction,1,Not an Intersection,0,None,,,4,On Roadside,9,Reported as Unknown,,,,,99,Reported as Unknown,0,No,0000000,Not Applicable,99,Unknown,99,Unknown,99,Unknown EMS Scene Arrival Hour,99,Unknown EMS Scene Arrival Minutes,88,"Not Applicable (Not Transported) ",88,Not Applicable (Not Transported),,,,,,,1,
2021,4,40898,Arizona,1,1,0,1,1,1,1,21,PINAL (21),0,NOT APPLICABLE,31,31,7,July,2021,7,Saturday,21,9:00pm-9:59pm,35,35,0,This section IS NOT on the NHS,1,Rural,4,Minor Arterial,2,County Highway Agency,6,Local Street - Municipality,IRONWOOD DR,,45,45,33.31478333,33.31478333,-111.563480560,-111.563480560,0,No Special Jurisdiction,8,Pedestrian,0,The First Harmful Event was Not a Collision with a Motor Vehicle in Transport,0,No,1,Non-Junction,1,Not an Intersection,0,None,,,1,On Roadway,2,Dark - Not Lighted,,,,,1,Clear,0,No,0000000,Not Applicable,21,9:00pm-9:59pm,44,44,21,9:00pm-9:59pm,56,56,99,Unknown,99,Unknown EMS Hospital Arrival Time,,,,,,,1,
2021,4,40899,Arizona,1,1,0,1,1,1,1,5,COCONINO (5),428,SEDONA,25,25,8,August,2021,4,Wednesday,5,5:00am-5:59am,31,31,0,This section IS NOT on the NHS,1,Rural,4,Minor Arterial,1,State Highway Agency,3,State Highway,SR-89,,780,780,34.88079722,34.88079722,-111.748241670,-111.748241670,0,No Special Jurisdiction,8,Pedestrian,0,The First Harmful Event was Not a Collision with a Motor Vehicle in Transport,0,No,1,Non-Junction,1,Not an Intersection,0,None,,,1,On Roadway,4,Dawn,,,,,1,Clear,0,No,0000000,Not Applicable,5,5:00am-5:59am,24,24,5,5:00am-5:59am,31,31,88,"Not Applicable (Not Transported) ",88,Not Applicable (Not Transported),,,,,,,1,
2021,4,40900,Arizona,1,1,0,1,1,1,1,13,MARICOPA (13),490,TEMPE,16,16,10,October,2021,7,Saturday,21,9:00pm-9:59pm,43,43,0,This section IS NOT on the NHS,2,Urban,4,Minor Arterial,4,City or Municipal Highway Agency,6,Local Street - Municipality,W BROADWAY RD,,546,546,33.40730833,33.40730833,-111.946686110,-111.946686110,0,No Special Jurisdiction,8,Pedestrian,0,The First Harmful Event was Not a Collision with a Motor Vehicle in Transport,0,No,1,Non-Junction,1,Not an Intersection,0,None,,,1,On Roadway,3,Dark - Lighted,,,,,1,Clear,0,No,0000000,Not Applicable,21,9:00pm-9:59pm,43,43,21,9:00pm-9:59pm,47,47,22,10:00pm-10:59pm,4,4,,,,,,,1,
2021,4,40901,Arizona,2,2,0,0,0,4,4,13,MARICOPA (13),60,BUCKEYE,22,22,10,October,2021,6,Friday,17,5:00pm-5:59pm,15,15,0,This section IS NOT on the NHS,9,Unknown,99,Unknown,99,Unknown,9,Unknown,W SOUTHERN AVE,,0,None,33.39207778,33.39207778,-112.476655560,-112.476655560,0,No Special Jurisdiction,12,Motor Vehicle In-Transport,6,Angle,0,No,1,Non-Junction,1,Not an Intersection,0,None,,,1,On Roadway,1,Daylight,,,,,1,Clear,0,No,0000000,Not Applicable,17,5:00pm-5:59pm,16,16,17,5:00pm-5:59pm,20,20,88,"Not Applicable (Not Transported) ",88,Not Applicable (Not Transported),,,,,,,1,
2021,4,40902,Arizona,1,1,0,1,1,1,1,19,PIMA (19),0,NOT APPLICABLE,16,16,12,December,2021,5,Thursday,4,4:00am-4:59am,39,39,0,This section IS NOT on the NHS,2,Urban,4,Minor Arterial,1,State Highway Agency,3,State Highway,SR-86 W AJO HWY,,1126,1126,32.17109722,32.17109722,-111.071925000,-111.071925000,0,No Special Jurisdiction,8,Pedestrian,0,The First Harmful Event was Not a Collision with a Motor Vehicle in Transport,0,No,1,Non-Junction,1,Not an Intersection,0,None,,,1,On Roadway,2,Dark - Not Lighted,,,,,1,Clear,0,No,0000000,Not Applicable,4,4:00am-4:59am,39,39,4,4:00am-4:59am,40,40,88,"Not Applicable (Not Transported) ",88,Not Applicable (Not Transported),,,,,,,1,
2021,4,40903,Arizona,2,1,1,1,1,1,1,13,MARICOPA (13),486,SURPRISE,16,16,12,December,2021,5,Thursday,8,8:00am-8:59am,6,6,0,This section IS NOT on the NHS,2,Urban,5,Major Collector,4,City or Municipal Highway Agency,6,Local Street - Municipality,W MOUNTAIN VIEW BLVD,,30,30,33.65536111,33.65536111,-112.380083330,-112.380083330,0,No Special Jurisdiction,18,Other Object (not fixed),0,The First Harmful Event was Not a Collision with a Motor Vehicle in Transport,0,No,1,Non-Junction,1,Not an Intersection,2,Maintenance,,,5,Outside Trafficway,4,Dawn,,,,,1,Clear,0,No,0000000,Not Applicable,8,8:00am-8:59am,6,6,8,8:00am-8:59am,17,17,8,8:00am-8:59am,31,31,,,,,,,1,
2021,4,40904,Arizona,2,2,0,0,0,5,5,17,NAVAJO (17),0,NOT APPLICABLE,16,16,12,December,2021,5,Thursday,22,10:00pm-10:59pm,0,0,0,This section IS NOT on the NHS,1,Rural,5,Major Collector,1,State Highway Agency,3,State Highway,SR-377 HEBER RD,,85,85,34.57106944,34.57106944,-110.413433330,-110.413433330,0,No Special Jurisdiction,12,Motor Vehicle In-Transport,2,Front-to-Front,0,No,1,Non-Junction,1,Not an Intersection,0,None,,,1,On Roadway,2,Dark - Not Lighted,,,,,1,Clear,0,No,0000000,Not Applicable,22,10:00pm-10:59pm,5,5,22,10:00pm-10:59pm,29,29,0,0:00am-0:59am,20,20,,,,,,,3,
2021,4,40905,Arizona,2,2,0,0,0,4,4,25,YAVAPAI (25),0,NOT APPLICABLE,17,17,12,December,2021,6,Friday,6,6:00am-6:59am,39,39,1,This section IS ON the NHS,1,Rural,1,Interstate,1,State Highway Agency,1,Interstate,I-40,,1344,1344,35.24594167,35.24594167,-112.679661110,-112.679661110,0,No Special Jurisdiction,12,Motor Vehicle In-Transport,2,Front-to-Front,0,No,1,Non-Junction,1,Not an Intersection,0,None,,,1,On Roadway,2,Dark - Not Lighted,,,,,1,Clear,0,No,0000000,Not Applicable,6,6:00am-6:59am,44,44,7,7:00am-7:59am,33,33,99,Unknown,99,Unknown EMS Hospital Arrival Time,,,,,,,1,
2021,4,40906,Arizona,1,1,0,0,0,1,1,3,COCHISE (3),0,NOT APPLICABLE,18,18,12,December,2021,7,Saturday,7,7:00am-7:59am,34,34,1,This section IS ON the NHS,1,Rural,1,Interstate,1,State Highway Agency,1,Interstate,I-10,,2970,2970,31.96319444,31.96319444,-110.430208330,-110.430208330,0,No Special Jurisdiction,41,Shrubbery,0,The First Harmful Event was Not a Collision with a Motor Vehicle in Transport,0,No,1,Non-Junction,1,Not an Intersection,0,None,,,4,On Roadside,1,Daylight,,,,,1,Clear,0,No,0000000,Not Applicable,7,7:00am-7:59am,35,35,7,7:00am-7:59am,45,45,88,"Not Applicable (Not Transported) ",88,Not Applicable (Not Transported),,,,,,,1,
2021,4,40907,Arizona,2,2,0,0,0,2,2,13,MARICOPA (13),370,PHOENIX,19,19,12,December,2021,1,Sunday,0,0:00am-0:59am,13,13,1,This section IS ON the NHS,2,Urban,2,Principal Arterial - Other Freeways and Expressways,1,State Highway Agency,3,State Highway,SR-101,,40,40,33.49993333,33.49993333,-112.266705560,-112.266705560,0,No Special Jurisdiction,12,Motor Vehicle In-Transport,1,Front-to-Rear,0,No,1,Non-Junction,1,Not an Intersection,0,None,,,1,On Roadway,3,Dark - Lighted,,,,,1,Clear,0,No,0000000,Not Applicable,0,0:00am-0:59am,18,18,0,0:00am-0:59am,26,26,88,"Not Applicable (Not Transported) ",88,Not Applicable (Not Transported),,,,,,,1,
2021,4,40908,Arizona,1,1,0,0,0,1,1,3,COCHISE (3),0,NOT APPLICABLE,19,19,12,December,2021,1,Sunday,10,10:00am-10:59am,42,42,1,This section IS ON the NHS,1,Rural,1,Interstate,1,State Highway Agency,1,Interstate,I-10,,3189,3189,32.04215000,32.04215000,-110.093791670,-110.093791670,0,No Special Jurisdiction,17,Boulder,0,The First Harmful Event was Not a Collision with a Motor Vehicle in Transport,1,Yes,19,Other location within Interchange Area,1,Not an Intersection,0,None,,,3,On Median,1,Daylight,,,,,1,Clear,0,No,0000000,Not Applicable,10,10:00am-10:59am,43,43,11,11:00am-11:59am,0,0,88,"Not Applicable (Not Transported) ",88,Not Applicable (Not Transported),,,,,,,1,
2021,4,40909,Arizona,1,1,0,1,1,1,1,13,MARICOPA (13),200,GLENDALE,19,19,12,December,2021,1,Sunday,18,6:00pm-6:59pm,51,51,0,This section IS NOT on the NHS,2,Urban,5,Major Collector,2,County Highway Agency,8,Other,W NORTHERN AVE,,340,340,33.55153333,33.55153333,-112.384775000,-112.384775000,0,No Special Jurisdiction,9,Pedalcyclist,0,The First Harmful Event was Not a Collision with a Motor Vehicle in Transport,0,No,1,Non-Junction,1,Not an Intersection,0,None,,,1,On Roadway,3,Dark - Lighted,,,,,1,Clear,0,No,0000000,Not Applicable,18,6:00pm-6:59pm,51,51,19,7:00pm-7:59pm,0,0,88,"Not Applicable (Not Transported) ",88,Not Applicable (Not Transported),,,,,,,1,
2021,4,40910,Arizona,2,2,0,0,0,2,2,19,PIMA (19),530,TUCSON,20,20,12,December,2021,2,Monday,10,10:00am-10:59am,39,39,0,This section IS NOT on the NHS,2,Urban,3,Principal Arterial - Other,4,City or Municipal Highway Agency,6,Local Street - Municipality,E GOLF LINKS RD,PANTANO PKWY S,65,65,32.19172222,32.19172222,-110.808922220,-110.808922220,0,No Special Jurisdiction,12,Motor Vehicle In-Transport,6,Angle,0,No,2,Intersection,2,Four-Way Intersection,0,None,,,1,On Roadway,1,Daylight,,,,,1,Clear,0,No,0000000,Not Applicable,99,Unknown,99,Unknown,99,Unknown EMS Scene Arrival Hour,99,Unknown EMS Scene Arrival Minutes,99,Unknown,99,Unknown EMS Hospital Arrival Time,,,,,,,1,
2021,4,40911,Arizona,1,1,0,0,0,1,1,19,PIMA (19),0,NOT APPLICABLE,20,20,12,December,2021,2,Monday,13,1:00pm-1:59pm,53,53,0,This section IS NOT on the NHS,1,Rural,4,Minor Arterial,1,State Highway Agency,3,State Highway,SR-86 W AJO HWY,,1016,1016,32.10456389,32.10456389,-111.243713890,-111.243713890,0,No Special Jurisdiction,41,Shrubbery,0,The First Harmful Event was Not a Collision with a Motor Vehicle in Transport,0,No,1,Non-Junction,1,Not an Intersection,0,None,,,4,On Roadside,1,Daylight,,,,,1,Clear,0,No,0000000,Not Applicable,13,1:00pm-1:59pm,53,53,14,2:00pm-2:59pm,5,5,88,"Not Applicable (Not Transported) ",88,Not Applicable (Not Transported),,,,,,,1,
2021,4,40912,Arizona,1,1,0,1,1,1,1,19,PIMA (19),530,TUCSON,21,21,12,December,2021,3,Tuesday,6,6:00am-6:59am,8,8,0,This section IS NOT on the NHS,2,Urban,4,Minor Arterial,4,City or Municipal Highway Agency,6,Local Street - Municipality,N WILMOT RD,E SPEEDWAY BLVD,99999,Unknown,32.23606389,32.23606389,-110.858075000,-110.858075000,0,No Special Jurisdiction,8,Pedestrian,0,The First Harmful Event was Not a Collision with a Motor Vehicle in Transport,0,No,3,Intersection-Related,2,Four-Way Intersection,0,None,,,1,On Roadway,4,Dawn,,,,,1,Clear,0,No,0000000,Not Applicable,6,6:00am-6:59am,8,8,6,6:00am-6:59am,22,22,6,6:00am-6:59am,27,27,,,,,,,1,
2021,4,40913,Arizona,1,1,0,1,1,1,1,13,MARICOPA (13),370,PHOENIX,21,21,12,December,2021,3,Tuesday,18,6:00pm-6:59pm,51,51,1,This section IS ON the NHS,2,Urban,3,Principal Arterial - Other,4,City or Municipal Highway Agency,6,Local Street - Municipality,S 7TH ST,E JONES AVE,75,75,33.41044722,33.41044722,-112.064691670,-112.064691670,0,No Special Jurisdiction,8,Pedestrian,0,The First Harmful Event was Not a Collision with a Motor Vehicle in Transport,0,No,3,Intersection-Related,98,Not Reported,0,None,,,1,On Roadway,3,Dark - Lighted,,,,,1,Clear,0,No,0000000,Not Applicable,99,Unknown,99,Unknown,99,Unknown EMS Scene Arrival Hour,99,Unknown EMS Scene Arrival Minutes,88,"Not Applicable (Not Transported) ",88,Not Applicable (Not Transported),,,,,,,1,
2021,4,40914,Arizona,1,1,0,1,1,1,1,13,MARICOPA (13),290,MESA,22,22,12,December,2021,4,Wednesday,21,9:00pm-9:59pm,25,25,1,This section IS ON the NHS,2,Urban,3,Principal Arterial - Other,1,State Highway Agency,3,State Highway,SR-87 N COUNTRY CLUB DR,W 6TH ST,596,596,33.42595833,33.42595833,-111.839922220,-111.839922220,0,No Special Jurisdiction,8,Pedestrian,0,The First Harmful Event was Not a Collision with a Motor Vehicle in Transport,0,No,3,Intersection-Related,2,Four-Way Intersection,0,None,,,1,On Roadway,3,Dark - Lighted,,,,,1,Clear,0,No,0000000,Not Applicable,21,9:00pm-9:59pm,26,26,21,9:00pm-9:59pm,30,30,21,9:00pm-9:59pm,57,57,,,,,,,1,
2021,4,40915,Arizona,2,2,0,0,0,2,2,13,MARICOPA (13),370,PHOENIX,23,23,12,December,2021,5,Thursday,1,1:00am-1:59am,33,33,1,This section IS ON the NHS,2,Urban,1,Interstate,1,State Highway Agency,1,Interstate,I-10,,1427,1427,33.46205556,33.46205556,-112.116419440,-112.116419440,0,No Special Jurisdiction,12,Motor Vehicle In-Transport,2,Front-to-Front,1,Yes,18,Through Roadway,1,Not an Intersection,0,None,,,1,On Roadway,3,Dark - Lighted,,,,,1,Clear,0,No,0000000,Not Applicable,1,1:00am-1:59am,35,35,1,1:00am-1:59am,50,50,99,Unknown,99,Unknown EMS Hospital Arrival Time,,,,,,,1,
2021,4,40916,Arizona,2,2,0,0,0,4,4,13,MARICOPA (13),370,PHOENIX,23,23,12,December,2021,5,Thursday,13,1:00pm-1:59pm,57,57,0,This section IS NOT on the NHS,2,Urban,4,Minor Arterial,4,City or Municipal Highway Agency,6,Local Street - Municipality,W BUCKEYE RD,S 27TH AVE,648,648,33.43685000,33.43685000,-112.117280560,-112.117280560,0,No Special Jurisdiction,12,Motor Vehicle In-Transport,6,Angle,0,No,2,Intersection,2,Four-Way Intersection,0,None,,,1,On Roadway,1,Daylight,,,,,1,Clear,0,No,0000000,Not Applicable,99,Unknown,99,Unknown,99,Unknown EMS Scene Arrival Hour,99,Unknown EMS Scene Arrival Minutes,99,Unknown,99,Unknown EMS Hospital Arrival Time,,,,,,,1,
2021,4,40917,Arizona,2,2,0,0,0,2,2,19,PIMA (19),530,TUCSON,23,23,12,December,2021,5,Thursday,15,3:00pm-3:59pm,19,19,0,This section IS NOT on the NHS,1,Rural,4,Minor Arterial,1,State Highway Agency,3,State Highway,SR-86 AJO WAY,,1001,1001,32.09474167,32.09474167,-111.268122220,-111.268122220,0,No Special Jurisdiction,12,Motor Vehicle In-Transport,2,Front-to-Front,0,No,1,Non-Junction,1,Not an Intersection,0,None,,,1,On Roadway,1,Daylight,,,,,1,Clear,0,No,0000000,Not Applicable,15,3:00pm-3:59pm,21,21,15,3:00pm-3:59pm,29,29,99,Unknown,99,Unknown EMS Hospital Arrival Time,,,,,,,1,
2021,4,40918,Arizona,3,3,0,0,0,3,3,13,MARICOPA (13),370,PHOENIX,23,23,12,December,2021,5,Thursday,21,9:00pm-9:59pm,43,43,0,This section IS NOT on the NHS,2,Urban,4,Minor Arterial,4,City or Municipal Highway Agency,6,Local Street - Municipality,S 43RD AVE,W BUCKEYE RD,88,88,33.43697500,33.43697500,-112.151969440,-112.151969440,0,No Special Jurisdiction,12,Motor Vehicle In-Transport,6,Angle,0,No,2,Intersection,2,Four-Way Intersection,0,None,,,1,On Roadway,3,Dark - Lighted,,,,,1,Clear,0,No,0000000,Not Applicable,99,Unknown,99,Unknown,99,Unknown EMS Scene Arrival Hour,99,Unknown EMS Scene Arrival Minutes,99,Unknown,99,Unknown EMS Hospital Arrival Time,,,,,,,1,
2021,4,40919,Arizona,2,2,0,0,0,2,2,13,MARICOPA (13),370,PHOENIX,23,23,12,December,2021,5,Thursday,23,11:00pm-11:59pm,9,9,0,This section IS NOT on the NHS,2,Urban,4,Minor Arterial,4,City or Municipal Highway Agency,6,Local Street - Municipality,W THOMAS RD,N 71ST ST,606,606,33.48019444,33.48019444,-112.211969440,-112.211969440,0,No Special Jurisdiction,12,Motor Vehicle In-Transport,6,Angle,0,No,2,Intersection,2,Four-Way Intersection,0,None,,,1,On Roadway,3,Dark - Lighted,,,,,10,Cloudy,0,No,0000000,Not Applicable,99,Unknown,99,Unknown,99,Unknown EMS Scene Arrival Hour,99,Unknown EMS Scene Arrival Minutes,99,Unknown,99,Unknown EMS Hospital Arrival Time,,,,,,,1,
2021,4,40920,Arizona,3,3,0,0,0,12,12,15,MOHAVE (15),269,LITTLEFIELD,23,23,12,December,2021,5,Thursday,23,11:00pm-11:59pm,31,31,1,This section IS ON the NHS,1,Rural,1,Interstate,1,State Highway Agency,1,Interstate,I-15,,148,148,36.91765833,36.91765833,-113.833952780,-113.833952780,0,No Special Jurisdiction,25,Concrete Traffic Barrier,0,The First Harmful Event was Not a Collision with a Motor Vehicle in Transport,0,No,1,Non-Junction,1,Not an Intersection,0,None,,,4,On Roadside,2,Dark - Not Lighted,,,,,2,Rain,0,No,0000000,Not Applicable,23,11:00pm-11:59pm,42,42,23,11:00pm-11:59pm,5,5,88,"Not Applicable (Not Transported) ",88,Not Applicable (Not Transported),,,,,,,1,
2021,4,40921,Arizona,2,2,0,0,0,3,3,13,MARICOPA (13),0,NOT APPLICABLE,24,24,12,December,2021,6,Friday,11,11:00am-11:59am,7,7,1,This section IS ON the NHS,1,Rural,3,Principal Arterial - Other,1,State Highway Agency,2,U.S. Highway,US-60,,856,856,33.90649167,33.90649167,-112.673355560,-112.673355560,0,No Special Jurisdiction,12,Motor Vehicle In-Transport,6,Angle,0,No,1,Non-Junction,1,Not an Intersection,0,None,,,1,On Roadway,1,Daylight,,,,,2,Rain,0,No,0000000,Not Applicable,11,11:00am-11:59am,16,16,11,11:00am-11:59am,35,35,99,Unknown,99,Unknown EMS Hospital Arrival Time,,,,,,,1,
2021,4,40922,Arizona,2,2,0,0,0,2,2,13,MARICOPA (13),420,SCOTTSDALE,24,24,12,December,2021,6,Friday,18,6:00pm-6:59pm,27,27,0,This section IS NOT on the NHS,2,Urban,4,Minor Arterial,4,City or Municipal Highway Agency,6,Local Street - Municipality,N HAYDEN RD,E INDIAN SCHOOL RD,29,29,33.49411389,33.49411389,-111.908808330,-111.908808330,0,No Special Jurisdiction,12,Motor Vehicle In-Transport,1,Front-to-Rear,0,No,3,Intersection-Related,2,Four-Way Intersection,0,None,,,1,On Roadway,3,Dark - Lighted,,,,,2,Rain,0,No,0000000,Not Applicable,18,6:00pm-6:59pm,27,27,18,6:00pm-6:59pm,33,33,18,6:00pm-6:59pm,44,44,,,,,,,1,
2021,4,40923,Arizona,2,2,0,0,0,4,4,13,MARICOPA (13),370,PHOENIX,24,24,12,December,2021,6,Friday,19,7:00pm-7:59pm,24,24,1,This section IS ON the NHS,2,Urban,2,Principal Arterial - Other Freeways and Expressways,1,State Highway Agency,3,State Highway,SR-51,,148,148,33.65046389,33.65046389,-112.000488890,-112.000488890,0,No Special Jurisdiction,12,Motor Vehicle In-Transport,6,Angle,1,Yes,18,Through Roadway,1,Not an Intersection,0,None,,,1,On Roadway,3,Dark - Lighted,,,,,2,Rain,0,No,0000000,Not Applicable,19,7:00pm-7:59pm,30,30,19,7:00pm-7:59pm,35,35,99,Unknown,99,Unknown EMS Hospital Arrival Time,,,,,,,1,
2021,4,40924,Arizona,1,1,0,1,1,1,1,5,COCONINO (5),0,NOT APPLICABLE,25,25,12,December,2021,7,Saturday,18,6:00pm-6:59pm,32,32,1,This section IS ON the NHS,1,Rural,3,Principal Arterial - Other,1,State Highway Agency,2,U.S. Highway,US-89,,83,83,35.32574167,35.32574167,-111.544022220,-111.544022220,0,No Special Jurisdiction,8,Pedestrian,0,The First Harmful Event was Not a Collision with a Motor Vehicle in Transport,0,No,1,Non-Junction,1,Not an Intersection,0,None,,,1,On Roadway,3,Dark - Lighted,,,,,1,Clear,0,No,0000000,Not Applicable,18,6:00pm-6:59pm,29,29,18,6:00pm-6:59pm,40,40,88,"Not Applicable (Not Transported) ",88,Not Applicable (Not Transported),,,,,,,1,
2021,4,40925,Arizona,1,1,0,1,1,2,2,25,YAVAPAI (25),373,PRESCOTT VALLEY,25,25,12,December,2021,7,Saturday,22,10:00pm-10:59pm,41,41,0,This section IS NOT on the NHS,2,Urban,4,Minor Arterial,4,City or Municipal Highway Agency,6,Local Street - Municipality,GLASSFORD HILL RD,,23,23,34.61039167,34.61039167,-112.345000000,-112.345000000,0,No Special Jurisdiction,8,Pedestrian,0,The First Harmful Event was Not a Collision with a Motor Vehicle in Transport,0,No,1,Non-Junction,1,Not an Intersection,0,None,,,1,On Roadway,2,Dark - Not Lighted,,,,,1,Clear,0,No,0000000,Not Applicable,22,10:00pm-10:59pm,43,43,22,10:00pm-10:59pm,50,50,99,Unknown,99,Unknown EMS Hospital Arrival Time,,,,,,,1,
2021,4,40926,Arizona,1,1,0,0,0,1,1,5,COCONINO (5),170,FLAGSTAFF,26,26,12,December,2021,1,Sunday,8,8:00am-8:59am,1,1,1,This section IS ON the NHS,2,Urban,1,Interstate,1,State Highway Agency,1,Interstate,I-40 PURPLE HEART TRL,,2022,2022,35.21805556,35.21805556,-111.558319440,-111.558319440,0,No Special Jurisdiction,17,Boulder,0,The First Harmful Event was Not a Collision with a Motor Vehicle in Transport,0,No,1,Non-Junction,1,Not an Intersection,0,None,,,4,On Roadside,1,Daylight,,,,,4,Snow,0,No,0000000,Not Applicable,8,8:00am-8:59am,2,2,8,8:00am-8:59am,14,14,88,"Not Applicable (Not Transported) ",88,Not Applicable (Not Transported),,,,,,,1,
2021,4,40927,Arizona,1,1,0,0,0,1,1,13,MARICOPA (13),290,MESA,26,26,12,December,2021,1,Sunday,17,5:00pm-5:59pm,9,9,1,This section IS ON the NHS,2,Urban,2,Principal Arterial - Other Freeways and Expressways,1,State Highway Agency,2,U.S. Highway,US-60,,1508,1508,33.38661944,33.38661944,-111.785094440,-111.785094440,0,No Special Jurisdiction,59,"Traffic Sign Support ",0,The First Harmful Event was Not a Collision with a Motor Vehicle in Transport,1,Yes,5,Entrance/Exit Ramp Related,1,Not an Intersection,0,None,,,8,Gore,1,Daylight,,,,,1,Clear,0,No,0000000,Not Applicable,17,5:00pm-5:59pm,11,11,17,5:00pm-5:59pm,17,17,17,5:00pm-5:59pm,39,39,,,,,,,1,
2021,4,40928,Arizona,1,1,0,0,0,1,1,5,COCONINO (5),0,NOT APPLICABLE,27,27,12,December,2021,2,Monday,14,2:00pm-2:59pm,20,20,0,This section IS NOT on the NHS,1,Rural,5,Major Collector,62,Bureau of Indian Affairs,8,Other,INDIAN ROUTE 15 LEUPP RD,,0,None,35.30749722,35.30749722,-110.753216670,-110.753216670,3,Indian Reservation,43,Other Fixed Object,0,The First Harmful Event was Not a Collision with a Motor Vehicle in Transport,0,No,1,Non-Junction,1,Not an Intersection,0,None,,,4,On Roadside,1,Daylight,,,,,10,Cloudy,0,No,0000000,Not Applicable,14,2:00pm-2:59pm,20,20,14,2:00pm-2:59pm,23,23,88,"Not Applicable (Not Transported) ",88,Not Applicable (Not Transported),,,,,,,1,