caseyear,state,st_case,statename,ve_total,ve_forms,pvh_invl,peds,pernotmvit,permvit,persons,county,countyname,city,cityname,day,dayname,month,monthname,year,day_week,day_weekname,hour,hourname,minute,minutename,nhs,nhsname,rur_urb,rur_urbname,func_sys,func_sysname,rd_owner,rd_ownername,route,routename,tway_id,tway_id2,milept,mileptname,latitude,latitudename,longitud,longitudname,sp_jur,sp_jurname,harm_ev,harm_evname,man_coll,man_collname,reljct1,reljct1name,reljct2,reljct2name,typ_int,typ_intname,wrk_zone,wrk_zonename,road_fnc,road_fncname,rel_road,rel_roadname,lgt_cond,lgt_condname,weather1,weather1name,weather2,weather2name,weather,weathername,sch_bus,sch_busname,rail,railname,not_hour,not_hourname,not_min,not_minname,arr_hour,arr_hourname,arr_min,arr_minname,hosp_hr,hosp_hrname,hosp_mn,hosp_mnname,cf1,cf1name,cf2,cf2name,cf3,cf3name,fatals,drunk_dr
2021,4,40929,Arizona,2,2,0,0,0,3,3,21,PINAL (21),22,APACHE JUNCTION,27,27,12,December,2021,2,Monday,20,8:00pm-8:59pm,30,30,1,This section IS ON the NHS,2,Urban,3,Principal Arterial - Other,1,State Highway Agency,2,U.S. Highway,US-60,SUPERSTITION MOUNTAIN DR,1695,1695,33.36675278,33.36675278,-111.478163890,-111.478163890,0,No Special Jurisdiction,12,Motor Vehicle In-Transport,1,Front-to-Rear,0,No,3,Intersection-Related,3,T-Intersection,0,None,,,1,On Roadway,3,Dark - Lighted,,,,,10,Cloudy,0,No,0000000,Not Applicable,20,8:00pm-8:59pm,33,33,20,8:00pm-8:59pm,42,42,22,10:00pm-10:59pm,12,12,,,,,,,1,
2021,4,40930,Arizona,1,1,0,1,1,1,1,19,PIMA (19),530,TUCSON,27,27,12,December,2021,2,Monday,22,10:00pm-10:59pm,35,35,0,This section IS NOT on the NHS,2,Urban,4,Minor Arterial,4,City or Municipal Highway Agency,6,Local Street - Municipality,W GRANT RD,,2,2,32.25058611,32.25058611,-111.008908330,-111.008908330,0,No Special Jurisdiction,8,Pedestrian,0,The First Harmful Event was Not a Collision with a Motor Vehicle in Transport,0,No,1,Non-Junction,1,Not an Intersection,0,None,,,1,On Roadway,2,Dark - Not Lighted,,,,,1,Clear,0,No,0000000,Not Applicable,22,10:00pm-10:59pm,35,35,22,10:00pm-10:59pm,39,39,99,Unknown,99,Unknown EMS Hospital Arrival Time,,,,,,,1,
2021,4,40931,Arizona,1,1,0,1,1,1,1,19,PIMA (19),530,TUCSON,28,28,12,December,2021,3,Tuesday,5,5:00am-5:59am,52,52,0,This section IS NOT on the NHS,2,Urban,3,Principal Arterial - Other,4,City or Municipal Highway Agency,6,Local Street - Municipality,S HOUGHTON RD,,208,208,32.21435000,32.21435000,-110.772716670,-110.772716670,0,No Special Jurisdiction,8,Pedestrian,0,The First Harmful Event was Not a Collision with a Motor Vehicle in Transport,0,No,1,Non-Junction,1,Not an Intersection,0,None,,,1,On Roadway,2,Dark - Not Lighted,,,,,1,Clear,0,No,0000000,Not Applicable,5,5:00am-5:59am,52,52,6,6:00am-6:59am,10,10,88,"Not Applicable (Not Transported) ",88,Not Applicable (Not Transported),,,,,,,1,
2021,4,40932,Arizona,4,4,0,0,0,5,5,19,PIMA (19),530,TUCSON,28,28,12,December,2021,3,Tuesday,10,10:00am-10:59am,13,13,0,This section IS NOT on the NHS,2,Urban,3,Principal Arterial - Other,4,City or Municipal Highway Agency,6,Local Street - Municipality,SPEEDWAY BLVD,MAIN AVE,51,51,32.23585278,32.23585278,-110.977941670,-110.977941670,0,No Special Jurisdiction,12,Motor Vehicle In-Transport,6,Angle,0,No,2,Intersection,2,Four-Way Intersection,0,None,,,1,On Roadway,1,Daylight,,,,,1,Clear,0,No,0000000,Not Applicable,10,10:00am-10:59am,13,13,10,10:00am-10:59am,19,19,10,10:00am-10:59am,37,37,,,,,,,1,
2021,4,40933,Arizona,1,1,0,1,1,1,1,13,MARICOPA (13),420,SCOTTSDALE,29,29,12,December,2021,4,Wednesday,13,1:00pm-1:59pm,8,8,0,This section IS NOT on the NHS,2,Urban,5,Major Collector,4,City or Municipal Highway Agency,6,Local Street - Municipality,N 68TH ST,E ALMERIA RD,29,29,33.46694444,33.46694444,-111.934866670,-111.934866670,0,No Special Jurisdiction,8,Pedestrian,0,The First Harmful Event was Not a Collision with a Motor Vehicle in Transport,0,No,2,Intersection,2,Four-Way Intersection,0,None,,,1,On Roadway,1,Daylight,,,,,1,Clear,0,No,0000000,Not Applicable,13,1:00pm-1:59pm,8,8,13,1:00pm-1:59pm,13,13,13,1:00pm-1:59pm,25,25,,,,,,,1,
2021,4,40934,Arizona,2,2,0,0,0,2,2,19,PIMA (19),0,NOT APPLICABLE,29,29,12,December,2021,4,Wednesday,16,4:00pm-4:59pm,19,19,1,This section IS ON the NHS,2,Urban,3,Principal Arterial - Other,4,City or Municipal Highway Agency,6,Local Street - Municipality,E VALENCIA ROAD,WILMOT RD,67,67,32.14159722,32.14159722,-110.858022220,-110.858022220,0,No Special Jurisdiction,12,Motor Vehicle In-Transport,6,Angle,0,No,2,Intersection,2,Four-Way Intersection,0,None,,,1,On Roadway,1,Daylight,,,,,10,Cloudy,0,No,0000000,Not Applicable,99,Unknown,99,Unknown,99,Unknown EMS Scene Arrival Hour,99,Unknown EMS Scene Arrival Minutes,99,Unknown,99,Unknown EMS Hospital Arrival Time,,,,,,,1,
2021,4,40935,Arizona,1,1,0,1,1,1,1,13,MARICOPA (13),370,PHOENIX,29,29,12,December,2021,4,Wednesday,17,5:00pm-5:59pm,0,0,0,This section IS NOT on the NHS,2,Urban,4,Minor Arterial,1,State Highway Agency,8,Other,W GLENDALE AVE,,485,485,33.53872222,33.53872222,-112.113180560,-112.113180560,0,No Special Jurisdiction,8,Pedestrian,0,The First Harmful Event was Not a Collision with a Motor Vehicle in Transport,0,No,1,Non-Junction,1,Not an Intersection,0,None,,,1,On Roadway,3,Dark - Lighted,,,,,1,Clear,0,No,0000000,Not Applicable,99,Unknown,99,Unknown,99,Unknown EMS Scene Arrival Hour,99,Unknown EMS Scene Arrival Minutes,99,Unknown,99,Unknown EMS Hospital Arrival Time,,,,,,,1,
2021,4,40936,Arizona,2,2,0,0,0,2,2,13,MARICOPA (13),370,PHOENIX,29,29,12,December,2021,4,Wednesday,17,5:00pm-5:59pm,51,51,0,This section IS NOT on the NHS,2,Urban,3,Principal Arterial - Other,1,State Highway Agency,6,Local Street - Municipality,W INDIAN SCHOOL RD,N 87TH AVE,542,542,33.49432500,33.49432500,-112.246547220,-112.246547220,0,No Special Jurisdiction,12,Motor Vehicle In-Transport,6,Angle,0,No,2,Intersection,2,Four-Way Intersection,0,None,,,1,On Roadway,3,Dark - Lighted,,,,,1,Clear,0,No,0000000,Not Applicable,99,Unknown,99,Unknown,99,Unknown EMS Scene Arrival Hour,99,Unknown EMS Scene Arrival Minutes,99,Unknown,99,Unknown EMS Hospital Arrival Time,,,,,,,1,
2021,4,40937,Arizona,2,2,0,0,0,4,4,15,MOHAVE (15),0,NOT APPLICABLE,29,29,12,December,2021,4,Wednesday,21,9:00pm-9:59pm,45,45,1,This section IS ON the NHS,1,Rural,1,Interstate,1,State Highway Agency,1,Interstate,I-15,,281,281,36.98649167,36.98649167,-113.636672220,-113.636672220,0,No Special Jurisdiction,12,Motor Vehicle In-Transport,1,Front-to-Rear,0,No,1,Non-Junction,1,Not an Intersection,0,None,,,1,On Roadway,2,Dark - Not Lighted,,,,,10,Cloudy,0,No,0000000,Not Applicable,21,9:00pm-9:59pm,46,46,21,9:00pm-9:59pm,56,56,99,Unknown,99,Unknown EMS Hospital Arrival Time,,,,,,,2,
2021,4,40938,Arizona,2,2,0,0,0,2,2,19,PIMA (19),0,NOT APPLICABLE,30,30,12,December,2021,5,Thursday,17,5:00pm-5:59pm,5,5,0,This section IS NOT on the NHS,2,Urban,4,Minor Arterial,2,County Highway Agency,8,Other,W VALENCIA RD,S IGNACIO M BAUMEA,109,109,32.13341111,32.13341111,-111.080494440,-111.080494440,0,No Special Jurisdiction,12,Motor Vehicle In-Transport,6,Angle,0,No,2,Intersection,3,T-Intersection,0,None,,,1,On Roadway,1,Daylight,,,,,10,Cloudy,0,No,0000000,Not Applicable,17,5:00pm-5:59pm,6,6,17,5:00pm-5:59pm,15,15,88,"Not Applicable (Not Transported) ",88,Not Applicable (Not Transported),,,,,,,1,
2021,4,40939,Arizona,1,1,0,1,1,1,1,13,MARICOPA (13),200,GLENDALE,30,30,12,December,2021,5,Thursday,21,9:00pm-9:59pm,1,1,0,This section IS NOT on the NHS,2,Urban,4,Minor Arterial,4,City or Municipal Highway Agency,6,Local Street - Municipality,W CAMELBACK RD,,568,568,33.50958333,33.50958333,-112.177825000,-112.177825000,0,No Special Jurisdiction,8,Pedestrian,0,The First Harmful Event was Not a Collision with a Motor Vehicle in Transport,0,No,1,Non-Junction,1,Not an Intersection,0,None,,,1,On Roadway,3,Dark - Lighted,,,,,10,Cloudy,0,No,0000000,Not Applicable,99,Unknown,99,Unknown,99,Unknown EMS Scene Arrival Hour,99,Unknown EMS Scene Arrival Minutes,99,Unknown,99,Unknown EMS Hospital Arrival Time,,,,,,,1,
2021,4,40940,Arizona,1,1,0,1,1,1,1,13,MARICOPA (13),370,PHOENIX,31,31,12,December,2021,6,Friday,3,3:00am-3:59am,41,41,0,This section IS NOT on the NHS,2,Urban,4,Minor Arterial,4,City or Municipal Highway Agency,6,Local Street - Municipality,E THOMAS RD,,708,708,33.48033056,33.48033056,-112.035183330,-112.035183330,0,No Special Jurisdiction,8,Pedestrian,0,The First Harmful Event was Not a Collision with a Motor Vehicle in Transport,0,No,1,Non-Junction,1,Not an Intersection,0,None,,,1,On Roadway,3,Dark - Lighted,,,,,1,Clear,0,No,0000000,Not Applicable,99,Unknown,99,Unknown,99,Unknown EMS Scene Arrival Hour,99,Unknown EMS Scene Arrival Minutes,88,"Not Applicable (Not Transported) ",88,Not Applicable (Not Transported),,,,,,,1,
2021,4,40941,Arizona,1,1,0,0,0,1,1,17,NAVAJO (17),0,NOT APPLICABLE,31,31,12,December,2021,6,Friday,8,8:00am-8:59am,30,30,1,This section IS ON the NHS,1,Rural,3,Principal Arterial - Other,1,State Highway Agency,3,State Highway,SR-77,,3803,3803,34.78691389,34.78691389,-110.131825000,-110.131825000,0,No Special Jurisdiction,1,Rollover/Overturn,0,The First Harmful Event was Not a Collision with a Motor Vehicle in Transport,0,No,1,Non-Junction,1,Not an Intersection,0,None,,,4,On Roadside,1,Daylight,,,,,10,Cloudy,0,No,0000000,Not Applicable,8,8:00am-8:59am,38,38,8,8:00am-8:59am,46,46,10,10:00am-10:59am,3,3,,,,,,,1,
2021,4,40942,Arizona,2,2,0,1,1,2,2,19,PIMA (19),530,TUCSON,31,31,12,December,2021,6,Friday,18,6:00pm-6:59pm,5,5,0,This section IS NOT on the NHS,2,Urban,4,Minor Arterial,4,City or Municipal Highway Agency,6,Local Street - Municipality,W FORT LOWELL RD,N STONE AVE,29,29,32.26493056,32.26493056,-110.971991670,-110.971991670,0,No Special Jurisdiction,8,Pedestrian,0,The First Harmful Event was Not a Collision with a Motor Vehicle in Transport,0,No,3,Intersection-Related,2,Four-Way Intersection,0,None,,,1,On Roadway,3,Dark - Lighted,,,,,2,Rain,0,No,0000000,Not Applicable,18,6:00pm-6:59pm,5,5,18,6:00pm-6:59pm,8,8,18,6:00pm-6:59pm,15,15,,,,,,,1,
2021,4,40943,Arizona,1,1,0,1,1,1,1,19,PIMA (19),530,TUCSON,31,31,12,December,2021,6,Friday,22,10:00pm-10:59pm,24,24,0,This section IS NOT on the NHS,2,Urban,4,Minor Arterial,4,City or Municipal Highway Agency,6,Local Street - Municipality,FORT LOWELL,,99998,Not Reported,32.26472500,32.26472500,-110.974966670,-110.974966670,0,No Special Jurisdiction,8,Pedestrian,0,The First Harmful Event was Not a Collision with a Motor Vehicle in Transport,0,No,1,Non-Junction,1,Not an Intersection,0,None,,,1,On Roadway,2,Dark - Not Lighted,,,,,2,Rain,0,No,0000000,Not Applicable,99,Unknown,98,Unknown if Notified,99,Unknown EMS Scene Arrival Hour,98,Unknown if Arrived,88,"Not Applicable (Not Transported) ",88,Not Applicable (Not Transported),,,,,,,1,
2021,4,40944,Arizona,1,1,0,0,0,4,4,21,PINAL (21),0,NOT APPLICABLE,23,23,4,April,2021,6,Friday,8,8:00am-8:59am,19,19,0,This section IS NOT on the NHS,8,Not Reported,98,Not Reported,62,Bureau of Indian Affairs,8,Other,BIA 42,,0,None,32.67129444,32.67129444,-111.959244440,-111.959244440,3,Indian Reservation,41,Shrubbery,0,The First Harmful Event was Not a Collision with a Motor Vehicle in Transport,0,No,1,Non-Junction,1,Not an Intersection,0,None,,,4,On Roadside,1,Daylight,,,,,1,Clear,0,No,0000000,Not Applicable,99,Unknown,99,Unknown,99,Unknown EMS Scene Arrival Hour,99,Unknown EMS Scene Arrival Minutes,99,Unknown,98,Unknown if Transported,,,,,,,1,
2021,4,40945,Arizona,3,3,0,0,0,6,6,13,MARICOPA (13),370,PHOENIX,18,18,7,July,2021,1,Sunday,18,6:00pm-6:59pm,37,37,0,This section IS NOT on the NHS,2,Urban,4,Minor Arterial,4,City or Municipal Highway Agency,6,Local Street - Municipality,S 32ND ST,E BROADWAY RD,0,None,33.40700000,33.40700000,-112.012569440,-112.012569440,0,No Special Jurisdiction,12,Motor Vehicle In-Transport,6,Angle,0,No,2,Intersection,2,Four-Way Intersection,0,None,,,1,On Roadway,3,Dark - Lighted,,,,,1,Clear,0,No,0000000,Not Applicable,99,Unknown,99,Unknown,99,Unknown EMS Scene Arrival Hour,99,Unknown EMS Scene Arrival Minutes,99,Unknown,99,Unknown EMS Hospital Arrival Time,,,,,,,1,
2021,4,40946,Arizona,1,1,0,0,0,2,2,13,MARICOPA (13),0,NOT APPLICABLE,5,5,8,August,2021,5,Thursday,5,5:00am-5:59am,43,43,1,This section IS ON the NHS,1,Rural,3,Principal Arterial - Other,1,State Highway Agency,3,State Highway,SR-87,,985,985,33.81551111,33.81551111,-111.482966670,-111.482966670,0,No Special Jurisdiction,25,Concrete Traffic Barrier,0,The First Harmful Event was Not a Collision with a Motor Vehicle in Transport,0,No,1,Non-Junction,1,Not an Intersection,0,None,,,4,On Roadside,4,Dawn,,,,,1,Clear,0,No,0000000,Not Applicable,5,5:00am-5:59am,47,47,6,6:00am-6:59am,14,14,7,7:00am-7:59am,38,38,,,,,,,1,
2021,4,40947,Arizona,2,2,0,0,0,4,4,19,PIMA (19),530,TUCSON,22,22,9,September,2021,4,Wednesday,15,3:00pm-3:59pm,5,5,0,This section IS NOT on the NHS,2,Urban,4,Minor Arterial,4,City or Municipal Highway Agency,6,Local Street - Municipality,N SWAN RD,E CAMP LOWELL DR,0,None,32.26546667,32.26546667,-110.892297220,-110.892297220,0,No Special Jurisdiction,12,Motor Vehicle In-Transport,6,Angle,0,No,2,Intersection,2,Four-Way Intersection,0,None,,,1,On Roadway,1,Daylight,,,,,10,Cloudy,0,No,0000000,Not Applicable,99,Unknown,99,Unknown,99,Unknown EMS Scene Arrival Hour,99,Unknown EMS Scene Arrival Minutes,99,Unknown,99,Unknown EMS Hospital Arrival Time,,,,,,,1,
2021,4,40948,Arizona,2,2,0,0,0,3,3,13,MARICOPA (13),370,PHOENIX,24,24,9,September,2021,6,Friday,19,7:00pm-7:59pm,37,37,0,This section IS NOT on the NHS,2,Urban,4,Minor Arterial,4,City or Municipal Highway Agency,6,Local Street - Municipality,W BETHANY HOME RD,N 38TH AVE,0,None,33.52389444,33.52389444,-112.140219440,-112.140219440,0,No Special Jurisdiction,12,Motor Vehicle In-Transport,6,Angle,0,No,2,Intersection,3,T-Intersection,0,None,,,1,On Roadway,3,Dark - Lighted,,,,,1,Clear,0,No,0000000,Not Applicable,99,Unknown,99,Unknown,99,Unknown EMS Scene Arrival Hour,99,Unknown EMS Scene Arrival Minutes,99,Unknown,98,Unknown if Transported,,,,,,,1,
2021,4,40949,Arizona,2,2,0,0,0,3,3,13,MARICOPA (13),370,PHOENIX,1,1,10,October,2021,6,Friday,2,2:00am-2:59am,28,28,0,This section IS NOT on the NHS,2,Urban,4,Minor Arterial,4,City or Municipal Highway Agency,6,Local Street - Municipality,W CAMELBACK RD,,0,None,33.50921944,33.50921944,-112.074905560,-112.074905560,0,No Special Jurisdiction,12,Motor Vehicle In-Transport,1,Front-to-Rear,0,No,1,Non-Junction,1,Not an Intersection,0,None,,,1,On Roadway,3,Dark - Lighted,,,,,1,Clear,0,No,0000000,Not Applicable,99,Unknown,99,Unknown,99,Unknown EMS Scene Arrival Hour,99,Unknown EMS Scene Arrival Minutes,99,Unknown,98,Unknown if Transported,,,,,,,1,
2021,4,40950,Arizona,2,1,1,1,1,1,1,13,MARICOPA (13),370,PHOENIX,20,20,10,October,2021,4,Wednesday,14,2:00pm-2:59pm,2,2,1,This section IS ON the NHS,2,Urban,3,Principal Arterial - Other,4,City or Municipal Highway Agency,6,Local Street - Municipality,N CAVE CREEK RD,,0,None,33.73794444,33.73794444,-112.001577780,-112.001577780,0,No Special Jurisdiction,8,Pedestrian,0,The First Harmful Event was Not a Collision with a Motor Vehicle in Transport,0,No,1,Non-Junction,1,Not an Intersection,2,Maintenance,,,1,On Roadway,1,Daylight,,,,,1,Clear,0,No,0000000,Not Applicable,99,Unknown,99,Unknown,99,Unknown EMS Scene Arrival Hour,99,Unknown EMS Scene Arrival Minutes,99,Unknown,99,Unknown EMS Hospital Arrival Time,,,,,,,1,
2021,4,40951,Arizona,2,2,0,1,1,2,2,13,MARICOPA (13),490,TEMPE,17,17,11,November,2021,4,Wednesday,19,7:00pm-7:59pm,10,10,0,This section IS NOT on the NHS,2,Urban,4,Minor Arterial,4,City or Municipal Highway Agency,6,Local Street - Municipality,PRIEST DR,,0,None,33.40773333,33.40773333,-111.960858330,-111.960858330,0,No Special Jurisdiction,15,Non-Motorist on Personal Conveyance,0,The First Harmful Event was Not a Collision with a Motor Vehicle in Transport,0,No,1,Non-Junction,1,Not an Intersection,0,None,,,1,On Roadway,3,Dark - Lighted,,,,,1,Clear,0,No,0000000,Not Applicable,19,7:00pm-7:59pm,11,11,19,7:00pm-7:59pm,23,23,19,7:00pm-7:59pm,37,37,,,,,,,2,
2021,4,40952,Arizona,1,1,0,0,0,1,1,23,SANTA CRUZ (23),330,NOGALES,17,17,4,April,2021,7,Saturday,21,9:00pm-9:59pm,0,0,0,This section IS NOT on the NHS,2,Urban,4,Minor Arterial,4,City or Municipal Highway Agency,6,Local Street - Municipality,N WESTERN AVE,,0,None,31.34815556,31.34815556,-110.940969440,-110.940969440,0,No Special Jurisdiction,39,Wall,0,The First Harmful Event was Not a Collision with a Motor Vehicle in Transport,0,No,1,Non-Junction,1,Not an Intersection,0,None,,,4,On Roadside,6,Dark - Unknown Lighting,,,,,98,Not Reported,0,No,0000000,Not Applicable,99,Unknown,99,Unknown,99,Unknown EMS Scene Arrival Hour,99,Unknown EMS Scene Arrival Minutes,88,"Not Applicable (Not Transported) ",88,Not Applicable (Not Transported),,,,,,,1,
2021,4,40953,Arizona,2,2,0,0,0,2,2,13,MARICOPA (13),60,BUCKEYE,18,18,4,April,2021,1,Sunday,23,11:00pm-11:59pm,55,55,0,This section IS NOT on the NHS,2,Urban,5,Major Collector,2,County Highway Agency,6,Local Street - Municipality,S TUTHHILL RD,,0,None,99.99990000,99.99990000,999.999900000,999.999900000,0,No Special Jurisdiction,24,Guardrail Face,0,The First Harmful Event was Not a Collision with a Motor Vehicle in Transport,0,No,1,Non-Junction,1,Not an Intersection,0,None,,,4,On Roadside,6,Dark - Unknown Lighting,,,,,98,Not Reported,0,No,0000000,Not Applicable,99,Unknown,99,Unknown,99,Unknown EMS Scene Arrival Hour,99,Unknown EMS Scene Arrival Minutes,88,"Not Applicable (Not Transported) ",88,Not Applicable (Not Transported),,,,,,,2,
2021,4,40954,Arizona,1,1,0,1,1,1,1,9,GRAHAM (9),500,THATCHER,20,20,4,April,2021,3,Tuesday,20,8:00pm-8:59pm,6,6,0,This section IS NOT on the NHS,2,Urban,4,Minor Arterial,1,State Highway Agency,2,U.S. Highway,US-70,,99999,Unknown,32.83487778,32.83487778,-109.725627780,-109.725627780,0,No Special Jurisdiction,8,Pedestrian,0,The First Harmful Event was Not a Collision with a Motor Vehicle in Transport,0,No,1,Non-Junction,1,Not an Intersection,0,None,,,1,On Roadway,6,Dark - Unknown Lighting,,,,,99,Reported as Unknown,0,No,0000000,Not Applicable,99,Unknown,99,Unknown,99,Unknown EMS Scene Arrival Hour,99,Unknown EMS Scene Arrival Minutes,88,"Not Applicable (Not Transported) ",88,Not Applicable (Not Transported),,,,,,,1,
2021,4,40956,Arizona,3,3,0,0,0,4,4,19,PIMA (19),335,ORO VALLEY,25,25,4,April,2021,1,Sunday,99,Unknown Hours,99,Unknown Minutes,1,This section IS ON the NHS,2,Urban,3,Principal Arterial - Other,1,State Highway Agency,3,State Highway,SR-77,E LINDA VISTA BLVD,93,93,32.38091667,32.38091667,-110.964100000,-110.964100000,0,No Special Jurisdiction,12,Motor Vehicle In-Transport,2,Front-to-Front,0,No,2,Intersection,2,Four-Way Intersection,0,None,,,1,On Roadway,8,Not Reported,,,,,98,Not Reported,0,No,0000000,Not Applicable,99,Unknown,99,Unknown,99,Unknown EMS Scene Arrival Hour,99,Unknown EMS Scene Arrival Minutes,99,Unknown,99,Unknown EMS Hospital Arrival Time,,,,,,,1,
2021,4,40957,Arizona,1,1,0,1,1,1,1,13,MARICOPA (13),370,PHOENIX,2,2,6,June,2021,4,Wednesday,3,3:00am-3:59am,13,13,0,This section IS NOT on the NHS,2,Urban,4,Minor Arterial,4,City or Municipal Highway Agency,6,Local Street - Municipality,W CAMELBACK RD,,0,None,33.50953333,33.50953333,-112.137969440,-112.137969440,0,No Special Jurisdiction,8,Pedestrian,0,The First Harmful Event was Not a Collision with a Motor Vehicle in Transport,0,No,1,Non-Junction,1,Not an Intersection,0,None,,,1,On Roadway,3,Dark - Lighted,,,,,98,Not Reported,0,No,0000000,Not Applicable,99,Unknown,99,Unknown,99,Unknown EMS Scene Arrival Hour,99,Unknown EMS Scene Arrival Minutes,99,Unknown,99,Unknown EMS Hospital Arrival Time,,,,,,,1,
2021,4,40958,Arizona,1,1,0,1,1,1,1,13,MARICOPA (13),370,PHOENIX,2,2,6,June,2021,4,Wednesday,20,8:00pm-8:59pm,26,26,0,This section IS NOT on the NHS,2,Urban,4,Minor Arterial,4,City or Municipal Highway Agency,6,Local Street - Municipality,E BROADWAY RD,S 16TH ST,0,None,33.40674444,33.40674444,-112.046988890,-112.046988890,0,No Special Jurisdiction,15,Non-Motorist on Personal Conveyance,0,The First Harmful Event was Not a Collision with a Motor Vehicle in Transport,0,No,3,Intersection-Related,2,Four-Way Intersection,0,None,,,1,On Roadway,8,Not Reported,,,,,98,Not Reported,0,No,0000000,Not Applicable,99,Unknown,99,Unknown,99,Unknown EMS Scene Arrival Hour,99,Unknown EMS Scene Arrival Minutes,88,"Not Applicable (Not Transported) ",88,Not Applicable (Not Transported),,,,,,,1,
2021,4,40960,Arizona,1,1,0,1,1,1,1,13,MARICOPA (13),370,PHOENIX,3,3,6,June,2021,5,Thursday,21,9:00pm-9:59pm,1,1,0,This section IS NOT on the NHS,2,Urban,4,Minor Arterial,4,City or Municipal Highway Agency,6,Local Street - Municipality,W DUNLAP AVE,N 43RD AVE,0,None,33.56738611,33.56738611,-112.151597220,-112.151597220,0,No Special Jurisdiction,8,Pedestrian,0,The First Harmful Event was Not a Collision with a Motor Vehicle in Transport,0,No,3,Intersection-Related,2,Four-Way Intersection,0,None,,,1,On Roadway,8,Not Reported,,,,,98,Not Reported,0,No,0000000,Not Applicable,99,Unknown,99,Unknown,99,Unknown EMS Scene Arrival Hour,99,Unknown EMS Scene Arrival Minutes,99,Unknown,99,Unknown EMS Hospital Arrival Time,,,,,,,1,
2021,4,40961,Arizona,1,1,0,2,2,1,1,13,MARICOPA (13),370,PHOENIX,3,3,6,June,2021,5,Thursday,22,10:00pm-10:59pm,27,27,0,This section IS NOT on the NHS,2,Urban,4,Minor Arterial,4,City or Municipal Highway Agency,6,Local Street - Municipality,W CAMELBACK RD,,0,None,33.50964444,33.50964444,-112.108952780,-112.108952780,0,No Special Jurisdiction,43,Other Fixed Object,0,The First Harmful Event was Not a Collision with a Motor Vehicle in Transport,0,No,1,Non-Junction,1,Not an Intersection,0,None,,,4,On Roadside,3,Dark - Lighted,,,,,1,Clear,0,No,0000000,Not Applicable,99,Unknown,99,Unknown,99,Unknown EMS Scene Arrival Hour,99,Unknown EMS Scene Arrival Minutes,99,Unknown,99,Unknown EMS Hospital Arrival Time,,,,,,,1,
2021,4,40962,Arizona,1,1,0,1,1,1,1,13,MARICOPA (13),370,PHOENIX,4,4,6,June,2021,6,Friday,6,6:00am-6:59am,39,39,1,This section IS ON the NHS,2,Urban,3,Principal Arterial - Other,4,City or Municipal Highway Agency,6,Local Street - Municipality,W INDIAN SCHOOL RD,,0,None,33.49510278,33.49510278,-112.103766670,-112.103766670,0,No Special Jurisdiction,8,Pedestrian,0,The First Harmful Event was Not a Collision with a Motor Vehicle in Transport,0,No,1,Non-Junction,1,Not an Intersection,0,None,,,1,On Roadway,1,Daylight,,,,,1,Clear,0,No,0000000,Not Applicable,99,Unknown,99,Unknown,99,Unknown EMS Scene Arrival Hour,99,Unknown EMS Scene Arrival Minutes,88,"Not Applicable (Not Transported) ",88,Not Applicable (Not Transported),,,,,,,1,
2021,4,40963,Arizona,1,1,0,1,1,1,1,13,MARICOPA (13),370,PHOENIX,4,4,6,June,2021,6,Friday,22,10:00pm-10:59pm,58,58,0,This section IS NOT on the NHS,2,Urban,4,Minor Arterial,4,City or Municipal Highway Agency,6,Local Street - Municipality,W BETHANY HOME RD,,0,None,77.77770000,77.77770000,777.777700000,777.777700000,0,No Special Jurisdiction,8,Pedestrian,0,The First Harmful Event was Not a Collision with a Motor Vehicle in Transport,0,No,98,Not Reported,98,Not Reported,0,None,,,1,On Roadway,8,Not Reported,,,,,98,Not Reported,0,No,0000000,Not Applicable,99,Unknown,99,Unknown,99,Unknown EMS Scene Arrival Hour,99,Unknown EMS Scene Arrival Minutes,99,Unknown,99,Unknown EMS Hospital Arrival Time,,,,,,,1,
2021,4,40964,Arizona,1,1,0,1,1,4,4,13,MARICOPA (13),370,PHOENIX,6,6,6,June,2021,1,Sunday,16,4:00pm-4:59pm,45,45,0,This section IS NOT on the NHS,2,Urban,5,Major Collector,4,City or Municipal Highway Agency,6,Local Street - Municipality,E OAK ST,,0,None,33.47309722,33.47309722,-112.025200000,-112.025200000,0,No Special Jurisdiction,9,Pedalcyclist,0,The First Harmful Event was Not a Collision with a Motor Vehicle in Transport,0,No,1,Non-Junction,1,Not an Intersection,0,None,,,1,On Roadway,1,Daylight,,,,,1,Clear,0,No,0000000,Not Applicable,99,Unknown,99,Unknown,99,Unknown EMS Scene Arrival Hour,99,Unknown EMS Scene Arrival Minutes,99,Unknown,99,Unknown EMS Hospital Arrival Time,,,,,,,1,
2021,4,40967,Arizona,1,1,0,1,1,1,1,13,MARICOPA (13),370,PHOENIX,9,9,6,June,2021,4,Wednesday,23,11:00pm-11:59pm,46,46,1,This section IS ON the NHS,2,Urban,3,Principal Arterial - Other,4,City or Municipal Highway Agency,6,Local Street - Municipality,W INDIAN SCHOOL,,0,None,33.49472778,33.49472778,-112.220058330,-112.220058330,0,No Special Jurisdiction,8,Pedestrian,0,The First Harmful Event was Not a Collision with a Motor Vehicle in Transport,0,No,1,Non-Junction,1,Not an Intersection,0,None,,,1,On Roadway,8,Not Reported,,,,,98,Not Reported,0,No,0000000,Not Applicable,99,Unknown,99,Unknown,99,Unknown EMS Scene Arrival Hour,99,Unknown EMS Scene Arrival Minutes,88,"Not Applicable (Not Transported) ",88,Not Applicable (Not Transported),,,,,,,1,