caseyear,state,st_case,statename,ve_total,ve_forms,pvh_invl,peds,pernotmvit,permvit,persons,county,countyname,city,cityname,day,dayname,month,monthname,year,day_week,day_weekname,hour,hourname,minute,minutename,nhs,nhsname,rur_urb,rur_urbname,func_sys,func_sysname,rd_owner,rd_ownername,route,routename,tway_id,tway_id2,milept,mileptname,latitude,latitudename,longitud,longitudname,sp_jur,sp_jurname,harm_ev,harm_evname,man_coll,man_collname,reljct1,reljct1name,reljct2,reljct2name,typ_int,typ_intname,wrk_zone,wrk_zonename,road_fnc,road_fncname,rel_road,rel_roadname,lgt_cond,lgt_condname,weather1,weather1name,weather2,weather2name,weather,weathername,sch_bus,sch_busname,rail,railname,not_hour,not_hourname,not_min,not_minname,arr_hour,arr_hourname,arr_min,arr_minname,hosp_hr,hosp_hrname,hosp_mn,hosp_mnname,cf1,cf1name,cf2,cf2name,cf3,cf3name,fatals,drunk_dr
2021,4,41077,Arizona,2,2,0,0,0,2,2,13,MARICOPA (13),290,MESA,28,28,8,August,2021,7,Saturday,20,8:00pm-8:59pm,18,18,0,This section IS NOT on the NHS,2,Urban,4,Minor Arterial,1,State Highway Agency,8,Other,APACHE TRAIL,,99998,Not Reported,33.41509167,33.41509167,-111.589608330,-111.589608330,0,No Special Jurisdiction,12,Motor Vehicle In-Transport,6,Angle,0,No,1,Non-Junction,1,Not an Intersection,0,None,,,1,On Roadway,2,Dark - Not Lighted,,,,,1,Clear,0,No,0000000,Not Applicable,20,8:00pm-8:59pm,18,18,20,8:00pm-8:59pm,22,22,20,8:00pm-8:59pm,45,45,,,,,,,1,
2021,4,41078,Arizona,1,1,0,0,0,1,1,1,APACHE (1),0,NOT APPLICABLE,8,8,9,September,2021,4,Wednesday,23,11:00pm-11:59pm,29,29,1,This section IS ON the NHS,1,Rural,3,Principal Arterial - Other,1,State Highway Agency,2,U.S. Highway,US-60,,3176,3176,34.28487500,34.28487500,-109.843011110,-109.843011110,0,No Special Jurisdiction,1,Rollover/Overturn,0,The First Harmful Event was Not a Collision with a Motor Vehicle in Transport,8,Not Reported,98,Not Reported,98,Not Reported,0,None,,,98,Not Reported,6,Dark - Unknown Lighting,,,,,98,Not Reported,0,No,0000000,Not Applicable,99,Unknown,99,Unknown,99,Unknown EMS Scene Arrival Hour,99,Unknown EMS Scene Arrival Minutes,88,"Not Applicable (Not Transported) ",88,Not Applicable (Not Transported),,,,,,,1,
2021,4,41079,Arizona,2,2,0,0,0,3,3,19,PIMA (19),530,TUCSON,20,20,9,September,2021,2,Monday,19,7:00pm-7:59pm,29,29,0,This section IS NOT on the NHS,2,Urban,5,Major Collector,2,County Highway Agency,6,Local Street - Municipality,W VALENCIA RD,S CAMINO DE OESTE,0,None,32.13338889,32.13338889,-111.062930560,-111.062930560,0,No Special Jurisdiction,12,Motor Vehicle In-Transport,6,Angle,0,No,2,Intersection,2,Four-Way Intersection,0,None,,,1,On Roadway,2,Dark - Not Lighted,,,,,1,Clear,0,No,0000000,Not Applicable,99,Unknown,99,Unknown,99,Unknown EMS Scene Arrival Hour,99,Unknown EMS Scene Arrival Minutes,99,Unknown,99,Unknown EMS Hospital Arrival Time,,,,,,,1,
2021,4,41080,Arizona,1,1,0,3,3,1,1,13,MARICOPA (13),290,MESA,24,24,9,September,2021,6,Friday,20,8:00pm-8:59pm,25,25,0,This section IS NOT on the NHS,2,Urban,4,Minor Arterial,4,City or Municipal Highway Agency,6,Local Street - Municipality,DOBSON RD,,0,None,33.40816111,33.40816111,-111.874372220,-111.874372220,0,No Special Jurisdiction,43,Other Fixed Object,0,The First Harmful Event was Not a Collision with a Motor Vehicle in Transport,0,No,1,Non-Junction,1,Not an Intersection,0,None,,,4,On Roadside,1,Daylight,,,,,1,Clear,0,No,0000000,Not Applicable,20,8:00pm-8:59pm,99,Unknown,20,8:00pm-8:59pm,28,28,88,"Not Applicable (Not Transported) ",88,Not Applicable (Not Transported),,,,,,,1,
2021,4,41081,Arizona,1,1,0,1,1,1,1,9,GRAHAM (9),0,NOT APPLICABLE,9,9,10,October,2021,7,Saturday,99,Unknown Hours,99,Unknown Minutes,0,This section IS NOT on the NHS,8,Not Reported,98,Not Reported,1,State Highway Agency,2,U.S. Highway,US-70,,99998,Not Reported,77.77770000,77.77770000,777.777700000,777.777700000,0,No Special Jurisdiction,8,Pedestrian,0,The First Harmful Event was Not a Collision with a Motor Vehicle in Transport,0,No,99,Reported as Unknown,99,Reported as Unknown,0,None,,,99,Reported as Unknown,9,Reported as Unknown,,,,,99,Reported as Unknown,0,No,0000000,Not Applicable,99,Unknown,98,Unknown if Notified,99,Unknown EMS Scene Arrival Hour,98,Unknown if Arrived,88,"Not Applicable (Not Transported) ",88,Not Applicable (Not Transported),,,,,,,1,
2021,4,41082,Arizona,1,1,0,0,0,1,1,13,MARICOPA (13),490,TEMPE,20,20,10,October,2021,4,Wednesday,1,1:00am-1:59am,1,1,0,This section IS NOT on the NHS,2,Urban,5,Major Collector,4,City or Municipal Highway Agency,6,Local Street - Municipality,E RIO SALADO PKWY,,26,26,33.42936667,33.42936667,-111.933158330,-111.933158330,0,No Special Jurisdiction,33,Curb,0,The First Harmful Event was Not a Collision with a Motor Vehicle in Transport,0,No,1,Non-Junction,1,Not an Intersection,0,None,,,4,On Roadside,3,Dark - Lighted,,,,,1,Clear,0,No,0000000,Not Applicable,99,Unknown,99,Unknown,99,Unknown EMS Scene Arrival Hour,99,Unknown EMS Scene Arrival Minutes,99,Unknown,98,Unknown if Transported,,,,,,,1,
2021,4,41083,Arizona,2,2,0,0,0,5,5,13,MARICOPA (13),490,TEMPE,25,25,10,October,2021,2,Monday,23,11:00pm-11:59pm,33,33,0,This section IS NOT on the NHS,2,Urban,4,Minor Arterial,1,State Highway Agency,7,Local Street - Frontage Road,S PRICE RD,,0,None,33.38923056,33.38923056,-111.892208330,-111.892208330,0,No Special Jurisdiction,12,Motor Vehicle In-Transport,2,Front-to-Front,0,No,1,Non-Junction,1,Not an Intersection,0,None,,,1,On Roadway,3,Dark - Lighted,,,,,1,Clear,0,No,0000000,Not Applicable,23,11:00pm-11:59pm,33,33,23,11:00pm-11:59pm,42,42,99,Unknown,99,Unknown EMS Hospital Arrival Time,,,,,,,2,
2021,4,41084,Arizona,1,1,0,0,0,1,1,13,MARICOPA (13),220,GOODYEAR,28,28,10,October,2021,5,Thursday,21,9:00pm-9:59pm,37,37,1,This section IS ON the NHS,2,Urban,3,Principal Arterial - Other,1,State Highway Agency,3,State Highway,SR-303 S COTTON LN,,0,None,33.44394444,33.44394444,-112.427122220,-112.427122220,0,No Special Jurisdiction,1,Rollover/Overturn,0,The First Harmful Event was Not a Collision with a Motor Vehicle in Transport,0,No,1,Non-Junction,1,Not an Intersection,0,None,,,4,On Roadside,3,Dark - Lighted,,,,,99,Reported as Unknown,0,No,0000000,Not Applicable,99,Unknown,99,Unknown,99,Unknown EMS Scene Arrival Hour,99,Unknown EMS Scene Arrival Minutes,88,"Not Applicable (Not Transported) ",88,Not Applicable (Not Transported),,,,,,,1,
2021,4,41086,Arizona,1,1,0,1,1,1,1,13,MARICOPA (13),370,PHOENIX,23,23,8,August,2021,2,Monday,3,3:00am-3:59am,49,49,0,This section IS NOT on the NHS,2,Urban,3,Principal Arterial - Other,4,City or Municipal Highway Agency,6,Local Street - Municipality,E CACTUS RD,,0,None,33.59671944,33.59671944,-112.037313890,-112.037313890,0,No Special Jurisdiction,15,Non-Motorist on Personal Conveyance,0,The First Harmful Event was Not a Collision with a Motor Vehicle in Transport,0,No,1,Non-Junction,1,Not an Intersection,0,None,,,1,On Roadway,3,Dark - Lighted,,,,,1,Clear,0,No,0000000,Not Applicable,99,Unknown,99,Unknown,99,Unknown EMS Scene Arrival Hour,99,Unknown EMS Scene Arrival Minutes,88,"Not Applicable (Not Transported) ",88,Not Applicable (Not Transported),,,,,,,1,
2021,4,41087,Arizona,1,1,0,0,0,1,1,25,YAVAPAI (25),105,CONGRESS,16,16,10,October,2021,7,Saturday,16,4:00pm-4:59pm,43,43,0,This section IS NOT on the NHS,1,Rural,7,Local,2,County Highway Agency,4,County Road,CR-109 W STANTON RD,,40,40,34.15447222,34.15447222,-112.759277780,-112.759277780,0,No Special Jurisdiction,35,Embankment,0,The First Harmful Event was Not a Collision with a Motor Vehicle in Transport,0,No,1,Non-Junction,1,Not an Intersection,0,None,,,4,On Roadside,5,Dusk,,,,,1,Clear,0,No,0000000,Not Applicable,99,Unknown,99,Unknown,17,5:00pm-5:59pm,18,18,99,Unknown,99,Unknown EMS Hospital Arrival Time,,,,,,,1,
2021,4,41088,Arizona,1,1,0,0,0,1,1,1,APACHE (1),0,NOT APPLICABLE,4,4,3,March,2021,5,Thursday,23,11:00pm-11:59pm,30,30,1,This section IS ON the NHS,1,Rural,3,Principal Arterial - Other,1,State Highway Agency,2,U.S. Highway,US-160,,1565,1565,36.94805000,36.94805000,-109.072311110,-109.072311110,0,No Special Jurisdiction,1,Rollover/Overturn,0,The First Harmful Event was Not a Collision with a Motor Vehicle in Transport,9,Reported as Unknown,99,Reported as Unknown,99,Reported as Unknown,0,None,,,99,Reported as Unknown,6,Dark - Unknown Lighting,,,,,98,Not Reported,0,No,0000000,Not Applicable,99,Unknown,99,Unknown,99,Unknown EMS Scene Arrival Hour,99,Unknown EMS Scene Arrival Minutes,88,"Not Applicable (Not Transported) ",88,Not Applicable (Not Transported),,,,,,,1,
2021,4,41089,Arizona,2,2,0,0,0,2,2,13,MARICOPA (13),370,PHOENIX,30,30,7,July,2021,6,Friday,17,5:00pm-5:59pm,59,59,0,This section IS NOT on the NHS,9,Unknown,99,Unknown,99,Unknown,9,Unknown,E FAIRMOUNT AVE,N 27TH AVE,0,None,33.49318889,33.49318889,-112.023788890,-112.023788890,0,No Special Jurisdiction,12,Motor Vehicle In-Transport,6,Angle,0,No,2,Intersection,2,Four-Way Intersection,0,None,,,1,On Roadway,1,Daylight,,,,,10,Cloudy,0,No,0000000,Not Applicable,99,Unknown,99,Unknown,99,Unknown EMS Scene Arrival Hour,99,Unknown EMS Scene Arrival Minutes,99,Unknown,99,Unknown EMS Hospital Arrival Time,,,,,,,1,
2021,4,41090,Arizona,1,1,0,0,0,3,3,5,COCONINO (5),590,WILLIAMS,19,19,9,September,2021,1,Sunday,11,11:00am-11:59am,36,36,0,This section IS NOT on the NHS,9,Unknown,99,Unknown,99,Unknown,9,Unknown,S PERKINSVILLE RD,,0,None,99.99990000,99.99990000,999.999900000,999.999900000,9,Unknown,1,Rollover/Overturn,0,The First Harmful Event was Not a Collision with a Motor Vehicle in Transport,0,No,1,Non-Junction,1,Not an Intersection,0,None,,,98,Not Reported,1,Daylight,,,,,1,Clear,0,No,0000000,Not Applicable,11,11:00am-11:59am,36,36,11,11:00am-11:59am,45,45,99,Unknown,98,Unknown if Transported,,,,,,,1,
2021,4,41091,Arizona,2,2,0,1,1,3,3,13,MARICOPA (13),370,PHOENIX,23,23,9,September,2021,5,Thursday,1,1:00am-1:59am,5,5,0,This section IS NOT on the NHS,2,Urban,4,Minor Arterial,2,County Highway Agency,6,Local Street - Municipality,S 51ST AVE,W OLNEY AVE,0,None,33.35578056,33.35578056,-112.169155560,-112.169155560,0,No Special Jurisdiction,8,Pedestrian,0,The First Harmful Event was Not a Collision with a Motor Vehicle in Transport,0,No,3,Intersection-Related,2,Four-Way Intersection,0,None,,,1,On Roadway,2,Dark - Not Lighted,,,,,1,Clear,0,No,0000000,Not Applicable,1,1:00am-1:59am,6,6,1,1:00am-1:59am,10,10,99,Unknown,99,Unknown EMS Hospital Arrival Time,,,,,,,1,
2021,4,41092,Arizona,1,1,0,0,0,1,1,13,MARICOPA (13),370,PHOENIX,24,24,5,May,2021,2,Monday,19,7:00pm-7:59pm,3,3,0,This section IS NOT on the NHS,2,Urban,4,Minor Arterial,4,City or Municipal Highway Agency,6,Local Street - Municipality,E UNIVERSITY DR,,0,None,33.42133333,33.42133333,-112.002550000,-112.002550000,0,No Special Jurisdiction,33,Curb,0,The First Harmful Event was Not a Collision with a Motor Vehicle in Transport,0,No,1,Non-Junction,1,Not an Intersection,0,None,,,4,On Roadside,2,Dark - Not Lighted,,,,,1,Clear,0,No,0000000,Not Applicable,99,Unknown,99,Unknown,99,Unknown EMS Scene Arrival Hour,99,Unknown EMS Scene Arrival Minutes,99,Unknown,99,Unknown EMS Hospital Arrival Time,,,,,,,1,
2021,4,41093,Arizona,1,1,0,1,1,1,1,13,MARICOPA (13),510,TOLLESON,13,13,12,December,2021,2,Monday,19,7:00pm-7:59pm,30,30,0,This section IS NOT on the NHS,2,Urban,4,Minor Arterial,4,City or Municipal Highway Agency,6,Local Street - Municipality,N 99TH AVE,,0,None,33.45461111,33.45461111,-112.272508330,-112.272508330,0,No Special Jurisdiction,8,Pedestrian,0,The First Harmful Event was Not a Collision with a Motor Vehicle in Transport,0,No,1,Non-Junction,1,Not an Intersection,0,None,,,1,On Roadway,9,Reported as Unknown,,,,,99,Reported as Unknown,0,No,0000000,Not Applicable,99,Unknown,99,Unknown,99,Unknown EMS Scene Arrival Hour,99,Unknown EMS Scene Arrival Minutes,99,Unknown,99,Unknown EMS Hospital Arrival Time,,,,,,,1,
2021,4,41094,Arizona,2,2,0,0,0,3,3,1,APACHE (1),195,GANADO,17,17,12,December,2021,6,Friday,12,12:00pm-12:59pm,29,29,0,This section IS NOT on the NHS,1,Rural,4,Minor Arterial,1,State Highway Agency,3,State Highway,SR-264,,2642,2642,35.71036667,35.71036667,-109.519016670,-109.519016670,0,No Special Jurisdiction,12,Motor Vehicle In-Transport,99,Reported as Unknown,8,Not Reported,98,Not Reported,98,Not Reported,0,None,,,98,Not Reported,8,Not Reported,,,,,98,Not Reported,0,No,0000000,Not Applicable,99,Unknown,99,Unknown,99,Unknown EMS Scene Arrival Hour,99,Unknown EMS Scene Arrival Minutes,99,Unknown,99,Unknown EMS Hospital Arrival Time,,,,,,,1,
2021,4,41095,Arizona,1,1,0,0,0,1,1,17,NAVAJO (17),333,KYKOTSMOVI,30,30,12,December,2021,5,Thursday,17,5:00pm-5:59pm,10,10,0,This section IS NOT on the NHS,1,Rural,5,Major Collector,62,Bureau of Indian Affairs,8,Other,BIA 002,,0,None,35.68902222,35.68902222,-110.728502780,-110.728502780,3,Indian Reservation,99,Reported as Unknown,99,Reported as Unknown,0,No,1,Non-Junction,1,Not an Intersection,0,None,,,4,On Roadside,9,Reported as Unknown,,,,,99,Reported as Unknown,0,No,0000000,Not Applicable,99,Unknown,99,Unknown,99,Unknown EMS Scene Arrival Hour,98,Unknown if Arrived,88,"Not Applicable (Not Transported) ",88,Not Applicable (Not Transported),,,,,,,1,
2021,4,41096,Arizona,1,1,0,1,1,1,1,13,MARICOPA (13),370,PHOENIX,30,30,12,December,2021,5,Thursday,18,6:00pm-6:59pm,1,1,0,This section IS NOT on the NHS,2,Urban,4,Minor Arterial,4,City or Municipal Highway Agency,6,Local Street - Municipality,E GREENWAY PKWAY,,0,None,33.62801389,33.62801389,-112.024955560,-112.024955560,0,No Special Jurisdiction,8,Pedestrian,0,The First Harmful Event was Not a Collision with a Motor Vehicle in Transport,0,No,1,Non-Junction,1,Not an Intersection,0,None,,,1,On Roadway,3,Dark - Lighted,,,,,1,Clear,0,No,0000000,Not Applicable,99,Unknown,99,Unknown,99,Unknown EMS Scene Arrival Hour,99,Unknown EMS Scene Arrival Minutes,99,Unknown,99,Unknown EMS Hospital Arrival Time,,,,,,,1,
2021,4,41097,Arizona,2,2,0,0,0,6,6,13,MARICOPA (13),370,PHOENIX,7,7,12,December,2021,3,Tuesday,17,5:00pm-5:59pm,49,49,0,This section IS NOT on the NHS,2,Urban,4,Minor Arterial,4,City or Municipal Highway Agency,6,Local Street - Municipality,W MCDOWELL RD,N 15TH AVE,0,None,33.46590556,33.46590556,-112.091308330,-112.091308330,0,No Special Jurisdiction,12,Motor Vehicle In-Transport,6,Angle,0,No,2,Intersection,2,Four-Way Intersection,0,None,,,1,On Roadway,3,Dark - Lighted,,,,,1,Clear,0,No,0000000,Not Applicable,99,Unknown,99,Unknown,99,Unknown EMS Scene Arrival Hour,99,Unknown EMS Scene Arrival Minutes,99,Unknown,99,Unknown EMS Hospital Arrival Time,,,,,,,1,
2021,4,41099,Arizona,1,1,0,0,0,1,1,21,PINAL (21),216,GOLD CANYON,24,24,4,April,2021,7,Saturday,16,4:00pm-4:59pm,11,11,0,This section IS NOT on the NHS,1,Rural,4,Minor Arterial,2,County Highway Agency,4,County Road,CR-N QUEEN ANNE DR,,0,None,33.29761389,33.29761389,-111.288547220,-111.288547220,0,No Special Jurisdiction,33,Curb,0,The First Harmful Event was Not a Collision with a Motor Vehicle in Transport,0,No,1,Non-Junction,1,Not an Intersection,0,None,,,4,On Roadside,1,Daylight,,,,,1,Clear,0,No,0000000,Not Applicable,16,4:00pm-4:59pm,14,14,16,4:00pm-4:59pm,18,18,88,"Not Applicable (Not Transported) ",88,Not Applicable (Not Transported),,,,,,,1,
2021,4,41100,Arizona,2,2,0,0,0,2,2,13,MARICOPA (13),370,PHOENIX,29,29,6,June,2021,3,Tuesday,7,7:00am-7:59am,10,10,0,This section IS NOT on the NHS,2,Urban,4,Minor Arterial,4,City or Municipal Highway Agency,6,Local Street - Municipality,N 7TH AVE,W ANGELA DR,0,None,33.64550833,33.64550833,-112.082802780,-112.082802780,0,No Special Jurisdiction,12,Motor Vehicle In-Transport,6,Angle,0,No,2,Intersection,3,T-Intersection,0,None,,,1,On Roadway,1,Daylight,,,,,1,Clear,0,No,0000000,Not Applicable,99,Unknown,99,Unknown,99,Unknown EMS Scene Arrival Hour,99,Unknown EMS Scene Arrival Minutes,88,"Not Applicable (Not Transported) ",88,Not Applicable (Not Transported),,,,,,,1,
2021,4,41101,Arizona,1,1,0,1,1,1,1,13,MARICOPA (13),370,PHOENIX,12,12,7,July,2021,2,Monday,22,10:00pm-10:59pm,37,37,0,This section IS NOT on the NHS,2,Urban,4,Minor Arterial,4,City or Municipal Highway Agency,6,Local Street - Municipality,N 27TH AVE,W CAMELBACK RD,0,None,33.50932222,33.50932222,-112.117044440,-112.117044440,0,No Special Jurisdiction,8,Pedestrian,0,The First Harmful Event was Not a Collision with a Motor Vehicle in Transport,0,No,3,Intersection-Related,2,Four-Way Intersection,0,None,,,1,On Roadway,3,Dark - Lighted,,,,,1,Clear,0,No,0000000,Not Applicable,22,10:00pm-10:59pm,37,37,22,10:00pm-10:59pm,39,39,22,10:00pm-10:59pm,53,53,,,,,,,1,
2021,4,41102,Arizona,2,2,0,0,0,2,2,13,MARICOPA (13),370,PHOENIX,15,15,7,July,2021,5,Thursday,14,2:00pm-2:59pm,28,28,0,This section IS NOT on the NHS,2,Urban,4,Minor Arterial,4,City or Municipal Highway Agency,6,Local Street - Municipality,E VAN BUREN ST,N 40TH ST,0,None,33.45132500,33.45132500,-111.995255560,-111.995255560,0,No Special Jurisdiction,12,Motor Vehicle In-Transport,6,Angle,0,No,2,Intersection,2,Four-Way Intersection,0,None,,,1,On Roadway,1,Daylight,,,,,1,Clear,0,No,0000000,Not Applicable,99,Unknown,99,Unknown,99,Unknown EMS Scene Arrival Hour,99,Unknown EMS Scene Arrival Minutes,99,Unknown,99,Unknown EMS Hospital Arrival Time,,,,,,,1,
2021,4,41103,Arizona,2,2,0,0,0,2,2,21,PINAL (21),0,NOT APPLICABLE,22,22,7,July,2021,5,Thursday,17,5:00pm-5:59pm,25,25,0,This section IS NOT on the NHS,2,Urban,5,Major Collector,2,County Highway Agency,6,Local Street - Municipality,N THOMPSON RD,N MOUNTAIN VISTA BLVD,0,None,33.18345833,33.18345833,-111.616911110,-111.616911110,0,No Special Jurisdiction,12,Motor Vehicle In-Transport,6,Angle,0,No,2,Intersection,3,T-Intersection,0,None,,,1,On Roadway,1,Daylight,,,,,1,Clear,0,No,0000000,Not Applicable,17,5:00pm-5:59pm,26,26,17,5:00pm-5:59pm,35,35,18,6:00pm-6:59pm,0,0,,,,,,,1,
2021,4,41104,Arizona,2,2,0,0,0,5,5,13,MARICOPA (13),370,PHOENIX,11,11,9,September,2021,7,Saturday,23,11:00pm-11:59pm,57,57,0,This section IS NOT on the NHS,2,Urban,4,Minor Arterial,4,City or Municipal Highway Agency,6,Local Street - Municipality,N 35TH AVE,,0,None,33.55257778,33.55257778,-112.134416670,-112.134416670,0,No Special Jurisdiction,12,Motor Vehicle In-Transport,6,Angle,0,No,8,Driveway Access Related,1,Not an Intersection,0,None,,,1,On Roadway,3,Dark - Lighted,,,,,1,Clear,0,No,0000000,Not Applicable,99,Unknown,99,Unknown,99,Unknown EMS Scene Arrival Hour,99,Unknown EMS Scene Arrival Minutes,99,Unknown,99,Unknown EMS Hospital Arrival Time,,,,,,,1,
2021,4,41105,Arizona,3,3,0,0,0,4,4,13,MARICOPA (13),370,PHOENIX,13,13,9,September,2021,2,Monday,6,6:00am-6:59am,56,56,0,This section IS NOT on the NHS,2,Urban,4,Minor Arterial,4,City or Municipal Highway Agency,6,Local Street - Municipality,W BETHANY HOME RD,N 30TH AVE,0,None,33.52407778,33.52407778,-112.123438890,-112.123438890,0,No Special Jurisdiction,12,Motor Vehicle In-Transport,6,Angle,0,No,2,Intersection,4,Y-Intersection,0,None,,,1,On Roadway,1,Daylight,,,,,1,Clear,0,No,0000000,Not Applicable,99,Unknown,99,Unknown,99,Unknown EMS Scene Arrival Hour,99,Unknown EMS Scene Arrival Minutes,99,Unknown,99,Unknown EMS Hospital Arrival Time,,,,,,,1,
2021,4,41106,Arizona,1,1,0,0,0,1,1,13,MARICOPA (13),388,QUEEN CREEK,6,6,11,November,2021,7,Saturday,3,3:00am-3:59am,7,7,0,This section IS NOT on the NHS,2,Urban,4,Minor Arterial,80,Army,8,Other,W PIMA RD,S MERIDIAN RD,0,None,33.26299167,33.26299167,-111.583169440,-111.583169440,2,Military,33,Curb,0,The First Harmful Event was Not a Collision with a Motor Vehicle in Transport,0,No,3,Intersection-Related,2,Four-Way Intersection,0,None,,,4,On Roadside,3,Dark - Lighted,,,,,1,Clear,0,No,0000000,Not Applicable,3,3:00am-3:59am,7,7,3,3:00am-3:59am,15,15,3,3:00am-3:59am,45,45,,,,,,,1,
2021,4,41107,Arizona,2,2,0,0,0,5,5,13,MARICOPA (13),370,PHOENIX,9,9,11,November,2021,3,Tuesday,20,8:00pm-8:59pm,6,6,0,This section IS NOT on the NHS,2,Urban,4,Minor Arterial,4,City or Municipal Highway Agency,6,Local Street - Municipality,N 43RD AVE,,0,None,33.46730278,33.46730278,-112.151725000,-112.151725000,0,No Special Jurisdiction,12,Motor Vehicle In-Transport,6,Angle,0,No,8,Driveway Access Related,1,Not an Intersection,0,None,,,1,On Roadway,3,Dark - Lighted,,,,,1,Clear,0,No,0000000,Not Applicable,20,8:00pm-8:59pm,9,9,20,8:00pm-8:59pm,11,11,20,8:00pm-8:59pm,28,28,,,,,,,1,
2021,4,41108,Arizona,2,2,0,0,0,2,2,13,MARICOPA (13),370,PHOENIX,17,17,12,December,2021,6,Friday,20,8:00pm-8:59pm,21,21,0,This section IS NOT on the NHS,2,Urban,4,Minor Arterial,4,City or Municipal Highway Agency,6,Local Street - Municipality,N 35TH AVE,,0,None,33.67708056,33.67708056,-112.134766670,-112.134766670,0,No Special Jurisdiction,12,Motor Vehicle In-Transport,2,Front-to-Front,0,No,1,Non-Junction,1,Not an Intersection,0,None,,,1,On Roadway,3,Dark - Lighted,,,,,1,Clear,0,No,0000000,Not Applicable,99,Unknown,99,Unknown,99,Unknown EMS Scene Arrival Hour,99,Unknown EMS Scene Arrival Minutes,99,Unknown,99,Unknown EMS Hospital Arrival Time,,,,,,,1,
2021,4,41109,Arizona,2,2,0,0,0,2,2,5,COCONINO (5),590,WILLIAMS,23,23,12,December,2021,5,Thursday,10,10:00am-10:59am,39,39,0,This section IS NOT on the NHS,1,Rural,5,Major Collector,4,City or Municipal Highway Agency,6,Local Street - Municipality,ROUTE 66,,0,None,35.25726944,35.25726944,-112.163000000,-112.163000000,0,No Special Jurisdiction,12,Motor Vehicle In-Transport,2,Front-to-Front,0,No,1,Non-Junction,1,Not an Intersection,0,None,,,1,On Roadway,1,Daylight,,,,,10,Cloudy,0,No,0000000,Not Applicable,10,10:00am-10:59am,43,43,10,10:00am-10:59am,50,50,99,Unknown,99,Unknown EMS Hospital Arrival Time,,,,,,,1,
2021,4,41110,Arizona,1,1,0,1,1,1,1,13,MARICOPA (13),370,PHOENIX,27,27,4,April,2021,3,Tuesday,0,0:00am-0:59am,26,26,1,This section IS ON the NHS,2,Urban,3,Principal Arterial - Other,4,City or Municipal Highway Agency,6,Local Street - Municipality,E INDIAN SCHOOL RD,N 30TH ST,0,None,33.49510000,33.49510000,-112.017500000,-112.017500000,0,No Special Jurisdiction,8,Pedestrian,0,The First Harmful Event was Not a Collision with a Motor Vehicle in Transport,0,No,3,Intersection-Related,3,T-Intersection,0,None,,,1,On Roadway,3,Dark - Lighted,,,,,1,Clear,0,No,0000000,Not Applicable,99,Unknown,99,Unknown,99,Unknown EMS Scene Arrival Hour,99,Unknown EMS Scene Arrival Minutes,99,Unknown,99,Unknown EMS Hospital Arrival Time,,,,,,,1,
2021,4,41111,Arizona,1,1,0,1,1,1,1,13,MARICOPA (13),420,SCOTTSDALE,7,7,8,August,2021,7,Saturday,99,Unknown Hours,99,Unknown Minutes,9,Unknown if this section is on the NHS,9,Unknown,99,Unknown,99,Unknown,9,Unknown,E CAMELBACK RD,,0,None,77.77770000,77.77770000,777.777700000,777.777700000,9,Unknown,8,Pedestrian,0,The First Harmful Event was Not a Collision with a Motor Vehicle in Transport,8,Not Reported,98,Not Reported,98,Not Reported,0,None,,,1,On Roadway,8,Not Reported,,,,,98,Not Reported,0,No,0000000,Not Applicable,99,Unknown,99,Unknown,99,Unknown EMS Scene Arrival Hour,99,Unknown EMS Scene Arrival Minutes,99,Unknown,99,Unknown EMS Hospital Arrival Time,,,,,,,1,
2022,4,40001,Arizona,3,3,0,0,0,7,7,13,MARICOPA (13),370,PHOENIX,1,1,1,January,2022,7,Saturday,0,0:00am-0:59am,36,36,0,This section IS NOT on the NHS,2,Urban,4,Minor Arterial,4,City or Municipal Highway Agency,6,Local Street - Municipality,"E GREENWAY RD ",N 38TH ST,0,None,33.62630278,33.62630278,-112.000338890,-112.00033889,0,No Special Jurisdiction,12,Motor Vehicle In-Transport,6,Angle,0,No,2,Intersection,2,Four-Way Intersection,0,None,,,1,On Roadway,3,Dark - Lighted,,,,,2,Rain,0,No,0000000,Not Applicable,99,Unknown,99,Unknown,99,Unknown EMS Scene Arrival Hour,99,Unknown EMS Scene Arrival Minutes,99,Unknown,98,Unknown if Transported,,,,,,,1,
2022,4,40002,Arizona,1,1,0,0,0,1,1,13,MARICOPA (13),290,MESA,1,1,1,January,2022,7,Saturday,2,2:00am-2:59am,39,39,0,This section IS NOT on the NHS,2,Urban,4,Minor Arterial,1,State Highway Agency,6,Local Street - Municipality,E GUADALUPE RD,,0,None,33.36457778,33.36457778,-111.642180560,-111.64218056,0,No Special Jurisdiction,33,Curb,0,The First Harmful Event was Not a Collision with a Motor Vehicle in Transport,0,No,1,Non-Junction,1,Not an Intersection,0,None,,,4,On Roadside,3,Dark - Lighted,,,,,2,Rain,0,No,0000000,Not Applicable,2,2:00am-2:59am,39,39,2,2:00am-2:59am,45,45,88,"Not Applicable (Not Transported) ",88,Not Applicable (Not Transported),,,,,,,1,
2022,4,40003,Arizona,2,2,0,1,1,4,4,13,MARICOPA (13),80,CHANDLER,1,1,1,January,2022,7,Saturday,3,3:00am-3:59am,43,43,1,This section IS ON the NHS,1,Rural,3,Principal Arterial - Other,1,State Highway Agency,3,State Highway,SR-347,,261,261,33.24528889,33.24528889,-111.980172220,-111.98017222,0,No Special Jurisdiction,8,Pedestrian,0,The First Harmful Event was Not a Collision with a Motor Vehicle in Transport,0,No,1,Non-Junction,1,Not an Intersection,0,None,,,1,On Roadway,2,Dark - Not Lighted,,,,,2,Rain,0,No,0000000,Not Applicable,3,3:00am-3:59am,43,43,3,3:00am-3:59am,57,57,4,4:00am-4:59am,29,29,,,,,,,1,