caseyear,state,st_case,statename,ve_total,ve_forms,pvh_invl,peds,pernotmvit,permvit,persons,county,countyname,city,cityname,day,dayname,month,monthname,year,day_week,day_weekname,hour,hourname,minute,minutename,nhs,nhsname,rur_urb,rur_urbname,func_sys,func_sysname,rd_owner,rd_ownername,route,routename,tway_id,tway_id2,milept,mileptname,latitude,latitudename,longitud,longitudname,sp_jur,sp_jurname,harm_ev,harm_evname,man_coll,man_collname,reljct1,reljct1name,reljct2,reljct2name,typ_int,typ_intname,wrk_zone,wrk_zonename,road_fnc,road_fncname,rel_road,rel_roadname,lgt_cond,lgt_condname,weather1,weather1name,weather2,weather2name,weather,weathername,sch_bus,sch_busname,rail,railname,not_hour,not_hourname,not_min,not_minname,arr_hour,arr_hourname,arr_min,arr_minname,hosp_hr,hosp_hrname,hosp_mn,hosp_mnname,cf1,cf1name,cf2,cf2name,cf3,cf3name,fatals,drunk_dr
2022,4,40166,Arizona,4,4,0,0,0,6,6,13,MARICOPA (13),200,GLENDALE,2,2,3,March,2022,4,Wednesday,6,6:00am-6:59am,56,56,1,This section IS ON the NHS,2,Urban,3,Principal Arterial - Other,1,State Highway Agency,2,U.S. Highway,US-60,,0,None,33.54270278,33.54270278,-112.191058330,-112.19105833,0,No Special Jurisdiction,12,Motor Vehicle In-Transport,2,Front-to-Front,0,No,1,Non-Junction,1,Not an Intersection,0,None,,,1,On Roadway,1,Daylight,,,,,1,Clear,0,No,0000000,Not Applicable,99,Unknown,99,Unknown,99,Unknown EMS Scene Arrival Hour,99,Unknown EMS Scene Arrival Minutes,99,Unknown,99,Unknown EMS Hospital Arrival Time,,,,,,,1,
2022,4,40167,Arizona,2,2,0,0,0,2,2,13,MARICOPA (13),370,PHOENIX,2,2,3,March,2022,4,Wednesday,10,10:00am-10:59am,28,28,1,This section IS ON the NHS,2,Urban,3,Principal Arterial - Other,4,City or Municipal Highway Agency,6,Local Street - Municipality,N CAVE CREEK RD,,0,None,33.57576111,33.57576111,-112.057344440,-112.05734444,0,No Special Jurisdiction,12,Motor Vehicle In-Transport,1,Front-to-Rear,0,No,1,Non-Junction,1,Not an Intersection,0,None,,,1,On Roadway,1,Daylight,,,,,1,Clear,0,No,0000000,Not Applicable,99,Unknown,99,Unknown,99,Unknown EMS Scene Arrival Hour,99,Unknown EMS Scene Arrival Minutes,99,Unknown,99,Unknown EMS Hospital Arrival Time,,,,,,,1,
2022,4,40168,Arizona,2,2,0,0,0,2,2,19,PIMA (19),335,ORO VALLEY,1,1,3,March,2022,3,Tuesday,8,8:00am-8:59am,56,56,0,This section IS NOT on the NHS,2,Urban,3,Principal Arterial - Other,2,County Highway Agency,3,State Highway,SR-77,HARDY RD,89,89,32.36636389,32.36636389,-110.969744440,-110.96974444,0,No Special Jurisdiction,12,Motor Vehicle In-Transport,6,Angle,0,No,2,Intersection,2,Four-Way Intersection,0,None,,,1,On Roadway,1,Daylight,,,,,1,Clear,0,No,0000000,Not Applicable,8,8:00am-8:59am,56,56,9,9:00am-9:59am,1,1,88,"Not Applicable (Not Transported) ",88,Not Applicable (Not Transported),,,,,,,1,
2022,4,40170,Arizona,2,2,0,0,0,4,4,13,MARICOPA (13),370,PHOENIX,1,1,3,March,2022,3,Tuesday,16,4:00pm-4:59pm,21,21,0,This section IS NOT on the NHS,2,Urban,3,Principal Arterial - Other,1,State Highway Agency,3,State Highway,SR-74,,0,None,33.79810278,33.79810278,-112.145608330,-112.14560833,0,No Special Jurisdiction,12,Motor Vehicle In-Transport,2,Front-to-Front,0,No,1,Non-Junction,1,Not an Intersection,0,None,,,1,On Roadway,1,Daylight,,,,,1,Clear,0,No,0000000,Not Applicable,99,Unknown,99,Unknown,99,Unknown EMS Scene Arrival Hour,99,Unknown EMS Scene Arrival Minutes,99,Unknown,99,Unknown EMS Hospital Arrival Time,,,,,,,1,
2022,4,40171,Arizona,2,2,0,0,0,2,2,19,PIMA (19),530,TUCSON,1,1,3,March,2022,3,Tuesday,22,10:00pm-10:59pm,50,50,0,This section IS NOT on the NHS,2,Urban,4,Minor Arterial,1,State Highway Agency,3,State Highway,SR-19,,0,None,32.16265000,32.16265000,-110.968150000,-110.96815000,0,No Special Jurisdiction,12,Motor Vehicle In-Transport,2,Front-to-Front,0,No,1,Non-Junction,1,Not an Intersection,0,None,,,1,On Roadway,3,Dark - Lighted,,,,,1,Clear,0,No,0000000,Not Applicable,22,10:00pm-10:59pm,50,50,22,10:00pm-10:59pm,56,56,23,11:00pm-11:59pm,32,32,,,,,,,1,
2022,4,40172,Arizona,2,2,0,0,0,2,2,19,PIMA (19),295,MARANA,2,2,3,March,2022,4,Wednesday,13,1:00pm-1:59pm,22,22,0,This section IS NOT on the NHS,2,Urban,3,Principal Arterial - Other,1,State Highway Agency,6,Local Street - Municipality,W TANGERINE RD,N MANDARINA BLVD,0,None,32.42601944,32.42601944,-111.161991670,-111.16199167,0,No Special Jurisdiction,12,Motor Vehicle In-Transport,6,Angle,0,No,2,Intersection,3,T-Intersection,0,None,,,1,On Roadway,1,Daylight,,,,,1,Clear,0,No,0000000,Not Applicable,13,1:00pm-1:59pm,26,26,13,1:00pm-1:59pm,30,30,88,"Not Applicable (Not Transported) ",88,Not Applicable (Not Transported),,,,,,,1,
2022,4,40173,Arizona,2,2,0,0,0,2,2,3,COCHISE (3),130,DOUGLAS,2,2,3,March,2022,4,Wednesday,19,7:00pm-7:59pm,43,43,0,This section IS NOT on the NHS,1,Rural,4,Minor Arterial,1,State Highway Agency,2,U.S. Highway,US-191,W DOUBLE ADOBE RD,0,None,31.45168333,31.45168333,-109.606741670,-109.60674167,0,No Special Jurisdiction,12,Motor Vehicle In-Transport,6,Angle,0,No,3,Intersection-Related,3,T-Intersection,0,None,,,1,On Roadway,2,Dark - Not Lighted,,,,,1,Clear,0,No,0000000,Not Applicable,19,7:00pm-7:59pm,48,48,19,7:00pm-7:59pm,58,58,20,8:00pm-8:59pm,35,35,,,,,,,1,
2022,4,40174,Arizona,2,2,0,0,0,2,2,13,MARICOPA (13),370,PHOENIX,2,2,3,March,2022,4,Wednesday,21,9:00pm-9:59pm,14,14,0,This section IS NOT on the NHS,2,Urban,4,Minor Arterial,4,City or Municipal Highway Agency,6,Local Street - Municipality,E RAY RD,S MOUNTAIN PKWAY,0,None,33.31543333,33.31543333,-112.006730560,-112.00673056,0,No Special Jurisdiction,12,Motor Vehicle In-Transport,6,Angle,0,No,2,Intersection,2,Four-Way Intersection,0,None,,,1,On Roadway,3,Dark - Lighted,,,,,1,Clear,0,No,0000000,Not Applicable,99,Unknown,99,Unknown,99,Unknown EMS Scene Arrival Hour,99,Unknown EMS Scene Arrival Minutes,99,Unknown,99,Unknown EMS Hospital Arrival Time,,,,,,,1,
2022,4,40175,Arizona,1,1,0,0,0,1,1,21,PINAL (21),487,SUPERIOR,3,3,3,March,2022,5,Thursday,13,1:00pm-1:59pm,40,40,0,This section IS NOT on the NHS,1,Rural,5,Major Collector,1,State Highway Agency,3,State Highway,SR-177,,895,895,33.21835556,33.21835556,-111.066902780,-111.06690278,0,No Special Jurisdiction,52,Guardrail End,0,The First Harmful Event was Not a Collision with a Motor Vehicle in Transport,0,No,1,Non-Junction,1,Not an Intersection,0,None,,,4,On Roadside,1,Daylight,,,,,1,Clear,0,No,0000000,Not Applicable,13,1:00pm-1:59pm,42,42,14,2:00pm-2:59pm,5,5,88,"Not Applicable (Not Transported) ",88,Not Applicable (Not Transported),,,,,,,1,
2022,4,40176,Arizona,2,1,1,0,0,3,3,13,MARICOPA (13),370,PHOENIX,4,4,3,March,2022,6,Friday,0,0:00am-0:59am,47,47,0,This section IS NOT on the NHS,2,Urban,4,Minor Arterial,4,City or Municipal Highway Agency,6,Local Street - Municipality,S 7TH AVE,W HADLEY ST,0,None,33.43900278,33.43900278,-112.082455560,-112.08245556,0,No Special Jurisdiction,40,Fire Hydrant,0,The First Harmful Event was Not a Collision with a Motor Vehicle in Transport,0,No,3,Intersection-Related,2,Four-Way Intersection,0,None,,,4,On Roadside,2,Dark - Not Lighted,,,,,1,Clear,0,No,0000000,Not Applicable,99,Unknown,99,Unknown,99,Unknown EMS Scene Arrival Hour,99,Unknown EMS Scene Arrival Minutes,99,Unknown,99,Unknown EMS Hospital Arrival Time,,,,,,,1,
2022,4,40178,Arizona,2,2,0,0,0,3,3,25,YAVAPAI (25),0,NOT APPLICABLE,5,5,3,March,2022,7,Saturday,2,2:00am-2:59am,0,0,1,This section IS ON the NHS,1,Rural,3,Principal Arterial - Other,1,State Highway Agency,2,U.S. Highway,US-93,,1931,1931,34.04235000,34.04235000,-112.834147220,-112.83414722,0,No Special Jurisdiction,12,Motor Vehicle In-Transport,7,Sideswipe - Same Direction,0,No,1,Non-Junction,1,Not an Intersection,0,None,,,1,On Roadway,2,Dark - Not Lighted,,,,,1,Clear,0,No,0000000,Not Applicable,2,2:00am-2:59am,15,15,3,3:00am-3:59am,2,2,4,4:00am-4:59am,12,12,,,,,,,1,
2022,4,40179,Arizona,4,4,0,0,0,7,7,13,MARICOPA (13),370,PHOENIX,5,5,3,March,2022,7,Saturday,15,3:00pm-3:59pm,17,17,1,This section IS ON the NHS,2,Urban,3,Principal Arterial - Other,4,City or Municipal Highway Agency,6,Local Street - Municipality,N 51ST AVE,,0,None,33.48161944,33.48161944,-112.168986110,-112.16898611,0,No Special Jurisdiction,12,Motor Vehicle In-Transport,7,Sideswipe - Same Direction,0,No,1,Non-Junction,1,Not an Intersection,0,None,,,11,Continuous Left - Turn Lane,1,Daylight,,,,,1,Clear,0,No,0000000,Not Applicable,99,Unknown,99,Unknown,99,Unknown EMS Scene Arrival Hour,99,Unknown EMS Scene Arrival Minutes,99,Unknown,99,Unknown EMS Hospital Arrival Time,,,,,,,1,
2022,4,40180,Arizona,1,1,0,1,1,1,1,19,PIMA (19),530,TUCSON,5,5,3,March,2022,7,Saturday,21,9:00pm-9:59pm,34,34,0,This section IS NOT on the NHS,2,Urban,4,Minor Arterial,4,City or Municipal Highway Agency,6,Local Street - Municipality,W PRINCE RD,,0,None,32.27205556,32.27205556,-110.992436110,-110.99243611,0,No Special Jurisdiction,8,Pedestrian,0,The First Harmful Event was Not a Collision with a Motor Vehicle in Transport,0,No,1,Non-Junction,1,Not an Intersection,0,None,,,1,On Roadway,3,Dark - Lighted,,,,,1,Clear,0,No,0000000,Not Applicable,21,9:00pm-9:59pm,34,34,21,9:00pm-9:59pm,38,38,88,"Not Applicable (Not Transported) ",88,Not Applicable (Not Transported),,,,,,,1,
2022,4,40181,Arizona,2,2,0,0,0,2,2,3,COCHISE (3),40,BENSON,6,6,3,March,2022,1,Sunday,0,0:00am-0:59am,21,21,1,This section IS ON the NHS,1,Rural,1,Interstate,1,State Highway Agency,1,Interstate,I-10,,3061,3061,31.96570000,31.96570000,-110.270977780,-110.27097778,0,No Special Jurisdiction,12,Motor Vehicle In-Transport,1,Front-to-Rear,1,Yes,18,Through Roadway,1,Not an Intersection,0,None,,,1,On Roadway,3,Dark - Lighted,,,,,1,Clear,0,No,0000000,Not Applicable,0,0:00am-0:59am,24,24,0,0:00am-0:59am,37,37,88,"Not Applicable (Not Transported) ",88,Not Applicable (Not Transported),,,,,,,1,
2022,4,40182,Arizona,1,1,0,0,0,1,1,13,MARICOPA (13),368,PEORIA,6,6,3,March,2022,1,Sunday,2,2:00am-2:59am,32,32,0,This section IS NOT on the NHS,2,Urban,4,Minor Arterial,4,City or Municipal Highway Agency,6,Local Street - Municipality,W PEORIA AVE,,0,None,33.58066111,33.58066111,-112.261605560,-112.26160556,0,No Special Jurisdiction,33,Curb,0,The First Harmful Event was Not a Collision with a Motor Vehicle in Transport,0,No,1,Non-Junction,1,Not an Intersection,0,None,,,3,On Median,3,Dark - Lighted,,,,,1,Clear,0,No,0000000,Not Applicable,99,Unknown,99,Unknown,99,Unknown EMS Scene Arrival Hour,99,Unknown EMS Scene Arrival Minutes,99,Unknown,99,Unknown EMS Hospital Arrival Time,,,,,,,1,
2022,4,40183,Arizona,1,1,0,0,0,7,7,19,PIMA (19),0,NOT APPLICABLE,7,7,3,March,2022,2,Monday,23,11:00pm-11:59pm,11,11,1,This section IS ON the NHS,1,Rural,1,Interstate,1,State Highway Agency,1,Interstate,I-19,,311,311,31.74775833,31.74775833,-111.045058330,-111.04505833,0,No Special Jurisdiction,35,Embankment,0,The First Harmful Event was Not a Collision with a Motor Vehicle in Transport,0,No,1,Non-Junction,1,Not an Intersection,0,None,,,4,On Roadside,2,Dark - Not Lighted,,,,,1,Clear,0,No,0000000,Not Applicable,23,11:00pm-11:59pm,12,12,23,11:00pm-11:59pm,22,22,99,Unknown,99,Unknown EMS Hospital Arrival Time,,,,,,,2,
2022,4,40185,Arizona,2,2,0,0,0,4,4,5,COCONINO (5),0,NOT APPLICABLE,8,8,3,March,2022,3,Tuesday,7,7:00am-7:59am,12,12,1,This section IS ON the NHS,1,Rural,1,Interstate,1,State Highway Agency,1,Interstate,I-40,,2427,2427,35.07877778,35.07877778,-110.874758330,-110.87475833,0,No Special Jurisdiction,12,Motor Vehicle In-Transport,1,Front-to-Rear,0,No,1,Non-Junction,1,Not an Intersection,0,None,,,1,On Roadway,1,Daylight,,,,,1,Clear,0,No,0000000,Not Applicable,7,7:00am-7:59am,13,13,7,7:00am-7:59am,32,32,88,"Not Applicable (Not Transported) ",88,Not Applicable (Not Transported),,,,,,,2,
2022,4,40186,Arizona,2,2,0,0,0,2,2,13,MARICOPA (13),370,PHOENIX,8,8,3,March,2022,3,Tuesday,9,9:00am-9:59am,11,11,0,This section IS NOT on the NHS,2,Urban,4,Minor Arterial,4,City or Municipal Highway Agency,6,Local Street - Municipality,E BROADWAY RD,,0,None,33.40727500,33.40727500,-111.988516670,-111.98851667,0,No Special Jurisdiction,12,Motor Vehicle In-Transport,6,Angle,0,No,1,Non-Junction,1,Not an Intersection,0,None,,,1,On Roadway,1,Daylight,,,,,1,Clear,0,No,0000000,Not Applicable,99,Unknown,99,Unknown,99,Unknown EMS Scene Arrival Hour,99,Unknown EMS Scene Arrival Minutes,88,"Not Applicable (Not Transported) ",88,Not Applicable (Not Transported),,,,,,,1,
2022,4,40187,Arizona,2,2,0,0,0,4,4,21,PINAL (21),180,FLORENCE,8,8,3,March,2022,3,Tuesday,16,4:00pm-4:59pm,16,16,0,This section IS NOT on the NHS,1,Rural,3,Principal Arterial - Other,1,State Highway Agency,3,State Highway,SR-79,,551,551,33.21440278,33.21440278,-111.346672220,-111.34667222,0,No Special Jurisdiction,12,Motor Vehicle In-Transport,2,Front-to-Front,0,No,1,Non-Junction,1,Not an Intersection,0,None,,,1,On Roadway,1,Daylight,,,,,1,Clear,0,No,0000000,Not Applicable,17,5:00pm-5:59pm,35,35,17,5:00pm-5:59pm,40,40,99,Unknown,99,Unknown EMS Hospital Arrival Time,,,,,,,3,
2022,4,40188,Arizona,7,7,0,0,0,9,9,13,MARICOPA (13),490,TEMPE,9,9,3,March,2022,4,Wednesday,3,3:00am-3:59am,17,17,1,This section IS ON the NHS,2,Urban,1,Interstate,1,State Highway Agency,1,Interstate,I-10,,1539,1539,33.39943333,33.39943333,-111.967736110,-111.96773611,0,No Special Jurisdiction,12,Motor Vehicle In-Transport,2,Front-to-Front,0,No,1,Non-Junction,1,Not an Intersection,1,Construction,,,1,On Roadway,3,Dark - Lighted,,,,,1,Clear,0,No,0000000,Not Applicable,3,3:00am-3:59am,20,20,3,3:00am-3:59am,29,29,88,"Not Applicable (Not Transported) ",88,Not Applicable (Not Transported),,,,,,,1,
2022,4,40189,Arizona,1,1,0,0,0,1,1,17,NAVAJO (17),0,NOT APPLICABLE,9,9,3,March,2022,4,Wednesday,11,11:00am-11:59am,4,4,0,This section IS NOT on the NHS,1,Rural,4,Minor Arterial,1,State Highway Agency,2,U.S. Highway,US-180,,1910,1910,34.78895833,34.78895833,-109.883366670,-109.88336667,0,No Special Jurisdiction,41,Shrubbery,0,The First Harmful Event was Not a Collision with a Motor Vehicle in Transport,0,No,1,Non-Junction,1,Not an Intersection,0,None,,,4,On Roadside,1,Daylight,,,,,1,Clear,0,No,0000000,Not Applicable,11,11:00am-11:59am,12,12,11,11:00am-11:59am,38,38,88,"Not Applicable (Not Transported) ",88,Not Applicable (Not Transported),,,,,,,1,
2022,4,40190,Arizona,4,4,0,0,0,7,7,19,PIMA (19),530,TUCSON,9,9,3,March,2022,4,Wednesday,12,12:00pm-12:59pm,29,29,0,This section IS NOT on the NHS,2,Urban,3,Principal Arterial - Other,4,City or Municipal Highway Agency,6,Local Street - Municipality,E SPEEDWAY BLVD,,0,None,32.23566944,32.23566944,-110.840388890,-110.84038889,0,No Special Jurisdiction,12,Motor Vehicle In-Transport,1,Front-to-Rear,0,No,1,Non-Junction,1,Not an Intersection,0,None,,,1,On Roadway,1,Daylight,,,,,1,Clear,0,No,0000000,Not Applicable,12,12:00pm-12:59pm,29,29,12,12:00pm-12:59pm,32,32,12,12:00pm-12:59pm,47,47,,,,,,,1,
2022,4,40192,Arizona,2,2,0,0,0,4,4,13,MARICOPA (13),341,NEW RIVER,10,10,3,March,2022,5,Thursday,12,12:00pm-12:59pm,5,5,0,This section IS NOT on the NHS,2,Urban,5,Major Collector,2,County Highway Agency,8,Other,N NEW RIVER RD,E HONDA BOW RD,0,None,33.87166667,33.87166667,-112.064936110,-112.06493611,0,No Special Jurisdiction,12,Motor Vehicle In-Transport,6,Angle,0,No,2,Intersection,2,Four-Way Intersection,0,None,,,1,On Roadway,1,Daylight,,,,,1,Clear,0,No,0000000,Not Applicable,12,12:00pm-12:59pm,6,6,12,12:00pm-12:59pm,10,10,99,Unknown,99,Unknown EMS Hospital Arrival Time,,,,,,,1,
2022,4,40193,Arizona,2,1,1,0,1,4,5,5,COCONINO (5),170,FLAGSTAFF,12,12,3,March,2022,7,Saturday,5,5:00am-5:59am,42,42,1,This section IS ON the NHS,1,Rural,1,Interstate,1,State Highway Agency,1,Interstate,I-40,,2047,2047,35.20671944,35.20671944,-111.509211110,-111.50921111,0,No Special Jurisdiction,14,Parked Motor Vehicle,0,The First Harmful Event was Not a Collision with a Motor Vehicle in Transport,0,No,1,Non-Junction,1,Not an Intersection,0,None,,,2,On Shoulder,2,Dark - Not Lighted,,,,,1,Clear,0,No,0000000,Not Applicable,5,5:00am-5:59am,48,48,5,5:00am-5:59am,58,58,99,Unknown,99,Unknown EMS Hospital Arrival Time,,,,,,,1,
2022,4,40194,Arizona,2,2,0,0,0,3,3,13,MARICOPA (13),368,PEORIA,12,12,3,March,2022,7,Saturday,11,11:00am-11:59am,17,17,0,This section IS NOT on the NHS,1,Rural,3,Principal Arterial - Other,1,State Highway Agency,3,State Highway,SR-74,N CASTLE HOT SPRINGS RD,179,179,33.83447222,33.83447222,-112.315513890,-112.31551389,0,No Special Jurisdiction,12,Motor Vehicle In-Transport,6,Angle,0,No,2,Intersection,3,T-Intersection,0,None,,,1,On Roadway,1,Daylight,,,,,1,Clear,0,No,0000000,Not Applicable,11,11:00am-11:59am,17,17,11,11:00am-11:59am,26,26,99,Unknown,99,Unknown EMS Hospital Arrival Time,,,,,,,1,
2022,4,40195,Arizona,2,2,0,0,0,7,7,13,MARICOPA (13),290,MESA,12,12,3,March,2022,7,Saturday,19,7:00pm-7:59pm,6,6,0,This section IS NOT on the NHS,2,Urban,4,Minor Arterial,4,City or Municipal Highway Agency,6,Local Street - Municipality,W SOUTHERN AVE,,0,None,33.39341667,33.39341667,-111.838261110,-111.83826111,0,No Special Jurisdiction,12,Motor Vehicle In-Transport,6,Angle,0,No,8,Driveway Access Related,1,Not an Intersection,0,None,,,1,On Roadway,3,Dark - Lighted,,,,,1,Clear,0,No,0000000,Not Applicable,19,7:00pm-7:59pm,6,6,19,7:00pm-7:59pm,10,10,19,7:00pm-7:59pm,20,20,,,,,,,1,
2022,4,40196,Arizona,2,2,0,0,0,2,2,27,YUMA (27),553,WELLTON,14,14,3,March,2022,2,Monday,2,2:00am-2:59am,34,34,1,This section IS ON the NHS,1,Rural,1,Interstate,1,State Highway Agency,1,Interstate,I-8,,87,87,32.68837500,32.68837500,-113.986197220,-113.98619722,0,No Special Jurisdiction,12,Motor Vehicle In-Transport,1,Front-to-Rear,0,No,1,Non-Junction,1,Not an Intersection,0,None,,,1,On Roadway,2,Dark - Not Lighted,,,,,1,Clear,0,No,0000000,Not Applicable,2,2:00am-2:59am,38,38,2,2:00am-2:59am,59,59,88,"Not Applicable (Not Transported) ",88,Not Applicable (Not Transported),,,,,,,1,
2022,4,40197,Arizona,1,1,0,0,0,1,1,13,MARICOPA (13),80,CHANDLER,15,15,3,March,2022,3,Tuesday,3,3:00am-3:59am,16,16,1,This section IS ON the NHS,2,Urban,2,Principal Arterial - Other Freeways and Expressways,1,State Highway Agency,3,State Highway,SR-202,,549,549,33.29553611,33.29553611,-111.962011110,-111.96201111,0,No Special Jurisdiction,20,Impact Attenuator/Crash Cushion,0,The First Harmful Event was Not a Collision with a Motor Vehicle in Transport,0,No,1,Non-Junction,1,Not an Intersection,0,None,,,8,Gore,3,Dark - Lighted,,,,,1,Clear,0,No,0000000,Not Applicable,3,3:00am-3:59am,22,22,3,3:00am-3:59am,29,29,88,"Not Applicable (Not Transported) ",88,Not Applicable (Not Transported),,,,,,,1,
2022,4,40198,Arizona,3,3,0,0,0,4,4,17,NAVAJO (17),240,HOLBROOK,15,15,3,March,2022,3,Tuesday,11,11:00am-11:59am,19,19,0,This section IS NOT on the NHS,1,Rural,5,Major Collector,1,State Highway Agency,3,State Highway,SR-377,,319,319,34.84030556,34.84030556,-110.181341670,-110.18134167,0,No Special Jurisdiction,12,Motor Vehicle In-Transport,8,Sideswipe - Opposite Direction,0,No,1,Non-Junction,1,Not an Intersection,0,None,,,1,On Roadway,1,Daylight,,,,,1,Clear,0,No,0000000,Not Applicable,11,11:00am-11:59am,25,25,11,11:00am-11:59am,35,35,88,"Not Applicable (Not Transported) ",88,Not Applicable (Not Transported),,,,,,,2,
2022,4,40199,Arizona,1,1,0,1,1,1,1,13,MARICOPA (13),370,PHOENIX,16,16,3,March,2022,4,Wednesday,20,8:00pm-8:59pm,45,45,1,This section IS ON the NHS,2,Urban,3,Principal Arterial - Other,4,City or Municipal Highway Agency,6,Local Street - Municipality,W BELL RD,,0,None,33.64008611,33.64008611,-112.096366670,-112.09636667,0,No Special Jurisdiction,8,Pedestrian,0,The First Harmful Event was Not a Collision with a Motor Vehicle in Transport,0,No,1,Non-Junction,1,Not an Intersection,0,None,,,1,On Roadway,3,Dark - Lighted,,,,,1,Clear,0,No,0000000,Not Applicable,99,Unknown,99,Unknown,99,Unknown EMS Scene Arrival Hour,99,Unknown EMS Scene Arrival Minutes,99,Unknown,99,Unknown EMS Hospital Arrival Time,,,,,,,1,
2022,4,40200,Arizona,1,1,0,1,1,1,1,19,PIMA (19),530,TUCSON,16,16,3,March,2022,4,Wednesday,21,9:00pm-9:59pm,44,44,0,This section IS NOT on the NHS,2,Urban,3,Principal Arterial - Other,4,City or Municipal Highway Agency,6,Local Street - Municipality,W GRANT RD,,0,None,32.25027500,32.25027500,-110.973980560,-110.97398056,0,No Special Jurisdiction,8,Pedestrian,0,The First Harmful Event was Not a Collision with a Motor Vehicle in Transport,0,No,1,Non-Junction,1,Not an Intersection,0,None,,,1,On Roadway,3,Dark - Lighted,,,,,1,Clear,0,No,0000000,Not Applicable,99,Unknown,99,Unknown,99,Unknown EMS Scene Arrival Hour,99,Unknown EMS Scene Arrival Minutes,88,"Not Applicable (Not Transported) ",88,Not Applicable (Not Transported),,,,,,,1,
2022,4,40201,Arizona,1,1,0,0,0,1,1,19,PIMA (19),530,TUCSON,17,17,3,March,2022,5,Thursday,11,11:00am-11:59am,45,45,0,This section IS NOT on the NHS,2,Urban,5,Major Collector,2,County Highway Agency,6,Local Street - Municipality,W TETAKUSIM RD,,0,None,32.11550833,32.11550833,-111.054083330,-111.05408333,0,No Special Jurisdiction,1,Rollover/Overturn,0,The First Harmful Event was Not a Collision with a Motor Vehicle in Transport,0,No,1,Non-Junction,1,Not an Intersection,0,None,,,1,On Roadway,1,Daylight,,,,,1,Clear,0,No,0000000,Not Applicable,11,11:00am-11:59am,45,45,11,11:00am-11:59am,53,53,12,12:00pm-12:59pm,18,18,,,,,,,1,
2022,4,40202,Arizona,2,2,0,0,0,2,2,13,MARICOPA (13),158,EL MIRAGE,17,17,3,March,2022,5,Thursday,14,2:00pm-2:59pm,42,42,1,This section IS ON the NHS,2,Urban,3,Principal Arterial - Other,1,State Highway Agency,2,U.S. Highway,US-60,W ACOMA DR,1132,1132,33.61963889,33.61963889,-112.325911110,-112.32591111,0,No Special Jurisdiction,12,Motor Vehicle In-Transport,1,Front-to-Rear,0,No,2,Intersection,3,T-Intersection,0,None,,,1,On Roadway,1,Daylight,,,,,1,Clear,0,No,0000000,Not Applicable,15,3:00pm-3:59pm,30,30,14,2:00pm-2:59pm,45,45,99,Unknown,99,Unknown EMS Hospital Arrival Time,,,,,,,1,
2022,4,40203,Arizona,2,2,0,0,0,3,3,13,MARICOPA (13),370,PHOENIX,17,17,3,March,2022,5,Thursday,21,9:00pm-9:59pm,33,33,0,This section IS NOT on the NHS,2,Urban,4,Minor Arterial,4,City or Municipal Highway Agency,6,Local Street - Municipality,W THOMAS RD,,0,None,33.47983056,33.47983056,-112.243794440,-112.24379444,0,No Special Jurisdiction,12,Motor Vehicle In-Transport,2,Front-to-Front,0,No,1,Non-Junction,1,Not an Intersection,0,None,,,1,On Roadway,3,Dark - Lighted,,,,,1,Clear,0,No,0000000,Not Applicable,99,Unknown,99,Unknown,99,Unknown EMS Scene Arrival Hour,99,Unknown EMS Scene Arrival Minutes,88,"Not Applicable (Not Transported) ",88,Not Applicable (Not Transported),,,,,,,2,
2022,4,40204,Arizona,1,1,0,1,1,1,1,5,COCONINO (5),170,FLAGSTAFF,18,18,3,March,2022,6,Friday,0,0:00am-0:59am,5,5,0,This section IS NOT on the NHS,2,Urban,3,Principal Arterial - Other,1,State Highway Agency,3,State Highway,SR-40,,0,None,35.21304444,35.21304444,-111.600516670,-111.60051667,0,No Special Jurisdiction,8,Pedestrian,0,The First Harmful Event was Not a Collision with a Motor Vehicle in Transport,0,No,1,Non-Junction,1,Not an Intersection,0,None,,,1,On Roadway,3,Dark - Lighted,,,,,1,Clear,0,No,0000000,Not Applicable,99,Unknown,99,Unknown,99,Unknown EMS Scene Arrival Hour,99,Unknown EMS Scene Arrival Minutes,99,Unknown,99,Unknown EMS Hospital Arrival Time,,,,,,,1,
2022,4,40205,Arizona,1,1,0,0,0,2,2,21,PINAL (21),70,CASA GRANDE,19,19,3,March,2022,7,Saturday,4,4:00am-4:59am,31,31,0,This section IS NOT on the NHS,1,Rural,7,Local,4,City or Municipal Highway Agency,6,Local Street - Municipality,W CLAYTON RD,,0,None,32.89398889,32.89398889,-111.792888890,-111.79288889,0,No Special Jurisdiction,35,Embankment,0,The First Harmful Event was Not a Collision with a Motor Vehicle in Transport,0,No,1,Non-Junction,1,Not an Intersection,0,None,,,4,On Roadside,2,Dark - Not Lighted,,,,,1,Clear,0,No,0000000,Not Applicable,4,4:00am-4:59am,32,32,4,4:00am-4:59am,44,44,99,Unknown,99,Unknown EMS Hospital Arrival Time,,,,,,,1,
2022,4,40206,Arizona,1,1,0,2,2,1,1,19,PIMA (19),530,TUCSON,19,19,3,March,2022,7,Saturday,9,9:00am-9:59am,39,39,0,This section IS NOT on the NHS,2,Urban,3,Principal Arterial - Other,2,County Highway Agency,6,Local Street - Municipality,E SUNRISE DR,,0,None,32.30819167,32.30819167,-110.901561110,-110.90156111,0,No Special Jurisdiction,9,Pedalcyclist,0,The First Harmful Event was Not a Collision with a Motor Vehicle in Transport,0,No,1,Non-Junction,1,Not an Intersection,0,None,,,4,On Roadside,1,Daylight,,,,,1,Clear,0,No,0000000,Not Applicable,9,9:00am-9:59am,39,39,9,9:00am-9:59am,52,52,88,"Not Applicable (Not Transported) ",88,Not Applicable (Not Transported),,,,,,,2,