caseyear,state,st_case,statename,ve_total,ve_forms,pvh_invl,peds,pernotmvit,permvit,persons,county,countyname,city,cityname,day,dayname,month,monthname,year,day_week,day_weekname,hour,hourname,minute,minutename,nhs,nhsname,rur_urb,rur_urbname,func_sys,func_sysname,rd_owner,rd_ownername,route,routename,tway_id,tway_id2,milept,mileptname,latitude,latitudename,longitud,longitudname,sp_jur,sp_jurname,harm_ev,harm_evname,man_coll,man_collname,reljct1,reljct1name,reljct2,reljct2name,typ_int,typ_intname,wrk_zone,wrk_zonename,road_fnc,road_fncname,rel_road,rel_roadname,lgt_cond,lgt_condname,weather1,weather1name,weather2,weather2name,weather,weathername,sch_bus,sch_busname,rail,railname,not_hour,not_hourname,not_min,not_minname,arr_hour,arr_hourname,arr_min,arr_minname,hosp_hr,hosp_hrname,hosp_mn,hosp_mnname,cf1,cf1name,cf2,cf2name,cf3,cf3name,fatals,drunk_dr
2022,4,40208,Arizona,1,1,0,0,0,1,1,21,PINAL (21),70,CASA GRANDE,20,20,3,March,2022,1,Sunday,11,11:00am-11:59am,46,46,1,This section IS ON the NHS,1,Rural,1,Interstate,1,State Highway Agency,1,Interstate,I-8,,1700,1700,32.82789722,32.82789722,-111.815691670,-111.81569167,0,No Special Jurisdiction,18,Other Object (not fixed),0,The First Harmful Event was Not a Collision with a Motor Vehicle in Transport,0,No,1,Non-Junction,1,Not an Intersection,0,None,,,1,On Roadway,1,Daylight,,,,,1,Clear,0,No,0000000,Not Applicable,11,11:00am-11:59am,15,15,12,12:00pm-12:59pm,1,1,88,"Not Applicable (Not Transported) ",88,Not Applicable (Not Transported),,,,,,,1,
2022,4,40209,Arizona,1,1,0,0,0,1,1,11,GREENLEE (11),0,NOT APPLICABLE,21,21,3,March,2022,2,Monday,12,12:00pm-12:59pm,3,3,0,This section IS NOT on the NHS,1,Rural,5,Major Collector,1,State Highway Agency,2,U.S. Highway,US-191,,1968,1968,33.21685278,33.21685278,-109.381130560,-109.38113056,0,No Special Jurisdiction,1,Rollover/Overturn,0,The First Harmful Event was Not a Collision with a Motor Vehicle in Transport,0,No,1,Non-Junction,1,Not an Intersection,0,None,,,4,On Roadside,1,Daylight,,,,,4,Snow,0,No,0000000,Not Applicable,13,1:00pm-1:59pm,40,40,14,2:00pm-2:59pm,13,13,88,"Not Applicable (Not Transported) ",88,Not Applicable (Not Transported),,,,,,,1,
2022,4,40210,Arizona,1,1,0,0,0,2,2,3,COCHISE (3),40,BENSON,21,21,3,March,2022,2,Monday,22,10:00pm-10:59pm,44,44,1,This section IS ON the NHS,1,Rural,1,Interstate,1,State Highway Agency,1,Interstate,I-10,,3033,3033,31.96770556,31.96770556,-110.333797220,-110.33379722,0,No Special Jurisdiction,18,Other Object (not fixed),0,The First Harmful Event was Not a Collision with a Motor Vehicle in Transport,0,No,1,Non-Junction,1,Not an Intersection,0,None,,,4,On Roadside,2,Dark - Not Lighted,,,,,1,Clear,0,No,0000000,Not Applicable,22,10:00pm-10:59pm,45,45,23,11:00pm-11:59pm,38,38,99,Unknown,99,Unknown EMS Hospital Arrival Time,,,,,,,1,
2022,4,40211,Arizona,1,1,0,1,1,2,2,13,MARICOPA (13),200,GLENDALE,22,22,3,March,2022,3,Tuesday,14,2:00pm-2:59pm,48,48,0,This section IS NOT on the NHS,2,Urban,6,Minor Collector,4,City or Municipal Highway Agency,6,Local Street - Municipality,N BALL PARK BLVD,,0,None,33.51426667,33.51426667,-112.298786110,-112.29878611,0,No Special Jurisdiction,9,Pedalcyclist,0,The First Harmful Event was Not a Collision with a Motor Vehicle in Transport,0,No,1,Non-Junction,1,Not an Intersection,0,None,,,1,On Roadway,1,Daylight,,,,,1,Clear,0,No,0000000,Not Applicable,99,Unknown,99,Unknown,99,Unknown EMS Scene Arrival Hour,99,Unknown EMS Scene Arrival Minutes,99,Unknown,99,Unknown EMS Hospital Arrival Time,,,,,,,1,
2022,4,40212,Arizona,2,2,0,0,0,4,4,13,MARICOPA (13),290,MESA,22,22,3,March,2022,3,Tuesday,17,5:00pm-5:59pm,32,32,0,This section IS NOT on the NHS,2,Urban,4,Minor Arterial,4,City or Municipal Highway Agency,6,Local Street - Municipality,E MAIN ST,S WINDSOR,0,None,33.41545556,33.41545556,-111.777547220,-111.77754722,0,No Special Jurisdiction,12,Motor Vehicle In-Transport,6,Angle,0,No,2,Intersection,3,T-Intersection,0,None,,,1,On Roadway,1,Daylight,,,,,1,Clear,0,No,0000000,Not Applicable,17,5:00pm-5:59pm,34,34,17,5:00pm-5:59pm,39,39,18,6:00pm-6:59pm,4,4,,,,,,,2,
2022,4,40213,Arizona,1,1,0,1,1,2,2,13,MARICOPA (13),370,PHOENIX,23,23,3,March,2022,4,Wednesday,1,1:00am-1:59am,32,32,1,This section IS ON the NHS,2,Urban,2,Principal Arterial - Other Freeways and Expressways,1,State Highway Agency,3,State Highway,SR-202,,19,19,33.45929722,33.45929722,-111.994761110,-111.99476111,0,No Special Jurisdiction,9,Pedalcyclist,0,The First Harmful Event was Not a Collision with a Motor Vehicle in Transport,0,No,1,Non-Junction,1,Not an Intersection,0,None,,,1,On Roadway,3,Dark - Lighted,,,,,1,Clear,0,No,0000000,Not Applicable,1,1:00am-1:59am,41,41,1,1:00am-1:59am,49,49,88,"Not Applicable (Not Transported) ",88,Not Applicable (Not Transported),,,,,,,1,
2022,4,40214,Arizona,2,2,0,0,0,3,3,13,MARICOPA (13),370,PHOENIX,23,23,3,March,2022,4,Wednesday,6,6:00am-6:59am,27,27,0,This section IS NOT on the NHS,2,Urban,4,Minor Arterial,4,City or Municipal Highway Agency,6,Local Street - Municipality,W THOMAS RD,,0,None,33.48047222,33.48047222,-112.165619440,-112.16561944,0,No Special Jurisdiction,12,Motor Vehicle In-Transport,2,Front-to-Front,0,No,1,Non-Junction,1,Not an Intersection,0,None,,,1,On Roadway,1,Daylight,,,,,1,Clear,0,No,0000000,Not Applicable,99,Unknown,99,Unknown,99,Unknown EMS Scene Arrival Hour,99,Unknown EMS Scene Arrival Minutes,99,Unknown,99,Unknown EMS Hospital Arrival Time,,,,,,,1,
2022,4,40215,Arizona,2,2,0,0,0,2,2,13,MARICOPA (13),0,NOT APPLICABLE,23,23,3,March,2022,4,Wednesday,13,1:00pm-1:59pm,48,48,0,This section IS NOT on the NHS,1,Rural,3,Principal Arterial - Other,1,State Highway Agency,3,State Highway,SR-74,,159,159,33.83399722,33.83399722,-112.356447220,-112.35644722,0,No Special Jurisdiction,12,Motor Vehicle In-Transport,2,Front-to-Front,0,No,1,Non-Junction,1,Not an Intersection,0,None,,,1,On Roadway,1,Daylight,,,,,1,Clear,0,No,0000000,Not Applicable,13,1:00pm-1:59pm,53,53,14,2:00pm-2:59pm,8,8,99,Unknown,99,Unknown EMS Hospital Arrival Time,,,,,,,1,
2022,4,40216,Arizona,2,2,0,0,0,2,2,13,MARICOPA (13),220,GOODYEAR,24,24,3,March,2022,5,Thursday,1,1:00am-1:59am,37,37,1,This section IS ON the NHS,2,Urban,3,Principal Arterial - Other,2,County Highway Agency,4,County Road,CR-MC-85,,0,None,33.40383889,33.40383889,-112.431100000,-112.43110000,0,No Special Jurisdiction,12,Motor Vehicle In-Transport,2,Front-to-Front,0,No,1,Non-Junction,1,Not an Intersection,1,Construction,,,1,On Roadway,2,Dark - Not Lighted,,,,,1,Clear,0,No,0000000,Not Applicable,0,0:00am-0:59am,35,35,0,0:00am-0:59am,45,45,99,Unknown,99,Unknown EMS Hospital Arrival Time,,,,,,,1,
2022,4,40217,Arizona,1,1,0,0,0,1,1,19,PIMA (19),530,TUCSON,24,24,3,March,2022,5,Thursday,6,6:00am-6:59am,33,33,0,This section IS NOT on the NHS,2,Urban,7,Local,4,City or Municipal Highway Agency,6,Local Street - Municipality,E 28TH ST,,0,None,32.20106667,32.20106667,-110.869866670,-110.86986667,0,No Special Jurisdiction,18,Other Object (not fixed),0,The First Harmful Event was Not a Collision with a Motor Vehicle in Transport,0,No,1,Non-Junction,1,Not an Intersection,0,None,,,4,On Roadside,1,Daylight,,,,,1,Clear,0,No,0000000,Not Applicable,6,6:00am-6:59am,34,34,6,6:00am-6:59am,38,38,7,7:00am-7:59am,6,6,,,,,,,1,
2022,4,40218,Arizona,3,3,0,0,0,4,4,21,PINAL (21),0,NOT APPLICABLE,24,24,3,March,2022,5,Thursday,19,7:00pm-7:59pm,46,46,0,This section IS NOT on the NHS,1,Rural,3,Principal Arterial - Other,1,State Highway Agency,3,State Highway,SR-347,W PAPAGO RD,81,81,32.98559722,32.98559722,-112.048033330,-112.04803333,0,No Special Jurisdiction,12,Motor Vehicle In-Transport,6,Angle,0,No,2,Intersection,4,Y-Intersection,0,None,,,1,On Roadway,2,Dark - Not Lighted,,,,,1,Clear,0,No,0000000,Not Applicable,21,9:00pm-9:59pm,48,48,21,9:00pm-9:59pm,50,50,99,Unknown,99,Unknown EMS Hospital Arrival Time,,,,,,,2,
2022,4,40219,Arizona,2,2,0,0,0,3,3,7,GILA (7),365,PAYSON,25,25,3,March,2022,6,Friday,13,1:00pm-1:59pm,51,51,1,This section IS ON the NHS,2,Urban,3,Principal Arterial - Other,1,State Highway Agency,3,State Highway,SR-260,,717,717,34.24188889,34.24188889,-111.310211110,-111.31021111,0,No Special Jurisdiction,12,Motor Vehicle In-Transport,6,Angle,0,No,8,Driveway Access Related,1,Not an Intersection,0,None,,,1,On Roadway,1,Daylight,,,,,1,Clear,0,No,0000000,Not Applicable,13,1:00pm-1:59pm,54,54,14,2:00pm-2:59pm,1,1,99,Unknown,99,Unknown EMS Hospital Arrival Time,,,,,,,1,
2022,4,40220,Arizona,3,3,0,0,0,3,3,13,MARICOPA (13),370,PHOENIX,25,25,3,March,2022,6,Friday,14,2:00pm-2:59pm,17,17,1,This section IS ON the NHS,2,Urban,1,Interstate,1,State Highway Agency,1,Interstate,I-10,,1520,1520,33.41076389,33.41076389,-111.989408330,-111.98940833,0,No Special Jurisdiction,12,Motor Vehicle In-Transport,1,Front-to-Rear,1,Yes,18,Through Roadway,1,Not an Intersection,1,Construction,,,1,On Roadway,1,Daylight,,,,,1,Clear,0,No,0000000,Not Applicable,14,2:00pm-2:59pm,21,21,14,2:00pm-2:59pm,27,27,14,2:00pm-2:59pm,45,45,,,,,,,1,
2022,4,40221,Arizona,1,1,0,0,0,1,1,13,MARICOPA (13),490,TEMPE,25,25,3,March,2022,6,Friday,20,8:00pm-8:59pm,37,37,1,This section IS ON the NHS,2,Urban,1,Interstate,1,State Highway Agency,1,Interstate,I-10,,1577,1577,33.35805833,33.35805833,-111.970213890,-111.97021389,0,No Special Jurisdiction,1,Rollover/Overturn,0,The First Harmful Event was Not a Collision with a Motor Vehicle in Transport,0,No,1,Non-Junction,1,Not an Intersection,0,None,,,1,On Roadway,3,Dark - Lighted,,,,,1,Clear,0,No,0000000,Not Applicable,20,8:00pm-8:59pm,37,37,20,8:00pm-8:59pm,49,49,22,10:00pm-10:59pm,30,30,,,,,,,1,
2022,4,40222,Arizona,1,1,0,1,1,1,1,19,PIMA (19),530,TUCSON,25,25,3,March,2022,6,Friday,20,8:00pm-8:59pm,49,49,0,This section IS NOT on the NHS,2,Urban,6,Minor Collector,1,State Highway Agency,7,Local Street - Frontage Road,I 10 FRONTAGE RD,,0,None,32.31039167,32.31039167,-111.042172220,-111.04217222,0,No Special Jurisdiction,9,Pedalcyclist,0,The First Harmful Event was Not a Collision with a Motor Vehicle in Transport,0,No,1,Non-Junction,1,Not an Intersection,0,None,,,1,On Roadway,2,Dark - Not Lighted,,,,,1,Clear,0,No,0000000,Not Applicable,20,8:00pm-8:59pm,56,56,21,9:00pm-9:59pm,8,8,21,9:00pm-9:59pm,24,24,,,,,,,1,
2022,4,40223,Arizona,1,1,0,1,1,1,1,13,MARICOPA (13),200,GLENDALE,26,26,3,March,2022,7,Saturday,19,7:00pm-7:59pm,55,55,0,This section IS NOT on the NHS,2,Urban,4,Minor Arterial,4,City or Municipal Highway Agency,6,Local Street - Municipality,N 67TH AVE,,0,None,33.63615000,33.63615000,-112.202847220,-112.20284722,0,No Special Jurisdiction,8,Pedestrian,0,The First Harmful Event was Not a Collision with a Motor Vehicle in Transport,0,No,1,Non-Junction,1,Not an Intersection,0,None,,,1,On Roadway,3,Dark - Lighted,,,,,1,Clear,0,No,0000000,Not Applicable,99,Unknown,99,Unknown,99,Unknown EMS Scene Arrival Hour,99,Unknown EMS Scene Arrival Minutes,99,Unknown,99,Unknown EMS Hospital Arrival Time,,,,,,,1,
2022,4,40225,Arizona,1,1,0,1,1,1,1,13,MARICOPA (13),30,AVONDALE,26,26,3,March,2022,7,Saturday,21,9:00pm-9:59pm,53,53,0,This section IS NOT on the NHS,2,Urban,4,Minor Arterial,4,City or Municipal Highway Agency,6,Local Street - Municipality,W MCDOWELL RD,,0,None,33.46590833,33.46590833,-112.168516670,-112.16851667,0,No Special Jurisdiction,8,Pedestrian,0,The First Harmful Event was Not a Collision with a Motor Vehicle in Transport,0,No,1,Non-Junction,1,Not an Intersection,0,None,,,1,On Roadway,3,Dark - Lighted,,,,,1,Clear,0,No,0000000,Not Applicable,99,Unknown,99,Unknown,99,Unknown EMS Scene Arrival Hour,99,Unknown EMS Scene Arrival Minutes,99,Unknown,99,Unknown EMS Hospital Arrival Time,,,,,,,1,
2022,4,40226,Arizona,1,1,0,0,0,1,1,13,MARICOPA (13),190,GILBERT,26,26,3,March,2022,7,Saturday,23,11:00pm-11:59pm,8,8,0,This section IS NOT on the NHS,2,Urban,4,Minor Arterial,4,City or Municipal Highway Agency,6,Local Street - Municipality,W WARNER RD,,0,None,33.33661944,33.33661944,-111.818694440,-111.81869444,0,No Special Jurisdiction,33,Curb,0,The First Harmful Event was Not a Collision with a Motor Vehicle in Transport,0,No,1,Non-Junction,1,Not an Intersection,0,None,,,4,On Roadside,3,Dark - Lighted,,,,,1,Clear,0,No,0000000,Not Applicable,23,11:00pm-11:59pm,8,8,23,11:00pm-11:59pm,14,14,23,11:00pm-11:59pm,42,42,,,,,,,1,
2022,4,40227,Arizona,4,4,0,1,1,10,10,13,MARICOPA (13),290,MESA,27,27,3,March,2022,1,Sunday,17,5:00pm-5:59pm,44,44,1,This section IS ON the NHS,2,Urban,2,Principal Arterial - Other Freeways and Expressways,1,State Highway Agency,2,U.S. Highway,US-60,,1606,1606,33.38679444,33.38679444,-111.622922220,-111.62292222,0,No Special Jurisdiction,12,Motor Vehicle In-Transport,1,Front-to-Rear,0,No,1,Non-Junction,1,Not an Intersection,0,None,,,1,On Roadway,1,Daylight,,,,,1,Clear,0,No,0000000,Not Applicable,17,5:00pm-5:59pm,48,48,17,5:00pm-5:59pm,56,56,18,6:00pm-6:59pm,15,15,,,,,,,1,
2022,4,40228,Arizona,1,1,0,1,1,1,1,19,PIMA (19),530,TUCSON,27,27,3,March,2022,1,Sunday,22,10:00pm-10:59pm,21,21,0,This section IS NOT on the NHS,2,Urban,3,Principal Arterial - Other,4,City or Municipal Highway Agency,6,Local Street - Municipality,W SPEEDWAY BLVD,N STONE AVE,0,None,32.23600556,32.23600556,-110.971958330,-110.97195833,0,No Special Jurisdiction,8,Pedestrian,0,The First Harmful Event was Not a Collision with a Motor Vehicle in Transport,0,No,3,Intersection-Related,2,Four-Way Intersection,0,None,,,1,On Roadway,3,Dark - Lighted,,,,,1,Clear,0,No,0000000,Not Applicable,22,10:00pm-10:59pm,21,21,22,10:00pm-10:59pm,26,26,88,"Not Applicable (Not Transported) ",88,Not Applicable (Not Transported),,,,,,,1,
2022,4,40229,Arizona,1,1,0,1,1,1,1,5,COCONINO (5),0,NOT APPLICABLE,29,29,3,March,2022,3,Tuesday,7,7:00am-7:59am,39,39,1,This section IS ON the NHS,1,Rural,1,Interstate,1,State Highway Agency,1,Interstate,I-40,,2427,2427,35.07590000,35.07590000,-110.863777780,-110.86377778,0,No Special Jurisdiction,8,Pedestrian,0,The First Harmful Event was Not a Collision with a Motor Vehicle in Transport,0,No,1,Non-Junction,1,Not an Intersection,0,None,,,1,On Roadway,2,Dark - Not Lighted,,,,,1,Clear,0,No,0000000,Not Applicable,7,7:00am-7:59am,46,46,8,8:00am-8:59am,7,7,88,"Not Applicable (Not Transported) ",88,Not Applicable (Not Transported),,,,,,,1,
2022,4,40231,Arizona,1,1,0,0,0,1,1,25,YAVAPAI (25),65,CAMP VERDE,30,30,3,March,2022,4,Wednesday,10,10:00am-10:59am,12,12,0,This section IS NOT on the NHS,1,Rural,4,Minor Arterial,1,State Highway Agency,3,State Highway,SR-260,,229,229,34.50611389,34.50611389,-111.758988890,-111.75898889,0,No Special Jurisdiction,35,Embankment,0,The First Harmful Event was Not a Collision with a Motor Vehicle in Transport,0,No,1,Non-Junction,1,Not an Intersection,0,None,,,4,On Roadside,1,Daylight,,,,,1,Clear,0,No,0000000,Not Applicable,10,10:00am-10:59am,20,20,10,10:00am-10:59am,38,38,88,"Not Applicable (Not Transported) ",88,Not Applicable (Not Transported),,,,,,,1,
2022,4,40232,Arizona,1,1,0,1,1,1,1,19,PIMA (19),530,TUCSON,30,30,3,March,2022,4,Wednesday,16,4:00pm-4:59pm,38,38,0,This section IS NOT on the NHS,2,Urban,3,Principal Arterial - Other,4,City or Municipal Highway Agency,6,Local Street - Municipality,E SPEEDWAY BLVD,N FINANCE CENTER DR,0,None,32.23548056,32.23548056,-110.838144440,-110.83814444,0,No Special Jurisdiction,8,Pedestrian,0,The First Harmful Event was Not a Collision with a Motor Vehicle in Transport,0,No,3,Intersection-Related,3,T-Intersection,0,None,,,1,On Roadway,1,Daylight,,,,,1,Clear,0,No,0000000,Not Applicable,16,4:00pm-4:59pm,38,38,16,4:00pm-4:59pm,45,45,88,"Not Applicable (Not Transported) ",88,Not Applicable (Not Transported),,,,,,,1,
2022,4,40233,Arizona,2,2,0,0,0,2,2,13,MARICOPA (13),370,PHOENIX,30,30,3,March,2022,4,Wednesday,17,5:00pm-5:59pm,4,4,0,This section IS NOT on the NHS,2,Urban,4,Minor Arterial,4,City or Municipal Highway Agency,6,Local Street - Municipality,W DEER VALLEY RD,,0,None,33.68382778,33.68382778,-112.103316670,-112.10331667,0,No Special Jurisdiction,12,Motor Vehicle In-Transport,6,Angle,0,No,8,Driveway Access Related,1,Not an Intersection,0,None,,,1,On Roadway,1,Daylight,,,,,1,Clear,0,No,0000000,Not Applicable,99,Unknown,99,Unknown,99,Unknown EMS Scene Arrival Hour,99,Unknown EMS Scene Arrival Minutes,99,Unknown,99,Unknown EMS Hospital Arrival Time,,,,,,,1,
2022,4,40234,Arizona,2,2,0,0,0,3,3,13,MARICOPA (13),200,GLENDALE,30,30,3,March,2022,4,Wednesday,18,6:00pm-6:59pm,15,15,0,This section IS NOT on the NHS,2,Urban,4,Minor Arterial,1,State Highway Agency,6,Local Street - Municipality,W UNION HILLS DR,SR-101,0,None,33.65264722,33.65264722,-112.233027780,-112.23302778,0,No Special Jurisdiction,12,Motor Vehicle In-Transport,6,Angle,1,Yes,2,Intersection,2,Four-Way Intersection,0,None,,,1,On Roadway,1,Daylight,,,,,1,Clear,0,No,0000000,Not Applicable,99,Unknown,99,Unknown,99,Unknown EMS Scene Arrival Hour,99,Unknown EMS Scene Arrival Minutes,99,Unknown,99,Unknown EMS Hospital Arrival Time,,,,,,,1,
2022,4,40235,Arizona,2,2,0,0,0,2,2,13,MARICOPA (13),290,MESA,30,30,3,March,2022,4,Wednesday,19,7:00pm-7:59pm,5,5,0,This section IS NOT on the NHS,2,Urban,4,Minor Arterial,4,City or Municipal Highway Agency,6,Local Street - Municipality,E UNIVERSITY DR,N HAWES RD,0,None,33.42235278,33.42235278,-111.650227780,-111.65022778,0,No Special Jurisdiction,12,Motor Vehicle In-Transport,7,Sideswipe - Same Direction,0,No,3,Intersection-Related,2,Four-Way Intersection,0,None,,,1,On Roadway,3,Dark - Lighted,,,,,1,Clear,0,No,0000000,Not Applicable,19,7:00pm-7:59pm,5,5,19,7:00pm-7:59pm,10,10,19,7:00pm-7:59pm,30,30,,,,,,,1,
2022,4,40236,Arizona,1,1,0,1,1,1,1,13,MARICOPA (13),370,PHOENIX,30,30,3,March,2022,4,Wednesday,20,8:00pm-8:59pm,24,24,1,This section IS ON the NHS,2,Urban,3,Principal Arterial - Other,4,City or Municipal Highway Agency,6,Local Street - Municipality,N 51ST AVE,,0,None,33.60159167,33.60159167,-112.168541670,-112.16854167,0,No Special Jurisdiction,8,Pedestrian,0,The First Harmful Event was Not a Collision with a Motor Vehicle in Transport,0,No,1,Non-Junction,1,Not an Intersection,0,None,,,1,On Roadway,3,Dark - Lighted,,,,,1,Clear,0,No,0000000,Not Applicable,99,Unknown,99,Unknown,99,Unknown EMS Scene Arrival Hour,99,Unknown EMS Scene Arrival Minutes,99,Unknown,99,Unknown EMS Hospital Arrival Time,,,,,,,1,
2022,4,40237,Arizona,2,2,0,0,0,3,3,7,GILA (7),365,PAYSON,31,31,3,March,2022,5,Thursday,6,6:00am-6:59am,47,47,1,This section IS ON the NHS,1,Rural,3,Principal Arterial - Other,1,State Highway Agency,3,State Highway,SR-260,,786,786,34.26126667,34.26126667,-111.206483330,-111.20648333,0,No Special Jurisdiction,12,Motor Vehicle In-Transport,2,Front-to-Front,0,No,1,Non-Junction,1,Not an Intersection,0,None,,,1,On Roadway,4,Dawn,,,,,10,Cloudy,0,No,0000000,Not Applicable,6,6:00am-6:59am,47,47,7,7:00am-7:59am,0,0,88,"Not Applicable (Not Transported) ",88,Not Applicable (Not Transported),,,,,,,1,
2022,4,40240,Arizona,1,1,0,1,1,1,1,13,MARICOPA (13),290,MESA,1,1,4,April,2022,6,Friday,11,11:00am-11:59am,40,40,0,This section IS NOT on the NHS,2,Urban,4,Minor Arterial,4,City or Municipal Highway Agency,6,Local Street - Municipality,W 1ST AVE,S DOBSON RD,0,None,33.41313611,33.41313611,-111.874330560,-111.87433056,0,No Special Jurisdiction,9,Pedalcyclist,0,The First Harmful Event was Not a Collision with a Motor Vehicle in Transport,0,No,3,Intersection-Related,3,T-Intersection,0,None,,,1,On Roadway,1,Daylight,,,,,1,Clear,0,No,0000000,Not Applicable,11,11:00am-11:59am,40,40,11,11:00am-11:59am,44,44,12,12:00pm-12:59pm,0,0,,,,,,,1,
2022,4,40241,Arizona,3,3,0,0,0,4,4,25,YAVAPAI (25),373,PRESCOTT VALLEY,1,1,4,April,2022,6,Friday,16,4:00pm-4:59pm,46,46,1,This section IS ON the NHS,2,Urban,3,Principal Arterial - Other,1,State Highway Agency,3,State Highway,SR-69,,208,208,34.55405278,34.55405278,-112.253316670,-112.25331667,0,No Special Jurisdiction,12,Motor Vehicle In-Transport,2,Front-to-Front,0,No,1,Non-Junction,1,Not an Intersection,0,None,,,1,On Roadway,1,Daylight,,,,,1,Clear,0,No,0000000,Not Applicable,16,4:00pm-4:59pm,47,47,16,4:00pm-4:59pm,50,50,88,"Not Applicable (Not Transported) ",88,Not Applicable (Not Transported),,,,,,,1,
2022,4,40242,Arizona,1,1,0,1,1,2,2,13,MARICOPA (13),368,PEORIA,1,1,4,April,2022,6,Friday,19,7:00pm-7:59pm,59,59,1,This section IS ON the NHS,2,Urban,2,Principal Arterial - Other Freeways and Expressways,1,State Highway Agency,3,State Highway,SR-101 RAMP,,500,500,33.59076389,33.59076389,-112.261416670,-112.26141667,0,No Special Jurisdiction,8,Pedestrian,0,The First Harmful Event was Not a Collision with a Motor Vehicle in Transport,1,Yes,20,Entrance/Exit Ramp,1,Not an Intersection,0,None,,,1,On Roadway,3,Dark - Lighted,,,,,1,Clear,0,No,0000000,Not Applicable,20,8:00pm-8:59pm,1,1,20,8:00pm-8:59pm,6,6,20,8:00pm-8:59pm,23,23,,,,,,,1,
2022,4,40243,Arizona,1,1,0,1,1,1,1,13,MARICOPA (13),370,PHOENIX,1,1,4,April,2022,6,Friday,21,9:00pm-9:59pm,13,13,0,This section IS NOT on the NHS,2,Urban,4,Minor Arterial,4,City or Municipal Highway Agency,6,Local Street - Municipality,N 16TH ST,,166,166,33.46066944,33.46066944,-112.047602780,-112.04760278,0,No Special Jurisdiction,9,Pedalcyclist,0,The First Harmful Event was Not a Collision with a Motor Vehicle in Transport,0,No,1,Non-Junction,1,Not an Intersection,0,None,,,1,On Roadway,3,Dark - Lighted,,,,,1,Clear,0,No,0000000,Not Applicable,99,Unknown,99,Unknown,99,Unknown EMS Scene Arrival Hour,99,Unknown EMS Scene Arrival Minutes,99,Unknown,99,Unknown EMS Hospital Arrival Time,,,,,,,1,
2022,4,40244,Arizona,2,2,0,0,0,3,3,1,APACHE (1),273,LUPTON,1,1,4,April,2022,6,Friday,23,11:00pm-11:59pm,11,11,1,This section IS ON the NHS,1,Rural,1,Interstate,1,State Highway Agency,1,Interstate,I-40,,3590,3590,35.35496389,35.35496389,-109.054858330,-109.05485833,0,No Special Jurisdiction,52,Guardrail End,0,The First Harmful Event was Not a Collision with a Motor Vehicle in Transport,0,No,1,Non-Junction,1,Not an Intersection,0,None,,,3,On Median,2,Dark - Not Lighted,,,,,1,Clear,0,No,0000000,Not Applicable,23,11:00pm-11:59pm,15,15,23,11:00pm-11:59pm,35,35,99,Unknown,99,Unknown EMS Hospital Arrival Time,,,,,,,2,
2022,4,40245,Arizona,1,1,0,0,0,1,1,7,GILA (7),365,PAYSON,2,2,4,April,2022,7,Saturday,17,5:00pm-5:59pm,45,45,1,This section IS ON the NHS,1,Rural,3,Principal Arterial - Other,1,State Highway Agency,3,State Highway,SR-260,,2690,2690,34.32505556,34.32505556,-111.085294440,-111.08529444,0,No Special Jurisdiction,1,Rollover/Overturn,0,The First Harmful Event was Not a Collision with a Motor Vehicle in Transport,0,No,1,Non-Junction,1,Not an Intersection,0,None,,,3,On Median,1,Daylight,,,,,1,Clear,0,No,0000000,Not Applicable,17,5:00pm-5:59pm,46,46,18,6:00pm-6:59pm,1,1,18,6:00pm-6:59pm,23,23,,,,,,,1,
2022,4,40246,Arizona,3,2,1,1,1,2,2,13,MARICOPA (13),290,MESA,3,3,4,April,2022,1,Sunday,16,4:00pm-4:59pm,43,43,1,This section IS ON the NHS,2,Urban,2,Principal Arterial - Other Freeways and Expressways,1,State Highway Agency,2,U.S. Highway,US-60,,1455,1455,33.38600833,33.38600833,-111.875133330,-111.87513333,0,No Special Jurisdiction,14,Parked Motor Vehicle,0,The First Harmful Event was Not a Collision with a Motor Vehicle in Transport,1,Yes,19,Other location within Interchange Area,1,Not an Intersection,0,None,,,2,On Shoulder,1,Daylight,,,,,1,Clear,0,No,0000000,Not Applicable,16,4:00pm-4:59pm,43,43,16,4:00pm-4:59pm,51,51,88,"Not Applicable (Not Transported) ",88,Not Applicable (Not Transported),,,,,,,1,
2022,4,40247,Arizona,2,2,0,1,1,6,6,5,COCONINO (5),0,NOT APPLICABLE,3,3,4,April,2022,1,Sunday,21,9:00pm-9:59pm,18,18,1,This section IS ON the NHS,2,Urban,3,Principal Arterial - Other,1,State Highway Agency,2,U.S. Highway,US-89,,26,26,35.24802500,35.24802500,-111.561752780,-111.56175278,0,No Special Jurisdiction,8,Pedestrian,0,The First Harmful Event was Not a Collision with a Motor Vehicle in Transport,0,No,1,Non-Junction,1,Not an Intersection,0,None,,,1,On Roadway,2,Dark - Not Lighted,,,,,1,Clear,0,No,0000000,Not Applicable,21,9:00pm-9:59pm,17,17,21,9:00pm-9:59pm,20,20,88,"Not Applicable (Not Transported) ",88,Not Applicable (Not Transported),,,,,,,1,
2022,4,40248,Arizona,1,1,0,0,0,2,2,19,PIMA (19),530,TUCSON,4,4,4,April,2022,2,Monday,5,5:00am-5:59am,30,30,1,This section IS ON the NHS,2,Urban,1,Interstate,1,State Highway Agency,1,Interstate,I-10,,2760,2760,32.05685278,32.05685278,-110.766530560,-110.76653056,0,No Special Jurisdiction,18,Other Object (not fixed),0,The First Harmful Event was Not a Collision with a Motor Vehicle in Transport,0,No,1,Non-Junction,1,Not an Intersection,0,None,,,4,On Roadside,4,Dawn,,,,,1,Clear,0,No,0000000,Not Applicable,5,5:00am-5:59am,33,33,5,5:00am-5:59am,45,45,6,6:00am-6:59am,11,11,,,,,,,1,