caseyear,state,st_case,statename,ve_total,ve_forms,pvh_invl,peds,pernotmvit,permvit,persons,county,countyname,city,cityname,day,dayname,month,monthname,year,day_week,day_weekname,hour,hourname,minute,minutename,nhs,nhsname,rur_urb,rur_urbname,func_sys,func_sysname,rd_owner,rd_ownername,route,routename,tway_id,tway_id2,milept,mileptname,latitude,latitudename,longitud,longitudname,sp_jur,sp_jurname,harm_ev,harm_evname,man_coll,man_collname,reljct1,reljct1name,reljct2,reljct2name,typ_int,typ_intname,wrk_zone,wrk_zonename,road_fnc,road_fncname,rel_road,rel_roadname,lgt_cond,lgt_condname,weather1,weather1name,weather2,weather2name,weather,weathername,sch_bus,sch_busname,rail,railname,not_hour,not_hourname,not_min,not_minname,arr_hour,arr_hourname,arr_min,arr_minname,hosp_hr,hosp_hrname,hosp_mn,hosp_mnname,cf1,cf1name,cf2,cf2name,cf3,cf3name,fatals,drunk_dr
2022,4,40249,Arizona,4,4,0,0,0,5,5,13,MARICOPA (13),486,SURPRISE,4,4,4,April,2022,2,Monday,11,11:00am-11:59am,3,3,1,This section IS ON the NHS,2,Urban,3,Principal Arterial - Other,1,State Highway Agency,2,U.S. Highway,"US-60 ",N 163RD AVE,1129,1129,33.68772222,33.68772222,-112.413413890,-112.41341389,0,No Special Jurisdiction,12,Motor Vehicle In-Transport,1,Front-to-Rear,0,No,3,Intersection-Related,2,Four-Way Intersection,0,None,,,1,On Roadway,1,Daylight,,,,,1,Clear,0,No,0000000,Not Applicable,11,11:00am-11:59am,3,3,11,11:00am-11:59am,12,12,99,Unknown,99,Unknown EMS Hospital Arrival Time,,,,,,,1,
2022,4,40250,Arizona,2,2,0,0,0,2,2,13,MARICOPA (13),158,EL MIRAGE,5,5,4,April,2022,3,Tuesday,14,2:00pm-2:59pm,43,43,0,This section IS NOT on the NHS,2,Urban,4,Minor Arterial,4,City or Municipal Highway Agency,6,Local Street - Municipality,W OLIVE AVE,,93,93,33.56555556,33.56555556,-112.333580560,-112.33358056,0,No Special Jurisdiction,12,Motor Vehicle In-Transport,6,Angle,0,No,1,Non-Junction,1,Not an Intersection,0,None,,,1,On Roadway,1,Daylight,,,,,1,Clear,0,No,0000000,Not Applicable,14,2:00pm-2:59pm,44,44,14,2:00pm-2:59pm,50,50,15,3:00pm-3:59pm,8,8,,,,,,,1,
2022,4,40251,Arizona,1,1,0,0,0,1,1,13,MARICOPA (13),420,SCOTTSDALE,5,5,4,April,2022,3,Tuesday,18,6:00pm-6:59pm,40,40,0,This section IS NOT on the NHS,1,Rural,6,Minor Collector,2,County Highway Agency,6,Local Street - Municipality,N CAVE CRREK RD,,288,288,33.85030278,33.85030278,-111.833763890,-111.83376389,0,No Special Jurisdiction,35,Embankment,0,The First Harmful Event was Not a Collision with a Motor Vehicle in Transport,0,No,1,Non-Junction,1,Not an Intersection,0,None,,,4,On Roadside,1,Daylight,,,,,1,Clear,0,No,0000000,Not Applicable,18,6:00pm-6:59pm,40,40,18,6:00pm-6:59pm,44,44,88,"Not Applicable (Not Transported) ",88,Not Applicable (Not Transported),,,,,,,1,
2022,4,40252,Arizona,2,2,0,0,0,2,2,13,MARICOPA (13),370,PHOENIX,6,6,4,April,2022,4,Wednesday,14,2:00pm-2:59pm,14,14,1,This section IS ON the NHS,2,Urban,2,Principal Arterial - Other Freeways and Expressways,1,State Highway Agency,3,State Highway,SR-101,,227,227,33.66916667,33.66916667,-112.087113890,-112.08711389,0,No Special Jurisdiction,12,Motor Vehicle In-Transport,6,Angle,1,Yes,19,Other location within Interchange Area,1,Not an Intersection,0,None,,,2,On Shoulder,1,Daylight,,,,,1,Clear,0,No,0000000,Not Applicable,14,2:00pm-2:59pm,16,16,14,2:00pm-2:59pm,21,21,99,Unknown,99,Unknown EMS Hospital Arrival Time,,,,,,,1,
2022,4,40253,Arizona,1,1,0,0,0,1,1,13,MARICOPA (13),486,SURPRISE,6,6,4,April,2022,4,Wednesday,15,3:00pm-3:59pm,4,4,0,This section IS NOT on the NHS,1,Rural,6,Minor Collector,2,County Highway Agency,6,Local Street - Municipality,N 195TH AVE,,309,309,33.69522778,33.69522778,-112.478769440,-112.47876944,0,No Special Jurisdiction,1,Rollover/Overturn,0,The First Harmful Event was Not a Collision with a Motor Vehicle in Transport,0,No,1,Non-Junction,1,Not an Intersection,0,None,,,4,On Roadside,1,Daylight,,,,,1,Clear,0,No,0000000,Not Applicable,15,3:00pm-3:59pm,4,4,15,3:00pm-3:59pm,16,16,15,3:00pm-3:59pm,40,40,,,,,,,1,
2022,4,40254,Arizona,2,2,0,0,0,3,3,25,YAVAPAI (25),386,PRESCOTT,6,6,4,April,2022,4,Wednesday,15,3:00pm-3:59pm,8,8,0,This section IS NOT on the NHS,2,Urban,5,Major Collector,2,County Highway Agency,4,County Road,CR-WILLIAMSON VALLEY RD,,44,44,34.62603056,34.62603056,-112.494925000,-112.49492500,0,No Special Jurisdiction,12,Motor Vehicle In-Transport,2,Front-to-Front,0,No,1,Non-Junction,1,Not an Intersection,0,None,,,1,On Roadway,1,Daylight,,,,,1,Clear,0,No,0000000,Not Applicable,15,3:00pm-3:59pm,8,8,15,3:00pm-3:59pm,10,10,99,Unknown,99,Unknown EMS Hospital Arrival Time,,,,,,,1,
2022,4,40255,Arizona,1,1,0,1,1,1,1,19,PIMA (19),530,TUCSON,6,6,4,April,2022,4,Wednesday,18,6:00pm-6:59pm,27,27,0,This section IS NOT on the NHS,2,Urban,7,Local,98,Not Reported,8,Other,W PINE ST,,0,None,32.36270556,32.36270556,-111.002913890,-111.00291389,0,No Special Jurisdiction,8,Pedestrian,0,The First Harmful Event was Not a Collision with a Motor Vehicle in Transport,0,No,1,Non-Junction,1,Not an Intersection,0,None,,,4,On Roadside,5,Dusk,,,,,1,Clear,0,No,0000000,Not Applicable,18,6:00pm-6:59pm,27,27,18,6:00pm-6:59pm,35,35,18,6:00pm-6:59pm,58,58,,,,,,,1,
2022,4,40256,Arizona,2,2,0,0,0,2,2,13,MARICOPA (13),80,CHANDLER,7,7,4,April,2022,5,Thursday,17,5:00pm-5:59pm,14,14,0,This section IS NOT on the NHS,2,Urban,3,Principal Arterial - Other,4,City or Municipal Highway Agency,6,Local Street - Municipality,W WARNER RD,NONE,73,73,33.33515833,33.33515833,-111.860636110,-111.86063611,0,No Special Jurisdiction,1,Rollover/Overturn,0,The First Harmful Event was Not a Collision with a Motor Vehicle in Transport,0,No,2,Intersection,3,T-Intersection,0,None,,,1,On Roadway,1,Daylight,,,,,1,Clear,0,No,0000000,Not Applicable,17,5:00pm-5:59pm,15,15,17,5:00pm-5:59pm,22,22,17,5:00pm-5:59pm,35,35,,,,,,,1,
2022,4,40257,Arizona,1,1,0,0,0,1,1,13,MARICOPA (13),0,NOT APPLICABLE,8,8,4,April,2022,6,Friday,12,12:00pm-12:59pm,29,29,0,This section IS NOT on the NHS,1,Rural,5,Major Collector,1,State Highway Agency,3,State Highway,SR-88 APACHE TRL,,150,150,33.54056389,33.54056389,-111.443238890,-111.44323889,0,No Special Jurisdiction,1,Rollover/Overturn,0,The First Harmful Event was Not a Collision with a Motor Vehicle in Transport,0,No,1,Non-Junction,1,Not an Intersection,0,None,,,4,On Roadside,1,Daylight,,,,,1,Clear,0,No,0000000,Not Applicable,12,12:00pm-12:59pm,20,20,12,12:00pm-12:59pm,56,56,14,2:00pm-2:59pm,7,7,,,,,,,1,
2022,4,40258,Arizona,2,2,0,0,0,3,3,13,MARICOPA (13),290,MESA,8,8,4,April,2022,6,Friday,12,12:00pm-12:59pm,38,38,1,This section IS ON the NHS,2,Urban,3,Principal Arterial - Other,1,State Highway Agency,3,State Highway,SR-87 N BEELINE HWY,N CENTER ST,635,635,33.47841667,33.47841667,-111.829961110,-111.82996111,0,No Special Jurisdiction,12,Motor Vehicle In-Transport,6,Angle,0,No,2,Intersection,3,T-Intersection,0,None,,,1,On Roadway,1,Daylight,,,,,1,Clear,0,No,0000000,Not Applicable,12,12:00pm-12:59pm,38,38,12,12:00pm-12:59pm,43,43,99,Unknown,99,Unknown EMS Hospital Arrival Time,,,,,,,1,
2022,4,40259,Arizona,4,4,0,0,0,4,4,13,MARICOPA (13),370,PHOENIX,8,8,4,April,2022,6,Friday,14,2:00pm-2:59pm,31,31,0,This section IS NOT on the NHS,2,Urban,4,Minor Arterial,4,City or Municipal Highway Agency,6,Local Street - Municipality,S 16TH ST,E UNIVERSITY DR,143,143,33.42705278,33.42705278,-112.047827780,-112.04782778,0,No Special Jurisdiction,12,Motor Vehicle In-Transport,1,Front-to-Rear,0,No,3,Intersection-Related,3,T-Intersection,0,None,,,1,On Roadway,1,Daylight,,,,,1,Clear,0,No,0000000,Not Applicable,14,2:00pm-2:59pm,53,53,15,3:00pm-3:59pm,2,2,15,3:00pm-3:59pm,15,15,,,,,,,1,
2022,4,40260,Arizona,2,2,0,0,0,2,2,13,MARICOPA (13),370,PHOENIX,8,8,4,April,2022,6,Friday,18,6:00pm-6:59pm,50,50,0,This section IS NOT on the NHS,2,Urban,4,Minor Arterial,4,City or Municipal Highway Agency,6,Local Street - Municipality,W DUNLAP AVE,N 43RD AVE,0,None,33.56753611,33.56753611,-112.151647220,-112.15164722,0,No Special Jurisdiction,12,Motor Vehicle In-Transport,6,Angle,0,No,2,Intersection,2,Four-Way Intersection,0,None,,,1,On Roadway,3,Dark - Lighted,,,,,1,Clear,0,No,0000000,Not Applicable,99,Unknown,99,Unknown,99,Unknown EMS Scene Arrival Hour,99,Unknown EMS Scene Arrival Minutes,99,Unknown,99,Unknown EMS Hospital Arrival Time,,,,,,,1,
2022,4,40261,Arizona,1,1,0,0,0,1,1,17,NAVAJO (17),429,SHOW LOW,8,8,4,April,2022,6,Friday,19,7:00pm-7:59pm,45,45,0,This section IS NOT on the NHS,1,Rural,98,Not Reported,64,U.S. Forest Service,8,Other,FOREST SERVICE RD 140,,0,None,34.22282500,34.22282500,-110.152716670,-110.15271667,9,Unknown,1,Rollover/Overturn,0,The First Harmful Event was Not a Collision with a Motor Vehicle in Transport,0,No,1,Non-Junction,1,Not an Intersection,0,None,,,1,On Roadway,2,Dark - Not Lighted,,,,,1,Clear,0,No,0000000,Not Applicable,88,Not Applicable (Not Notified),88,Not Applicable (Not Notified),88,Not Applicable,88,Not Applicable,88,"Not Applicable (Not Transported) ",88,Not Applicable (Not Transported),,,,,,,1,
2022,4,40262,Arizona,1,1,0,1,1,2,2,13,MARICOPA (13),290,MESA,8,8,4,April,2022,6,Friday,19,7:00pm-7:59pm,52,52,0,This section IS NOT on the NHS,2,Urban,4,Minor Arterial,4,City or Municipal Highway Agency,6,Local Street - Municipality,E MAIN ST,,97,97,33.41550556,33.41550556,-111.715800000,-111.71580000,0,No Special Jurisdiction,8,Pedestrian,0,The First Harmful Event was Not a Collision with a Motor Vehicle in Transport,0,No,1,Non-Junction,1,Not an Intersection,0,None,,,1,On Roadway,3,Dark - Lighted,,,,,1,Clear,0,No,0000000,Not Applicable,19,7:00pm-7:59pm,52,52,20,8:00pm-8:59pm,0,0,88,"Not Applicable (Not Transported) ",88,Not Applicable (Not Transported),,,,,,,1,
2022,4,40263,Arizona,1,1,0,1,1,2,2,19,PIMA (19),530,TUCSON,8,8,4,April,2022,6,Friday,20,8:00pm-8:59pm,48,48,0,This section IS NOT on the NHS,2,Urban,3,Principal Arterial - Other,4,City or Municipal Highway Agency,6,Local Street - Municipality,ALVERNON WAY,E BLACKLIDGE DR,9,9,32.26157778,32.26157778,-110.909836110,-110.90983611,0,No Special Jurisdiction,8,Pedestrian,0,The First Harmful Event was Not a Collision with a Motor Vehicle in Transport,0,No,3,Intersection-Related,2,Four-Way Intersection,0,None,,,1,On Roadway,3,Dark - Lighted,,,,,1,Clear,0,No,0000000,Not Applicable,99,Unknown,99,Unknown,99,Unknown EMS Scene Arrival Hour,99,Unknown EMS Scene Arrival Minutes,88,"Not Applicable (Not Transported) ",88,Not Applicable (Not Transported),,,,,,,1,
2022,4,40264,Arizona,2,2,0,0,0,3,3,21,PINAL (21),22,APACHE JUNCTION,9,9,4,April,2022,7,Saturday,18,6:00pm-6:59pm,30,30,0,This section IS NOT on the NHS,2,Urban,4,Minor Arterial,4,City or Municipal Highway Agency,6,Local Street - Municipality,SUPERSTITION BLVD,IRONWOOD DR,508,508,33.42233611,33.42233611,-111.563361110,-111.56336111,0,No Special Jurisdiction,12,Motor Vehicle In-Transport,6,Angle,0,No,2,Intersection,2,Four-Way Intersection,0,None,,,1,On Roadway,5,Dusk,,,,,1,Clear,0,No,0000000,Not Applicable,18,6:00pm-6:59pm,41,41,18,6:00pm-6:59pm,44,44,19,7:00pm-7:59pm,8,8,,,,,,,2,
2022,4,40265,Arizona,4,4,0,1,1,19,19,13,MARICOPA (13),510,TOLLESON,9,9,4,April,2022,7,Saturday,19,7:00pm-7:59pm,47,47,1,This section IS ON the NHS,2,Urban,1,Interstate,1,State Highway Agency,1,Interstate,I-10,,1338,1338,33.46158056,33.46158056,-112.270427780,-112.27042778,0,No Special Jurisdiction,8,Pedestrian,0,The First Harmful Event was Not a Collision with a Motor Vehicle in Transport,1,Yes,18,Through Roadway,1,Not an Intersection,0,None,,,1,On Roadway,3,Dark - Lighted,,,,,1,Clear,0,No,0000000,Not Applicable,19,7:00pm-7:59pm,50,50,19,7:00pm-7:59pm,56,56,88,"Not Applicable (Not Transported) ",88,Not Applicable (Not Transported),,,,,,,1,
2022,4,40266,Arizona,3,3,0,0,0,10,10,13,MARICOPA (13),370,PHOENIX,10,10,4,April,2022,1,Sunday,10,10:00am-10:59am,32,32,0,This section IS NOT on the NHS,2,Urban,4,Minor Arterial,4,City or Municipal Highway Agency,6,Local Street - Municipality,N 35TH AVE,,463,463,33.58208333,33.58208333,-112.134794440,-112.13479444,0,No Special Jurisdiction,12,Motor Vehicle In-Transport,1,Front-to-Rear,0,No,4,Driveway Access,1,Not an Intersection,0,None,,,1,On Roadway,1,Daylight,,,,,1,Clear,0,No,0000000,Not Applicable,10,10:00am-10:59am,33,33,10,10:00am-10:59am,38,38,10,10:00am-10:59am,56,56,,,,,,,1,
2022,4,40267,Arizona,3,3,0,0,0,4,4,25,YAVAPAI (25),105,CONGRESS,11,11,4,April,2022,2,Monday,4,4:00am-4:59am,30,30,1,This section IS ON the NHS,1,Rural,3,Principal Arterial - Other,1,State Highway Agency,2,U.S. Highway,US-93,,1791,1791,34.17752222,34.17752222,-113.030294440,-113.03029444,0,No Special Jurisdiction,12,Motor Vehicle In-Transport,8,Sideswipe - Opposite Direction,0,No,1,Non-Junction,1,Not an Intersection,0,None,,,1,On Roadway,2,Dark - Not Lighted,,,,,1,Clear,0,No,0000000,Not Applicable,4,4:00am-4:59am,35,35,4,4:00am-4:59am,56,56,88,"Not Applicable (Not Transported) ",88,Not Applicable (Not Transported),,,,,,,2,
2022,4,40268,Arizona,2,2,0,0,0,2,2,12,LA PAZ (12),0,NOT APPLICABLE,11,11,4,April,2022,2,Monday,12,12:00pm-12:59pm,40,40,0,This section IS NOT on the NHS,1,Rural,4,Minor Arterial,1,State Highway Agency,3,State Highway,SR-72,,190,190,33.88047500,33.88047500,-113.945280560,-113.94528056,0,No Special Jurisdiction,12,Motor Vehicle In-Transport,2,Front-to-Front,0,No,1,Non-Junction,1,Not an Intersection,0,None,,,1,On Roadway,1,Daylight,,,,,1,Clear,0,No,0000000,Not Applicable,12,12:00pm-12:59pm,48,48,12,12:00pm-12:59pm,57,57,99,Unknown,99,Unknown EMS Hospital Arrival Time,,,,,,,1,
2022,4,40269,Arizona,4,4,0,1,1,4,4,25,YAVAPAI (25),0,NOT APPLICABLE,12,12,4,April,2022,3,Tuesday,5,5:00am-5:59am,30,30,1,This section IS ON the NHS,1,Rural,1,Interstate,1,State Highway Agency,1,Interstate,I-17,,584,584,34.19394444,34.19394444,-112.131611110,-112.13161111,0,No Special Jurisdiction,8,Pedestrian,0,The First Harmful Event was Not a Collision with a Motor Vehicle in Transport,1,Yes,18,Through Roadway,1,Not an Intersection,0,None,,,1,On Roadway,4,Dawn,,,,,1,Clear,0,No,0000000,Not Applicable,5,5:00am-5:59am,34,34,5,5:00am-5:59am,48,48,88,"Not Applicable (Not Transported) ",88,Not Applicable (Not Transported),,,,,,,1,
2022,4,40270,Arizona,2,2,0,0,0,3,3,13,MARICOPA (13),370,PHOENIX,12,12,4,April,2022,3,Tuesday,20,8:00pm-8:59pm,13,13,0,This section IS NOT on the NHS,2,Urban,4,Minor Arterial,4,City or Municipal Highway Agency,6,Local Street - Municipality,W SOUTHERN AVE,S 32ND AVE,628,628,33.39215278,33.39215278,-112.127141670,-112.12714167,0,No Special Jurisdiction,12,Motor Vehicle In-Transport,6,Angle,0,No,2,Intersection,3,T-Intersection,0,None,,,1,On Roadway,3,Dark - Lighted,,,,,1,Clear,0,No,0000000,Not Applicable,99,Unknown,99,Unknown,99,Unknown EMS Scene Arrival Hour,99,Unknown EMS Scene Arrival Minutes,99,Unknown,99,Unknown EMS Hospital Arrival Time,,,,,,,1,
2022,4,40271,Arizona,1,1,0,2,2,1,1,13,MARICOPA (13),290,MESA,12,12,4,April,2022,3,Tuesday,20,8:00pm-8:59pm,36,36,0,This section IS NOT on the NHS,2,Urban,4,Minor Arterial,4,City or Municipal Highway Agency,6,Local Street - Municipality,W MAIN ST,N MAY,3,3,33.41488889,33.41488889,-111.878938890,-111.87893889,0,No Special Jurisdiction,8,Pedestrian,0,The First Harmful Event was Not a Collision with a Motor Vehicle in Transport,0,No,2,Intersection,3,T-Intersection,0,None,,,1,On Roadway,3,Dark - Lighted,,,,,1,Clear,0,No,0000000,Not Applicable,20,8:00pm-8:59pm,37,37,20,8:00pm-8:59pm,40,40,99,Unknown,99,Unknown EMS Hospital Arrival Time,,,,,,,1,
2022,4,40272,Arizona,2,2,0,0,0,5,5,13,MARICOPA (13),370,PHOENIX,12,12,4,April,2022,3,Tuesday,22,10:00pm-10:59pm,2,2,0,This section IS NOT on the NHS,2,Urban,5,Major Collector,4,City or Municipal Highway Agency,6,Local Street - Municipality,N 15TH AVE,W OSBORN RD,134,134,33.48777222,33.48777222,-112.091366670,-112.09136667,0,No Special Jurisdiction,12,Motor Vehicle In-Transport,6,Angle,0,No,2,Intersection,2,Four-Way Intersection,0,None,,,1,On Roadway,3,Dark - Lighted,,,,,1,Clear,0,No,0000000,Not Applicable,99,Unknown,99,Unknown,99,Unknown EMS Scene Arrival Hour,99,Unknown EMS Scene Arrival Minutes,99,Unknown,99,Unknown EMS Hospital Arrival Time,,,,,,,1,
2022,4,40273,Arizona,1,1,0,0,0,1,1,13,MARICOPA (13),539,WADDELL,13,13,4,April,2022,4,Wednesday,0,0:00am-0:59am,1,1,1,This section IS ON the NHS,2,Urban,2,Principal Arterial - Other Freeways and Expressways,1,State Highway Agency,3,State Highway,SR-303,,81,81,33.56086111,33.56086111,-112.418380560,-112.41838056,0,No Special Jurisdiction,1,Rollover/Overturn,0,The First Harmful Event was Not a Collision with a Motor Vehicle in Transport,1,Yes,19,Other location within Interchange Area,1,Not an Intersection,0,None,,,4,On Roadside,3,Dark - Lighted,,,,,1,Clear,0,No,0000000,Not Applicable,0,0:00am-0:59am,1,1,0,0:00am-0:59am,14,14,0,0:00am-0:59am,33,33,,,,,,,1,
2022,4,40274,Arizona,3,3,0,0,0,3,3,19,PIMA (19),9898,Not Reported,13,13,4,April,2022,4,Wednesday,17,5:00pm-5:59pm,25,25,0,This section IS NOT on the NHS,1,Rural,5,Major Collector,1,State Highway Agency,3,State Highway,SR-83,,441,441,31.83142500,31.83142500,-110.707897220,-110.70789722,0,No Special Jurisdiction,12,Motor Vehicle In-Transport,2,Front-to-Front,0,No,1,Non-Junction,1,Not an Intersection,0,None,,,1,On Roadway,1,Daylight,,,,,1,Clear,0,No,0000000,Not Applicable,17,5:00pm-5:59pm,29,29,17,5:00pm-5:59pm,52,52,88,"Not Applicable (Not Transported) ",88,Not Applicable (Not Transported),,,,,,,1,
2022,4,40275,Arizona,2,2,0,0,0,2,2,21,PINAL (21),180,FLORENCE,14,14,4,April,2022,5,Thursday,3,3:00am-3:59am,45,45,0,This section IS NOT on the NHS,1,Rural,3,Principal Arterial - Other,1,State Highway Agency,3,State Highway,SR-79,,580,580,33.16533611,33.16533611,-111.354250000,-111.35425000,0,No Special Jurisdiction,12,Motor Vehicle In-Transport,2,Front-to-Front,0,No,1,Non-Junction,1,Not an Intersection,0,None,,,1,On Roadway,2,Dark - Not Lighted,,,,,1,Clear,0,No,0000000,Not Applicable,3,3:00am-3:59am,49,49,4,4:00am-4:59am,0,0,5,5:00am-5:59am,15,15,,,,,,,2,
2022,4,40276,Arizona,1,1,0,0,0,2,2,21,PINAL (21),297,MARICOPA WELLS,14,14,4,April,2022,5,Thursday,12,12:00pm-12:59pm,53,53,0,This section IS NOT on the NHS,2,Urban,4,Minor Arterial,4,City or Municipal Highway Agency,6,Local Street - Municipality,WHITE AND PARKER RD,,108,108,33.03651944,33.03651944,-111.996638890,-111.99663889,0,No Special Jurisdiction,33,Curb,0,The First Harmful Event was Not a Collision with a Motor Vehicle in Transport,0,No,1,Non-Junction,1,Not an Intersection,0,None,,,4,On Roadside,1,Daylight,,,,,1,Clear,0,No,0000000,Not Applicable,11,11:00am-11:59am,21,21,11,11:00am-11:59am,28,28,88,"Not Applicable (Not Transported) ",88,Not Applicable (Not Transported),,,,,,,2,
2022,4,40277,Arizona,1,1,0,0,0,1,1,13,MARICOPA (13),370,PHOENIX,14,14,4,April,2022,5,Thursday,19,7:00pm-7:59pm,4,4,0,This section IS NOT on the NHS,2,Urban,5,Major Collector,4,City or Municipal Highway Agency,6,Local Street - Municipality,N 28TH ST,,210,210,33.60392500,33.60392500,-112.021886110,-112.02188611,0,No Special Jurisdiction,1,Rollover/Overturn,0,The First Harmful Event was Not a Collision with a Motor Vehicle in Transport,0,No,1,Non-Junction,1,Not an Intersection,0,None,,,1,On Roadway,3,Dark - Lighted,,,,,1,Clear,0,No,0000000,Not Applicable,99,Unknown,99,Unknown,99,Unknown EMS Scene Arrival Hour,99,Unknown EMS Scene Arrival Minutes,99,Unknown,99,Unknown EMS Hospital Arrival Time,,,,,,,1,
2022,4,40278,Arizona,1,1,0,1,1,1,1,13,MARICOPA (13),370,PHOENIX,14,14,4,April,2022,5,Thursday,21,9:00pm-9:59pm,35,35,0,This section IS NOT on the NHS,2,Urban,4,Minor Arterial,4,City or Municipal Highway Agency,6,Local Street - Municipality,W MCDOWELL RD,,432,432,33.46594167,33.46594167,-112.191908330,-112.19190833,0,No Special Jurisdiction,8,Pedestrian,0,The First Harmful Event was Not a Collision with a Motor Vehicle in Transport,0,No,1,Non-Junction,1,Not an Intersection,0,None,,,1,On Roadway,3,Dark - Lighted,,,,,1,Clear,0,No,0000000,Not Applicable,99,Unknown,99,Unknown,99,Unknown EMS Scene Arrival Hour,99,Unknown EMS Scene Arrival Minutes,99,Unknown,99,Unknown EMS Hospital Arrival Time,,,,,,,1,
2022,4,40279,Arizona,1,1,0,1,1,1,1,13,MARICOPA (13),370,PHOENIX,15,15,4,April,2022,6,Friday,0,0:00am-0:59am,58,58,1,This section IS ON the NHS,2,Urban,3,Principal Arterial - Other,4,City or Municipal Highway Agency,6,Local Street - Municipality,N 7TH ST,,116,116,33.47201389,33.47201389,-112.065108330,-112.06510833,0,No Special Jurisdiction,8,Pedestrian,0,The First Harmful Event was Not a Collision with a Motor Vehicle in Transport,0,No,1,Non-Junction,1,Not an Intersection,0,None,,,1,On Roadway,2,Dark - Not Lighted,,,,,1,Clear,0,No,0000000,Not Applicable,99,Unknown,99,Unknown,99,Unknown EMS Scene Arrival Hour,99,Unknown EMS Scene Arrival Minutes,99,Unknown,99,Unknown EMS Hospital Arrival Time,,,,,,,1,
2022,4,40280,Arizona,2,2,0,0,0,5,5,13,MARICOPA (13),368,PEORIA,15,15,4,April,2022,6,Friday,12,12:00pm-12:59pm,13,13,0,This section IS NOT on the NHS,1,Rural,3,Principal Arterial - Other,1,State Highway Agency,3,State Highway,SR-74 LAKE PLEASANT PKWY,,314,314,33.80562222,33.80562222,-112.242675000,-112.24267500,0,No Special Jurisdiction,12,Motor Vehicle In-Transport,6,Angle,0,No,1,Non-Junction,1,Not an Intersection,0,None,,,1,On Roadway,1,Daylight,,,,,1,Clear,0,No,0000000,Not Applicable,12,12:00pm-12:59pm,13,13,12,12:00pm-12:59pm,30,30,88,"Not Applicable (Not Transported) ",88,Not Applicable (Not Transported),,,,,,,1,
2022,4,40281,Arizona,2,2,0,0,0,2,2,19,PIMA (19),335,ORO VALLEY,15,15,4,April,2022,6,Friday,12,12:00pm-12:59pm,35,35,0,This section IS NOT on the NHS,2,Urban,3,Principal Arterial - Other,3,Town or Township Highway Agency,3,State Highway,SR-989 E TANGERINE RD,N 1ST AVE,4,4,32.42437778,32.42437778,-110.961177780,-110.96117778,0,No Special Jurisdiction,12,Motor Vehicle In-Transport,2,Front-to-Front,0,No,2,Intersection,2,Four-Way Intersection,0,None,,,1,On Roadway,1,Daylight,,,,,1,Clear,0,No,0000000,Not Applicable,12,12:00pm-12:59pm,35,35,12,12:00pm-12:59pm,38,38,12,12:00pm-12:59pm,53,53,,,,,,,1,
2022,4,40283,Arizona,1,1,0,1,1,1,1,13,MARICOPA (13),80,CHANDLER,16,16,4,April,2022,7,Saturday,19,7:00pm-7:59pm,24,24,0,This section IS NOT on the NHS,2,Urban,3,Principal Arterial - Other,4,City or Municipal Highway Agency,6,Local Street - Municipality,E RIGGS RD,S GILBERT RD,508,508,33.21900833,33.21900833,-111.789380560,-111.78938056,0,No Special Jurisdiction,8,Pedestrian,0,The First Harmful Event was Not a Collision with a Motor Vehicle in Transport,0,No,3,Intersection-Related,2,Four-Way Intersection,0,None,,,1,On Roadway,3,Dark - Lighted,,,,,1,Clear,0,No,0000000,Not Applicable,19,7:00pm-7:59pm,24,24,19,7:00pm-7:59pm,25,25,19,7:00pm-7:59pm,45,45,,,,,,,1,
2022,4,40284,Arizona,1,1,0,1,1,2,2,13,MARICOPA (13),370,PHOENIX,16,16,4,April,2022,7,Saturday,19,7:00pm-7:59pm,47,47,1,This section IS ON the NHS,2,Urban,3,Principal Arterial - Other,4,City or Municipal Highway Agency,6,Local Street - Municipality,51ST AVE,,75,75,33.37777778,33.37777778,-112.168177780,-112.16817778,0,No Special Jurisdiction,8,Pedestrian,0,The First Harmful Event was Not a Collision with a Motor Vehicle in Transport,0,No,1,Non-Junction,1,Not an Intersection,0,None,,,1,On Roadway,3,Dark - Lighted,,,,,1,Clear,0,No,0000000,Not Applicable,99,Unknown,99,Unknown,99,Unknown EMS Scene Arrival Hour,99,Unknown EMS Scene Arrival Minutes,99,Unknown,99,Unknown EMS Hospital Arrival Time,,,,,,,1,
2022,4,40285,Arizona,1,1,0,1,1,1,1,13,MARICOPA (13),370,PHOENIX,17,17,4,April,2022,1,Sunday,21,9:00pm-9:59pm,33,33,0,This section IS NOT on the NHS,2,Urban,4,Minor Arterial,1,State Highway Agency,2,U.S. Highway,US-60 NW GRAND AVE,,3,3,33.47656111,33.47656111,-112.112638890,-112.11263889,0,No Special Jurisdiction,9,Pedalcyclist,0,The First Harmful Event was Not a Collision with a Motor Vehicle in Transport,0,No,1,Non-Junction,1,Not an Intersection,0,None,,,1,On Roadway,3,Dark - Lighted,,,,,1,Clear,0,No,0000000,Not Applicable,99,Unknown,99,Unknown,99,Unknown EMS Scene Arrival Hour,99,Unknown EMS Scene Arrival Minutes,99,Unknown,99,Unknown EMS Hospital Arrival Time,,,,,,,1,
2022,4,40286,Arizona,1,1,0,0,0,2,2,13,MARICOPA (13),370,PHOENIX,17,17,4,April,2022,1,Sunday,22,10:00pm-10:59pm,10,10,0,This section IS NOT on the NHS,2,Urban,7,Local,98,Not Reported,8,Other,S 15TH ST,,0,None,33.39687778,33.39687778,-112.048994440,-112.04899444,0,No Special Jurisdiction,42,Tree (Standing Only),0,The First Harmful Event was Not a Collision with a Motor Vehicle in Transport,0,No,1,Non-Junction,1,Not an Intersection,0,None,,,4,On Roadside,3,Dark - Lighted,,,,,1,Clear,0,No,0000000,Not Applicable,99,Unknown,99,Unknown,99,Unknown EMS Scene Arrival Hour,99,Unknown EMS Scene Arrival Minutes,99,Unknown,99,Unknown EMS Hospital Arrival Time,,,,,,,1,