caseyear,state,st_case,statename,ve_total,ve_forms,pvh_invl,peds,pernotmvit,permvit,persons,county,countyname,city,cityname,day,dayname,month,monthname,year,day_week,day_weekname,hour,hourname,minute,minutename,nhs,nhsname,rur_urb,rur_urbname,func_sys,func_sysname,rd_owner,rd_ownername,route,routename,tway_id,tway_id2,milept,mileptname,latitude,latitudename,longitud,longitudname,sp_jur,sp_jurname,harm_ev,harm_evname,man_coll,man_collname,reljct1,reljct1name,reljct2,reljct2name,typ_int,typ_intname,wrk_zone,wrk_zonename,road_fnc,road_fncname,rel_road,rel_roadname,lgt_cond,lgt_condname,weather1,weather1name,weather2,weather2name,weather,weathername,sch_bus,sch_busname,rail,railname,not_hour,not_hourname,not_min,not_minname,arr_hour,arr_hourname,arr_min,arr_minname,hosp_hr,hosp_hrname,hosp_mn,hosp_mnname,cf1,cf1name,cf2,cf2name,cf3,cf3name,fatals,drunk_dr
2022,4,40365,Arizona,1,1,0,0,0,1,1,13,MARICOPA (13),370,PHOENIX,7,7,5,May,2022,7,Saturday,22,10:00pm-10:59pm,34,34,1,This section IS ON the NHS,2,Urban,2,Principal Arterial - Other Freeways and Expressways,1,State Highway Agency,3,State Highway,SR-101 RAMP,,220,220,33.66930556,33.66930556,-112.137927780,-112.13792778,0,No Special Jurisdiction,33,Curb,0,The First Harmful Event was Not a Collision with a Motor Vehicle in Transport,1,Yes,5,Entrance/Exit Ramp Related,1,Not an Intersection,0,None,,,8,Gore,3,Dark - Lighted,,,,,1,Clear,0,No,0000000,Not Applicable,22,10:00pm-10:59pm,36,36,22,10:00pm-10:59pm,44,44,22,10:00pm-10:59pm,55,55,,,,,,,1,
2022,4,40366,Arizona,2,2,0,0,0,2,2,19,PIMA (19),530,TUCSON,8,8,5,May,2022,1,Sunday,15,3:00pm-3:59pm,44,44,0,This section IS NOT on the NHS,2,Urban,3,Principal Arterial - Other,4,City or Municipal Highway Agency,6,Local Street - Municipality,ALVERNON WAY,GRANT RD,20,20,32.25065000,32.25065000,-110.909805560,-110.90980556,0,No Special Jurisdiction,12,Motor Vehicle In-Transport,6,Angle,0,No,2,Intersection,2,Four-Way Intersection,0,None,,,1,On Roadway,1,Daylight,,,,,1,Clear,0,No,0000000,Not Applicable,99,Unknown,99,Unknown,99,Unknown EMS Scene Arrival Hour,99,Unknown EMS Scene Arrival Minutes,99,Unknown,99,Unknown EMS Hospital Arrival Time,,,,,,,1,
2022,4,40367,Arizona,3,3,0,0,0,3,3,13,MARICOPA (13),30,AVONDALE,8,8,5,May,2022,1,Sunday,23,11:00pm-11:59pm,35,35,1,This section IS ON the NHS,2,Urban,1,Interstate,1,State Highway Agency,1,Interstate,I-10,,1322,1322,33.46112778,33.46112778,-112.290372220,-112.29037222,0,No Special Jurisdiction,12,Motor Vehicle In-Transport,1,Front-to-Rear,1,Yes,18,Through Roadway,1,Not an Intersection,0,None,,,1,On Roadway,3,Dark - Lighted,,,,,1,Clear,0,No,0000000,Not Applicable,23,11:00pm-11:59pm,40,40,23,11:00pm-11:59pm,45,45,99,Unknown,99,Unknown EMS Hospital Arrival Time,,,,,,,1,
2022,4,40368,Arizona,1,1,0,0,0,2,2,5,COCONINO (5),590,WILLIAMS,9,9,5,May,2022,2,Monday,12,12:00pm-12:59pm,0,0,1,This section IS ON the NHS,1,Rural,1,Interstate,1,State Highway Agency,1,Interstate,I-40,,1680,1680,35.25838889,35.25838889,-112.113400000,-112.11340000,0,No Special Jurisdiction,1,Rollover/Overturn,0,The First Harmful Event was Not a Collision with a Motor Vehicle in Transport,0,No,1,Non-Junction,1,Not an Intersection,0,None,,,3,On Median,1,Daylight,,,,,1,Clear,0,No,0000000,Not Applicable,12,12:00pm-12:59pm,3,3,12,12:00pm-12:59pm,12,12,88,"Not Applicable (Not Transported) ",88,Not Applicable (Not Transported),,,,,,,1,
2022,4,40369,Arizona,1,1,0,1,1,3,3,13,MARICOPA (13),370,PHOENIX,10,10,5,May,2022,3,Tuesday,4,4:00am-4:59am,39,39,0,This section IS NOT on the NHS,2,Urban,4,Minor Arterial,4,City or Municipal Highway Agency,6,Local Street - Municipality,N 35TH AVE,,89,89,33.47063611,33.47063611,-112.134488890,-112.13448889,0,No Special Jurisdiction,15,Non-Motorist on Personal Conveyance,0,The First Harmful Event was Not a Collision with a Motor Vehicle in Transport,0,No,1,Non-Junction,1,Not an Intersection,0,None,,,1,On Roadway,3,Dark - Lighted,,,,,1,Clear,0,No,0000000,Not Applicable,99,Unknown,99,Unknown,99,Unknown EMS Scene Arrival Hour,99,Unknown EMS Scene Arrival Minutes,88,"Not Applicable (Not Transported) ",88,Not Applicable (Not Transported),,,,,,,1,
2022,4,40370,Arizona,2,2,0,0,0,2,2,13,MARICOPA (13),370,PHOENIX,10,10,5,May,2022,3,Tuesday,11,11:00am-11:59am,6,6,0,This section IS NOT on the NHS,2,Urban,3,Principal Arterial - Other,1,State Highway Agency,6,Local Street - Municipality,W BELL RD,N BLACK CANYON AC,3,3,33.63991944,33.63991944,-112.113988890,-112.11398889,0,No Special Jurisdiction,12,Motor Vehicle In-Transport,6,Angle,1,Yes,2,Intersection,2,Four-Way Intersection,0,None,,,1,On Roadway,1,Daylight,,,,,1,Clear,0,No,0000000,Not Applicable,11,11:00am-11:59am,99,Unknown,11,11:00am-11:59am,99,Unknown EMS Scene Arrival Minutes,99,Unknown,99,Unknown EMS Hospital Arrival Time,,,,,,,1,
2022,4,40371,Arizona,1,1,0,1,1,1,1,13,MARICOPA (13),200,GLENDALE,11,11,5,May,2022,4,Wednesday,1,1:00am-1:59am,51,51,0,This section IS NOT on the NHS,2,Urban,4,Minor Arterial,4,City or Municipal Highway Agency,6,Local Street - Municipality,BETHANY HOME,,9,9,33.52404167,33.52404167,-112.181197220,-112.18119722,0,No Special Jurisdiction,8,Pedestrian,0,The First Harmful Event was Not a Collision with a Motor Vehicle in Transport,0,No,1,Non-Junction,1,Not an Intersection,0,None,,,11,Continuous Left - Turn Lane,3,Dark - Lighted,,,,,1,Clear,0,No,0000000,Not Applicable,99,Unknown,98,Unknown if Notified,99,Unknown EMS Scene Arrival Hour,98,Unknown if Arrived,88,"Not Applicable (Not Transported) ",88,Not Applicable (Not Transported),,,,,,,1,
2022,4,40372,Arizona,1,1,0,0,0,3,3,25,YAVAPAI (25),386,PRESCOTT,12,12,5,May,2022,5,Thursday,16,4:00pm-4:59pm,24,24,0,This section IS NOT on the NHS,1,Rural,7,Local,64,U.S. Forest Service,8,Other,BIG BUG MESA RD,,0,None,34.44296944,34.44296944,-112.380750000,-112.38075000,0,No Special Jurisdiction,35,Embankment,0,The First Harmful Event was Not a Collision with a Motor Vehicle in Transport,0,No,1,Non-Junction,1,Not an Intersection,0,None,,,4,On Roadside,1,Daylight,,,,,1,Clear,0,No,0000000,Not Applicable,16,4:00pm-4:59pm,24,24,17,5:00pm-5:59pm,0,0,18,6:00pm-6:59pm,30,30,,,,,,,1,
2022,4,40373,Arizona,1,1,0,0,0,1,1,13,MARICOPA (13),525,TONOPAH,12,12,5,May,2022,5,Thursday,22,10:00pm-10:59pm,53,53,1,This section IS ON the NHS,1,Rural,1,Interstate,1,State Highway Agency,1,Interstate,I-10,,409,409,33.51176111,33.51176111,-113.019322220,-113.01932222,0,No Special Jurisdiction,1,Rollover/Overturn,0,The First Harmful Event was Not a Collision with a Motor Vehicle in Transport,0,No,1,Non-Junction,1,Not an Intersection,0,None,,,3,On Median,2,Dark - Not Lighted,,,,,1,Clear,0,No,0000000,Not Applicable,22,10:00pm-10:59pm,99,Unknown,22,10:00pm-10:59pm,99,Unknown EMS Scene Arrival Minutes,88,"Not Applicable (Not Transported) ",88,Not Applicable (Not Transported),,,,,,,1,
2022,4,40374,Arizona,1,1,0,1,1,2,2,19,PIMA (19),530,TUCSON,13,13,5,May,2022,6,Friday,6,6:00am-6:59am,32,32,0,This section IS NOT on the NHS,2,Urban,3,Principal Arterial - Other,2,County Highway Agency,8,Other,SUNRISE DR,,99999,Unknown,32.30841944,32.30841944,-110.881511110,-110.88151111,0,No Special Jurisdiction,8,Pedestrian,0,The First Harmful Event was Not a Collision with a Motor Vehicle in Transport,0,No,1,Non-Junction,1,Not an Intersection,0,None,,,4,On Roadside,1,Daylight,,,,,1,Clear,0,No,0000000,Not Applicable,6,6:00am-6:59am,31,31,6,6:00am-6:59am,32,32,88,"Not Applicable (Not Transported) ",88,Not Applicable (Not Transported),,,,,,,1,
2022,4,40375,Arizona,2,2,0,0,0,2,2,13,MARICOPA (13),370,PHOENIX,13,13,5,May,2022,6,Friday,9,9:00am-9:59am,4,4,0,This section IS NOT on the NHS,2,Urban,4,Minor Arterial,4,City or Municipal Highway Agency,6,Local Street - Municipality,S 16TH ST,E RIVERVIEW DR,139,139,33.42017500,33.42017500,-112.047655560,-112.04765556,0,No Special Jurisdiction,12,Motor Vehicle In-Transport,6,Angle,0,No,2,Intersection,2,Four-Way Intersection,0,None,,,1,On Roadway,1,Daylight,,,,,1,Clear,0,No,0000000,Not Applicable,9,9:00am-9:59am,99,Unknown,9,9:00am-9:59am,99,Unknown EMS Scene Arrival Minutes,99,Unknown,99,Unknown EMS Hospital Arrival Time,,,,,,,1,
2022,4,40376,Arizona,1,1,0,0,0,5,5,13,MARICOPA (13),322,MORRISTOWN,13,13,5,May,2022,6,Friday,14,2:00pm-2:59pm,13,13,1,This section IS ON the NHS,1,Rural,3,Principal Arterial - Other,1,State Highway Agency,2,U.S. Highway,US-60,,235,235,33.88703889,33.88703889,-112.662994440,-112.66299444,0,No Special Jurisdiction,1,Rollover/Overturn,0,The First Harmful Event was Not a Collision with a Motor Vehicle in Transport,0,No,1,Non-Junction,1,Not an Intersection,0,None,,,98,Not Reported,1,Daylight,,,,,1,Clear,0,No,0000000,Not Applicable,14,2:00pm-2:59pm,13,13,14,2:00pm-2:59pm,15,15,99,Unknown,99,Unknown EMS Hospital Arrival Time,,,,,,,1,
2022,4,40377,Arizona,1,1,0,0,0,1,1,7,GILA (7),377,PINE,13,13,5,May,2022,6,Friday,15,3:00pm-3:59pm,0,0,0,This section IS NOT on the NHS,1,Rural,4,Minor Arterial,1,State Highway Agency,3,State Highway,SR-87,,156,156,77.77770000,77.77770000,777.777700000,777.77770000,0,No Special Jurisdiction,1,Rollover/Overturn,0,The First Harmful Event was Not a Collision with a Motor Vehicle in Transport,0,No,1,Non-Junction,1,Not an Intersection,0,None,,,1,On Roadway,1,Daylight,,,,,1,Clear,0,No,0000000,Not Applicable,14,2:00pm-2:59pm,53,53,15,3:00pm-3:59pm,3,3,88,"Not Applicable (Not Transported) ",88,Not Applicable (Not Transported),,,,,,,1,
2022,4,40378,Arizona,2,2,0,0,0,2,2,21,PINAL (21),180,FLORENCE,13,13,5,May,2022,6,Friday,20,8:00pm-8:59pm,27,27,0,This section IS NOT on the NHS,2,Urban,4,Minor Arterial,1,State Highway Agency,3,State Highway,SR-79 PINAL PARKWAY AVE,,21,21,33.02993611,33.02993611,-111.379205560,-111.37920556,0,No Special Jurisdiction,12,Motor Vehicle In-Transport,6,Angle,0,No,8,Driveway Access Related,1,Not an Intersection,0,None,,,1,On Roadway,1,Daylight,,,,,1,Clear,0,No,0000000,Not Applicable,20,8:00pm-8:59pm,28,28,20,8:00pm-8:59pm,32,32,88,"Not Applicable (Not Transported) ",88,Not Applicable (Not Transported),,,,,,,1,
2022,4,40379,Arizona,1,1,0,0,0,1,1,17,NAVAJO (17),262,PINETOP-LAKESIDE,13,13,5,May,2022,6,Friday,21,9:00pm-9:59pm,50,50,0,This section IS NOT on the NHS,2,Urban,7,Local,98,Not Reported,8,Other,SHERWOOD DR,FOREST VIEW RD,99998,Not Reported,34.18411667,34.18411667,-110.010697220,-110.01069722,0,No Special Jurisdiction,32,Culvert,0,The First Harmful Event was Not a Collision with a Motor Vehicle in Transport,0,No,3,Intersection-Related,3,T-Intersection,0,None,,,4,On Roadside,2,Dark - Not Lighted,,,,,1,Clear,0,No,0000000,Not Applicable,21,9:00pm-9:59pm,45,45,21,9:00pm-9:59pm,55,55,22,10:00pm-10:59pm,13,13,,,,,,,1,
2022,4,40380,Arizona,1,1,0,0,0,5,5,5,COCONINO (5),0,NOT APPLICABLE,14,14,5,May,2022,7,Saturday,2,2:00am-2:59am,57,57,0,This section IS NOT on the NHS,1,Rural,4,Minor Arterial,1,State Highway Agency,3,State Highway,SR-264,,109,109,36.01982222,36.01982222,-111.119041670,-111.11904167,3,Indian Reservation,1,Rollover/Overturn,0,The First Harmful Event was Not a Collision with a Motor Vehicle in Transport,0,No,1,Non-Junction,1,Not an Intersection,0,None,,,4,On Roadside,2,Dark - Not Lighted,,,,,1,Clear,0,No,0000000,Not Applicable,2,2:00am-2:59am,57,57,3,3:00am-3:59am,51,51,99,Unknown,99,Unknown EMS Hospital Arrival Time,,,,,,,2,
2022,4,40381,Arizona,1,1,0,1,1,2,2,13,MARICOPA (13),290,MESA,14,14,5,May,2022,7,Saturday,15,3:00pm-3:59pm,17,17,0,This section IS NOT on the NHS,2,Urban,4,Minor Arterial,4,City or Municipal Highway Agency,6,Local Street - Municipality,S LINDSAY RD,E BROADWAY RD,140,140,33.40808889,33.40808889,-111.771108330,-111.77110833,0,No Special Jurisdiction,9,Pedalcyclist,0,The First Harmful Event was Not a Collision with a Motor Vehicle in Transport,0,No,2,Intersection,2,Four-Way Intersection,0,None,,,1,On Roadway,1,Daylight,,,,,1,Clear,0,No,0000000,Not Applicable,15,3:00pm-3:59pm,17,17,15,3:00pm-3:59pm,20,20,15,3:00pm-3:59pm,40,40,,,,,,,1,
2022,4,40382,Arizona,4,4,0,0,0,4,4,13,MARICOPA (13),420,SCOTTSDALE,15,15,5,May,2022,1,Sunday,22,10:00pm-10:59pm,2,2,1,This section IS ON the NHS,2,Urban,2,Principal Arterial - Other Freeways and Expressways,1,State Highway Agency,3,State Highway,SR-101,,99998,Not Reported,33.53407222,33.53407222,-111.883383330,-111.88338333,0,No Special Jurisdiction,12,Motor Vehicle In-Transport,1,Front-to-Rear,1,Yes,18,Through Roadway,1,Not an Intersection,0,None,,,1,On Roadway,3,Dark - Lighted,,,,,1,Clear,0,No,0000000,Not Applicable,22,10:00pm-10:59pm,3,3,22,10:00pm-10:59pm,11,11,22,10:00pm-10:59pm,36,36,,,,,,,1,
2022,4,40383,Arizona,2,2,0,0,0,2,2,25,YAVAPAI (25),105,CONGRESS,17,17,5,May,2022,3,Tuesday,1,1:00am-1:59am,1,1,1,This section IS ON the NHS,1,Rural,3,Principal Arterial - Other,1,State Highway Agency,2,U.S. Highway,US-93,,1745,1745,34.20185556,34.20185556,-113.062269440,-113.06226944,0,No Special Jurisdiction,12,Motor Vehicle In-Transport,6,Angle,0,No,1,Non-Junction,1,Not an Intersection,0,None,,,1,On Roadway,2,Dark - Not Lighted,,,,,1,Clear,0,No,0000000,Not Applicable,1,1:00am-1:59am,10,10,1,1:00am-1:59am,40,40,99,Unknown,99,Unknown EMS Hospital Arrival Time,,,,,,,1,
2022,4,40384,Arizona,3,3,0,0,0,4,4,13,MARICOPA (13),0,NOT APPLICABLE,17,17,5,May,2022,3,Tuesday,20,8:00pm-8:59pm,37,37,0,This section IS NOT on the NHS,1,Rural,4,Minor Arterial,2,County Highway Agency,8,Other,SUN VALLEY PKWY,,99998,Not Reported,33.64423056,33.64423056,-112.493441670,-112.49344167,0,No Special Jurisdiction,12,Motor Vehicle In-Transport,2,Front-to-Front,0,No,1,Non-Junction,1,Not an Intersection,0,None,,,1,On Roadway,2,Dark - Not Lighted,,,,,1,Clear,0,No,0000000,Not Applicable,20,8:00pm-8:59pm,37,37,20,8:00pm-8:59pm,50,50,21,9:00pm-9:59pm,40,40,,,,,,,2,
2022,4,40386,Arizona,1,1,0,0,0,1,1,25,YAVAPAI (25),0,NOT APPLICABLE,18,18,5,May,2022,4,Wednesday,6,6:00am-6:59am,5,5,1,This section IS ON the NHS,1,Rural,1,Interstate,1,State Highway Agency,1,Interstate,I-40,,1396,1396,35.22901667,35.22901667,-112.583958330,-112.58395833,0,No Special Jurisdiction,1,Rollover/Overturn,0,The First Harmful Event was Not a Collision with a Motor Vehicle in Transport,1,Yes,18,Through Roadway,1,Not an Intersection,0,None,,,1,On Roadway,4,Dawn,,,,,1,Clear,0,No,0000000,Not Applicable,6,6:00am-6:59am,5,5,6,6:00am-6:59am,30,30,88,"Not Applicable (Not Transported) ",88,Not Applicable (Not Transported),,,,,,,1,
2022,4,40387,Arizona,2,2,0,0,0,3,3,13,MARICOPA (13),80,CHANDLER,18,18,5,May,2022,4,Wednesday,14,2:00pm-2:59pm,40,40,0,This section IS NOT on the NHS,2,Urban,4,Minor Arterial,4,City or Municipal Highway Agency,5,Local Street - Township,WEST WARNER ROAD,NORTH EVERGREEN STREET,76,76,33.33517500,33.33517500,-111.853752780,-111.85375278,0,No Special Jurisdiction,12,Motor Vehicle In-Transport,6,Angle,0,No,2,Intersection,2,Four-Way Intersection,0,None,,,1,On Roadway,1,Daylight,,,,,1,Clear,0,No,0000000,Not Applicable,14,2:00pm-2:59pm,40,40,14,2:00pm-2:59pm,43,43,15,3:00pm-3:59pm,0,0,,,,,,,1,
2022,4,40388,Arizona,1,1,0,0,0,1,1,15,MOHAVE (15),260,KINGMAN,18,18,5,May,2022,4,Wednesday,16,4:00pm-4:59pm,29,29,1,This section IS ON the NHS,1,Rural,1,Interstate,1,State Highway Agency,1,Interstate,I-40,,817,817,35.16932500,35.16932500,-113.524722220,-113.52472222,0,No Special Jurisdiction,1,Rollover/Overturn,0,The First Harmful Event was Not a Collision with a Motor Vehicle in Transport,0,No,1,Non-Junction,1,Not an Intersection,0,None,,,3,On Median,1,Daylight,,,,,1,Clear,0,No,0000000,Not Applicable,16,4:00pm-4:59pm,30,30,16,4:00pm-4:59pm,57,57,18,6:00pm-6:59pm,7,7,,,,,,,1,
2022,4,40389,Arizona,2,2,0,0,0,2,2,15,MOHAVE (15),0,NOT APPLICABLE,18,18,5,May,2022,4,Wednesday,17,5:00pm-5:59pm,11,11,0,This section IS NOT on the NHS,1,Rural,5,Major Collector,1,State Highway Agency,3,State Highway,SR-66,,385,385,35.48459167,35.48459167,-113.563944440,-113.56394444,0,No Special Jurisdiction,12,Motor Vehicle In-Transport,6,Angle,0,No,1,Non-Junction,1,Not an Intersection,0,None,,,1,On Roadway,1,Daylight,,,,,1,Clear,0,No,0000000,Not Applicable,17,5:00pm-5:59pm,11,11,17,5:00pm-5:59pm,20,20,88,"Not Applicable (Not Transported) ",88,Not Applicable (Not Transported),,,,,,,1,
2022,4,40390,Arizona,1,1,0,0,0,2,2,13,MARICOPA (13),370,PHOENIX,19,19,5,May,2022,5,Thursday,10,10:00am-10:59am,24,24,0,This section IS NOT on the NHS,2,Urban,4,Minor Arterial,4,City or Municipal Highway Agency,6,Local Street - Municipality,E BETHANY HOME RD,,535,535,33.52386389,33.52386389,-112.063697220,-112.06369722,0,No Special Jurisdiction,39,Wall,0,The First Harmful Event was Not a Collision with a Motor Vehicle in Transport,0,No,1,Non-Junction,1,Not an Intersection,0,None,,,4,On Roadside,1,Daylight,,,,,1,Clear,0,No,0000000,Not Applicable,99,Unknown,99,Unknown,99,Unknown EMS Scene Arrival Hour,99,Unknown EMS Scene Arrival Minutes,99,Unknown,99,Unknown EMS Hospital Arrival Time,,,,,,,2,
2022,4,40391,Arizona,2,2,0,0,0,2,2,13,MARICOPA (13),290,MESA,19,19,5,May,2022,5,Thursday,12,12:00pm-12:59pm,19,19,0,This section IS NOT on the NHS,2,Urban,4,Minor Arterial,4,City or Municipal Highway Agency,6,Local Street - Municipality,S SIGNAL BUTTE RD,,111,111,33.36726111,33.36726111,-111.601252780,-111.60125278,0,No Special Jurisdiction,12,Motor Vehicle In-Transport,6,Angle,0,No,8,Driveway Access Related,1,Not an Intersection,0,None,,,1,On Roadway,1,Daylight,,,,,1,Clear,0,No,0000000,Not Applicable,12,12:00pm-12:59pm,19,19,12,12:00pm-12:59pm,24,24,88,"Not Applicable (Not Transported) ",88,Not Applicable (Not Transported),,,,,,,1,
2022,4,40392,Arizona,2,2,0,0,0,1,1,13,MARICOPA (13),370,PHOENIX,20,20,5,May,2022,6,Friday,4,4:00am-4:59am,2,2,1,This section IS ON the NHS,2,Urban,1,Interstate,1,State Highway Agency,1,Interstate,I-17,,222,222,33.68631667,33.68631667,-112.112347220,-112.11234722,0,No Special Jurisdiction,12,Motor Vehicle In-Transport,1,Front-to-Rear,1,Yes,18,Through Roadway,1,Not an Intersection,0,None,,,1,On Roadway,3,Dark - Lighted,,,,,1,Clear,0,No,0000000,Not Applicable,4,4:00am-4:59am,4,4,4,4:00am-4:59am,10,10,88,"Not Applicable (Not Transported) ",88,Not Applicable (Not Transported),,,,,,,1,
2022,4,40393,Arizona,1,1,0,0,0,1,1,15,MOHAVE (15),572,WIKIEUP,20,20,5,May,2022,6,Friday,22,10:00pm-10:59pm,38,38,1,This section IS ON the NHS,1,Rural,3,Principal Arterial - Other,1,State Highway Agency,2,U.S. Highway,US-93,,1379,1379,34.57116667,34.57116667,-113.480008330,-113.48000833,0,No Special Jurisdiction,24,Guardrail Face,0,The First Harmful Event was Not a Collision with a Motor Vehicle in Transport,0,No,1,Non-Junction,1,Not an Intersection,0,None,,,4,On Roadside,2,Dark - Not Lighted,,,,,1,Clear,0,No,0000000,Not Applicable,22,10:00pm-10:59pm,45,45,23,11:00pm-11:59pm,30,30,88,"Not Applicable (Not Transported) ",88,Not Applicable (Not Transported),,,,,,,1,
2022,4,40394,Arizona,1,1,0,1,1,1,1,13,MARICOPA (13),60,BUCKEYE,21,21,5,May,2022,7,Saturday,6,6:00am-6:59am,8,8,0,This section IS NOT on the NHS,2,Urban,5,Major Collector,2,County Highway Agency,8,Other,JACKRABBIT TRAIL,,74,74,33.36082222,33.36082222,-112.483341670,-112.48334167,0,No Special Jurisdiction,9,Pedalcyclist,0,The First Harmful Event was Not a Collision with a Motor Vehicle in Transport,0,No,1,Non-Junction,1,Not an Intersection,0,None,,,1,On Roadway,1,Daylight,,,,,1,Clear,0,No,0000000,Not Applicable,99,Unknown,99,Unknown,99,Unknown EMS Scene Arrival Hour,99,Unknown EMS Scene Arrival Minutes,88,"Not Applicable (Not Transported) ",88,Not Applicable (Not Transported),,,,,,,1,
2022,4,40395,Arizona,1,1,0,0,0,3,3,17,NAVAJO (17),0,NOT APPLICABLE,21,21,5,May,2022,7,Saturday,14,2:00pm-2:59pm,11,11,1,This section IS ON the NHS,1,Rural,3,Principal Arterial - Other,1,State Highway Agency,3,State Highway,SR-260,,1159,1159,34.38235556,34.38235556,-110.671308330,-110.67130833,0,No Special Jurisdiction,42,Tree (Standing Only),0,The First Harmful Event was Not a Collision with a Motor Vehicle in Transport,0,No,1,Non-Junction,1,Not an Intersection,0,None,,,4,On Roadside,1,Daylight,,,,,1,Clear,0,No,0000000,Not Applicable,14,2:00pm-2:59pm,11,11,14,2:00pm-2:59pm,54,54,15,3:00pm-3:59pm,99,Unknown EMS Hospital Arrival Time,,,,,,,2,
2022,4,40396,Arizona,2,2,0,0,0,3,3,3,COCHISE (3),0,NOT APPLICABLE,21,21,5,May,2022,7,Saturday,16,4:00pm-4:59pm,30,30,1,This section IS ON the NHS,1,Rural,1,Interstate,1,State Highway Agency,1,Interstate,I-10,,3797,3797,32.27230278,32.27230278,-109.251233330,-109.25123333,0,No Special Jurisdiction,12,Motor Vehicle In-Transport,1,Front-to-Rear,1,Yes,5,Entrance/Exit Ramp Related,1,Not an Intersection,0,None,,,2,On Shoulder,1,Daylight,,,,,1,Clear,0,No,0000000,Not Applicable,16,4:00pm-4:59pm,32,32,16,4:00pm-4:59pm,45,45,88,"Not Applicable (Not Transported) ",88,Not Applicable (Not Transported),,,,,,,2,
2022,4,40397,Arizona,1,1,0,1,1,1,1,13,MARICOPA (13),30,AVONDALE,21,21,5,May,2022,7,Saturday,19,7:00pm-7:59pm,5,5,0,This section IS NOT on the NHS,2,Urban,7,Local,4,City or Municipal Highway Agency,5,Local Street - Township,W CHASE CT,W LOCUST LANE,0,None,33.42765278,33.42765278,-112.292986110,-112.29298611,0,No Special Jurisdiction,8,Pedestrian,0,The First Harmful Event was Not a Collision with a Motor Vehicle in Transport,0,No,3,Intersection-Related,10,L-Intersection,0,None,,,1,On Roadway,5,Dusk,,,,,1,Clear,0,No,0000000,Not Applicable,19,7:00pm-7:59pm,6,6,19,7:00pm-7:59pm,9,9,88,"Not Applicable (Not Transported) ",88,Not Applicable (Not Transported),,,,,,,1,
2022,4,40399,Arizona,1,1,0,1,1,1,1,13,MARICOPA (13),370,PHOENIX,21,21,5,May,2022,7,Saturday,21,9:00pm-9:59pm,53,53,0,This section IS NOT on the NHS,2,Urban,5,Major Collector,4,City or Municipal Highway Agency,6,Local Street - Municipality,N 31ST AVE,W VAN BUREN ST,71,71,33.45139167,33.45139167,-112.126169440,-112.12616944,0,No Special Jurisdiction,8,Pedestrian,0,The First Harmful Event was Not a Collision with a Motor Vehicle in Transport,0,No,3,Intersection-Related,2,Four-Way Intersection,0,None,,,1,On Roadway,3,Dark - Lighted,,,,,1,Clear,0,No,0000000,Not Applicable,99,Unknown,99,Unknown,99,Unknown EMS Scene Arrival Hour,99,Unknown EMS Scene Arrival Minutes,99,Unknown,99,Unknown EMS Hospital Arrival Time,,,,,,,1,
2022,4,40401,Arizona,1,1,0,0,0,1,1,25,YAVAPAI (25),299,MAYER,22,22,5,May,2022,1,Sunday,16,4:00pm-4:59pm,45,45,0,This section IS NOT on the NHS,1,Rural,7,Local,98,Not Reported,9,Unknown,COPPER RD,,0,None,34.43642778,34.43642778,-112.200747220,-112.20074722,0,No Special Jurisdiction,1,Rollover/Overturn,0,The First Harmful Event was Not a Collision with a Motor Vehicle in Transport,0,No,1,Non-Junction,1,Not an Intersection,0,None,,,4,On Roadside,1,Daylight,,,,,1,Clear,0,No,0000000,Not Applicable,16,4:00pm-4:59pm,45,45,17,5:00pm-5:59pm,9,9,88,"Not Applicable (Not Transported) ",88,Not Applicable (Not Transported),,,,,,,1,
2022,4,40402,Arizona,4,4,0,2,2,10,10,13,MARICOPA (13),370,PHOENIX,23,23,5,May,2022,2,Monday,4,4:00am-4:59am,6,6,1,This section IS ON the NHS,2,Urban,1,Interstate,1,State Highway Agency,1,Interstate,I-17,,106,106,33.60811111,33.60811111,-112.116572220,-112.11657222,0,No Special Jurisdiction,12,Motor Vehicle In-Transport,98,Not Reported,1,Yes,18,Through Roadway,1,Not an Intersection,4,"Work Zone, Type Unknown",,,1,On Roadway,2,Dark - Not Lighted,,,,,1,Clear,0,No,0000000,Not Applicable,4,4:00am-4:59am,16,16,4,4:00am-4:59am,23,23,99,Unknown,99,Unknown EMS Hospital Arrival Time,,,,,,,1,
2022,4,40406,Arizona,1,1,0,1,1,1,1,13,MARICOPA (13),290,MESA,24,24,5,May,2022,3,Tuesday,21,9:00pm-9:59pm,45,45,0,This section IS NOT on the NHS,2,Urban,4,Minor Arterial,1,State Highway Agency,5,Local Street - Township,E MAIN ST,,10,10,33.41538056,33.41538056,-111.628341670,-111.62834167,0,No Special Jurisdiction,8,Pedestrian,0,The First Harmful Event was Not a Collision with a Motor Vehicle in Transport,0,No,1,Non-Junction,1,Not an Intersection,0,None,,,1,On Roadway,2,Dark - Not Lighted,,,,,1,Clear,0,No,0000000,Not Applicable,21,9:00pm-9:59pm,45,45,21,9:00pm-9:59pm,50,50,22,10:00pm-10:59pm,15,15,,,,,,,1,
2022,4,40407,Arizona,1,1,0,1,1,1,1,13,MARICOPA (13),370,PHOENIX,25,25,5,May,2022,4,Wednesday,15,3:00pm-3:59pm,1,1,0,This section IS NOT on the NHS,6,Trafficway Not in State Inventory,96,Trafficway Not in State Inventory,96,Trafficway Not in State Inventory,8,Other,NONE,,0,None,33.49598056,33.49598056,-112.116944440,-112.11694444,0,No Special Jurisdiction,9,Pedalcyclist,0,The First Harmful Event was Not a Collision with a Motor Vehicle in Transport,0,No,4,Driveway Access,1,Not an Intersection,0,None,,,1,On Roadway,1,Daylight,,,,,1,Clear,0,No,0000000,Not Applicable,99,Unknown,99,Unknown,99,Unknown EMS Scene Arrival Hour,99,Unknown EMS Scene Arrival Minutes,99,Unknown,99,Unknown EMS Hospital Arrival Time,,,,,,,1,