caseyear,state,st_case,statename,ve_total,ve_forms,pvh_invl,peds,pernotmvit,permvit,persons,county,countyname,city,cityname,day,dayname,month,monthname,year,day_week,day_weekname,hour,hourname,minute,minutename,nhs,nhsname,rur_urb,rur_urbname,func_sys,func_sysname,rd_owner,rd_ownername,route,routename,tway_id,tway_id2,milept,mileptname,latitude,latitudename,longitud,longitudname,sp_jur,sp_jurname,harm_ev,harm_evname,man_coll,man_collname,reljct1,reljct1name,reljct2,reljct2name,typ_int,typ_intname,wrk_zone,wrk_zonename,road_fnc,road_fncname,rel_road,rel_roadname,lgt_cond,lgt_condname,weather1,weather1name,weather2,weather2name,weather,weathername,sch_bus,sch_busname,rail,railname,not_hour,not_hourname,not_min,not_minname,arr_hour,arr_hourname,arr_min,arr_minname,hosp_hr,hosp_hrname,hosp_mn,hosp_mnname,cf1,cf1name,cf2,cf2name,cf3,cf3name,fatals,drunk_dr
2022,4,40408,Arizona,1,1,0,0,0,1,1,13,MARICOPA (13),370,PHOENIX,27,27,5,May,2022,6,Friday,20,8:00pm-8:59pm,29,29,0,This section IS NOT on the NHS,2,Urban,5,Major Collector,4,City or Municipal Highway Agency,5,Local Street - Township,N METRO PKWY,,7,7,33.57151944,33.57151944,-112.122650000,-112.12265000,0,No Special Jurisdiction,33,Curb,0,The First Harmful Event was Not a Collision with a Motor Vehicle in Transport,0,No,1,Non-Junction,1,Not an Intersection,0,None,,,4,On Roadside,3,Dark - Lighted,,,,,1,Clear,0,No,0000000,Not Applicable,99,Unknown,99,Unknown,99,Unknown EMS Scene Arrival Hour,99,Unknown EMS Scene Arrival Minutes,99,Unknown,98,Unknown if Transported,,,,,,,1,
2022,4,40409,Arizona,3,3,0,0,0,4,4,25,YAVAPAI (25),65,CAMP VERDE,28,28,5,May,2022,7,Saturday,1,1:00am-1:59am,8,8,1,This section IS ON the NHS,1,Rural,1,Interstate,1,State Highway Agency,1,Interstate,I-17,,1076,1076,34.72142222,34.72142222,-111.721641670,-111.72164167,0,No Special Jurisdiction,35,Embankment,0,The First Harmful Event was Not a Collision with a Motor Vehicle in Transport,0,No,1,Non-Junction,1,Not an Intersection,0,None,,,3,On Median,2,Dark - Not Lighted,,,,,1,Clear,0,No,0000000,Not Applicable,1,1:00am-1:59am,11,11,1,1:00am-1:59am,29,29,99,Unknown,99,Unknown EMS Hospital Arrival Time,,,,,,,1,
2022,4,40410,Arizona,2,2,0,0,0,2,2,13,MARICOPA (13),190,GILBERT,28,28,5,May,2022,7,Saturday,23,11:00pm-11:59pm,13,13,0,This section IS NOT on the NHS,2,Urban,4,Minor Arterial,4,City or Municipal Highway Agency,5,Local Street - Township,W RAY RD,S PINE ST,575,575,33.32095278,33.32095278,-111.798397220,-111.79839722,0,No Special Jurisdiction,12,Motor Vehicle In-Transport,6,Angle,0,No,2,Intersection,3,T-Intersection,0,None,,,1,On Roadway,3,Dark - Lighted,,,,,1,Clear,0,No,0000000,Not Applicable,23,11:00pm-11:59pm,13,13,23,11:00pm-11:59pm,20,20,88,"Not Applicable (Not Transported) ",88,Not Applicable (Not Transported),,,,,,,1,
2022,4,40411,Arizona,2,2,0,0,0,2,2,19,PIMA (19),530,TUCSON,29,29,5,May,2022,1,Sunday,22,10:00pm-10:59pm,2,2,0,This section IS NOT on the NHS,2,Urban,4,Minor Arterial,2,County Highway Agency,5,Local Street - Township,LA CANADA DR,RIVER RD,314,314,32.29745278,32.29745278,-110.995269440,-110.99526944,0,No Special Jurisdiction,12,Motor Vehicle In-Transport,6,Angle,0,No,2,Intersection,2,Four-Way Intersection,0,None,,,1,On Roadway,3,Dark - Lighted,,,,,1,Clear,0,No,0000000,Not Applicable,22,10:00pm-10:59pm,2,2,22,10:00pm-10:59pm,9,9,22,10:00pm-10:59pm,49,49,,,,,,,1,
2022,4,40412,Arizona,1,1,0,1,1,1,1,19,PIMA (19),219,GREEN VALLEY,30,30,5,May,2022,2,Monday,22,10:00pm-10:59pm,3,3,0,This section IS NOT on the NHS,2,Urban,5,Major Collector,2,County Highway Agency,8,Other,S CAMINO DEL SOL,W CAMINO ENCANTO,31,31,31.82742500,31.82742500,-111.012386110,-111.01238611,0,No Special Jurisdiction,8,Pedestrian,0,The First Harmful Event was Not a Collision with a Motor Vehicle in Transport,0,No,3,Intersection-Related,3,T-Intersection,0,None,,,1,On Roadway,3,Dark - Lighted,,,,,1,Clear,0,No,0000000,Not Applicable,22,10:00pm-10:59pm,4,4,22,10:00pm-10:59pm,6,6,22,10:00pm-10:59pm,57,57,,,,,,,1,
2022,4,40413,Arizona,2,2,0,0,0,2,2,13,MARICOPA (13),80,CHANDLER,31,31,5,May,2022,3,Tuesday,15,3:00pm-3:59pm,44,44,0,This section IS NOT on the NHS,2,Urban,4,Minor Arterial,1,State Highway Agency,5,Local Street - Township,CHANDLER BLVD,PRICE RD,136,136,33.30577778,33.30577778,-111.894952780,-111.89495278,0,No Special Jurisdiction,12,Motor Vehicle In-Transport,6,Angle,1,Yes,2,Intersection,2,Four-Way Intersection,0,None,,,1,On Roadway,1,Daylight,,,,,98,Not Reported,0,No,0000000,Not Applicable,15,3:00pm-3:59pm,44,44,15,3:00pm-3:59pm,48,48,16,4:00pm-4:59pm,2,2,,,,,,,1,
2022,4,40414,Arizona,2,2,0,0,0,5,5,13,MARICOPA (13),370,PHOENIX,31,31,5,May,2022,3,Tuesday,16,4:00pm-4:59pm,18,18,0,This section IS NOT on the NHS,2,Urban,3,Principal Arterial - Other,4,City or Municipal Highway Agency,5,Local Street - Township,N 35TH AVENUE,W COOLIDGE ST,112,112,33.50494167,33.50494167,-112.134316670,-112.13431667,0,No Special Jurisdiction,12,Motor Vehicle In-Transport,7,Sideswipe - Same Direction,0,No,2,Intersection,3,T-Intersection,0,None,,,1,On Roadway,1,Daylight,,,,,1,Clear,0,No,0000000,Not Applicable,99,Unknown,99,Unknown,99,Unknown EMS Scene Arrival Hour,99,Unknown EMS Scene Arrival Minutes,99,Unknown,99,Unknown EMS Hospital Arrival Time,,,,,,,1,
2022,4,40416,Arizona,1,1,0,0,0,1,1,13,MARICOPA (13),60,BUCKEYE,8,8,3,March,2022,3,Tuesday,14,2:00pm-2:59pm,10,10,0,This section IS NOT on the NHS,1,Rural,6,Minor Collector,2,County Highway Agency,8,Other,W SALOME HWY,,0,None,33.45568056,33.45568056,-112.934658330,-112.93465833,0,No Special Jurisdiction,1,Rollover/Overturn,0,The First Harmful Event was Not a Collision with a Motor Vehicle in Transport,0,No,1,Non-Junction,1,Not an Intersection,0,None,,,4,On Roadside,1,Daylight,,,,,1,Clear,0,No,0000000,Not Applicable,12,12:00pm-12:59pm,32,32,12,12:00pm-12:59pm,42,42,99,Unknown,99,Unknown EMS Hospital Arrival Time,,,,,,,1,
2022,4,40417,Arizona,1,1,0,0,0,1,1,13,MARICOPA (13),0,NOT APPLICABLE,11,11,3,March,2022,6,Friday,13,1:00pm-1:59pm,12,12,0,This section IS NOT on the NHS,1,Rural,5,Major Collector,2,County Highway Agency,3,State Highway,SR-88,,105,105,33.50207500,33.50207500,-111.461608330,-111.46160833,0,No Special Jurisdiction,1,Rollover/Overturn,0,The First Harmful Event was Not a Collision with a Motor Vehicle in Transport,0,No,1,Non-Junction,1,Not an Intersection,0,None,,,4,On Roadside,1,Daylight,,,,,1,Clear,0,No,0000000,Not Applicable,13,1:00pm-1:59pm,11,11,13,1:00pm-1:59pm,30,30,88,"Not Applicable (Not Transported) ",88,Not Applicable (Not Transported),,,,,,,1,
2022,4,40418,Arizona,2,2,0,0,0,4,4,13,MARICOPA (13),370,PHOENIX,13,13,3,March,2022,1,Sunday,21,9:00pm-9:59pm,30,30,1,This section IS ON the NHS,2,Urban,3,Principal Arterial - Other,4,City or Municipal Highway Agency,6,Local Street - Municipality,"E INDIAN SCHOOL RD ",N 36TH ST,0,None,33.49511944,33.49511944,-112.004300000,-112.00430000,0,No Special Jurisdiction,12,Motor Vehicle In-Transport,6,Angle,0,No,2,Intersection,2,Four-Way Intersection,0,None,,,1,On Roadway,3,Dark - Lighted,,,,,1,Clear,0,No,0000000,Not Applicable,99,Unknown,99,Unknown,99,Unknown EMS Scene Arrival Hour,99,Unknown EMS Scene Arrival Minutes,99,Unknown,99,Unknown EMS Hospital Arrival Time,,,,,,,1,
2022,4,40419,Arizona,1,1,0,0,0,1,1,13,MARICOPA (13),368,PEORIA,14,14,3,March,2022,2,Monday,15,3:00pm-3:59pm,4,4,0,This section IS NOT on the NHS,2,Urban,4,Minor Arterial,4,City or Municipal Highway Agency,6,Local Street - Municipality,N 75TH AVE,,0,None,33.63261111,33.63261111,-112.219922220,-112.21992222,0,No Special Jurisdiction,24,Guardrail Face,0,The First Harmful Event was Not a Collision with a Motor Vehicle in Transport,0,No,1,Non-Junction,1,Not an Intersection,0,None,,,4,On Roadside,1,Daylight,,,,,1,Clear,0,No,0000000,Not Applicable,99,Unknown,99,Unknown,99,Unknown EMS Scene Arrival Hour,99,Unknown EMS Scene Arrival Minutes,99,Unknown,99,Unknown EMS Hospital Arrival Time,,,,,,,1,
2022,4,40420,Arizona,1,1,0,1,1,1,1,13,MARICOPA (13),370,PHOENIX,16,16,3,March,2022,4,Wednesday,20,8:00pm-8:59pm,46,46,1,This section IS ON the NHS,2,Urban,3,Principal Arterial - Other,4,City or Municipal Highway Agency,6,Local Street - Municipality,E BELL RD,,0,None,33.64047222,33.64047222,-112.019491670,-112.01949167,0,No Special Jurisdiction,8,Pedestrian,0,The First Harmful Event was Not a Collision with a Motor Vehicle in Transport,0,No,1,Non-Junction,1,Not an Intersection,0,None,,,1,On Roadway,3,Dark - Lighted,,,,,1,Clear,0,No,0000000,Not Applicable,99,Unknown,99,Unknown,99,Unknown EMS Scene Arrival Hour,99,Unknown EMS Scene Arrival Minutes,99,Unknown,99,Unknown EMS Hospital Arrival Time,,,,,,,1,
2022,4,40421,Arizona,1,1,0,1,1,1,1,13,MARICOPA (13),370,PHOENIX,17,17,3,March,2022,5,Thursday,23,11:00pm-11:59pm,17,17,0,This section IS NOT on the NHS,2,Urban,4,Minor Arterial,4,City or Municipal Highway Agency,6,Local Street - Municipality,E THOMAS RD,N 36TH ST,0,None,33.48053889,33.48053889,-112.004347220,-112.00434722,0,No Special Jurisdiction,8,Pedestrian,0,The First Harmful Event was Not a Collision with a Motor Vehicle in Transport,0,No,3,Intersection-Related,2,Four-Way Intersection,0,None,,,1,On Roadway,3,Dark - Lighted,,,,,1,Clear,0,No,0000000,Not Applicable,99,Unknown,99,Unknown,99,Unknown EMS Scene Arrival Hour,99,Unknown EMS Scene Arrival Minutes,99,Unknown,99,Unknown EMS Hospital Arrival Time,,,,,,,1,
2022,4,40422,Arizona,2,2,0,0,0,2,2,13,MARICOPA (13),370,PHOENIX,18,18,3,March,2022,6,Friday,9,9:00am-9:59am,49,49,0,This section IS NOT on the NHS,2,Urban,4,Minor Arterial,4,City or Municipal Highway Agency,6,Local Street - Municipality,W WARNER RD,N PENNINGTON DR,0,None,33.33517222,33.33517222,-111.870366670,-111.87036667,0,No Special Jurisdiction,12,Motor Vehicle In-Transport,6,Angle,0,No,2,Intersection,3,T-Intersection,0,None,,,1,On Roadway,1,Daylight,,,,,1,Clear,0,No,0000000,Not Applicable,9,9:00am-9:59am,52,52,9,9:00am-9:59am,53,53,10,10:00am-10:59am,6,6,,,,,,,1,
2022,4,40423,Arizona,2,2,0,0,0,4,4,13,MARICOPA (13),370,PHOENIX,18,18,3,March,2022,6,Friday,16,4:00pm-4:59pm,27,27,1,This section IS ON the NHS,2,Urban,3,Principal Arterial - Other,4,City or Municipal Highway Agency,6,Local Street - Municipality,W BASELINE RD,,0,None,33.37753889,33.37753889,-112.158491670,-112.15849167,0,No Special Jurisdiction,12,Motor Vehicle In-Transport,2,Front-to-Front,0,No,1,Non-Junction,1,Not an Intersection,0,None,,,1,On Roadway,3,Dark - Lighted,,,,,1,Clear,0,No,0000000,Not Applicable,99,Unknown,99,Unknown,99,Unknown EMS Scene Arrival Hour,99,Unknown EMS Scene Arrival Minutes,99,Unknown,99,Unknown EMS Hospital Arrival Time,,,,,,,1,
2022,4,40424,Arizona,1,1,0,0,0,1,1,21,PINAL (21),70,CASA GRANDE,19,19,3,March,2022,7,Saturday,17,5:00pm-5:59pm,26,26,1,This section IS ON the NHS,1,Rural,1,Interstate,1,State Highway Agency,1,Interstate,I-8,,1757,1757,32.83239722,32.83239722,-111.729758330,-111.72975833,0,No Special Jurisdiction,42,Tree (Standing Only),0,The First Harmful Event was Not a Collision with a Motor Vehicle in Transport,0,No,1,Non-Junction,1,Not an Intersection,0,None,,,3,On Median,1,Daylight,,,,,10,Cloudy,0,No,0000000,Not Applicable,17,5:00pm-5:59pm,27,27,17,5:00pm-5:59pm,37,37,88,"Not Applicable (Not Transported) ",88,Not Applicable (Not Transported),,,,,,,1,
2022,4,40425,Arizona,2,2,0,0,0,2,2,13,MARICOPA (13),510,TOLLESON,19,19,3,March,2022,7,Saturday,6,6:00am-6:59am,3,3,0,This section IS NOT on the NHS,2,Urban,4,Minor Arterial,2,County Highway Agency,6,Local Street - Municipality,MC-85,S 87TH AVE,0,None,33.43645278,33.43645278,-112.246869440,-112.24686944,0,No Special Jurisdiction,12,Motor Vehicle In-Transport,6,Angle,0,No,2,Intersection,3,T-Intersection,0,None,,,1,On Roadway,3,Dark - Lighted,,,,,1,Clear,0,No,0000000,Not Applicable,4,4:00am-4:59am,57,57,5,5:00am-5:59am,10,10,5,5:00am-5:59am,26,26,,,,,,,1,
2022,4,40426,Arizona,1,1,0,1,1,1,1,13,MARICOPA (13),490,TEMPE,22,22,3,March,2022,3,Tuesday,3,3:00am-3:59am,59,59,1,This section IS ON the NHS,2,Urban,2,Principal Arterial - Other Freeways and Expressways,1,State Highway Agency,2,U.S. Highway,US-60 RAMP C1,,1405,1405,33.38692222,33.38692222,-111.958683330,-111.95868333,0,No Special Jurisdiction,8,Pedestrian,0,The First Harmful Event was Not a Collision with a Motor Vehicle in Transport,1,Yes,20,Entrance/Exit Ramp,1,Not an Intersection,0,None,,,1,On Roadway,2,Dark - Not Lighted,,,,,1,Clear,0,No,0000000,Not Applicable,4,4:00am-4:59am,2,2,4,4:00am-4:59am,14,14,88,"Not Applicable (Not Transported) ",88,Not Applicable (Not Transported),,,,,,,1,
2022,4,40428,Arizona,1,1,0,1,1,1,1,13,MARICOPA (13),370,PHOENIX,27,27,3,March,2022,1,Sunday,5,5:00am-5:59am,30,30,0,This section IS NOT on the NHS,2,Urban,4,Minor Arterial,4,City or Municipal Highway Agency,6,Local Street - Municipality,W VAN BUREN ST,,0,None,33.45143333,33.45143333,-112.133166670,-112.13316667,0,No Special Jurisdiction,8,Pedestrian,0,The First Harmful Event was Not a Collision with a Motor Vehicle in Transport,0,No,1,Non-Junction,1,Not an Intersection,0,None,,,1,On Roadway,3,Dark - Lighted,,,,,1,Clear,0,No,0000000,Not Applicable,99,Unknown,99,Unknown,99,Unknown EMS Scene Arrival Hour,99,Unknown EMS Scene Arrival Minutes,88,"Not Applicable (Not Transported) ",88,Not Applicable (Not Transported),,,,,,,1,
2022,4,40429,Arizona,2,2,0,0,0,2,2,13,MARICOPA (13),290,MESA,30,30,3,March,2022,4,Wednesday,17,5:00pm-5:59pm,37,37,0,This section IS NOT on the NHS,2,Urban,4,Minor Arterial,2,County Highway Agency,8,Other,E APACHE TRL,,0,None,33.41513611,33.41513611,-111.654758330,-111.65475833,0,No Special Jurisdiction,12,Motor Vehicle In-Transport,6,Angle,0,No,8,Driveway Access Related,1,Not an Intersection,0,None,,,1,On Roadway,1,Daylight,,,,,1,Clear,0,No,0000000,Not Applicable,17,5:00pm-5:59pm,38,38,17,5:00pm-5:59pm,51,51,18,6:00pm-6:59pm,2,2,,,,,,,1,
2022,4,40430,Arizona,2,2,0,1,1,2,2,13,MARICOPA (13),370,PHOENIX,5,5,4,April,2022,3,Tuesday,1,1:00am-1:59am,19,19,0,This section IS NOT on the NHS,2,Urban,4,Minor Arterial,4,City or Municipal Highway Agency,6,Local Street - Municipality,N 43RD AVE,,0,None,33.53511667,33.53511667,-112.151561110,-112.15156111,0,No Special Jurisdiction,8,Pedestrian,0,The First Harmful Event was Not a Collision with a Motor Vehicle in Transport,0,No,1,Non-Junction,1,Not an Intersection,0,None,,,1,On Roadway,3,Dark - Lighted,,,,,1,Clear,0,No,0000000,Not Applicable,99,Unknown,99,Unknown,99,Unknown EMS Scene Arrival Hour,99,Unknown EMS Scene Arrival Minutes,88,"Not Applicable (Not Transported) ",88,Not Applicable (Not Transported),,,,,,,1,
2022,4,40431,Arizona,2,2,0,0,0,2,2,13,MARICOPA (13),370,PHOENIX,1,1,6,June,2022,4,Wednesday,4,4:00am-4:59am,10,10,0,This section IS NOT on the NHS,2,Urban,3,Principal Arterial - Other,4,City or Municipal Highway Agency,6,Local Street - Municipality,W NORTHERN AVE,,0,None,33.55316944,33.55316944,-112.126469440,-112.12646944,0,No Special Jurisdiction,12,Motor Vehicle In-Transport,2,Front-to-Front,0,No,1,Non-Junction,1,Not an Intersection,0,None,,,1,On Roadway,3,Dark - Lighted,,,,,1,Clear,0,No,0000000,Not Applicable,99,Unknown,99,Unknown,99,Unknown EMS Scene Arrival Hour,99,Unknown EMS Scene Arrival Minutes,99,Unknown,99,Unknown EMS Hospital Arrival Time,,,,,,,1,
2022,4,40432,Arizona,1,1,0,1,1,1,1,19,PIMA (19),295,MARANA,1,1,6,June,2022,4,Wednesday,6,6:00am-6:59am,28,28,0,This section IS NOT on the NHS,2,Urban,5,Major Collector,3,Town or Township Highway Agency,5,Local Street - Township,N COACHLINE BLVD,,0,None,32.38630000,32.38630000,-111.128327780,-111.12832778,0,No Special Jurisdiction,8,Pedestrian,0,The First Harmful Event was Not a Collision with a Motor Vehicle in Transport,0,No,1,Non-Junction,1,Not an Intersection,0,None,,,1,On Roadway,1,Daylight,,,,,1,Clear,0,No,0000000,Not Applicable,6,6:00am-6:59am,33,33,6,6:00am-6:59am,41,41,88,"Not Applicable (Not Transported) ",88,Not Applicable (Not Transported),,,,,,,1,
2022,4,40433,Arizona,2,2,0,0,0,2,2,13,MARICOPA (13),200,GLENDALE,1,1,6,June,2022,4,Wednesday,10,10:00am-10:59am,31,31,0,This section IS NOT on the NHS,2,Urban,5,Major Collector,4,City or Municipal Highway Agency,6,Local Street - Municipality,N 79TH AVE,W CAMPO BELLO DR,0,None,33.64141389,33.64141389,-112.231158330,-112.23115833,0,No Special Jurisdiction,12,Motor Vehicle In-Transport,6,Angle,0,No,2,Intersection,2,Four-Way Intersection,0,None,,,1,On Roadway,1,Daylight,,,,,1,Clear,0,No,0000000,Not Applicable,10,10:00am-10:59am,32,32,10,10:00am-10:59am,38,38,10,10:00am-10:59am,41,41,,,,,,,1,
2022,4,40434,Arizona,1,1,0,0,0,1,1,25,YAVAPAI (25),53,BLACK CANYON CITY,1,1,6,June,2022,4,Wednesday,14,2:00pm-2:59pm,38,38,1,This section IS ON the NHS,1,Rural,1,Interstate,1,State Highway Agency,1,Interstate,I-17,,500,500,34.09081944,34.09081944,-112.143677780,-112.14367778,0,No Special Jurisdiction,1,Rollover/Overturn,0,The First Harmful Event was Not a Collision with a Motor Vehicle in Transport,0,No,1,Non-Junction,1,Not an Intersection,0,None,,,4,On Roadside,1,Daylight,,,,,1,Clear,0,No,0000000,Not Applicable,14,2:00pm-2:59pm,39,39,14,2:00pm-2:59pm,51,51,88,"Not Applicable (Not Transported) ",88,Not Applicable (Not Transported),,,,,,,1,
2022,4,40435,Arizona,2,2,0,0,0,3,3,13,MARICOPA (13),370,PHOENIX,1,1,6,June,2022,4,Wednesday,16,4:00pm-4:59pm,52,52,0,This section IS NOT on the NHS,2,Urban,4,Minor Arterial,4,City or Municipal Highway Agency,6,Local Street - Municipality,W LOWER BUCKEYE RD,S 91ST AVE,0,None,33.42111389,33.42111389,-112.255763890,-112.25576389,0,No Special Jurisdiction,12,Motor Vehicle In-Transport,6,Angle,0,No,2,Intersection,2,Four-Way Intersection,0,None,,,1,On Roadway,1,Daylight,,,,,1,Clear,0,No,0000000,Not Applicable,99,Unknown,99,Unknown,99,Unknown EMS Scene Arrival Hour,99,Unknown EMS Scene Arrival Minutes,99,Unknown,98,Unknown if Transported,,,,,,,1,
2022,4,40436,Arizona,1,1,0,0,0,3,3,13,MARICOPA (13),220,GOODYEAR,3,3,6,June,2022,6,Friday,2,2:00am-2:59am,58,58,1,This section IS ON the NHS,2,Urban,3,Principal Arterial - Other,4,City or Municipal Highway Agency,6,Local Street - Municipality,S COTTON LN,,0,None,33.43659722,33.43659722,-112.427069440,-112.42706944,0,No Special Jurisdiction,1,Rollover/Overturn,0,The First Harmful Event was Not a Collision with a Motor Vehicle in Transport,0,No,1,Non-Junction,1,Not an Intersection,0,None,,,1,On Roadway,3,Dark - Lighted,,,,,1,Clear,0,No,0000000,Not Applicable,2,2:00am-2:59am,59,59,3,3:00am-3:59am,7,7,3,3:00am-3:59am,28,28,,,,,,,1,
2022,4,40437,Arizona,2,2,0,0,0,2,2,19,PIMA (19),530,TUCSON,3,3,6,June,2022,6,Friday,4,4:00am-4:59am,12,12,0,This section IS NOT on the NHS,2,Urban,3,Principal Arterial - Other,2,County Highway Agency,6,Local Street - Municipality,N CRAYCROFT RD,,0,None,32.28605556,32.28605556,-110.875525000,-110.87552500,0,No Special Jurisdiction,12,Motor Vehicle In-Transport,1,Front-to-Rear,0,No,1,Non-Junction,1,Not an Intersection,0,None,,,1,On Roadway,2,Dark - Not Lighted,,,,,1,Clear,0,No,0000000,Not Applicable,4,4:00am-4:59am,12,12,4,4:00am-4:59am,20,20,88,"Not Applicable (Not Transported) ",88,Not Applicable (Not Transported),,,,,,,1,
2022,4,40438,Arizona,2,2,0,0,0,5,5,25,YAVAPAI (25),0,NOT APPLICABLE,3,3,6,June,2022,6,Friday,12,12:00pm-12:59pm,52,52,1,This section IS ON the NHS,1,Rural,3,Principal Arterial - Other,2,County Highway Agency,2,U.S. Highway,US-93,,1971,1971,34.01153611,34.01153611,-112.788963890,-112.78896389,0,No Special Jurisdiction,12,Motor Vehicle In-Transport,2,Front-to-Front,0,No,1,Non-Junction,1,Not an Intersection,0,None,,,1,On Roadway,1,Daylight,,,,,10,Cloudy,0,No,0000000,Not Applicable,12,12:00pm-12:59pm,54,54,13,1:00pm-1:59pm,2,2,14,2:00pm-2:59pm,0,0,,,,,,,1,
2022,4,40439,Arizona,2,2,0,0,0,3,3,13,MARICOPA (13),60,BUCKEYE,4,4,6,June,2022,7,Saturday,11,11:00am-11:59am,52,52,1,This section IS ON the NHS,1,Rural,3,Principal Arterial - Other,1,State Highway Agency,3,State Highway,SR-85,,286,286,33.35314444,33.35314444,-112.624888890,-112.62488889,0,No Special Jurisdiction,12,Motor Vehicle In-Transport,7,Sideswipe - Same Direction,0,No,1,Non-Junction,1,Not an Intersection,0,None,,,1,On Roadway,1,Daylight,,,,,10,Cloudy,0,No,0000000,Not Applicable,11,11:00am-11:59am,54,54,12,12:00pm-12:59pm,5,5,12,12:00pm-12:59pm,38,38,,,,,,,1,
2022,4,40440,Arizona,1,1,0,0,0,1,1,5,COCONINO (5),0,NOT APPLICABLE,4,4,6,June,2022,7,Saturday,16,4:00pm-4:59pm,15,15,0,This section IS NOT on the NHS,1,Rural,4,Minor Arterial,1,State Highway Agency,3,State Highway,SR-98,,563,563,36.56644444,36.56644444,-110.758986110,-110.75898611,0,No Special Jurisdiction,41,Shrubbery,0,The First Harmful Event was Not a Collision with a Motor Vehicle in Transport,0,No,1,Non-Junction,1,Not an Intersection,0,None,,,4,On Roadside,1,Daylight,,,,,1,Clear,0,No,0000000,Not Applicable,16,4:00pm-4:59pm,15,15,16,4:00pm-4:59pm,25,25,88,"Not Applicable (Not Transported) ",88,Not Applicable (Not Transported),,,,,,,1,
2022,4,40441,Arizona,1,1,0,1,1,5,5,13,MARICOPA (13),420,SCOTTSDALE,4,4,6,June,2022,7,Saturday,22,10:00pm-10:59pm,45,45,1,This section IS ON the NHS,2,Urban,3,Principal Arterial - Other,4,City or Municipal Highway Agency,6,Local Street - Municipality,N SCOTTSDALE RD,E VIRGINIA AVE,0,None,33.47683333,33.47683333,-111.926105560,-111.92610556,0,No Special Jurisdiction,8,Pedestrian,0,The First Harmful Event was Not a Collision with a Motor Vehicle in Transport,0,No,3,Intersection-Related,3,T-Intersection,0,None,,,1,On Roadway,3,Dark - Lighted,,,,,1,Clear,0,No,0000000,Not Applicable,22,10:00pm-10:59pm,46,46,22,10:00pm-10:59pm,51,51,23,11:00pm-11:59pm,5,5,,,,,,,1,
2022,4,40442,Arizona,1,1,0,0,0,1,1,15,MOHAVE (15),0,NOT APPLICABLE,4,4,6,June,2022,7,Saturday,23,11:00pm-11:59pm,36,36,0,This section IS NOT on the NHS,1,Rural,7,Local,98,Not Reported,8,Other,E CALLE LUCERO,,0,None,35.39897500,35.39897500,-113.993102780,-113.99310278,0,No Special Jurisdiction,42,Tree (Standing Only),0,The First Harmful Event was Not a Collision with a Motor Vehicle in Transport,0,No,1,Non-Junction,1,Not an Intersection,0,None,,,4,On Roadside,2,Dark - Not Lighted,,,,,1,Clear,0,No,0000000,Not Applicable,23,11:00pm-11:59pm,39,39,0,0:00am-0:59am,9,9,88,"Not Applicable (Not Transported) ",88,Not Applicable (Not Transported),,,,,,,1,
2022,4,40443,Arizona,2,2,0,2,2,1,1,13,MARICOPA (13),370,PHOENIX,5,5,6,June,2022,1,Sunday,6,6:00am-6:59am,4,4,0,This section IS NOT on the NHS,2,Urban,4,Minor Arterial,4,City or Municipal Highway Agency,6,Local Street - Municipality,W MCDOWELL RD,,0,None,33.46591111,33.46591111,-112.191819440,-112.19181944,0,No Special Jurisdiction,8,Pedestrian,0,The First Harmful Event was Not a Collision with a Motor Vehicle in Transport,0,No,1,Non-Junction,1,Not an Intersection,0,None,,,1,On Roadway,1,Daylight,,,,,1,Clear,0,No,0000000,Not Applicable,99,Unknown,99,Unknown,99,Unknown EMS Scene Arrival Hour,99,Unknown EMS Scene Arrival Minutes,99,Unknown,99,Unknown EMS Hospital Arrival Time,,,,,,,1,
2022,4,40444,Arizona,1,1,0,1,1,1,1,13,MARICOPA (13),370,PHOENIX,7,7,6,June,2022,3,Tuesday,3,3:00am-3:59am,36,36,1,This section IS ON the NHS,2,Urban,3,Principal Arterial - Other,4,City or Municipal Highway Agency,6,Local Street - Municipality,N 51ST AVE,W PIERSON ST,0,None,33.50714722,33.50714722,-112.168725000,-112.16872500,0,No Special Jurisdiction,8,Pedestrian,0,The First Harmful Event was Not a Collision with a Motor Vehicle in Transport,0,No,3,Intersection-Related,3,T-Intersection,0,None,,,1,On Roadway,3,Dark - Lighted,,,,,1,Clear,0,No,0000000,Not Applicable,99,Unknown,99,Unknown,99,Unknown EMS Scene Arrival Hour,99,Unknown EMS Scene Arrival Minutes,99,Unknown,99,Unknown EMS Hospital Arrival Time,,,,,,,1,
2022,4,40445,Arizona,1,1,0,1,1,1,1,19,PIMA (19),295,MARANA,7,7,6,June,2022,3,Tuesday,7,7:00am-7:59am,28,28,0,This section IS NOT on the NHS,1,Rural,5,Major Collector,3,Town or Township Highway Agency,5,Local Street - Township,W TWIN PEAKS RD,,0,None,32.38079167,32.38079167,-111.208527780,-111.20852778,0,No Special Jurisdiction,9,Pedalcyclist,0,The First Harmful Event was Not a Collision with a Motor Vehicle in Transport,0,No,1,Non-Junction,1,Not an Intersection,0,None,,,1,On Roadway,1,Daylight,,,,,1,Clear,0,No,0000000,Not Applicable,7,7:00am-7:59am,29,29,7,7:00am-7:59am,45,45,88,"Not Applicable (Not Transported) ",88,Not Applicable (Not Transported),,,,,,,1,
2022,4,40446,Arizona,1,1,0,0,0,1,1,13,MARICOPA (13),370,PHOENIX,10,10,6,June,2022,6,Friday,22,10:00pm-10:59pm,31,31,1,This section IS ON the NHS,2,Urban,3,Principal Arterial - Other,4,City or Municipal Highway Agency,6,Local Street - Municipality,N 7TH ST,,0,None,33.59920278,33.59920278,-112.065416670,-112.06541667,0,No Special Jurisdiction,33,Curb,0,The First Harmful Event was Not a Collision with a Motor Vehicle in Transport,0,No,1,Non-Junction,1,Not an Intersection,0,None,,,4,On Roadside,3,Dark - Lighted,,,,,1,Clear,0,No,0000000,Not Applicable,99,Unknown,99,Unknown,99,Unknown EMS Scene Arrival Hour,99,Unknown EMS Scene Arrival Minutes,99,Unknown,99,Unknown EMS Hospital Arrival Time,,,,,,,1,