caseyear,state,st_case,statename,ve_total,ve_forms,pvh_invl,peds,pernotmvit,permvit,persons,county,countyname,city,cityname,day,dayname,month,monthname,year,day_week,day_weekname,hour,hourname,minute,minutename,nhs,nhsname,rur_urb,rur_urbname,func_sys,func_sysname,rd_owner,rd_ownername,route,routename,tway_id,tway_id2,milept,mileptname,latitude,latitudename,longitud,longitudname,sp_jur,sp_jurname,harm_ev,harm_evname,man_coll,man_collname,reljct1,reljct1name,reljct2,reljct2name,typ_int,typ_intname,wrk_zone,wrk_zonename,road_fnc,road_fncname,rel_road,rel_roadname,lgt_cond,lgt_condname,weather1,weather1name,weather2,weather2name,weather,weathername,sch_bus,sch_busname,rail,railname,not_hour,not_hourname,not_min,not_minname,arr_hour,arr_hourname,arr_min,arr_minname,hosp_hr,hosp_hrname,hosp_mn,hosp_mnname,cf1,cf1name,cf2,cf2name,cf3,cf3name,fatals,drunk_dr
2022,4,40447,Arizona,2,2,0,0,0,3,3,13,MARICOPA (13),370,PHOENIX,11,11,6,June,2022,7,Saturday,10,10:00am-10:59am,58,58,1,This section IS ON the NHS,2,Urban,2,Principal Arterial - Other Freeways and Expressways,1,State Highway Agency,3,State Highway,SR-101,,247,247,33.66906667,33.66906667,-112.066133330,-112.06613333,0,No Special Jurisdiction,12,Motor Vehicle In-Transport,1,Front-to-Rear,0,No,1,Non-Junction,1,Not an Intersection,0,None,,,1,On Roadway,1,Daylight,,,,,1,Clear,0,No,0000000,Not Applicable,11,11:00am-11:59am,2,2,11,11:00am-11:59am,7,7,99,Unknown,99,Unknown EMS Hospital Arrival Time,,,,,,,2,
2022,4,40448,Arizona,2,2,0,0,0,3,3,19,PIMA (19),530,TUCSON,11,11,6,June,2022,7,Saturday,13,1:00pm-1:59pm,17,17,1,This section IS ON the NHS,2,Urban,1,Interstate,1,State Highway Agency,1,Interstate,I-10,,2622,2622,32.17749444,32.17749444,-110.945272220,-110.94527222,0,No Special Jurisdiction,12,Motor Vehicle In-Transport,7,Sideswipe - Same Direction,1,Yes,5,Entrance/Exit Ramp Related,1,Not an Intersection,0,None,,,1,On Roadway,1,Daylight,,,,,1,Clear,0,No,0000000,Not Applicable,13,1:00pm-1:59pm,17,17,13,1:00pm-1:59pm,25,25,88,"Not Applicable (Not Transported) ",88,Not Applicable (Not Transported),,,,,,,1,
2022,4,40449,Arizona,2,2,0,0,0,2,2,13,MARICOPA (13),370,PHOENIX,11,11,6,June,2022,7,Saturday,23,11:00pm-11:59pm,52,52,1,This section IS ON the NHS,2,Urban,2,Principal Arterial - Other Freeways and Expressways,1,State Highway Agency,3,State Highway,SR-51,,66,66,33.55390278,33.55390278,-112.037988890,-112.03798889,0,No Special Jurisdiction,12,Motor Vehicle In-Transport,2,Front-to-Front,0,No,1,Non-Junction,1,Not an Intersection,0,None,,,1,On Roadway,3,Dark - Lighted,,,,,1,Clear,0,No,0000000,Not Applicable,23,11:00pm-11:59pm,56,56,0,0:00am-0:59am,5,5,99,Unknown,99,Unknown EMS Hospital Arrival Time,,,,,,,1,
2022,4,40450,Arizona,2,2,0,0,0,3,3,5,COCONINO (5),170,FLAGSTAFF,12,12,6,June,2022,1,Sunday,1,1:00am-1:59am,6,6,1,This section IS ON the NHS,2,Urban,1,Interstate,1,State Highway Agency,1,Interstate,I-40,,1977,1977,35.18941389,35.18941389,-111.626577780,-111.62657778,0,No Special Jurisdiction,12,Motor Vehicle In-Transport,6,Angle,1,Yes,5,Entrance/Exit Ramp Related,1,Not an Intersection,1,Construction,,,1,On Roadway,3,Dark - Lighted,,,,,1,Clear,0,No,0000000,Not Applicable,1,1:00am-1:59am,6,6,1,1:00am-1:59am,6,6,88,"Not Applicable (Not Transported) ",88,Not Applicable (Not Transported),,,,,,,1,
2022,4,40451,Arizona,1,1,0,0,0,1,1,19,PIMA (19),530,TUCSON,12,12,6,June,2022,1,Sunday,13,1:00pm-1:59pm,45,45,1,This section IS ON the NHS,2,Urban,1,Interstate,1,State Highway Agency,1,Interstate,I-10,,2542,2542,32.26464167,32.26464167,-111.006622220,-111.00662222,0,No Special Jurisdiction,25,Concrete Traffic Barrier,0,The First Harmful Event was Not a Collision with a Motor Vehicle in Transport,0,No,1,Non-Junction,1,Not an Intersection,0,None,,,3,On Median,1,Daylight,,,,,1,Clear,0,No,0000000,Not Applicable,13,1:00pm-1:59pm,45,45,13,1:00pm-1:59pm,50,50,14,2:00pm-2:59pm,15,15,,,,,,,1,
2022,4,40452,Arizona,2,2,0,0,0,2,2,13,MARICOPA (13),370,PHOENIX,12,12,6,June,2022,1,Sunday,23,11:00pm-11:59pm,15,15,1,This section IS ON the NHS,2,Urban,1,Interstate,1,State Highway Agency,1,Interstate,I-10,,1450,1450,33.46220556,33.46220556,-112.058997220,-112.05899722,0,No Special Jurisdiction,12,Motor Vehicle In-Transport,2,Front-to-Front,1,Yes,5,Entrance/Exit Ramp Related,1,Not an Intersection,0,None,,,1,On Roadway,3,Dark - Lighted,,,,,1,Clear,0,No,0000000,Not Applicable,23,11:00pm-11:59pm,21,21,23,11:00pm-11:59pm,31,31,0,0:00am-0:59am,12,12,,,,,,,1,
2022,4,40453,Arizona,3,3,0,0,0,4,4,13,MARICOPA (13),370,PHOENIX,13,13,6,June,2022,2,Monday,11,11:00am-11:59am,16,16,0,This section IS NOT on the NHS,2,Urban,3,Principal Arterial - Other,4,City or Municipal Highway Agency,6,Local Street - Municipality,W NORTHERN AVE,N 43RD AVE,0,None,33.55315278,33.55315278,-112.151538890,-112.15153889,0,No Special Jurisdiction,12,Motor Vehicle In-Transport,6,Angle,0,No,2,Intersection,2,Four-Way Intersection,0,None,,,1,On Roadway,1,Daylight,,,,,1,Clear,0,No,0000000,Not Applicable,99,Unknown,99,Unknown,99,Unknown EMS Scene Arrival Hour,99,Unknown EMS Scene Arrival Minutes,99,Unknown,99,Unknown EMS Hospital Arrival Time,,,,,,,2,
2022,4,40455,Arizona,1,1,0,0,0,1,1,13,MARICOPA (13),370,PHOENIX,14,14,6,June,2022,3,Tuesday,12,12:00pm-12:59pm,54,54,1,This section IS ON the NHS,2,Urban,2,Principal Arterial - Other Freeways and Expressways,1,State Highway Agency,3,State Highway,SR-51,,147,147,33.63613889,33.63613889,-112.004008330,-112.00400833,0,No Special Jurisdiction,1,Rollover/Overturn,0,The First Harmful Event was Not a Collision with a Motor Vehicle in Transport,0,No,1,Non-Junction,1,Not an Intersection,0,None,,,4,On Roadside,1,Daylight,,,,,1,Clear,0,No,0000000,Not Applicable,12,12:00pm-12:59pm,54,54,12,12:00pm-12:59pm,54,54,13,1:00pm-1:59pm,57,57,,,,,,,1,
2022,4,40456,Arizona,1,1,0,1,1,2,2,13,MARICOPA (13),290,MESA,14,14,6,June,2022,3,Tuesday,21,9:00pm-9:59pm,0,0,1,This section IS ON the NHS,2,Urban,3,Principal Arterial - Other,4,City or Municipal Highway Agency,6,Local Street - Municipality,S POWER RD,,0,None,33.38075000,33.38075000,-111.687730560,-111.68773056,0,No Special Jurisdiction,8,Pedestrian,0,The First Harmful Event was Not a Collision with a Motor Vehicle in Transport,0,No,1,Non-Junction,1,Not an Intersection,0,None,,,1,On Roadway,3,Dark - Lighted,,,,,1,Clear,0,No,0000000,Not Applicable,21,9:00pm-9:59pm,0,0,99,Unknown EMS Scene Arrival Hour,99,Unknown EMS Scene Arrival Minutes,88,"Not Applicable (Not Transported) ",88,Not Applicable (Not Transported),,,,,,,1,
2022,4,40457,Arizona,2,2,0,0,0,3,3,13,MARICOPA (13),322,MORRISTOWN,15,15,6,June,2022,4,Wednesday,17,5:00pm-5:59pm,55,55,1,This section IS ON the NHS,1,Rural,3,Principal Arterial - Other,1,State Highway Agency,2,U.S. Highway,US-60,SR-74,893,893,33.86367778,33.86367778,-112.633227780,-112.63322778,0,No Special Jurisdiction,12,Motor Vehicle In-Transport,6,Angle,1,Yes,2,Intersection,2,Four-Way Intersection,0,None,,,1,On Roadway,1,Daylight,,,,,1,Clear,0,No,0000000,Not Applicable,17,5:00pm-5:59pm,56,56,18,6:00pm-6:59pm,0,0,88,"Not Applicable (Not Transported) ",88,Not Applicable (Not Transported),,,,,,,1,
2022,4,40459,Arizona,1,1,0,0,0,1,1,21,PINAL (21),0,NOT APPLICABLE,16,16,6,June,2022,5,Thursday,20,8:00pm-8:59pm,8,8,1,This section IS ON the NHS,1,Rural,1,Interstate,1,State Highway Agency,1,Interstate,I-10,,1772,1772,33.10356389,33.10356389,-111.830933330,-111.83093333,0,No Special Jurisdiction,1,Rollover/Overturn,0,The First Harmful Event was Not a Collision with a Motor Vehicle in Transport,0,No,1,Non-Junction,1,Not an Intersection,0,None,,,3,On Median,2,Dark - Not Lighted,,,,,1,Clear,0,No,0000000,Not Applicable,20,8:00pm-8:59pm,8,8,20,8:00pm-8:59pm,20,20,88,"Not Applicable (Not Transported) ",88,Not Applicable (Not Transported),,,,,,,1,
2022,4,40460,Arizona,2,2,0,0,0,2,2,23,SANTA CRUZ (23),0,NOT APPLICABLE,17,17,6,June,2022,6,Friday,16,4:00pm-4:59pm,49,49,1,This section IS ON the NHS,1,Rural,1,Interstate,1,State Highway Agency,1,Interstate,I-19,,208,208,31.59349444,31.59349444,-111.053397220,-111.05339722,0,No Special Jurisdiction,12,Motor Vehicle In-Transport,7,Sideswipe - Same Direction,0,No,1,Non-Junction,1,Not an Intersection,0,None,,,1,On Roadway,1,Daylight,,,,,10,Cloudy,0,No,0000000,Not Applicable,16,4:00pm-4:59pm,49,49,17,5:00pm-5:59pm,0,0,88,"Not Applicable (Not Transported) ",88,Not Applicable (Not Transported),,,,,,,1,
2022,4,40461,Arizona,2,1,1,0,0,1,1,3,COCHISE (3),580,WILLCOX,17,17,6,June,2022,6,Friday,19,7:00pm-7:59pm,11,11,0,This section IS NOT on the NHS,1,Rural,5,Major Collector,4,City or Municipal Highway Agency,6,Local Street - Municipality,MALEY STREET,HASKELL AVENUE,5,5,32.25251389,32.25251389,-109.832213890,-109.83221389,0,No Special Jurisdiction,33,Curb,0,The First Harmful Event was Not a Collision with a Motor Vehicle in Transport,0,No,3,Intersection-Related,2,Four-Way Intersection,0,None,,,4,On Roadside,1,Daylight,,,,,10,Cloudy,0,No,0000000,Not Applicable,19,7:00pm-7:59pm,8,8,19,7:00pm-7:59pm,12,12,19,7:00pm-7:59pm,33,33,,,,,,,1,
2022,4,40462,Arizona,3,3,0,0,0,3,3,13,MARICOPA (13),370,PHOENIX,17,17,6,June,2022,6,Friday,20,8:00pm-8:59pm,50,50,0,This section IS NOT on the NHS,2,Urban,3,Principal Arterial - Other,4,City or Municipal Highway Agency,8,Other,W THUNDERBIRD RD,38TH DRIVE,116,116,33.61076111,33.61076111,-112.140975000,-112.14097500,0,No Special Jurisdiction,12,Motor Vehicle In-Transport,6,Angle,0,No,2,Intersection,3,T-Intersection,0,None,,,1,On Roadway,3,Dark - Lighted,,,,,1,Clear,0,No,0000000,Not Applicable,99,Unknown,99,Unknown,99,Unknown EMS Scene Arrival Hour,99,Unknown EMS Scene Arrival Minutes,99,Unknown,99,Unknown EMS Hospital Arrival Time,,,,,,,2,
2022,4,40463,Arizona,2,2,0,0,0,2,2,19,PIMA (19),530,TUCSON,18,18,6,June,2022,7,Saturday,9,9:00am-9:59am,52,52,0,This section IS NOT on the NHS,2,Urban,4,Minor Arterial,2,County Highway Agency,8,Other,SWAN ROAD,ARROYO GRANDE DRIVE,58,58,32.30614167,32.30614167,-110.892438890,-110.89243889,0,No Special Jurisdiction,12,Motor Vehicle In-Transport,6,Angle,0,No,2,Intersection,3,T-Intersection,0,None,,,1,On Roadway,1,Daylight,,,,,1,Clear,0,No,0000000,Not Applicable,9,9:00am-9:59am,52,52,9,9:00am-9:59am,56,56,10,10:00am-10:59am,41,41,,,,,,,1,
2022,4,40464,Arizona,2,1,1,0,1,2,3,21,PINAL (21),160,ELOY,18,18,6,June,2022,7,Saturday,14,2:00pm-2:59pm,47,47,1,This section IS ON the NHS,2,Urban,1,Interstate,1,State Highway Agency,1,Interstate,I-10,,2094,2094,32.73309167,32.73309167,-111.544341670,-111.54434167,0,No Special Jurisdiction,14,Parked Motor Vehicle,0,The First Harmful Event was Not a Collision with a Motor Vehicle in Transport,0,No,1,Non-Junction,1,Not an Intersection,0,None,,,2,On Shoulder,1,Daylight,,,,,2,Rain,0,No,0000000,Not Applicable,14,2:00pm-2:59pm,49,49,14,2:00pm-2:59pm,49,49,88,"Not Applicable (Not Transported) ",88,Not Applicable (Not Transported),,,,,,,1,
2022,4,40465,Arizona,1,1,0,0,0,1,1,13,MARICOPA (13),60,BUCKEYE,18,18,6,June,2022,7,Saturday,17,5:00pm-5:59pm,35,35,0,This section IS NOT on the NHS,1,Rural,5,Major Collector,2,County Highway Agency,8,Other,WINTERSBURG RD,,97,97,33.48628889,33.48628889,-112.867625000,-112.86762500,0,No Special Jurisdiction,1,Rollover/Overturn,0,The First Harmful Event was Not a Collision with a Motor Vehicle in Transport,0,No,1,Non-Junction,1,Not an Intersection,0,None,,,4,On Roadside,1,Daylight,,,,,10,Cloudy,0,No,0000000,Not Applicable,17,5:00pm-5:59pm,35,35,17,5:00pm-5:59pm,51,51,88,"Not Applicable (Not Transported) ",88,Not Applicable (Not Transported),,,,,,,1,
2022,4,40467,Arizona,1,1,0,0,0,1,1,19,PIMA (19),530,TUCSON,23,23,6,June,2022,5,Thursday,0,0:00am-0:59am,4,4,1,This section IS ON the NHS,2,Urban,1,Interstate,1,State Highway Agency,1,Interstate,I-10,,2624,2624,32.18013056,32.18013056,-110.949611110,-110.94961111,0,No Special Jurisdiction,1,Rollover/Overturn,0,The First Harmful Event was Not a Collision with a Motor Vehicle in Transport,1,Yes,19,Other location within Interchange Area,1,Not an Intersection,0,None,,,3,On Median,3,Dark - Lighted,,,,,1,Clear,0,No,0000000,Not Applicable,0,0:00am-0:59am,4,4,0,0:00am-0:59am,19,19,88,"Not Applicable (Not Transported) ",88,Not Applicable (Not Transported),,,,,,,1,
2022,4,40468,Arizona,1,1,0,0,0,1,1,5,COCONINO (5),0,NOT APPLICABLE,23,23,6,June,2022,5,Thursday,12,12:00pm-12:59pm,38,38,1,This section IS ON the NHS,1,Rural,1,Interstate,1,State Highway Agency,1,Interstate,I-40,,2203,2203,35.15546944,35.15546944,-111.256377780,-111.25637778,0,No Special Jurisdiction,38,Fence,0,The First Harmful Event was Not a Collision with a Motor Vehicle in Transport,0,No,1,Non-Junction,1,Not an Intersection,0,None,,,4,On Roadside,1,Daylight,,,,,10,Cloudy,0,No,0000000,Not Applicable,12,12:00pm-12:59pm,51,51,13,1:00pm-1:59pm,17,17,88,"Not Applicable (Not Transported) ",88,Not Applicable (Not Transported),,,,,,,1,
2022,4,40469,Arizona,1,1,0,0,0,3,3,13,MARICOPA (13),220,GOODYEAR,24,24,6,June,2022,6,Friday,3,3:00am-3:59am,6,6,1,This section IS ON the NHS,2,Urban,1,Interstate,1,State Highway Agency,3,State Highway,SR-101 RAMP,,1,1,33.46195833,33.46195833,-112.268113890,-112.26811389,0,No Special Jurisdiction,1,Rollover/Overturn,0,The First Harmful Event was Not a Collision with a Motor Vehicle in Transport,1,Yes,20,Entrance/Exit Ramp,1,Not an Intersection,0,None,,,1,On Roadway,3,Dark - Lighted,,,,,10,Cloudy,0,No,0000000,Not Applicable,3,3:00am-3:59am,7,7,3,3:00am-3:59am,17,17,3,3:00am-3:59am,58,58,,,,,,,2,
2022,4,40470,Arizona,2,2,0,0,0,9,9,1,APACHE (1),9997,Other,24,24,6,June,2022,6,Friday,5,5:00am-5:59am,52,52,1,This section IS ON the NHS,1,Rural,1,Interstate,1,State Highway Agency,1,Interstate,I-40,,3140,3140,35.07911944,35.07911944,-109.726036110,-109.72603611,0,No Special Jurisdiction,12,Motor Vehicle In-Transport,7,Sideswipe - Same Direction,0,No,1,Non-Junction,1,Not an Intersection,0,None,,,1,On Roadway,1,Daylight,,,,,1,Clear,0,No,0000000,Not Applicable,5,5:00am-5:59am,58,58,6,6:00am-6:59am,40,40,99,Unknown,99,Unknown EMS Hospital Arrival Time,,,,,,,1,
2022,4,40471,Arizona,1,1,0,0,0,1,1,13,MARICOPA (13),290,MESA,25,25,6,June,2022,7,Saturday,2,2:00am-2:59am,18,18,0,This section IS NOT on the NHS,2,Urban,4,Minor Arterial,4,City or Municipal Highway Agency,8,Other,E UNIVERSITY DR,,203,203,33.42230000,33.42230000,-111.664475000,-111.66447500,0,No Special Jurisdiction,40,Fire Hydrant,0,The First Harmful Event was Not a Collision with a Motor Vehicle in Transport,0,No,1,Non-Junction,1,Not an Intersection,0,None,,,4,On Roadside,3,Dark - Lighted,,,,,1,Clear,0,No,0000000,Not Applicable,99,Unknown,98,Unknown if Notified,99,Unknown EMS Scene Arrival Hour,98,Unknown if Arrived,88,"Not Applicable (Not Transported) ",88,Not Applicable (Not Transported),,,,,,,1,
2022,4,40472,Arizona,2,2,0,0,0,2,2,19,PIMA (19),530,TUCSON,25,25,6,June,2022,7,Saturday,14,2:00pm-2:59pm,8,8,0,This section IS NOT on the NHS,2,Urban,4,Minor Arterial,4,City or Municipal Highway Agency,8,Other,S HARRISON RD,E MILLMAR RD,163,163,32.17005000,32.17005000,-110.789725000,-110.78972500,0,No Special Jurisdiction,12,Motor Vehicle In-Transport,6,Angle,0,No,2,Intersection,3,T-Intersection,0,None,,,1,On Roadway,1,Daylight,,,,,1,Clear,0,No,0000000,Not Applicable,14,2:00pm-2:59pm,8,8,14,2:00pm-2:59pm,9,9,88,"Not Applicable (Not Transported) ",88,Not Applicable (Not Transported),,,,,,,1,
2022,4,40473,Arizona,2,2,0,0,0,4,4,25,YAVAPAI (25),362,PAULDEN,25,25,6,June,2022,7,Saturday,16,4:00pm-4:59pm,26,26,0,This section IS NOT on the NHS,1,Rural,4,Minor Arterial,1,State Highway Agency,3,State Highway,SR-89,,868,868,34.99631389,34.99631389,-112.389675000,-112.38967500,0,No Special Jurisdiction,12,Motor Vehicle In-Transport,2,Front-to-Front,0,No,1,Non-Junction,1,Not an Intersection,0,None,,,1,On Roadway,1,Daylight,,,,,10,Cloudy,0,No,0000000,Not Applicable,16,4:00pm-4:59pm,27,27,16,4:00pm-4:59pm,48,48,99,Unknown,99,Unknown EMS Hospital Arrival Time,,,,,,,1,
2022,4,40474,Arizona,2,2,0,0,0,5,5,13,MARICOPA (13),486,SURPRISE,25,25,6,June,2022,7,Saturday,23,11:00pm-11:59pm,56,56,1,This section IS ON the NHS,1,Rural,3,Principal Arterial - Other,1,State Highway Agency,2,U.S. Highway,US-60,,1030,1030,33.72789444,33.72789444,-112.464819440,-112.46481944,0,No Special Jurisdiction,12,Motor Vehicle In-Transport,2,Front-to-Front,0,No,1,Non-Junction,1,Not an Intersection,0,None,,,1,On Roadway,2,Dark - Not Lighted,,,,,10,Cloudy,0,No,0000000,Not Applicable,0,0:00am-0:59am,2,2,0,0:00am-0:59am,10,10,99,Unknown,99,Unknown EMS Hospital Arrival Time,,,,,,,1,
2022,4,40475,Arizona,1,1,0,0,0,4,4,5,COCONINO (5),0,NOT APPLICABLE,26,26,6,June,2022,1,Sunday,14,2:00pm-2:59pm,2,2,1,This section IS ON the NHS,1,Rural,1,Interstate,1,State Highway Agency,1,Interstate,I-40,,1556,1556,35.21954722,35.21954722,-112.306947220,-112.30694722,0,No Special Jurisdiction,24,Guardrail Face,0,The First Harmful Event was Not a Collision with a Motor Vehicle in Transport,0,No,1,Non-Junction,1,Not an Intersection,0,None,,,4,On Roadside,1,Daylight,,,,,2,Rain,0,No,0000000,Not Applicable,14,2:00pm-2:59pm,23,23,14,2:00pm-2:59pm,52,52,99,Unknown,99,Unknown EMS Hospital Arrival Time,,,,,,,1,
2022,4,40476,Arizona,1,1,0,0,0,7,7,13,MARICOPA (13),0,NOT APPLICABLE,26,26,6,June,2022,1,Sunday,17,5:00pm-5:59pm,4,4,1,This section IS ON the NHS,1,Rural,3,Principal Arterial - Other,1,State Highway Agency,3,State Highway,SR-87,,1038,1038,33.88079722,33.88079722,-111.454675000,-111.45467500,0,No Special Jurisdiction,24,Guardrail Face,0,The First Harmful Event was Not a Collision with a Motor Vehicle in Transport,0,No,1,Non-Junction,1,Not an Intersection,0,None,,,4,On Roadside,1,Daylight,,,,,10,Cloudy,0,No,0000000,Not Applicable,17,5:00pm-5:59pm,8,8,17,5:00pm-5:59pm,40,40,99,Unknown,99,Unknown EMS Hospital Arrival Time,,,,,,,2,
2022,4,40477,Arizona,1,1,0,0,0,5,5,13,MARICOPA (13),370,PHOENIX,26,26,6,June,2022,1,Sunday,20,8:00pm-8:59pm,59,59,0,This section IS NOT on the NHS,2,Urban,4,Minor Arterial,2,County Highway Agency,8,Other,43RD AVENUE,,42,42,33.36920000,33.36920000,-112.152108330,-112.15210833,0,No Special Jurisdiction,1,Rollover/Overturn,0,The First Harmful Event was Not a Collision with a Motor Vehicle in Transport,0,No,1,Non-Junction,1,Not an Intersection,0,None,,,4,On Roadside,3,Dark - Lighted,,,,,10,Cloudy,0,No,0000000,Not Applicable,21,9:00pm-9:59pm,0,0,21,9:00pm-9:59pm,5,5,88,"Not Applicable (Not Transported) ",88,Not Applicable (Not Transported),,,,,,,1,
2022,4,40478,Arizona,1,1,0,0,0,1,1,9,GRAHAM (9),0,NOT APPLICABLE,27,27,6,June,2022,2,Monday,0,0:00am-0:59am,31,31,0,This section IS NOT on the NHS,1,Rural,4,Minor Arterial,1,State Highway Agency,2,U.S. Highway,US-191,,1126,1126,32.71234167,32.71234167,-109.707897220,-109.70789722,0,No Special Jurisdiction,30,Utility Pole/Light Support,0,The First Harmful Event was Not a Collision with a Motor Vehicle in Transport,0,No,1,Non-Junction,1,Not an Intersection,0,None,,,4,On Roadside,2,Dark - Not Lighted,,,,,2,Rain,0,No,0000000,Not Applicable,0,0:00am-0:59am,34,34,0,0:00am-0:59am,53,53,88,"Not Applicable (Not Transported) ",88,Not Applicable (Not Transported),,,,,,,1,
2022,4,40479,Arizona,1,1,0,0,0,2,2,13,MARICOPA (13),30,AVONDALE,27,27,3,March,2022,1,Sunday,1,1:00am-1:59am,3,3,0,This section IS NOT on the NHS,2,Urban,5,Major Collector,2,County Highway Agency,8,Other,DYSART RD,SOUTHERN AVE,20,20,33.39170278,33.39170278,-112.340533330,-112.34053333,0,No Special Jurisdiction,59,"Traffic Sign Support ",0,The First Harmful Event was Not a Collision with a Motor Vehicle in Transport,0,No,3,Intersection-Related,3,T-Intersection,0,None,,,4,On Roadside,2,Dark - Not Lighted,,,,,1,Clear,0,No,0000000,Not Applicable,1,1:00am-1:59am,4,4,1,1:00am-1:59am,20,20,2,2:00am-2:59am,5,5,,,,,,,1,
2022,4,40480,Arizona,1,1,0,1,1,1,1,5,COCONINO (5),170,FLAGSTAFF,27,27,6,June,2022,2,Monday,19,7:00pm-7:59pm,4,4,0,This section IS NOT on the NHS,1,Rural,4,Minor Arterial,2,County Highway Agency,8,Other,TOWNSEND WINONA RD,COSNINO RD,62,62,35.23150000,35.23150000,-111.465733330,-111.46573333,0,No Special Jurisdiction,8,Pedestrian,0,The First Harmful Event was Not a Collision with a Motor Vehicle in Transport,0,No,3,Intersection-Related,3,T-Intersection,0,None,,,1,On Roadway,5,Dusk,,,,,1,Clear,0,No,0000000,Not Applicable,19,7:00pm-7:59pm,4,4,19,7:00pm-7:59pm,12,12,88,"Not Applicable (Not Transported) ",88,Not Applicable (Not Transported),,,,,,,1,
2022,4,40481,Arizona,1,1,0,1,1,1,1,13,MARICOPA (13),370,PHOENIX,28,28,6,June,2022,3,Tuesday,10,10:00am-10:59am,12,12,0,This section IS NOT on the NHS,2,Urban,5,Major Collector,4,City or Municipal Highway Agency,6,Local Street - Municipality,E SWEETWATER AVE,N CAVE CREEK RD,237,237,33.60413889,33.60413889,-112.036572220,-112.03657222,0,No Special Jurisdiction,8,Pedestrian,0,The First Harmful Event was Not a Collision with a Motor Vehicle in Transport,0,No,3,Intersection-Related,2,Four-Way Intersection,0,None,,,1,On Roadway,1,Daylight,,,,,1,Clear,0,No,0000000,Not Applicable,10,10:00am-10:59am,13,13,10,10:00am-10:59am,20,20,10,10:00am-10:59am,31,31,,,,,,,1,
2022,4,40482,Arizona,1,1,0,0,0,1,1,25,YAVAPAI (25),616,YARNELL,28,28,6,June,2022,3,Tuesday,19,7:00pm-7:59pm,34,34,0,This section IS NOT on the NHS,1,Rural,4,Minor Arterial,1,State Highway Agency,3,State Highway,SR-89,,180,180,34.20909722,34.20909722,-112.755250000,-112.75525000,0,No Special Jurisdiction,1,Rollover/Overturn,0,The First Harmful Event was Not a Collision with a Motor Vehicle in Transport,0,No,1,Non-Junction,1,Not an Intersection,0,None,,,4,On Roadside,2,Dark - Not Lighted,,,,,1,Clear,0,No,0000000,Not Applicable,19,7:00pm-7:59pm,36,36,19,7:00pm-7:59pm,54,54,88,"Not Applicable (Not Transported) ",88,Not Applicable (Not Transported),,,,,,,1,
2022,4,40483,Arizona,2,2,0,0,0,2,2,13,MARICOPA (13),370,PHOENIX,28,28,6,June,2022,3,Tuesday,23,11:00pm-11:59pm,57,57,1,This section IS ON the NHS,2,Urban,1,Interstate,1,State Highway Agency,1,Interstate,I-10,,1493,1493,33.43015833,33.43015833,-112.037947220,-112.03794722,0,No Special Jurisdiction,24,Guardrail Face,0,The First Harmful Event was Not a Collision with a Motor Vehicle in Transport,1,Yes,5,Entrance/Exit Ramp Related,1,Not an Intersection,0,None,,,4,On Roadside,3,Dark - Lighted,,,,,1,Clear,0,No,0000000,Not Applicable,23,11:00pm-11:59pm,59,59,0,0:00am-0:59am,7,7,99,Unknown,99,Unknown EMS Hospital Arrival Time,,,,,,,1,
2022,4,40484,Arizona,2,2,0,0,0,2,2,13,MARICOPA (13),290,MESA,29,29,6,June,2022,4,Wednesday,12,12:00pm-12:59pm,12,12,0,This section IS NOT on the NHS,2,Urban,4,Minor Arterial,4,City or Municipal Highway Agency,8,Other,E BASELINE RD,NONE,832,832,33.37893056,33.37893056,-111.790666670,-111.79066667,0,No Special Jurisdiction,12,Motor Vehicle In-Transport,6,Angle,0,No,2,Intersection,2,Four-Way Intersection,0,None,,,1,On Roadway,1,Daylight,,,,,1,Clear,0,No,0000000,Not Applicable,12,12:00pm-12:59pm,12,12,12,12:00pm-12:59pm,20,20,12,12:00pm-12:59pm,56,56,,,,,,,1,
2022,4,40485,Arizona,1,1,0,0,0,1,1,21,PINAL (21),22,APACHE JUNCTION,29,29,6,June,2022,4,Wednesday,13,1:00pm-1:59pm,56,56,0,This section IS NOT on the NHS,2,Urban,7,Local,4,City or Municipal Highway Agency,8,Other,EAST SCENIC STREET,,8,8,33.41873611,33.41873611,-111.529575000,-111.52957500,0,No Special Jurisdiction,1,Rollover/Overturn,0,The First Harmful Event was Not a Collision with a Motor Vehicle in Transport,0,No,1,Non-Junction,1,Not an Intersection,0,None,,,1,On Roadway,1,Daylight,,,,,1,Clear,0,No,0000000,Not Applicable,13,1:00pm-1:59pm,57,57,14,2:00pm-2:59pm,3,3,99,Unknown,99,Unknown EMS Hospital Arrival Time,,,,,,,1,
2022,4,40486,Arizona,2,2,0,0,0,2,2,13,MARICOPA (13),200,GLENDALE,29,29,6,June,2022,4,Wednesday,21,9:00pm-9:59pm,8,8,0,This section IS NOT on the NHS,2,Urban,3,Principal Arterial - Other,4,City or Municipal Highway Agency,8,Other,"W BELL ROAD ",N 79 AVENUE,267,267,33.63802500,33.63802500,-112.229055560,-112.22905556,0,No Special Jurisdiction,12,Motor Vehicle In-Transport,6,Angle,0,No,2,Intersection,2,Four-Way Intersection,0,None,,,1,On Roadway,3,Dark - Lighted,,,,,10,Cloudy,0,No,0000000,Not Applicable,21,9:00pm-9:59pm,9,9,21,9:00pm-9:59pm,14,14,21,9:00pm-9:59pm,28,28,,,,,,,1,