caseyear,state,st_case,statename,ve_total,ve_forms,pvh_invl,peds,pernotmvit,permvit,persons,county,countyname,city,cityname,day,dayname,month,monthname,year,day_week,day_weekname,hour,hourname,minute,minutename,nhs,nhsname,rur_urb,rur_urbname,func_sys,func_sysname,rd_owner,rd_ownername,route,routename,tway_id,tway_id2,milept,mileptname,latitude,latitudename,longitud,longitudname,sp_jur,sp_jurname,harm_ev,harm_evname,man_coll,man_collname,reljct1,reljct1name,reljct2,reljct2name,typ_int,typ_intname,wrk_zone,wrk_zonename,road_fnc,road_fncname,rel_road,rel_roadname,lgt_cond,lgt_condname,weather1,weather1name,weather2,weather2name,weather,weathername,sch_bus,sch_busname,rail,railname,not_hour,not_hourname,not_min,not_minname,arr_hour,arr_hourname,arr_min,arr_minname,hosp_hr,hosp_hrname,hosp_mn,hosp_mnname,cf1,cf1name,cf2,cf2name,cf3,cf3name,fatals,drunk_dr
2022,4,40488,Arizona,2,2,0,0,0,3,3,5,COCONINO (5),170,FLAGSTAFF,30,30,6,June,2022,5,Thursday,20,8:00pm-8:59pm,35,35,1,This section IS ON the NHS,2,Urban,1,Interstate,1,State Highway Agency,1,Interstate,I-40,,1990,1990,35.20128611,35.20128611,-111.608608330,-111.60860833,0,No Special Jurisdiction,12,Motor Vehicle In-Transport,1,Front-to-Rear,0,No,1,Non-Junction,1,Not an Intersection,1,Construction,,,1,On Roadway,2,Dark - Not Lighted,,,,,10,Cloudy,0,No,0000000,Not Applicable,20,8:00pm-8:59pm,35,35,20,8:00pm-8:59pm,40,40,99,Unknown,99,Unknown EMS Hospital Arrival Time,,,,,,,1,
2022,4,40489,Arizona,2,2,0,0,0,3,3,17,NAVAJO (17),429,SHOW LOW,1,1,7,July,2022,6,Friday,10,10:00am-10:59am,1,1,1,This section IS ON the NHS,2,Urban,3,Principal Arterial - Other,1,State Highway Agency,2,U.S. Highway,US-60,W WHIPPLE ST,3036,3036,34.24232778,34.24232778,-110.056927780,-110.05692778,0,No Special Jurisdiction,12,Motor Vehicle In-Transport,6,Angle,0,No,2,Intersection,3,T-Intersection,0,None,,,1,On Roadway,1,Daylight,,,,,1,Clear,0,No,0000000,Not Applicable,10,10:00am-10:59am,1,1,10,10:00am-10:59am,5,5,10,10:00am-10:59am,30,30,,,,,,,1,
2022,4,40490,Arizona,2,2,0,0,0,2,2,25,YAVAPAI (25),65,CAMP VERDE,1,1,7,July,2022,6,Friday,10,10:00am-10:59am,17,17,0,This section IS NOT on the NHS,2,Urban,4,Minor Arterial,1,State Highway Agency,3,State Highway,SR-260,,199,199,34.53021944,34.53021944,-111.785213890,-111.78521389,0,No Special Jurisdiction,12,Motor Vehicle In-Transport,2,Front-to-Front,0,No,1,Non-Junction,1,Not an Intersection,0,None,,,1,On Roadway,1,Daylight,,,,,1,Clear,0,No,0000000,Not Applicable,10,10:00am-10:59am,17,17,10,10:00am-10:59am,26,26,99,Unknown,99,Unknown EMS Hospital Arrival Time,,,,,,,1,
2022,4,40491,Arizona,1,1,0,0,0,1,1,11,GREENLEE (11),0,NOT APPLICABLE,1,1,7,July,2022,6,Friday,12,12:00pm-12:59pm,2,2,0,This section IS NOT on the NHS,1,Rural,5,Major Collector,1,State Highway Agency,2,U.S. Highway,US-191,,1814,1814,33.17363056,33.17363056,-109.368969440,-109.36896944,0,No Special Jurisdiction,34,Ditch,0,The First Harmful Event was Not a Collision with a Motor Vehicle in Transport,0,No,1,Non-Junction,1,Not an Intersection,0,None,,,4,On Roadside,1,Daylight,,,,,10,Cloudy,0,No,0000000,Not Applicable,12,12:00pm-12:59pm,6,6,12,12:00pm-12:59pm,45,45,14,2:00pm-2:59pm,19,19,,,,,,,1,
2022,4,40492,Arizona,1,1,0,0,0,1,1,13,MARICOPA (13),220,GOODYEAR,2,2,7,July,2022,7,Saturday,2,2:00am-2:59am,54,54,1,This section IS ON the NHS,2,Urban,1,Interstate,1,State Highway Agency,1,Interstate,I-10 RAMP,,1220,1220,33.46165278,33.46165278,-112.458241670,-112.45824167,0,No Special Jurisdiction,30,Utility Pole/Light Support,0,The First Harmful Event was Not a Collision with a Motor Vehicle in Transport,1,Yes,5,Entrance/Exit Ramp Related,1,Not an Intersection,0,None,,,4,On Roadside,3,Dark - Lighted,,,,,1,Clear,0,No,0000000,Not Applicable,2,2:00am-2:59am,55,55,3,3:00am-3:59am,3,3,3,3:00am-3:59am,21,21,,,,,,,1,
2022,4,40493,Arizona,1,1,0,0,0,1,1,5,COCONINO (5),336,PAGE,2,2,7,July,2022,7,Saturday,23,11:00pm-11:59pm,34,34,0,This section IS NOT on the NHS,2,Urban,5,Major Collector,4,City or Municipal Highway Agency,6,Local Street - Municipality,NAVAJO DR,,0,None,36.92236944,36.92236944,-111.457130560,-111.45713056,0,No Special Jurisdiction,33,Curb,0,The First Harmful Event was Not a Collision with a Motor Vehicle in Transport,0,No,1,Non-Junction,1,Not an Intersection,0,None,,,4,On Roadside,2,Dark - Not Lighted,,,,,1,Clear,0,No,0000000,Not Applicable,99,Unknown,99,Unknown,99,Unknown EMS Scene Arrival Hour,99,Unknown EMS Scene Arrival Minutes,88,"Not Applicable (Not Transported) ",88,Not Applicable (Not Transported),,,,,,,1,
2022,4,40494,Arizona,2,2,0,0,0,3,3,21,PINAL (21),180,FLORENCE,3,3,7,July,2022,1,Sunday,8,8:00am-8:59am,24,24,0,This section IS NOT on the NHS,1,Rural,4,Minor Arterial,3,Town or Township Highway Agency,5,Local Street - Township,N HUNT HWY,,0,None,33.07792500,33.07792500,-111.487552780,-111.48755278,0,No Special Jurisdiction,12,Motor Vehicle In-Transport,2,Front-to-Front,0,No,1,Non-Junction,1,Not an Intersection,0,None,,,1,On Roadway,1,Daylight,,,,,1,Clear,0,No,0000000,Not Applicable,8,8:00am-8:59am,7,7,8,8:00am-8:59am,12,12,99,Unknown,99,Unknown EMS Hospital Arrival Time,,,,,,,1,
2022,4,40495,Arizona,2,2,0,0,0,3,3,17,NAVAJO (17),429,SHOW LOW,3,3,7,July,2022,1,Sunday,10,10:00am-10:59am,54,54,1,This section IS ON the NHS,2,Urban,3,Principal Arterial - Other,1,State Highway Agency,2,U.S. Highway,US-60,,3056,3056,34.25257222,34.25257222,-110.038083330,-110.03808333,0,No Special Jurisdiction,12,Motor Vehicle In-Transport,6,Angle,0,No,8,Driveway Access Related,1,Not an Intersection,0,None,,,1,On Roadway,1,Daylight,,,,,1,Clear,0,No,0000000,Not Applicable,10,10:00am-10:59am,54,54,10,10:00am-10:59am,57,57,11,11:00am-11:59am,11,11,,,,,,,1,
2022,4,40496,Arizona,2,2,0,0,0,7,7,1,APACHE (1),495,TEEC NOS POS,3,3,7,July,2022,1,Sunday,12,12:00pm-12:59pm,25,25,1,This section IS ON the NHS,1,Rural,3,Principal Arterial - Other,1,State Highway Agency,2,U.S. Highway,US-160,,1515,1515,36.93589722,36.93589722,-109.125041670,-109.12504167,0,No Special Jurisdiction,12,Motor Vehicle In-Transport,2,Front-to-Front,0,No,1,Non-Junction,1,Not an Intersection,0,None,,,1,On Roadway,1,Daylight,,,,,10,Cloudy,0,No,0000000,Not Applicable,12,12:00pm-12:59pm,32,32,12,12:00pm-12:59pm,47,47,99,Unknown,99,Unknown EMS Hospital Arrival Time,,,,,,,2,
2022,4,40497,Arizona,2,2,0,0,0,4,4,19,PIMA (19),0,NOT APPLICABLE,4,4,7,July,2022,2,Monday,9,9:00am-9:59am,26,26,0,This section IS NOT on the NHS,1,Rural,4,Minor Arterial,1,State Highway Agency,3,State Highway,SR-85,,725,725,31.97278611,31.97278611,-112.806077780,-112.80607778,0,No Special Jurisdiction,18,Other Object (not fixed),0,The First Harmful Event was Not a Collision with a Motor Vehicle in Transport,0,No,1,Non-Junction,1,Not an Intersection,0,None,,,4,On Roadside,1,Daylight,,,,,1,Clear,0,No,0000000,Not Applicable,9,9:00am-9:59am,26,26,9,9:00am-9:59am,43,43,99,Unknown,99,Unknown EMS Hospital Arrival Time,,,,,,,1,
2022,4,40499,Arizona,2,2,0,0,0,3,3,25,YAVAPAI (25),0,NOT APPLICABLE,5,5,7,July,2022,3,Tuesday,11,11:00am-11:59am,56,56,0,This section IS NOT on the NHS,1,Rural,5,Major Collector,1,State Highway Agency,6,Local Street - Municipality,CORDES LAKES RD OVERPASS BRDG,,0,None,34.32909444,34.32909444,-112.121013890,-112.12101389,0,No Special Jurisdiction,12,Motor Vehicle In-Transport,7,Sideswipe - Same Direction,0,No,1,Non-Junction,1,Not an Intersection,0,None,,,1,On Roadway,1,Daylight,,,,,1,Clear,0,No,0000000,Not Applicable,12,12:00pm-12:59pm,1,1,12,12:00pm-12:59pm,8,8,12,12:00pm-12:59pm,45,45,,,,,,,1,
2022,4,40500,Arizona,1,1,0,0,0,1,1,13,MARICOPA (13),290,MESA,5,5,7,July,2022,3,Tuesday,20,8:00pm-8:59pm,9,9,1,This section IS ON the NHS,2,Urban,3,Principal Arterial - Other,4,City or Municipal Highway Agency,6,Local Street - Municipality,N POWER RD,,0,None,33.46708611,33.46708611,-111.683944440,-111.68394444,0,No Special Jurisdiction,30,Utility Pole/Light Support,0,The First Harmful Event was Not a Collision with a Motor Vehicle in Transport,0,No,1,Non-Junction,1,Not an Intersection,0,None,,,3,On Median,3,Dark - Lighted,,,,,1,Clear,0,No,0000000,Not Applicable,20,8:00pm-8:59pm,11,11,20,8:00pm-8:59pm,16,16,88,"Not Applicable (Not Transported) ",88,Not Applicable (Not Transported),,,,,,,1,
2022,4,40501,Arizona,2,2,0,0,0,6,6,13,MARICOPA (13),158,EL MIRAGE,6,6,7,July,2022,4,Wednesday,18,6:00pm-6:59pm,35,35,0,This section IS NOT on the NHS,2,Urban,4,Minor Arterial,4,City or Municipal Highway Agency,6,Local Street - Municipality,N EL MIRAGE RD,,0,None,33.57180556,33.57180556,-112.324502780,-112.32450278,0,No Special Jurisdiction,12,Motor Vehicle In-Transport,2,Front-to-Front,0,No,1,Non-Junction,1,Not an Intersection,0,None,,,1,On Roadway,1,Daylight,,,,,1,Clear,0,No,0000000,Not Applicable,18,6:00pm-6:59pm,36,36,18,6:00pm-6:59pm,46,46,19,7:00pm-7:59pm,12,12,,,,,,,1,
2022,4,40502,Arizona,1,1,0,0,0,1,1,13,MARICOPA (13),0,NOT APPLICABLE,7,7,7,July,2022,5,Thursday,19,7:00pm-7:59pm,28,28,1,This section IS ON the NHS,1,Rural,3,Principal Arterial - Other,1,State Highway Agency,3,State Highway,SR-87,,795,795,33.58680556,33.58680556,-111.602927780,-111.60292778,0,No Special Jurisdiction,1,Rollover/Overturn,0,The First Harmful Event was Not a Collision with a Motor Vehicle in Transport,0,No,1,Non-Junction,1,Not an Intersection,0,None,,,4,On Roadside,5,Dusk,,,,,1,Clear,0,No,0000000,Not Applicable,19,7:00pm-7:59pm,30,30,19,7:00pm-7:59pm,43,43,88,"Not Applicable (Not Transported) ",88,Not Applicable (Not Transported),,,,,,,1,
2022,4,40503,Arizona,1,1,0,0,0,1,1,21,PINAL (21),0,NOT APPLICABLE,8,8,7,July,2022,6,Friday,12,12:00pm-12:59pm,45,45,1,This section IS ON the NHS,2,Urban,2,Principal Arterial - Other Freeways and Expressways,1,State Highway Agency,2,U.S. Highway,US-60 EXIT 194,S MERIDIAN RD,1626,1626,33.38607778,33.38607778,-111.580583330,-111.58058333,0,No Special Jurisdiction,24,Guardrail Face,0,The First Harmful Event was Not a Collision with a Motor Vehicle in Transport,1,Yes,3,Intersection-Related,3,T-Intersection,0,None,,,4,On Roadside,1,Daylight,,,,,1,Clear,0,No,0000000,Not Applicable,12,12:00pm-12:59pm,45,45,99,Unknown EMS Scene Arrival Hour,99,Unknown EMS Scene Arrival Minutes,88,"Not Applicable (Not Transported) ",88,Not Applicable (Not Transported),,,,,,,1,
2022,4,40504,Arizona,1,1,0,1,1,1,1,13,MARICOPA (13),290,MESA,9,9,7,July,2022,7,Saturday,22,10:00pm-10:59pm,21,21,0,This section IS NOT on the NHS,2,Urban,4,Minor Arterial,4,City or Municipal Highway Agency,6,Local Street - Municipality,N DOBSON RD,W 1ST PL,0,None,33.41800278,33.41800278,-111.874408330,-111.87440833,0,No Special Jurisdiction,8,Pedestrian,0,The First Harmful Event was Not a Collision with a Motor Vehicle in Transport,0,No,3,Intersection-Related,2,Four-Way Intersection,0,None,,,1,On Roadway,3,Dark - Lighted,,,,,1,Clear,0,No,0000000,Not Applicable,22,10:00pm-10:59pm,22,22,22,10:00pm-10:59pm,36,36,88,"Not Applicable (Not Transported) ",88,Not Applicable (Not Transported),,,,,,,1,
2022,4,40505,Arizona,2,2,0,0,0,2,2,19,PIMA (19),530,TUCSON,9,9,7,July,2022,7,Saturday,23,11:00pm-11:59pm,0,0,0,This section IS NOT on the NHS,2,Urban,3,Principal Arterial - Other,4,City or Municipal Highway Agency,6,Local Street - Municipality,E BROADWAY BLVD,,0,None,32.22166667,32.22166667,-110.916086110,-110.91608611,0,No Special Jurisdiction,12,Motor Vehicle In-Transport,6,Angle,0,No,8,Driveway Access Related,1,Not an Intersection,0,None,,,1,On Roadway,3,Dark - Lighted,,,,,1,Clear,0,No,0000000,Not Applicable,23,11:00pm-11:59pm,0,0,23,11:00pm-11:59pm,5,5,99,Unknown,99,Unknown EMS Hospital Arrival Time,,,,,,,1,
2022,4,40506,Arizona,1,1,0,0,0,1,1,12,LA PAZ (12),0,NOT APPLICABLE,10,10,7,July,2022,1,Sunday,6,6:00am-6:59am,0,0,1,This section IS ON the NHS,1,Rural,1,Interstate,1,State Highway Agency,1,Interstate,I-10,,320,320,33.65879444,33.65879444,-113.988452780,-113.98845278,0,No Special Jurisdiction,24,Guardrail Face,0,The First Harmful Event was Not a Collision with a Motor Vehicle in Transport,0,No,1,Non-Junction,1,Not an Intersection,0,None,,,4,On Roadside,4,Dawn,,,,,1,Clear,0,No,0000000,Not Applicable,6,6:00am-6:59am,0,0,6,6:00am-6:59am,11,11,88,"Not Applicable (Not Transported) ",88,Not Applicable (Not Transported),,,,,,,1,
2022,4,40507,Arizona,1,1,0,1,1,2,2,13,MARICOPA (13),370,PHOENIX,10,10,7,July,2022,1,Sunday,6,6:00am-6:59am,13,13,0,This section IS NOT on the NHS,2,Urban,4,Minor Arterial,4,City or Municipal Highway Agency,6,Local Street - Municipality,W BASELINE RD,,0,None,33.37738889,33.37738889,-112.220544440,-112.22054444,0,No Special Jurisdiction,8,Pedestrian,0,The First Harmful Event was Not a Collision with a Motor Vehicle in Transport,0,No,1,Non-Junction,1,Not an Intersection,0,None,,,1,On Roadway,1,Daylight,,,,,1,Clear,0,No,0000000,Not Applicable,99,Unknown,99,Unknown,99,Unknown EMS Scene Arrival Hour,99,Unknown EMS Scene Arrival Minutes,88,"Not Applicable (Not Transported) ",88,Not Applicable (Not Transported),,,,,,,1,
2022,4,40508,Arizona,2,2,0,0,0,2,2,25,YAVAPAI (25),0,NOT APPLICABLE,10,10,7,July,2022,1,Sunday,20,8:00pm-8:59pm,37,37,1,This section IS ON the NHS,1,Rural,3,Principal Arterial - Other,1,State Highway Agency,2,U.S. Highway,US-93,,1641,1641,34.34582500,34.34582500,-113.159758330,-113.15975833,0,No Special Jurisdiction,12,Motor Vehicle In-Transport,2,Front-to-Front,0,No,1,Non-Junction,1,Not an Intersection,0,None,,,1,On Roadway,2,Dark - Not Lighted,,,,,1,Clear,0,No,0000000,Not Applicable,20,8:00pm-8:59pm,41,41,21,9:00pm-9:59pm,15,15,22,10:00pm-10:59pm,11,11,,,,,,,1,
2022,4,40509,Arizona,2,2,0,0,0,2,2,13,MARICOPA (13),368,PEORIA,12,12,7,July,2022,3,Tuesday,3,3:00am-3:59am,9,9,1,This section IS ON the NHS,2,Urban,2,Principal Arterial - Other Freeways and Expressways,1,State Highway Agency,3,State Highway,SR-101,,67,67,33.56051111,33.56051111,-112.257502780,-112.25750278,0,No Special Jurisdiction,12,Motor Vehicle In-Transport,1,Front-to-Rear,1,Yes,17,Acceleration/Deceleration Lane,1,Not an Intersection,0,None,,,1,On Roadway,3,Dark - Lighted,,,,,1,Clear,0,No,0000000,Not Applicable,3,3:00am-3:59am,11,11,3,3:00am-3:59am,19,19,88,"Not Applicable (Not Transported) ",88,Not Applicable (Not Transported),,,,,,,1,
2022,4,40510,Arizona,2,2,0,0,0,2,2,25,YAVAPAI (25),65,CAMP VERDE,15,15,7,July,2022,6,Friday,16,4:00pm-4:59pm,22,22,0,This section IS NOT on the NHS,2,Urban,4,Minor Arterial,1,State Highway Agency,3,State Highway,SR-260,,197,197,34.53015556,34.53015556,-111.788969440,-111.78896944,0,No Special Jurisdiction,12,Motor Vehicle In-Transport,2,Front-to-Front,0,No,1,Non-Junction,1,Not an Intersection,0,None,,,1,On Roadway,1,Daylight,,,,,1,Clear,0,No,0000000,Not Applicable,16,4:00pm-4:59pm,22,22,16,4:00pm-4:59pm,31,31,88,"Not Applicable (Not Transported) ",88,Not Applicable (Not Transported),,,,,,,1,
2022,4,40511,Arizona,2,2,0,1,1,7,7,13,MARICOPA (13),290,MESA,15,15,7,July,2022,6,Friday,21,9:00pm-9:59pm,14,14,0,This section IS NOT on the NHS,2,Urban,4,Minor Arterial,4,City or Municipal Highway Agency,8,Other,N DOBSON RD,W UNIVERSITY DR,155,155,33.42199444,33.42199444,-111.874441670,-111.87444167,0,No Special Jurisdiction,8,Pedestrian,0,The First Harmful Event was Not a Collision with a Motor Vehicle in Transport,0,No,3,Intersection-Related,2,Four-Way Intersection,0,None,,,1,On Roadway,3,Dark - Lighted,,,,,10,Cloudy,0,No,0000000,Not Applicable,21,9:00pm-9:59pm,14,14,21,9:00pm-9:59pm,20,20,21,9:00pm-9:59pm,30,30,,,,,,,1,
2022,4,40512,Arizona,1,1,0,1,1,1,1,13,MARICOPA (13),370,PHOENIX,16,16,7,July,2022,7,Saturday,20,8:00pm-8:59pm,40,40,0,This section IS NOT on the NHS,2,Urban,3,Principal Arterial - Other,4,City or Municipal Highway Agency,8,Other,S 7TH ST,E BROADWAY RD,72,72,33.40659722,33.40659722,-112.064619440,-112.06461944,0,No Special Jurisdiction,8,Pedestrian,0,The First Harmful Event was Not a Collision with a Motor Vehicle in Transport,0,No,3,Intersection-Related,2,Four-Way Intersection,0,None,,,1,On Roadway,3,Dark - Lighted,,,,,1,Clear,0,No,0000000,Not Applicable,99,Unknown,99,Unknown,99,Unknown EMS Scene Arrival Hour,99,Unknown EMS Scene Arrival Minutes,88,"Not Applicable (Not Transported) ",88,Not Applicable (Not Transported),,,,,,,1,
2022,4,40513,Arizona,2,2,0,0,0,3,3,19,PIMA (19),530,TUCSON,17,17,7,July,2022,1,Sunday,0,0:00am-0:59am,23,23,1,This section IS ON the NHS,2,Urban,1,Interstate,1,State Highway Agency,1,Interstate,I-19,,631,631,32.19191944,32.19191944,-110.980394440,-110.98039444,0,No Special Jurisdiction,12,Motor Vehicle In-Transport,2,Front-to-Front,1,Yes,18,Through Roadway,1,Not an Intersection,0,None,,,1,On Roadway,3,Dark - Lighted,,,,,1,Clear,0,No,0000000,Not Applicable,0,0:00am-0:59am,26,26,0,0:00am-0:59am,34,34,99,Unknown,99,Unknown EMS Hospital Arrival Time,,,,,,,2,
2022,4,40514,Arizona,1,1,0,0,0,2,2,15,MOHAVE (15),572,WIKIEUP,17,17,7,July,2022,1,Sunday,14,2:00pm-2:59pm,15,15,1,This section IS ON the NHS,1,Rural,3,Principal Arterial - Other,1,State Highway Agency,2,U.S. Highway,US-93,,1406,1406,34.56566667,34.56566667,-113.458438890,-113.45843889,0,No Special Jurisdiction,43,Other Fixed Object,0,The First Harmful Event was Not a Collision with a Motor Vehicle in Transport,0,No,1,Non-Junction,1,Not an Intersection,0,None,,,4,On Roadside,1,Daylight,,,,,1,Clear,0,No,0000000,Not Applicable,14,2:00pm-2:59pm,20,20,15,3:00pm-3:59pm,4,4,99,Unknown,99,Unknown EMS Hospital Arrival Time,,,,,,,1,
2022,4,40515,Arizona,2,2,0,0,0,3,3,13,MARICOPA (13),368,PEORIA,18,18,7,July,2022,2,Monday,13,1:00pm-1:59pm,6,6,0,This section IS NOT on the NHS,2,Urban,4,Minor Arterial,2,County Highway Agency,8,Other,OLIVE AVE,103RD AVE,398,398,33.56577500,33.56577500,-112.281130560,-112.28113056,0,No Special Jurisdiction,12,Motor Vehicle In-Transport,6,Angle,0,No,2,Intersection,2,Four-Way Intersection,0,None,,,1,On Roadway,1,Daylight,,,,,1,Clear,0,No,0000000,Not Applicable,13,1:00pm-1:59pm,6,6,13,1:00pm-1:59pm,9,9,13,1:00pm-1:59pm,40,40,,,,,,,1,
2022,4,40516,Arizona,2,2,0,0,0,2,2,25,YAVAPAI (25),65,CAMP VERDE,18,18,7,July,2022,2,Monday,17,5:00pm-5:59pm,48,48,1,This section IS ON the NHS,2,Urban,1,Interstate,1,State Highway Agency,3,State Highway,SR-260,I-17 RAMP,124,124,34.57893611,34.57893611,-111.884750000,-111.88475000,0,No Special Jurisdiction,12,Motor Vehicle In-Transport,6,Angle,1,Yes,2,Intersection,2,Four-Way Intersection,0,None,,,1,On Roadway,1,Daylight,,,,,1,Clear,0,No,0000000,Not Applicable,17,5:00pm-5:59pm,48,48,17,5:00pm-5:59pm,48,48,19,7:00pm-7:59pm,0,0,,,,,,,1,
2022,4,40517,Arizona,1,1,0,1,1,0,0,13,MARICOPA (13),618,YOUNGTOWN,19,19,7,July,2022,3,Tuesday,9,9:00am-9:59am,49,49,0,This section IS NOT on the NHS,2,Urban,5,Major Collector,4,City or Municipal Highway Agency,6,Local Street - Municipality,PEORIA AVE,,365,365,33.58008889,33.58008889,-112.302233330,-112.30223333,0,No Special Jurisdiction,8,Pedestrian,0,The First Harmful Event was Not a Collision with a Motor Vehicle in Transport,0,No,8,Driveway Access Related,1,Not an Intersection,0,None,,,1,On Roadway,1,Daylight,,,,,10,Cloudy,0,No,0000000,Not Applicable,9,9:00am-9:59am,49,49,9,9:00am-9:59am,55,55,10,10:00am-10:59am,5,5,,,,,,,1,
2022,4,40518,Arizona,1,1,0,0,0,1,1,13,MARICOPA (13),200,GLENDALE,20,20,7,July,2022,4,Wednesday,0,0:00am-0:59am,0,0,0,This section IS NOT on the NHS,2,Urban,4,Minor Arterial,4,City or Municipal Highway Agency,6,Local Street - Municipality,N 75TH AVE,,402,402,33.64753056,33.64753056,-112.220333330,-112.22033333,0,No Special Jurisdiction,33,Curb,0,The First Harmful Event was Not a Collision with a Motor Vehicle in Transport,0,No,1,Non-Junction,1,Not an Intersection,0,None,,,3,On Median,3,Dark - Lighted,,,,,1,Clear,0,No,0000000,Not Applicable,0,0:00am-0:59am,37,37,0,0:00am-0:59am,41,41,88,"Not Applicable (Not Transported) ",88,Not Applicable (Not Transported),,,,,,,1,
2022,4,40519,Arizona,3,3,0,0,0,4,4,13,MARICOPA (13),290,MESA,20,20,7,July,2022,4,Wednesday,5,5:00am-5:59am,36,36,1,This section IS ON the NHS,2,Urban,2,Principal Arterial - Other Freeways and Expressways,1,State Highway Agency,2,U.S. Highway,US-60 RAMP,STAPLEY DR,1,1,33.38562778,33.38562778,-111.805763890,-111.80576389,0,No Special Jurisdiction,12,Motor Vehicle In-Transport,1,Front-to-Rear,1,Yes,3,Intersection-Related,2,Four-Way Intersection,0,None,,,1,On Roadway,4,Dawn,,,,,10,Cloudy,0,No,0000000,Not Applicable,5,5:00am-5:59am,36,36,5,5:00am-5:59am,56,56,6,6:00am-6:59am,38,38,,,,,,,1,
2022,4,40521,Arizona,1,1,0,1,1,1,1,19,PIMA (19),335,ORO VALLEY,21,21,7,July,2022,5,Thursday,1,1:00am-1:59am,43,43,0,This section IS NOT on the NHS,2,Urban,3,Principal Arterial - Other,1,State Highway Agency,3,State Highway,SR-989,,10,10,32.42618611,32.42618611,-110.952763890,-110.95276389,0,No Special Jurisdiction,8,Pedestrian,0,The First Harmful Event was Not a Collision with a Motor Vehicle in Transport,0,No,1,Non-Junction,1,Not an Intersection,0,None,,,1,On Roadway,2,Dark - Not Lighted,,,,,10,Cloudy,0,No,0000000,Not Applicable,1,1:00am-1:59am,43,43,1,1:00am-1:59am,50,50,2,2:00am-2:59am,32,32,,,,,,,1,
2022,4,40522,Arizona,1,1,0,1,1,1,1,19,PIMA (19),0,NOT APPLICABLE,21,21,7,July,2022,5,Thursday,4,4:00am-4:59am,26,26,0,This section IS NOT on the NHS,2,Urban,6,Minor Collector,26,Private (other than Railroad),8,Other,BOPP RD,IRENE BLVD,2,2,32.17559167,32.17559167,-111.187930560,-111.18793056,0,No Special Jurisdiction,8,Pedestrian,0,The First Harmful Event was Not a Collision with a Motor Vehicle in Transport,0,No,3,Intersection-Related,2,Four-Way Intersection,0,None,,,1,On Roadway,1,Daylight,,,,,1,Clear,0,No,0000000,Not Applicable,4,4:00am-4:59am,26,26,4,4:00am-4:59am,44,44,88,"Not Applicable (Not Transported) ",88,Not Applicable (Not Transported),,,,,,,1,
2022,4,40523,Arizona,1,1,0,0,0,1,1,13,MARICOPA (13),0,NOT APPLICABLE,21,21,7,July,2022,5,Thursday,21,9:00pm-9:59pm,57,57,1,This section IS ON the NHS,2,Urban,1,Interstate,1,State Highway Agency,1,Interstate,I-17,,350,350,33.87120556,33.87120556,-112.146513890,-112.14651389,0,No Special Jurisdiction,1,Rollover/Overturn,0,The First Harmful Event was Not a Collision with a Motor Vehicle in Transport,1,Yes,19,Other location within Interchange Area,1,Not an Intersection,0,None,,,4,On Roadside,2,Dark - Not Lighted,,,,,1,Clear,0,No,0000000,Not Applicable,21,9:00pm-9:59pm,57,57,22,10:00pm-10:59pm,11,11,88,"Not Applicable (Not Transported) ",88,Not Applicable (Not Transported),,,,,,,1,
2022,4,40524,Arizona,2,2,0,0,0,2,2,13,MARICOPA (13),290,MESA,21,21,7,July,2022,5,Thursday,22,10:00pm-10:59pm,9,9,0,This section IS NOT on the NHS,2,Urban,4,Minor Arterial,4,City or Municipal Highway Agency,8,Other,W RIO SALADO PKWY,N MAY ST,1,1,33.42938333,33.42938333,-111.880250000,-111.88025000,0,No Special Jurisdiction,12,Motor Vehicle In-Transport,6,Angle,0,No,2,Intersection,2,Four-Way Intersection,0,None,,,1,On Roadway,3,Dark - Lighted,,,,,10,Cloudy,0,No,0000000,Not Applicable,22,10:00pm-10:59pm,9,9,22,10:00pm-10:59pm,15,15,22,10:00pm-10:59pm,30,30,,,,,,,1,
2022,4,40525,Arizona,2,2,0,0,0,9,9,13,MARICOPA (13),370,PHOENIX,22,22,7,July,2022,6,Friday,1,1:00am-1:59am,51,51,0,This section IS NOT on the NHS,2,Urban,4,Minor Arterial,4,City or Municipal Highway Agency,8,Other,N 43RD AVE,W THUNDERBIRD RD,208,208,33.61066944,33.61066944,-112.151127780,-112.15112778,0,No Special Jurisdiction,12,Motor Vehicle In-Transport,6,Angle,0,No,2,Intersection,2,Four-Way Intersection,0,None,,,1,On Roadway,3,Dark - Lighted,,,,,1,Clear,0,No,0000000,Not Applicable,99,Unknown,99,Unknown,99,Unknown EMS Scene Arrival Hour,99,Unknown EMS Scene Arrival Minutes,99,Unknown,99,Unknown EMS Hospital Arrival Time,,,,,,,4,
2022,4,40526,Arizona,2,2,0,0,0,3,3,19,PIMA (19),530,TUCSON,22,22,7,July,2022,6,Friday,9,9:00am-9:59am,40,40,0,This section IS NOT on the NHS,2,Urban,4,Minor Arterial,4,City or Municipal Highway Agency,8,Other,FLOWING WELLS RD,PRINCE RD,17,17,32.27213611,32.27213611,-110.995000000,-110.99500000,0,No Special Jurisdiction,12,Motor Vehicle In-Transport,2,Front-to-Front,0,No,2,Intersection,2,Four-Way Intersection,0,None,,,1,On Roadway,1,Daylight,,,,,1,Clear,0,No,0000000,Not Applicable,7,7:00am-7:59am,15,15,8,8:00am-8:59am,17,17,7,7:00am-7:59am,44,44,,,,,,,1,
2022,4,40527,Arizona,1,1,0,0,0,1,1,19,PIMA (19),530,TUCSON,23,23,7,July,2022,7,Saturday,20,8:00pm-8:59pm,30,30,0,This section IS NOT on the NHS,1,Rural,7,Local,98,Not Reported,8,Other,N DAVIDSON RD,E COSTELLO RANCH PL,0,None,31.99866944,31.99866944,-110.689275000,-110.68927500,0,No Special Jurisdiction,31,"Post, Pole or Other Supports",0,The First Harmful Event was Not a Collision with a Motor Vehicle in Transport,0,No,3,Intersection-Related,3,T-Intersection,0,None,,,4,On Roadside,2,Dark - Not Lighted,,,,,10,Cloudy,0,No,0000000,Not Applicable,20,8:00pm-8:59pm,43,43,20,8:00pm-8:59pm,50,50,99,Unknown,99,Unknown EMS Hospital Arrival Time,,,,,,,1,