caseyear,state,st_case,statename,ve_total,ve_forms,pvh_invl,peds,pernotmvit,permvit,persons,county,countyname,city,cityname,day,dayname,month,monthname,year,day_week,day_weekname,hour,hourname,minute,minutename,nhs,nhsname,rur_urb,rur_urbname,func_sys,func_sysname,rd_owner,rd_ownername,route,routename,tway_id,tway_id2,milept,mileptname,latitude,latitudename,longitud,longitudname,sp_jur,sp_jurname,harm_ev,harm_evname,man_coll,man_collname,reljct1,reljct1name,reljct2,reljct2name,typ_int,typ_intname,wrk_zone,wrk_zonename,road_fnc,road_fncname,rel_road,rel_roadname,lgt_cond,lgt_condname,weather1,weather1name,weather2,weather2name,weather,weathername,sch_bus,sch_busname,rail,railname,not_hour,not_hourname,not_min,not_minname,arr_hour,arr_hourname,arr_min,arr_minname,hosp_hr,hosp_hrname,hosp_mn,hosp_mnname,cf1,cf1name,cf2,cf2name,cf3,cf3name,fatals,drunk_dr
2022,4,40611,Arizona,1,1,0,1,1,1,1,13,MARICOPA (13),200,GLENDALE,29,29,8,August,2022,2,Monday,4,4:00am-4:59am,23,23,0,This section IS NOT on the NHS,2,Urban,4,Minor Arterial,4,City or Municipal Highway Agency,6,Local Street - Municipality,W BETHANY HOME RD,"N 67TH ",0,None,33.52380833,33.52380833,-112.203277780,-112.20327778,0,No Special Jurisdiction,9,Pedalcyclist,0,The First Harmful Event was Not a Collision with a Motor Vehicle in Transport,0,No,3,Intersection-Related,2,Four-Way Intersection,0,None,,,1,On Roadway,3,Dark - Lighted,,,,,1,Clear,0,No,0000000,Not Applicable,4,4:00am-4:59am,22,22,4,4:00am-4:59am,23,23,4,4:00am-4:59am,47,47,,,,,,,1,
2022,4,40613,Arizona,2,2,0,0,0,2,2,13,MARICOPA (13),80,CHANDLER,29,29,8,August,2022,2,Monday,17,5:00pm-5:59pm,33,33,1,This section IS ON the NHS,2,Urban,1,Interstate,1,State Highway Agency,1,Interstate,I-10,,1652,1652,33.24813611,33.24813611,-111.942722220,-111.94272222,0,No Special Jurisdiction,12,Motor Vehicle In-Transport,7,Sideswipe - Same Direction,0,No,1,Non-Junction,1,Not an Intersection,0,None,,,1,On Roadway,1,Daylight,,,,,1,Clear,0,No,0000000,Not Applicable,17,5:00pm-5:59pm,33,33,17,5:00pm-5:59pm,37,37,99,Unknown,99,Unknown EMS Hospital Arrival Time,,,,,,,1,
2022,4,40614,Arizona,3,3,0,0,0,6,6,17,NAVAJO (17),0,NOT APPLICABLE,30,30,8,August,2022,3,Tuesday,14,2:00pm-2:59pm,54,54,1,This section IS ON the NHS,1,Rural,3,Principal Arterial - Other,1,State Highway Agency,3,State Highway,SR-260,,1369,1369,34.36836389,34.36836389,-110.392647220,-110.39264722,0,No Special Jurisdiction,12,Motor Vehicle In-Transport,8,Sideswipe - Opposite Direction,0,No,1,Non-Junction,1,Not an Intersection,0,None,,,1,On Roadway,1,Daylight,,,,,1,Clear,0,No,0000000,Not Applicable,14,2:00pm-2:59pm,55,55,15,3:00pm-3:59pm,8,8,99,Unknown,99,Unknown EMS Hospital Arrival Time,,,,,,,2,
2022,4,40615,Arizona,2,2,0,0,0,2,2,13,MARICOPA (13),370,PHOENIX,31,31,8,August,2022,4,Wednesday,12,12:00pm-12:59pm,33,33,0,This section IS NOT on the NHS,2,Urban,4,Minor Arterial,4,City or Municipal Highway Agency,6,Local Street - Municipality,E 32ND ST,,0,None,33.40557500,33.40557500,-112.012661110,-112.01266111,0,No Special Jurisdiction,12,Motor Vehicle In-Transport,6,Angle,0,No,99,Reported as Unknown,99,Reported as Unknown,0,None,,,1,On Roadway,1,Daylight,,,,,1,Clear,0,No,0000000,Not Applicable,99,Unknown,99,Unknown,99,Unknown EMS Scene Arrival Hour,99,Unknown EMS Scene Arrival Minutes,99,Unknown,99,Unknown EMS Hospital Arrival Time,,,,,,,1,
2022,4,40616,Arizona,2,2,0,0,0,3,3,13,MARICOPA (13),370,PHOENIX,31,31,8,August,2022,4,Wednesday,19,7:00pm-7:59pm,55,55,1,This section IS ON the NHS,2,Urban,3,Principal Arterial - Other,4,City or Municipal Highway Agency,6,Local Street - Municipality,E THUNDERBIRD RD,,0,None,33.59898333,33.59898333,-112.045436110,-112.04543611,0,No Special Jurisdiction,12,Motor Vehicle In-Transport,6,Angle,0,No,8,Driveway Access Related,1,Not an Intersection,0,None,,,1,On Roadway,3,Dark - Lighted,,,,,1,Clear,0,No,0000000,Not Applicable,99,Unknown,99,Unknown,99,Unknown EMS Scene Arrival Hour,99,Unknown EMS Scene Arrival Minutes,99,Unknown,99,Unknown EMS Hospital Arrival Time,,,,,,,1,
2022,4,40618,Arizona,1,1,0,0,0,1,1,25,YAVAPAI (25),0,NOT APPLICABLE,1,1,9,September,2022,5,Thursday,13,1:00pm-1:59pm,57,57,1,This section IS ON the NHS,1,Rural,3,Principal Arterial - Other,1,State Highway Agency,2,U.S. Highway,US-93,,1500,1500,34.46702222,34.46702222,-113.310158330,-113.31015833,0,No Special Jurisdiction,17,Boulder,0,The First Harmful Event was Not a Collision with a Motor Vehicle in Transport,0,No,1,Non-Junction,1,Not an Intersection,0,None,,,4,On Roadside,1,Daylight,,,,,1,Clear,0,No,0000000,Not Applicable,14,2:00pm-2:59pm,6,6,14,2:00pm-2:59pm,32,32,88,"Not Applicable (Not Transported) ",88,Not Applicable (Not Transported),,,,,,,1,
2022,4,40619,Arizona,4,4,0,0,0,5,5,13,MARICOPA (13),200,GLENDALE,1,1,9,September,2022,5,Thursday,19,7:00pm-7:59pm,37,37,0,This section IS NOT on the NHS,2,Urban,4,Minor Arterial,4,City or Municipal Highway Agency,6,Local Street - Municipality,W CAMELBACK RD,,528,528,33.50883056,33.50883056,-112.247886110,-112.24788611,0,No Special Jurisdiction,12,Motor Vehicle In-Transport,2,Front-to-Front,0,No,1,Non-Junction,1,Not an Intersection,0,None,,,1,On Roadway,3,Dark - Lighted,,,,,1,Clear,0,No,0000000,Not Applicable,19,7:00pm-7:59pm,36,36,19,7:00pm-7:59pm,41,41,20,8:00pm-8:59pm,11,11,,,,,,,1,
2022,4,40621,Arizona,2,2,0,0,0,2,2,19,PIMA (19),0,NOT APPLICABLE,1,1,9,September,2022,5,Thursday,20,8:00pm-8:59pm,52,52,0,This section IS NOT on the NHS,2,Urban,4,Minor Arterial,1,State Highway Agency,3,State Highway,SR-19BS NOGALES HWY,ST KATHERINES CT,131,131,32.08023889,32.08023889,-110.958838890,-110.95883889,0,No Special Jurisdiction,12,Motor Vehicle In-Transport,6,Angle,0,No,2,Intersection,3,T-Intersection,0,None,,,1,On Roadway,2,Dark - Not Lighted,,,,,1,Clear,0,No,0000000,Not Applicable,20,8:00pm-8:59pm,52,52,21,9:00pm-9:59pm,0,0,88,"Not Applicable (Not Transported) ",88,Not Applicable (Not Transported),,,,,,,1,
2022,4,40622,Arizona,3,3,0,0,0,6,6,13,MARICOPA (13),370,PHOENIX,2,2,9,September,2022,6,Friday,8,8:00am-8:59am,55,55,1,This section IS ON the NHS,2,Urban,1,Interstate,1,State Highway Agency,1,Interstate,I-10,,1460,1460,33.46184167,33.46184167,-112.045252780,-112.04525278,0,No Special Jurisdiction,12,Motor Vehicle In-Transport,7,Sideswipe - Same Direction,1,Yes,18,Through Roadway,1,Not an Intersection,0,None,,,1,On Roadway,1,Daylight,,,,,1,Clear,0,No,0000000,Not Applicable,8,8:00am-8:59am,59,59,9,9:00am-9:59am,6,6,9,9:00am-9:59am,20,20,,,,,,,1,
2022,4,40623,Arizona,1,1,0,0,0,3,3,13,MARICOPA (13),158,EL MIRAGE,3,3,9,September,2022,7,Saturday,21,9:00pm-9:59pm,25,25,0,This section IS NOT on the NHS,2,Urban,4,Minor Arterial,4,City or Municipal Highway Agency,6,Local Street - Municipality,DYSART RD,ACOMA DR,174,174,33.61631944,33.61631944,-112.342022220,-112.34202222,0,No Special Jurisdiction,33,Curb,0,The First Harmful Event was Not a Collision with a Motor Vehicle in Transport,0,No,3,Intersection-Related,3,T-Intersection,0,None,,,4,On Roadside,3,Dark - Lighted,,,,,1,Clear,0,No,0000000,Not Applicable,21,9:00pm-9:59pm,28,28,21,9:00pm-9:59pm,31,31,99,Unknown,99,Unknown EMS Hospital Arrival Time,,,,,,,1,
2022,4,40624,Arizona,1,1,0,0,0,1,1,21,PINAL (21),0,NOT APPLICABLE,4,4,9,September,2022,1,Sunday,1,1:00am-1:59am,5,5,0,This section IS NOT on the NHS,1,Rural,5,Major Collector,2,County Highway Agency,8,Other,BATTAGLIA DR,,3,3,32.76301667,32.76301667,-111.750527780,-111.75052778,3,Indian Reservation,1,Rollover/Overturn,0,The First Harmful Event was Not a Collision with a Motor Vehicle in Transport,0,No,1,Non-Junction,1,Not an Intersection,0,None,,,4,On Roadside,2,Dark - Not Lighted,,,,,1,Clear,0,No,0000000,Not Applicable,99,Unknown,98,Unknown if Notified,99,Unknown EMS Scene Arrival Hour,98,Unknown if Arrived,88,"Not Applicable (Not Transported) ",88,Not Applicable (Not Transported),,,,,,,1,
2022,4,40625,Arizona,2,2,0,0,0,2,2,13,MARICOPA (13),60,BUCKEYE,4,4,9,September,2022,1,Sunday,2,2:00am-2:59am,46,46,1,This section IS ON the NHS,2,Urban,3,Principal Arterial - Other,1,State Highway Agency,3,State Highway,SR-85 S OGLESBY RD,W SOUTHERN AVE,316,316,33.39220833,33.39220833,-112.625411110,-112.62541111,0,No Special Jurisdiction,12,Motor Vehicle In-Transport,6,Angle,0,No,2,Intersection,2,Four-Way Intersection,0,None,,,1,On Roadway,2,Dark - Not Lighted,,,,,1,Clear,0,No,0000000,Not Applicable,2,2:00am-2:59am,48,48,2,2:00am-2:59am,59,59,3,3:00am-3:59am,30,30,,,,,,,1,
2022,4,40626,Arizona,1,1,0,0,0,4,4,5,COCONINO (5),179,FOREST LAKES ESTATES,4,4,9,September,2022,1,Sunday,11,11:00am-11:59am,2,2,0,This section IS NOT on the NHS,1,Rural,98,Not Reported,64,U.S. Forest Service,8,Other,NF-99 HEBER WILDCAT,,0,None,34.36955833,34.36955833,-110.804369440,-110.80436944,0,No Special Jurisdiction,1,Rollover/Overturn,0,The First Harmful Event was Not a Collision with a Motor Vehicle in Transport,0,No,1,Non-Junction,1,Not an Intersection,0,None,,,1,On Roadway,1,Daylight,,,,,1,Clear,0,No,0000000,Not Applicable,11,11:00am-11:59am,2,2,11,11:00am-11:59am,10,10,99,Unknown,99,Unknown EMS Hospital Arrival Time,,,,,,,1,
2022,4,40627,Arizona,1,1,0,0,0,1,1,25,YAVAPAI (25),0,NOT APPLICABLE,4,4,9,September,2022,1,Sunday,22,10:00pm-10:59pm,42,42,1,This section IS ON the NHS,1,Rural,1,Interstate,1,State Highway Agency,1,Interstate,I-17,,1164,1164,34.79422222,34.79422222,-111.589980560,-111.58998056,0,No Special Jurisdiction,24,Guardrail Face,0,The First Harmful Event was Not a Collision with a Motor Vehicle in Transport,0,No,1,Non-Junction,1,Not an Intersection,1,Construction,,,4,On Roadside,2,Dark - Not Lighted,,,,,1,Clear,0,No,0000000,Not Applicable,22,10:00pm-10:59pm,51,51,23,11:00pm-11:59pm,12,12,88,"Not Applicable (Not Transported) ",88,Not Applicable (Not Transported),,,,,,,1,
2022,4,40628,Arizona,1,1,0,0,0,1,1,19,PIMA (19),530,TUCSON,5,5,9,September,2022,2,Monday,16,4:00pm-4:59pm,36,36,1,This section IS ON the NHS,2,Urban,1,Interstate,1,State Highway Agency,1,Interstate,I-10,,2542,2542,32.27251111,32.27251111,-111.011352780,-111.01135278,0,No Special Jurisdiction,39,Wall,0,The First Harmful Event was Not a Collision with a Motor Vehicle in Transport,1,Yes,19,Other location within Interchange Area,1,Not an Intersection,0,None,,,4,On Roadside,1,Daylight,,,,,1,Clear,0,No,0000000,Not Applicable,16,4:00pm-4:59pm,36,36,16,4:00pm-4:59pm,48,48,18,6:00pm-6:59pm,0,0,,,,,,,1,
2022,4,40629,Arizona,1,1,0,0,0,1,1,21,PINAL (21),0,NOT APPLICABLE,6,6,9,September,2022,3,Tuesday,4,4:00am-4:59am,54,54,1,This section IS ON the NHS,1,Rural,3,Principal Arterial - Other,1,State Highway Agency,2,U.S. Highway,US-60,,1887,1887,33.27983056,33.27983056,-111.172019440,-111.17201944,0,No Special Jurisdiction,18,Other Object (not fixed),0,The First Harmful Event was Not a Collision with a Motor Vehicle in Transport,0,No,1,Non-Junction,1,Not an Intersection,0,None,,,1,On Roadway,2,Dark - Not Lighted,,,,,1,Clear,0,No,0000000,Not Applicable,4,4:00am-4:59am,49,49,5,5:00am-5:59am,5,5,6,6:00am-6:59am,20,20,,,,,,,1,
2022,4,40630,Arizona,2,2,0,0,0,2,2,13,MARICOPA (13),370,PHOENIX,6,6,9,September,2022,3,Tuesday,7,7:00am-7:59am,1,1,1,This section IS ON the NHS,2,Urban,3,Principal Arterial - Other,4,City or Municipal Highway Agency,6,Local Street - Municipality,BELL RD,,311,311,33.63920000,33.63920000,-112.153908330,-112.15390833,0,No Special Jurisdiction,12,Motor Vehicle In-Transport,6,Angle,0,No,8,Driveway Access Related,1,Not an Intersection,0,None,,,1,On Roadway,1,Daylight,,,,,1,Clear,0,No,0000000,Not Applicable,99,Unknown,99,Unknown,99,Unknown EMS Scene Arrival Hour,99,Unknown EMS Scene Arrival Minutes,99,Unknown,99,Unknown EMS Hospital Arrival Time,,,,,,,1,
2022,4,40631,Arizona,1,1,0,0,0,1,1,3,COCHISE (3),9898,Not Reported,9,9,9,September,2022,6,Friday,4,4:00am-4:59am,23,23,1,This section IS ON the NHS,1,Rural,1,Interstate,1,State Highway Agency,1,Interstate,I-10,,3574,3574,32.34843611,32.34843611,-109.603225000,-109.60322500,0,No Special Jurisdiction,42,Tree (Standing Only),0,The First Harmful Event was Not a Collision with a Motor Vehicle in Transport,0,No,1,Non-Junction,1,Not an Intersection,0,None,,,4,On Roadside,2,Dark - Not Lighted,,,,,1,Clear,0,No,0000000,Not Applicable,4,4:00am-4:59am,25,25,4,4:00am-4:59am,45,45,88,"Not Applicable (Not Transported) ",88,Not Applicable (Not Transported),,,,,,,1,
2022,4,40632,Arizona,1,1,0,1,1,1,1,13,MARICOPA (13),370,PHOENIX,9,9,9,September,2022,6,Friday,4,4:00am-4:59am,47,47,0,This section IS NOT on the NHS,2,Urban,4,Minor Arterial,4,City or Municipal Highway Agency,6,Local Street - Municipality,W BROADWAY RD,,457,457,33.40671667,33.40671667,-112.100119440,-112.10011944,0,No Special Jurisdiction,8,Pedestrian,0,The First Harmful Event was Not a Collision with a Motor Vehicle in Transport,0,No,1,Non-Junction,1,Not an Intersection,0,None,,,1,On Roadway,3,Dark - Lighted,,,,,10,Cloudy,0,No,0000000,Not Applicable,99,Unknown,99,Unknown,99,Unknown EMS Scene Arrival Hour,99,Unknown EMS Scene Arrival Minutes,88,"Not Applicable (Not Transported) ",88,Not Applicable (Not Transported),,,,,,,1,
2022,4,40633,Arizona,1,1,0,1,1,1,1,19,PIMA (19),530,TUCSON,9,9,9,September,2022,6,Friday,18,6:00pm-6:59pm,54,54,0,This section IS NOT on the NHS,2,Urban,3,Principal Arterial - Other,4,City or Municipal Highway Agency,6,Local Street - Municipality,STONE AVE,GRANT RD,20,20,32.25028333,32.25028333,-110.972083330,-110.97208333,0,No Special Jurisdiction,8,Pedestrian,0,The First Harmful Event was Not a Collision with a Motor Vehicle in Transport,0,No,3,Intersection-Related,2,Four-Way Intersection,0,None,,,1,On Roadway,3,Dark - Lighted,,,,,10,Cloudy,0,No,0000000,Not Applicable,18,6:00pm-6:59pm,54,54,18,6:00pm-6:59pm,59,59,19,7:00pm-7:59pm,12,12,,,,,,,1,
2022,4,40634,Arizona,1,1,0,0,0,5,5,13,MARICOPA (13),388,QUEEN CREEK,10,10,9,September,2022,7,Saturday,4,4:00am-4:59am,11,11,0,This section IS NOT on the NHS,2,Urban,4,Minor Arterial,3,Town or Township Highway Agency,5,Local Street - Township,RITTENHOUSE RD,,99998,Not Reported,33.22083333,33.22083333,-111.585191670,-111.58519167,0,No Special Jurisdiction,33,Curb,0,The First Harmful Event was Not a Collision with a Motor Vehicle in Transport,0,No,1,Non-Junction,1,Not an Intersection,0,None,,,3,On Median,2,Dark - Not Lighted,,,,,10,Cloudy,0,No,0000000,Not Applicable,4,4:00am-4:59am,11,11,4,4:00am-4:59am,12,12,99,Unknown,99,Unknown EMS Hospital Arrival Time,,,,,,,1,
2022,4,40635,Arizona,1,1,0,0,0,1,1,13,MARICOPA (13),370,PHOENIX,10,10,9,September,2022,7,Saturday,23,11:00pm-11:59pm,58,58,1,This section IS ON the NHS,2,Urban,1,Interstate,1,State Highway Agency,1,Interstate,I-10,,1473,1473,33.46032500,33.46032500,-112.037330560,-112.03733056,0,No Special Jurisdiction,59,"Traffic Sign Support ",0,The First Harmful Event was Not a Collision with a Motor Vehicle in Transport,1,Yes,19,Other location within Interchange Area,1,Not an Intersection,0,None,,,4,On Roadside,3,Dark - Lighted,,,,,1,Clear,0,No,0000000,Not Applicable,0,0:00am-0:59am,3,3,0,0:00am-0:59am,15,15,88,"Not Applicable (Not Transported) ",88,Not Applicable (Not Transported),,,,,,,1,
2022,4,40636,Arizona,2,2,0,0,0,2,2,21,PINAL (21),0,NOT APPLICABLE,11,11,6,June,2022,7,Saturday,18,6:00pm-6:59pm,35,35,0,This section IS NOT on the NHS,2,Urban,4,Minor Arterial,2,County Highway Agency,8,Other,HUNT HWY,GARY RD,14,14,33.17980000,33.17980000,-111.584911110,-111.58491111,0,No Special Jurisdiction,12,Motor Vehicle In-Transport,6,Angle,0,No,2,Intersection,2,Four-Way Intersection,0,None,,,1,On Roadway,5,Dusk,,,,,1,Clear,0,No,0000000,Not Applicable,18,6:00pm-6:59pm,35,35,19,7:00pm-7:59pm,39,39,88,"Not Applicable (Not Transported) ",88,Not Applicable (Not Transported),,,,,,,1,
2022,4,40637,Arizona,2,2,0,0,0,3,3,17,NAVAJO (17),489,TAYLOR,12,12,9,September,2022,2,Monday,17,5:00pm-5:59pm,30,30,1,This section IS ON the NHS,1,Rural,3,Principal Arterial - Other,1,State Highway Agency,3,State Highway,SR-77,,1848,1848,34.42656389,34.42656389,-110.089916670,-110.08991667,0,No Special Jurisdiction,12,Motor Vehicle In-Transport,6,Angle,0,No,1,Non-Junction,1,Not an Intersection,0,None,,,1,On Roadway,5,Dusk,,,,,2,Rain,0,No,0000000,Not Applicable,17,5:00pm-5:59pm,30,30,17,5:00pm-5:59pm,37,37,99,Unknown,99,Unknown EMS Hospital Arrival Time,,,,,,,1,
2022,4,40638,Arizona,3,3,0,0,0,3,3,13,MARICOPA (13),220,GOODYEAR,13,13,9,September,2022,3,Tuesday,1,1:00am-1:59am,52,52,0,This section IS NOT on the NHS,2,Urban,4,Minor Arterial,1,State Highway Agency,8,Other,ESTRELLA PKWY,I-10 RAMP,132,132,33.46200278,33.46200278,-112.392386110,-112.39238611,0,No Special Jurisdiction,12,Motor Vehicle In-Transport,6,Angle,1,Yes,2,Intersection,2,Four-Way Intersection,0,None,,,1,On Roadway,3,Dark - Lighted,,,,,1,Clear,0,No,0000000,Not Applicable,1,1:00am-1:59am,54,54,1,1:00am-1:59am,58,58,2,2:00am-2:59am,15,15,,,,,,,1,
2022,4,40639,Arizona,2,2,0,0,0,2,2,15,MOHAVE (15),0,NOT APPLICABLE,13,13,9,September,2022,3,Tuesday,3,3:00am-3:59am,50,50,0,This section IS NOT on the NHS,2,Urban,4,Minor Arterial,1,State Highway Agency,3,State Highway,SR-66,,36,36,35.25713611,35.25713611,-113.972255560,-113.97225556,0,No Special Jurisdiction,11,Live Animal,0,The First Harmful Event was Not a Collision with a Motor Vehicle in Transport,0,No,1,Non-Junction,1,Not an Intersection,0,None,,,1,On Roadway,2,Dark - Not Lighted,,,,,2,Rain,0,No,0000000,Not Applicable,3,3:00am-3:59am,45,45,3,3:00am-3:59am,53,53,88,"Not Applicable (Not Transported) ",88,Not Applicable (Not Transported),,,,,,,1,
2022,4,40640,Arizona,1,1,0,0,0,1,1,17,NAVAJO (17),0,NOT APPLICABLE,13,13,9,September,2022,3,Tuesday,8,8:00am-8:59am,13,13,0,This section IS NOT on the NHS,1,Rural,6,Minor Collector,1,State Highway Agency,3,State Highway,SR-99,,64,64,35.00594444,35.00594444,-110.693094440,-110.69309444,0,No Special Jurisdiction,1,Rollover/Overturn,0,The First Harmful Event was Not a Collision with a Motor Vehicle in Transport,0,No,1,Non-Junction,1,Not an Intersection,0,None,,,4,On Roadside,1,Daylight,,,,,10,Cloudy,0,No,0000000,Not Applicable,8,8:00am-8:59am,13,13,8,8:00am-8:59am,22,22,88,"Not Applicable (Not Transported) ",88,Not Applicable (Not Transported),,,,,,,1,
2022,4,40641,Arizona,2,1,1,0,0,3,3,13,MARICOPA (13),0,NOT APPLICABLE,16,16,9,September,2022,6,Friday,3,3:00am-3:59am,18,18,0,This section IS NOT on the NHS,1,Rural,3,Principal Arterial - Other,1,State Highway Agency,3,State Highway,SR-74,,9,9,33.86474167,33.86474167,-112.632563890,-112.63256389,0,No Special Jurisdiction,14,Parked Motor Vehicle,0,The First Harmful Event was Not a Collision with a Motor Vehicle in Transport,0,No,1,Non-Junction,1,Not an Intersection,0,None,,,4,On Roadside,2,Dark - Not Lighted,,,,,1,Clear,0,No,0000000,Not Applicable,3,3:00am-3:59am,19,19,3,3:00am-3:59am,41,41,88,"Not Applicable (Not Transported) ",88,Not Applicable (Not Transported),,,,,,,3,
2022,4,40642,Arizona,2,2,0,0,0,4,4,13,MARICOPA (13),370,PHOENIX,16,16,9,September,2022,6,Friday,10,10:00am-10:59am,4,4,0,This section IS NOT on the NHS,2,Urban,4,Minor Arterial,4,City or Municipal Highway Agency,6,Local Street - Municipality,N 24TH ST,E VAN BUREN ST,0,None,33.45130556,33.45130556,-112.030122220,-112.03012222,0,No Special Jurisdiction,12,Motor Vehicle In-Transport,6,Angle,0,No,2,Intersection,2,Four-Way Intersection,0,None,,,1,On Roadway,1,Daylight,,,,,1,Clear,0,No,0000000,Not Applicable,99,Unknown,99,Unknown,99,Unknown EMS Scene Arrival Hour,99,Unknown EMS Scene Arrival Minutes,99,Unknown,99,Unknown EMS Hospital Arrival Time,,,,,,,1,
2022,4,40643,Arizona,4,4,0,0,0,9,9,1,APACHE (1),0,NOT APPLICABLE,17,17,9,September,2022,7,Saturday,15,3:00pm-3:59pm,29,29,1,This section IS ON the NHS,1,Rural,1,Interstate,1,State Highway Agency,1,Interstate,I-40,,3137,3137,35.07665000,35.07665000,-109.734363890,-109.73436389,0,No Special Jurisdiction,35,Embankment,0,The First Harmful Event was Not a Collision with a Motor Vehicle in Transport,0,No,1,Non-Junction,1,Not an Intersection,0,None,,,3,On Median,1,Daylight,,,,,1,Clear,0,No,0000000,Not Applicable,15,3:00pm-3:59pm,30,30,15,3:00pm-3:59pm,52,52,88,"Not Applicable (Not Transported) ",88,Not Applicable (Not Transported),,,,,,,1,
2022,4,40645,Arizona,2,2,0,0,0,5,5,25,YAVAPAI (25),428,Sedona,18,18,9,September,2022,1,Sunday,14,2:00pm-2:59pm,18,18,1,This section IS ON the NHS,1,Rural,1,Interstate,1,State Highway Agency,1,Interstate,I-17 - J RAMP,SR-179,1035,1035,34.69039722,34.69039722,-111.743944440,-111.74394444,0,No Special Jurisdiction,12,Motor Vehicle In-Transport,6,Angle,1,Yes,2,Intersection,2,Four-Way Intersection,0,None,,,1,On Roadway,1,Daylight,,,,,1,Clear,0,No,0000000,Not Applicable,14,2:00pm-2:59pm,20,20,14,2:00pm-2:59pm,32,32,88,"Not Applicable (Not Transported) ",88,Not Applicable (Not Transported),,,,,,,4,
2022,4,40646,Arizona,1,1,0,1,1,1,1,13,MARICOPA (13),290,MESA,18,18,9,September,2022,1,Sunday,19,7:00pm-7:59pm,58,58,0,This section IS NOT on the NHS,2,Urban,4,Minor Arterial,4,City or Municipal Highway Agency,6,Local Street - Municipality,E BROADWAY RD,,0,None,33.40779167,33.40779167,-111.816872220,-111.81687222,0,No Special Jurisdiction,8,Pedestrian,0,The First Harmful Event was Not a Collision with a Motor Vehicle in Transport,0,No,1,Non-Junction,1,Not an Intersection,0,None,,,1,On Roadway,3,Dark - Lighted,,,,,1,Clear,0,No,0000000,Not Applicable,19,7:00pm-7:59pm,58,58,20,8:00pm-8:59pm,2,2,99,Unknown,98,Unknown if Transported,,,,,,,1,
2022,4,40647,Arizona,4,4,0,0,0,4,4,13,MARICOPA (13),290,MESA,19,19,9,September,2022,2,Monday,17,5:00pm-5:59pm,11,11,0,This section IS NOT on the NHS,2,Urban,4,Minor Arterial,4,City or Municipal Highway Agency,6,Local Street - Municipality,E PUEBLO AVE,S VAL VISTA DR,0,None,33.40068333,33.40068333,-111.753758330,-111.75375833,0,No Special Jurisdiction,12,Motor Vehicle In-Transport,1,Front-to-Rear,0,No,3,Intersection-Related,2,Four-Way Intersection,0,None,,,1,On Roadway,1,Daylight,,,,,1,Clear,0,No,0000000,Not Applicable,17,5:00pm-5:59pm,12,12,17,5:00pm-5:59pm,15,15,99,Unknown,99,Unknown EMS Hospital Arrival Time,,,,,,,1,
2022,4,40648,Arizona,1,1,0,2,2,1,1,19,PIMA (19),530,TUCSON,20,20,9,September,2022,3,Tuesday,19,7:00pm-7:59pm,15,15,0,This section IS NOT on the NHS,2,Urban,3,Principal Arterial - Other,4,City or Municipal Highway Agency,6,Local Street - Municipality,E BROADWAY BVLD,N PLANTO RD,0,None,32.22116667,32.22116667,-110.823766670,-110.82376667,0,No Special Jurisdiction,8,Pedestrian,0,The First Harmful Event was Not a Collision with a Motor Vehicle in Transport,0,No,3,Intersection-Related,2,Four-Way Intersection,0,None,,,1,On Roadway,3,Dark - Lighted,,,,,10,Cloudy,0,No,0000000,Not Applicable,19,7:00pm-7:59pm,0,0,19,7:00pm-7:59pm,45,45,19,7:00pm-7:59pm,51,51,,,,,,,1,
2022,4,40649,Arizona,2,2,0,1,1,2,2,19,PIMA (19),530,TUCSON,20,20,9,September,2022,3,Tuesday,19,7:00pm-7:59pm,31,31,0,This section IS NOT on the NHS,2,Urban,4,Minor Arterial,2,County Highway Agency,6,Local Street - Municipality,S PALO VERDE RD,,0,None,32.15413056,32.15413056,-110.917536110,-110.91753611,0,No Special Jurisdiction,8,Pedestrian,0,The First Harmful Event was Not a Collision with a Motor Vehicle in Transport,0,No,1,Non-Junction,1,Not an Intersection,0,None,,,1,On Roadway,2,Dark - Not Lighted,,,,,2,Rain,0,No,0000000,Not Applicable,19,7:00pm-7:59pm,32,32,19,7:00pm-7:59pm,34,34,19,7:00pm-7:59pm,37,37,,,,,,,1,
2022,4,40650,Arizona,2,2,0,0,0,2,2,5,COCONINO (5),0,NOT APPLICABLE,21,21,9,September,2022,4,Wednesday,15,3:00pm-3:59pm,11,11,0,This section IS NOT on the NHS,1,Rural,4,Minor Arterial,1,State Highway Agency,3,State Highway,SR-64,,921,921,35.93774722,35.93774722,-111.659811110,-111.65981111,0,No Special Jurisdiction,5,Fell/Jumped from Vehicle,0,The First Harmful Event was Not a Collision with a Motor Vehicle in Transport,0,No,1,Non-Junction,1,Not an Intersection,0,None,,,1,On Roadway,1,Daylight,,,,,10,Cloudy,0,No,0000000,Not Applicable,15,3:00pm-3:59pm,28,28,16,4:00pm-4:59pm,10,10,88,"Not Applicable (Not Transported) ",88,Not Applicable (Not Transported),,,,,,,1,
2022,4,40652,Arizona,1,1,0,0,0,3,3,13,MARICOPA (13),370,PHOENIX,24,24,9,September,2022,7,Saturday,1,1:00am-1:59am,8,8,1,This section IS ON the NHS,2,Urban,1,Interstate,1,State Highway Agency,1,Interstate,I-10 RAMP,,1430,1430,33.46105833,33.46105833,-112.109877780,-112.10987778,0,No Special Jurisdiction,25,Concrete Traffic Barrier,0,The First Harmful Event was Not a Collision with a Motor Vehicle in Transport,1,Yes,5,Entrance/Exit Ramp Related,1,Not an Intersection,0,None,,,4,On Roadside,3,Dark - Lighted,,,,,1,Clear,0,No,0000000,Not Applicable,1,1:00am-1:59am,10,10,1,1:00am-1:59am,19,19,1,1:00am-1:59am,50,50,,,,,,,2,