caseyear,state,st_case,statename,ve_total,ve_forms,pvh_invl,peds,pernotmvit,permvit,persons,county,countyname,city,cityname,day,dayname,month,monthname,year,day_week,day_weekname,hour,hourname,minute,minutename,nhs,nhsname,rur_urb,rur_urbname,func_sys,func_sysname,rd_owner,rd_ownername,route,routename,tway_id,tway_id2,milept,mileptname,latitude,latitudename,longitud,longitudname,sp_jur,sp_jurname,harm_ev,harm_evname,man_coll,man_collname,reljct1,reljct1name,reljct2,reljct2name,typ_int,typ_intname,wrk_zone,wrk_zonename,road_fnc,road_fncname,rel_road,rel_roadname,lgt_cond,lgt_condname,weather1,weather1name,weather2,weather2name,weather,weathername,sch_bus,sch_busname,rail,railname,not_hour,not_hourname,not_min,not_minname,arr_hour,arr_hourname,arr_min,arr_minname,hosp_hr,hosp_hrname,hosp_mn,hosp_mnname,cf1,cf1name,cf2,cf2name,cf3,cf3name,fatals,drunk_dr
2022,4,40653,Arizona,1,1,0,0,0,2,2,19,PIMA (19),530,TUCSON,24,24,9,September,2022,7,Saturday,9,9:00am-9:59am,52,52,0,This section IS NOT on the NHS,1,Rural,5,Major Collector,2,County Highway Agency,6,Local Street - Municipality,N KINNEY RD,,0,None,32.22440833,32.22440833,-111.135808330,-111.13580833,0,No Special Jurisdiction,35,Embankment,0,The First Harmful Event was Not a Collision with a Motor Vehicle in Transport,0,No,1,Non-Junction,1,Not an Intersection,0,None,,,4,On Roadside,1,Daylight,,,,,1,Clear,0,No,0000000,Not Applicable,9,9:00am-9:59am,58,58,10,10:00am-10:59am,8,8,99,Unknown,99,Unknown EMS Hospital Arrival Time,,,,,,,1,
2022,4,40654,Arizona,2,2,0,1,1,3,3,21,PINAL (21),0,NOT APPLICABLE,24,24,9,September,2022,7,Saturday,19,7:00pm-7:59pm,20,20,1,This section IS ON the NHS,1,Rural,3,Principal Arterial - Other,1,State Highway Agency,3,State Highway,SR-347,,161,161,33.10525000,33.10525000,-112.027216670,-112.02721667,0,No Special Jurisdiction,8,Pedestrian,0,The First Harmful Event was Not a Collision with a Motor Vehicle in Transport,0,No,1,Non-Junction,1,Not an Intersection,0,None,,,1,On Roadway,3,Dark - Lighted,,,,,1,Clear,0,No,0000000,Not Applicable,19,7:00pm-7:59pm,21,21,19,7:00pm-7:59pm,24,24,88,"Not Applicable (Not Transported) ",88,Not Applicable (Not Transported),,,,,,,1,
2022,4,40655,Arizona,2,2,0,2,2,1,1,13,MARICOPA (13),60,BUCKEYE,25,25,9,September,2022,1,Sunday,2,2:00am-2:59am,24,24,1,This section IS ON the NHS,2,Urban,1,Interstate,1,State Highway Agency,1,Interstate,I-10,,1150,1150,33.43412778,33.43412778,-112.588722220,-112.58872222,0,No Special Jurisdiction,12,Motor Vehicle In-Transport,1,Front-to-Rear,1,Yes,18,Through Roadway,1,Not an Intersection,0,None,,,1,On Roadway,2,Dark - Not Lighted,,,,,1,Clear,0,No,0000000,Not Applicable,2,2:00am-2:59am,29,29,2,2:00am-2:59am,35,35,3,3:00am-3:59am,1,1,,,,,,,1,
2022,4,40656,Arizona,1,1,0,0,0,1,1,13,MARICOPA (13),290,MESA,25,25,9,September,2022,1,Sunday,5,5:00am-5:59am,44,44,0,This section IS NOT on the NHS,2,Urban,4,Minor Arterial,4,City or Municipal Highway Agency,6,Local Street - Municipality,W BASELINE RD,,0,None,33.37877222,33.37877222,-111.835461110,-111.83546111,0,No Special Jurisdiction,39,Wall,0,The First Harmful Event was Not a Collision with a Motor Vehicle in Transport,0,No,1,Non-Junction,1,Not an Intersection,0,None,,,4,On Roadside,4,Dawn,,,,,1,Clear,0,No,0000000,Not Applicable,5,5:00am-5:59am,44,44,5,5:00am-5:59am,51,51,88,"Not Applicable (Not Transported) ",88,Not Applicable (Not Transported),,,,,,,1,
2022,4,40657,Arizona,2,2,0,0,0,2,2,5,COCONINO (5),170,FLAGSTAFF,26,26,9,September,2022,2,Monday,4,4:00am-4:59am,4,4,1,This section IS ON the NHS,1,Rural,1,Interstate,1,State Highway Agency,1,Interstate,I-40,,2097,2097,35.20303056,35.20303056,-111.413558330,-111.41355833,0,No Special Jurisdiction,12,Motor Vehicle In-Transport,2,Front-to-Front,0,No,1,Non-Junction,1,Not an Intersection,0,None,,,1,On Roadway,2,Dark - Not Lighted,,,,,1,Clear,0,No,0000000,Not Applicable,4,4:00am-4:59am,5,5,4,4:00am-4:59am,10,10,88,"Not Applicable (Not Transported) ",88,Not Applicable (Not Transported),,,,,,,1,
2022,4,40658,Arizona,2,2,0,0,0,2,2,13,MARICOPA (13),368,PEORIA,26,26,9,September,2022,2,Monday,22,10:00pm-10:59pm,45,45,0,This section IS NOT on the NHS,2,Urban,4,Minor Arterial,4,City or Municipal Highway Agency,6,Local Street - Municipality,W OLIVE AVE,SR-101 RAMP,77,77,33.56628333,33.56628333,-112.257922220,-112.25792222,0,No Special Jurisdiction,12,Motor Vehicle In-Transport,6,Angle,1,Yes,2,Intersection,2,Four-Way Intersection,0,None,,,1,On Roadway,3,Dark - Lighted,,,,,1,Clear,0,No,0000000,Not Applicable,22,10:00pm-10:59pm,46,46,23,11:00pm-11:59pm,3,3,23,11:00pm-11:59pm,42,42,,,,,,,1,
2022,4,40659,Arizona,2,2,0,0,0,2,2,13,MARICOPA (13),510,TOLLESON,26,26,9,September,2022,2,Monday,22,10:00pm-10:59pm,53,53,1,This section IS ON the NHS,2,Urban,1,Interstate,1,State Highway Agency,1,Interstate,I-10,,1350,1350,33.46249722,33.46249722,-112.247947220,-112.24794722,0,No Special Jurisdiction,12,Motor Vehicle In-Transport,1,Front-to-Rear,0,No,1,Non-Junction,1,Not an Intersection,0,None,,,1,On Roadway,3,Dark - Lighted,,,,,10,Cloudy,0,No,0000000,Not Applicable,22,10:00pm-10:59pm,53,53,22,10:00pm-10:59pm,53,53,23,11:00pm-11:59pm,24,24,,,,,,,1,
2022,4,40660,Arizona,2,2,0,0,0,2,2,19,PIMA (19),530,TUCSON,28,28,9,September,2022,4,Wednesday,7,7:00am-7:59am,8,8,0,This section IS NOT on the NHS,2,Urban,5,Major Collector,2,County Highway Agency,8,Other,W DUVAL MINE RD,,0,None,31.88617500,31.88617500,-111.018400000,-111.01840000,0,No Special Jurisdiction,12,Motor Vehicle In-Transport,2,Front-to-Front,0,No,1,Non-Junction,1,Not an Intersection,0,None,,,1,On Roadway,1,Daylight,,,,,1,Clear,0,No,0000000,Not Applicable,7,7:00am-7:59am,8,8,7,7:00am-7:59am,15,15,7,7:00am-7:59am,37,37,,,,,,,1,
2022,4,40661,Arizona,2,2,0,0,0,2,2,25,YAVAPAI (25),120,COTTONWOOD,1,1,10,October,2022,7,Saturday,7,7:00am-7:59am,20,20,1,This section IS ON the NHS,1,Rural,3,Principal Arterial - Other,1,State Highway Agency,3,State Highway,SR-89A,,399,399,34.75971667,34.75971667,-111.949327780,-111.94932778,0,No Special Jurisdiction,12,Motor Vehicle In-Transport,2,Front-to-Front,0,No,1,Non-Junction,1,Not an Intersection,0,None,,,1,On Roadway,1,Daylight,,,,,1,Clear,0,No,0000000,Not Applicable,7,7:00am-7:59am,23,23,7,7:00am-7:59am,28,28,8,8:00am-8:59am,35,35,,,,,,,1,
2022,4,40662,Arizona,1,1,0,0,0,1,1,17,NAVAJO (17),610,WINSLOW,1,1,10,October,2022,7,Saturday,13,1:00pm-1:59pm,22,22,1,This section IS ON the NHS,1,Rural,1,Interstate,1,State Highway Agency,1,Interstate,I-40,,2656,2656,34.97254722,34.97254722,-110.503213890,-110.50321389,0,No Special Jurisdiction,1,Rollover/Overturn,0,The First Harmful Event was Not a Collision with a Motor Vehicle in Transport,0,No,1,Non-Junction,1,Not an Intersection,0,None,,,3,On Median,1,Daylight,,,,,1,Clear,0,No,0000000,Not Applicable,13,1:00pm-1:59pm,25,25,13,1:00pm-1:59pm,38,38,88,"Not Applicable (Not Transported) ",88,Not Applicable (Not Transported),,,,,,,1,
2022,4,40663,Arizona,2,2,0,0,0,2,2,1,APACHE (1),0,NOT APPLICABLE,1,1,10,October,2022,7,Saturday,14,2:00pm-2:59pm,24,24,1,This section IS ON the NHS,1,Rural,1,Interstate,1,State Highway Agency,1,Interstate,I-40,,3117,3117,35.06804167,35.06804167,-109.762352780,-109.76235278,1,National Park Service,12,Motor Vehicle In-Transport,1,Front-to-Rear,0,No,1,Non-Junction,1,Not an Intersection,0,None,,,1,On Roadway,1,Daylight,,,,,1,Clear,0,No,0000000,Not Applicable,14,2:00pm-2:59pm,25,25,14,2:00pm-2:59pm,45,45,99,Unknown,99,Unknown EMS Hospital Arrival Time,,,,,,,1,
2022,4,40664,Arizona,1,1,0,1,1,1,1,13,MARICOPA (13),370,PHOENIX,2,2,10,October,2022,1,Sunday,2,2:00am-2:59am,37,37,1,This section IS ON the NHS,2,Urban,3,Principal Arterial - Other,4,City or Municipal Highway Agency,6,Local Street - Municipality,W BELL RD,,0,None,33.63937500,33.63937500,-112.149586110,-112.14958611,0,No Special Jurisdiction,33,Curb,0,The First Harmful Event was Not a Collision with a Motor Vehicle in Transport,0,No,1,Non-Junction,1,Not an Intersection,0,None,,,3,On Median,3,Dark - Lighted,,,,,1,Clear,0,No,0000000,Not Applicable,99,Unknown,99,Unknown,99,Unknown EMS Scene Arrival Hour,99,Unknown EMS Scene Arrival Minutes,99,Unknown,99,Unknown EMS Hospital Arrival Time,,,,,,,1,
2022,4,40665,Arizona,1,1,0,0,0,1,1,13,MARICOPA (13),388,QUEEN CREEK,2,2,10,October,2022,1,Sunday,15,3:00pm-3:59pm,52,52,0,This section IS NOT on the NHS,2,Urban,4,Minor Arterial,2,County Highway Agency,6,Local Street - Municipality,HUNT HWY,,0,None,33.20465833,33.20465833,-111.705708330,-111.70570833,0,No Special Jurisdiction,30,Utility Pole/Light Support,0,The First Harmful Event was Not a Collision with a Motor Vehicle in Transport,0,No,1,Non-Junction,1,Not an Intersection,0,None,,,4,On Roadside,1,Daylight,,,,,1,Clear,0,No,0000000,Not Applicable,15,3:00pm-3:59pm,52,52,16,4:00pm-4:59pm,0,0,88,"Not Applicable (Not Transported) ",88,Not Applicable (Not Transported),,,,,,,1,
2022,4,40666,Arizona,1,1,0,1,1,1,1,13,MARICOPA (13),200,GLENDALE,2,2,10,October,2022,1,Sunday,20,8:00pm-8:59pm,42,42,0,This section IS NOT on the NHS,2,Urban,4,Minor Arterial,4,City or Municipal Highway Agency,6,Local Street - Municipality,W CAMELBACK RD,,0,None,33.50892500,33.50892500,-112.233405560,-112.23340556,0,No Special Jurisdiction,8,Pedestrian,0,The First Harmful Event was Not a Collision with a Motor Vehicle in Transport,0,No,1,Non-Junction,1,Not an Intersection,0,None,,,1,On Roadway,3,Dark - Lighted,,,,,1,Clear,0,No,0000000,Not Applicable,20,8:00pm-8:59pm,42,42,20,8:00pm-8:59pm,46,46,21,9:00pm-9:59pm,9,9,,,,,,,1,
2022,4,40667,Arizona,2,2,0,0,0,2,2,13,MARICOPA (13),200,GLENDALE,2,2,10,October,2022,1,Sunday,22,10:00pm-10:59pm,38,38,1,This section IS ON the NHS,2,Urban,2,Principal Arterial - Other Freeways and Expressways,1,State Highway Agency,3,State Highway,SR-101,,157,157,33.66778889,33.66778889,-112.211961110,-112.21196111,0,No Special Jurisdiction,1,Rollover/Overturn,0,The First Harmful Event was Not a Collision with a Motor Vehicle in Transport,0,No,1,Non-Junction,1,Not an Intersection,0,None,,,1,On Roadway,3,Dark - Lighted,,,,,1,Clear,0,No,0000000,Not Applicable,22,10:00pm-10:59pm,40,40,22,10:00pm-10:59pm,44,44,88,"Not Applicable (Not Transported) ",88,Not Applicable (Not Transported),,,,,,,1,
2022,4,40668,Arizona,1,1,0,1,1,1,1,13,MARICOPA (13),370,PHOENIX,3,3,10,October,2022,2,Monday,3,3:00am-3:59am,17,17,1,This section IS ON the NHS,2,Urban,3,Principal Arterial - Other,4,City or Municipal Highway Agency,6,Local Street - Municipality,W INDIAN SCHOOL RD,N 43RD AVE,0,None,33.49511389,33.49511389,-112.151788890,-112.15178889,0,No Special Jurisdiction,8,Pedestrian,0,The First Harmful Event was Not a Collision with a Motor Vehicle in Transport,0,No,3,Intersection-Related,2,Four-Way Intersection,0,None,,,1,On Roadway,3,Dark - Lighted,,,,,1,Clear,0,No,0000000,Not Applicable,3,3:00am-3:59am,19,19,3,3:00am-3:59am,23,23,88,"Not Applicable (Not Transported) ",88,Not Applicable (Not Transported),,,,,,,1,
2022,4,40669,Arizona,3,3,0,0,0,5,5,5,COCONINO (5),170,FLAGSTAFF,3,3,10,October,2022,2,Monday,12,12:00pm-12:59pm,57,57,1,This section IS ON the NHS,1,Rural,3,Principal Arterial - Other,1,State Highway Agency,2,U.S. Highway,US-89,,316,316,35.65582500,35.65582500,-111.514525000,-111.51452500,0,No Special Jurisdiction,12,Motor Vehicle In-Transport,7,Sideswipe - Same Direction,0,No,1,Non-Junction,1,Not an Intersection,0,None,,,1,On Roadway,1,Daylight,,,,,2,Rain,0,No,0000000,Not Applicable,13,1:00pm-1:59pm,2,2,13,1:00pm-1:59pm,31,31,99,Unknown,99,Unknown EMS Hospital Arrival Time,,,,,,,1,
2022,4,40670,Arizona,1,1,0,1,1,1,1,13,MARICOPA (13),190,GILBERT,5,5,10,October,2022,4,Wednesday,7,7:00am-7:59am,50,50,0,This section IS NOT on the NHS,2,Urban,4,Minor Arterial,3,Town or Township Highway Agency,5,Local Street - Township,E QUEEN CREEK RD,,0,None,33.26302778,33.26302778,-111.764477780,-111.76447778,0,No Special Jurisdiction,9,Pedalcyclist,0,The First Harmful Event was Not a Collision with a Motor Vehicle in Transport,0,No,1,Non-Junction,1,Not an Intersection,0,None,,,4,On Roadside,1,Daylight,,,,,1,Clear,0,No,0000000,Not Applicable,7,7:00am-7:59am,51,51,7,7:00am-7:59am,56,56,8,8:00am-8:59am,19,19,,,,,,,1,
2022,4,40671,Arizona,2,2,0,0,0,2,2,13,MARICOPA (13),490,TEMPE,5,5,10,October,2022,4,Wednesday,14,2:00pm-2:59pm,38,38,0,This section IS NOT on the NHS,2,Urban,2,Principal Arterial - Other Freeways and Expressways,1,State Highway Agency,3,State Highway,SR-101 RAMP-C,,537,537,33.38644444,33.38644444,-111.892941670,-111.89294167,0,No Special Jurisdiction,26,Other Traffic Barrier,0,The First Harmful Event was Not a Collision with a Motor Vehicle in Transport,1,Yes,5,Entrance/Exit Ramp Related,1,Not an Intersection,0,None,,,4,On Roadside,1,Daylight,,,,,1,Clear,0,No,0000000,Not Applicable,14,2:00pm-2:59pm,38,38,14,2:00pm-2:59pm,49,49,15,3:00pm-3:59pm,11,11,,,,,,,1,
2022,4,40672,Arizona,2,2,0,0,0,2,2,21,PINAL (21),160,ELOY,5,5,10,October,2022,4,Wednesday,21,9:00pm-9:59pm,4,4,0,This section IS NOT on the NHS,1,Rural,4,Minor Arterial,2,County Highway Agency,3,State Highway,SR-87,,0,None,32.81765278,32.81765278,-111.660808330,-111.66080833,0,No Special Jurisdiction,12,Motor Vehicle In-Transport,2,Front-to-Front,0,No,1,Non-Junction,1,Not an Intersection,0,None,,,1,On Roadway,2,Dark - Not Lighted,,,,,1,Clear,0,No,0000000,Not Applicable,21,9:00pm-9:59pm,4,4,21,9:00pm-9:59pm,10,10,99,Unknown,99,Unknown EMS Hospital Arrival Time,,,,,,,1,
2022,4,40673,Arizona,2,2,0,0,0,6,6,13,MARICOPA (13),525,TONOPAH,6,6,10,October,2022,5,Thursday,2,2:00am-2:59am,54,54,1,This section IS ON the NHS,1,Rural,1,Interstate,1,State Highway Agency,1,Interstate,I-10,,990,990,33.47935833,33.47935833,-112.856841670,-112.85684167,0,No Special Jurisdiction,12,Motor Vehicle In-Transport,1,Front-to-Rear,0,No,1,Non-Junction,1,Not an Intersection,0,None,,,1,On Roadway,2,Dark - Not Lighted,,,,,1,Clear,0,No,0000000,Not Applicable,2,2:00am-2:59am,55,55,3,3:00am-3:59am,10,10,99,Unknown,99,Unknown EMS Hospital Arrival Time,,,,,,,2,
2022,4,40674,Arizona,2,2,0,0,0,5,5,13,MARICOPA (13),290,MESA,6,6,10,October,2022,5,Thursday,13,1:00pm-1:59pm,18,18,0,This section IS NOT on the NHS,2,Urban,2,Principal Arterial - Other Freeways and Expressways,1,State Highway Agency,3,State Highway,SR-24,WILLIAMS FIELD RD,20,20,33.30517222,33.30517222,-111.623205560,-111.62320556,0,No Special Jurisdiction,12,Motor Vehicle In-Transport,6,Angle,1,Yes,2,Intersection,2,Four-Way Intersection,0,None,,,1,On Roadway,1,Daylight,,,,,1,Clear,0,No,0000000,Not Applicable,13,1:00pm-1:59pm,21,21,13,1:00pm-1:59pm,29,29,99,Unknown,99,Unknown EMS Hospital Arrival Time,,,,,,,2,
2022,4,40675,Arizona,2,2,0,0,0,5,5,5,COCONINO (5),0,NOT APPLICABLE,6,6,10,October,2022,5,Thursday,16,4:00pm-4:59pm,23,23,0,This section IS NOT on the NHS,1,Rural,4,Minor Arterial,1,State Highway Agency,3,State Highway,SR-89A,FORREST HIGHLANDS DR,775,775,35.12171111,35.12171111,-111.702858330,-111.70285833,0,No Special Jurisdiction,12,Motor Vehicle In-Transport,6,Angle,0,No,2,Intersection,3,T-Intersection,0,None,,,1,On Roadway,1,Daylight,,,,,10,Cloudy,0,No,0000000,Not Applicable,16,4:00pm-4:59pm,26,26,16,4:00pm-4:59pm,31,31,88,"Not Applicable (Not Transported) ",88,Not Applicable (Not Transported),,,,,,,1,
2022,4,40676,Arizona,1,1,0,0,0,1,1,21,PINAL (21),0,NOT APPLICABLE,8,8,10,October,2022,7,Saturday,12,12:00pm-12:59pm,51,51,0,This section IS NOT on the NHS,1,Rural,4,Minor Arterial,1,State Highway Agency,3,State Highway,SR-79,,79,79,32.64341944,32.64341944,-111.017541670,-111.01754167,0,No Special Jurisdiction,59,"Traffic Sign Support ",0,The First Harmful Event was Not a Collision with a Motor Vehicle in Transport,0,No,1,Non-Junction,1,Not an Intersection,0,None,,,4,On Roadside,1,Daylight,,,,,1,Clear,0,No,0000000,Not Applicable,12,12:00pm-12:59pm,54,54,13,1:00pm-1:59pm,5,5,16,4:00pm-4:59pm,0,0,,,,,,,1,
2022,4,40677,Arizona,1,1,0,1,1,3,3,13,MARICOPA (13),370,PHOENIX,8,8,10,October,2022,7,Saturday,21,9:00pm-9:59pm,44,44,1,This section IS ON the NHS,2,Urban,3,Principal Arterial - Other,4,City or Municipal Highway Agency,6,Local Street - Municipality,E BELL RD,N 34TH WAY,0,None,33.64055833,33.64055833,-112.007625000,-112.00762500,0,No Special Jurisdiction,8,Pedestrian,0,The First Harmful Event was Not a Collision with a Motor Vehicle in Transport,0,No,3,Intersection-Related,3,T-Intersection,0,None,,,1,On Roadway,3,Dark - Lighted,,,,,1,Clear,0,No,0000000,Not Applicable,99,Unknown,99,Unknown,99,Unknown EMS Scene Arrival Hour,99,Unknown EMS Scene Arrival Minutes,99,Unknown,99,Unknown EMS Hospital Arrival Time,,,,,,,1,
2022,4,40678,Arizona,1,1,0,1,1,1,1,13,MARICOPA (13),290,MESA,9,9,10,October,2022,1,Sunday,19,7:00pm-7:59pm,40,40,0,This section IS NOT on the NHS,2,Urban,4,Minor Arterial,4,City or Municipal Highway Agency,6,Local Street - Municipality,CRISMON RD,E BROADWAY RD,0,None,33.40770833,33.40770833,-111.615447220,-111.61544722,0,No Special Jurisdiction,8,Pedestrian,0,The First Harmful Event was Not a Collision with a Motor Vehicle in Transport,0,No,3,Intersection-Related,2,Four-Way Intersection,0,None,,,1,On Roadway,3,Dark - Lighted,,,,,1,Clear,0,No,0000000,Not Applicable,19,7:00pm-7:59pm,40,40,19,7:00pm-7:59pm,44,44,20,8:00pm-8:59pm,10,10,,,,,,,1,
2022,4,40679,Arizona,1,1,0,1,1,4,4,1,APACHE (1),415,SANDERS,9,9,10,October,2022,1,Sunday,23,11:00pm-11:59pm,56,56,0,This section IS NOT on the NHS,1,Rural,4,Minor Arterial,1,State Highway Agency,2,U.S. Highway,US-191,MIDDLE WELL RD,3568,3568,35.09735278,35.09735278,-109.312616670,-109.31261667,0,No Special Jurisdiction,8,Pedestrian,0,The First Harmful Event was Not a Collision with a Motor Vehicle in Transport,0,No,3,Intersection-Related,3,T-Intersection,0,None,,,1,On Roadway,2,Dark - Not Lighted,,,,,10,Cloudy,0,No,0000000,Not Applicable,23,11:00pm-11:59pm,56,56,0,0:00am-0:59am,8,8,88,"Not Applicable (Not Transported) ",88,Not Applicable (Not Transported),,,,,,,1,
2022,4,40680,Arizona,1,1,0,0,0,1,1,25,YAVAPAI (25),0,NOT APPLICABLE,10,10,10,October,2022,2,Monday,9,9:00am-9:59am,49,49,0,This section IS NOT on the NHS,1,Rural,4,Minor Arterial,1,State Highway Agency,3,State Highway,SR-89,,447,447,34.47370278,34.47370278,-112.514536110,-112.51453611,0,No Special Jurisdiction,1,Rollover/Overturn,0,The First Harmful Event was Not a Collision with a Motor Vehicle in Transport,0,No,1,Non-Junction,1,Not an Intersection,0,None,,,4,On Roadside,9,Reported as Unknown,,,,,99,Reported as Unknown,0,No,0000000,Not Applicable,10,10:00am-10:59am,19,19,10,10:00am-10:59am,30,30,88,"Not Applicable (Not Transported) ",88,Not Applicable (Not Transported),,,,,,,1,
2022,4,40681,Arizona,1,1,0,1,1,1,1,5,COCONINO (5),336,PAGE,11,11,10,October,2022,3,Tuesday,16,4:00pm-4:59pm,22,22,0,This section IS NOT on the NHS,2,Urban,4,Minor Arterial,4,City or Municipal Highway Agency,6,Local Street - Municipality,ELM ST,,0,None,36.91677778,36.91677778,-111.458372220,-111.45837222,0,No Special Jurisdiction,9,Pedalcyclist,0,The First Harmful Event was Not a Collision with a Motor Vehicle in Transport,0,No,4,Driveway Access,1,Not an Intersection,0,None,,,1,On Roadway,5,Dusk,,,,,1,Clear,0,No,0000000,Not Applicable,16,4:00pm-4:59pm,23,23,16,4:00pm-4:59pm,25,25,16,4:00pm-4:59pm,54,54,,,,,,,1,
2022,4,40682,Arizona,3,3,0,0,0,3,3,25,YAVAPAI (25),386,PRESCOTT,11,11,10,October,2022,3,Tuesday,17,5:00pm-5:59pm,57,57,0,This section IS NOT on the NHS,2,Urban,4,Minor Arterial,4,City or Municipal Highway Agency,6,Local Street - Municipality,WILLOW CREEK RD,,0,None,34.59768056,34.59768056,-112.463011110,-112.46301111,0,No Special Jurisdiction,12,Motor Vehicle In-Transport,7,Sideswipe - Same Direction,0,No,1,Non-Junction,1,Not an Intersection,0,None,,,1,On Roadway,1,Daylight,,,,,1,Clear,0,No,0000000,Not Applicable,17,5:00pm-5:59pm,57,57,18,6:00pm-6:59pm,2,2,88,"Not Applicable (Not Transported) ",88,Not Applicable (Not Transported),,,,,,,1,
2022,4,40683,Arizona,2,2,0,0,0,2,2,7,GILA (7),210,GLOBE,12,12,10,October,2022,4,Wednesday,15,3:00pm-3:59pm,16,16,1,This section IS ON the NHS,2,Urban,3,Principal Arterial - Other,1,State Highway Agency,2,U.S. Highway,US-60,,2164,2164,33.41590556,33.41590556,-110.800788890,-110.80078889,0,No Special Jurisdiction,12,Motor Vehicle In-Transport,6,Angle,0,No,8,Driveway Access Related,1,Not an Intersection,0,None,,,1,On Roadway,1,Daylight,,,,,1,Clear,0,No,0000000,Not Applicable,15,3:00pm-3:59pm,16,16,15,3:00pm-3:59pm,23,23,88,"Not Applicable (Not Transported) ",88,Not Applicable (Not Transported),,,,,,,1,
2022,4,40686,Arizona,2,2,0,0,0,3,3,13,MARICOPA (13),290,MESA,13,13,10,October,2022,5,Thursday,16,4:00pm-4:59pm,7,7,0,This section IS NOT on the NHS,2,Urban,4,Minor Arterial,4,City or Municipal Highway Agency,6,Local Street - Municipality,E MAIN ST,N SOSSAMAN RD,0,None,33.41520000,33.41520000,-111.667527780,-111.66752778,0,No Special Jurisdiction,12,Motor Vehicle In-Transport,6,Angle,0,No,2,Intersection,2,Four-Way Intersection,0,None,,,1,On Roadway,1,Daylight,,,,,1,Clear,0,No,0000000,Not Applicable,16,4:00pm-4:59pm,7,7,16,4:00pm-4:59pm,8,8,16,4:00pm-4:59pm,25,25,,,,,,,1,
2022,4,40687,Arizona,1,1,0,0,0,1,1,13,MARICOPA (13),370,PHOENIX,15,15,10,October,2022,7,Saturday,0,0:00am-0:59am,30,30,1,This section IS ON the NHS,2,Urban,1,Interstate,1,State Highway Agency,1,Interstate,I-17,,1979,1979,33.42887222,33.42887222,-112.099997220,-112.09999722,0,No Special Jurisdiction,25,Concrete Traffic Barrier,0,The First Harmful Event was Not a Collision with a Motor Vehicle in Transport,0,No,1,Non-Junction,1,Not an Intersection,0,None,,,3,On Median,3,Dark - Lighted,,,,,1,Clear,0,No,0000000,Not Applicable,0,0:00am-0:59am,37,37,0,0:00am-0:59am,45,45,1,1:00am-1:59am,0,0,,,,,,,1,
2022,4,40688,Arizona,1,1,0,0,0,2,2,15,MOHAVE (15),0,NOT APPLICABLE,15,15,10,October,2022,7,Saturday,12,12:00pm-12:59pm,10,10,1,This section IS ON the NHS,1,Rural,1,Interstate,1,State Highway Agency,1,Interstate,I-40,,618,618,35.19574722,35.19574722,-113.866875000,-113.86687500,0,No Special Jurisdiction,1,Rollover/Overturn,0,The First Harmful Event was Not a Collision with a Motor Vehicle in Transport,0,No,1,Non-Junction,1,Not an Intersection,0,None,,,3,On Median,1,Daylight,,,,,2,Rain,0,No,0000000,Not Applicable,12,12:00pm-12:59pm,13,13,12,12:00pm-12:59pm,28,28,88,"Not Applicable (Not Transported) ",88,Not Applicable (Not Transported),,,,,,,2,
2022,4,40689,Arizona,1,1,0,0,0,1,1,7,GILA (7),0,NOT APPLICABLE,17,17,10,October,2022,2,Monday,16,4:00pm-4:59pm,33,33,0,This section IS NOT on the NHS,1,Rural,4,Minor Arterial,1,State Highway Agency,2,U.S. Highway,US-60 SR-77,,2580,2580,33.74364167,33.74364167,-110.529150000,-110.52915000,0,No Special Jurisdiction,18,Other Object (not fixed),0,The First Harmful Event was Not a Collision with a Motor Vehicle in Transport,0,No,1,Non-Junction,1,Not an Intersection,0,None,,,4,On Roadside,1,Daylight,,,,,2,Rain,0,No,0000000,Not Applicable,16,4:00pm-4:59pm,51,51,17,5:00pm-5:59pm,44,44,88,"Not Applicable (Not Transported) ",88,Not Applicable (Not Transported),,,,,,,1,
2022,4,40690,Arizona,2,2,0,0,0,3,3,19,PIMA (19),530,TUCSON,18,18,10,October,2022,3,Tuesday,18,6:00pm-6:59pm,23,23,0,This section IS NOT on the NHS,2,Urban,3,Principal Arterial - Other,4,City or Municipal Highway Agency,6,Local Street - Municipality,GRANT RD,WILMOT RD,99998,Not Reported,32.25059722,32.25059722,-110.858011110,-110.85801111,0,No Special Jurisdiction,12,Motor Vehicle In-Transport,6,Angle,0,No,2,Intersection,2,Four-Way Intersection,0,None,,,1,On Roadway,1,Daylight,,,,,1,Clear,0,No,0000000,Not Applicable,18,6:00pm-6:59pm,23,23,18,6:00pm-6:59pm,27,27,18,6:00pm-6:59pm,39,39,,,,,,,1,
2022,4,40691,Arizona,1,1,0,1,1,5,5,17,NAVAJO (17),0,NOT APPLICABLE,19,19,10,October,2022,4,Wednesday,12,12:00pm-12:59pm,5,5,1,This section IS ON the NHS,1,Rural,3,Principal Arterial - Other,1,State Highway Agency,3,State Highway,SR-260,,1115,1115,34.33921389,34.33921389,-110.727802780,-110.72780278,0,No Special Jurisdiction,8,Pedestrian,0,The First Harmful Event was Not a Collision with a Motor Vehicle in Transport,0,No,1,Non-Junction,1,Not an Intersection,0,None,,,1,On Roadway,1,Daylight,,,,,1,Clear,0,No,0000000,Not Applicable,12,12:00pm-12:59pm,5,5,12,12:00pm-12:59pm,16,16,15,3:00pm-3:59pm,31,31,,,,,,,1,
2022,4,40692,Arizona,2,2,0,0,0,2,2,25,YAVAPAI (25),0,NOT APPLICABLE,19,19,10,October,2022,4,Wednesday,23,11:00pm-11:59pm,6,6,1,This section IS ON the NHS,1,Rural,3,Principal Arterial - Other,1,State Highway Agency,3,State Highway,SR-179,,21,21,34.70734444,34.70734444,-111.773052780,-111.77305278,0,No Special Jurisdiction,12,Motor Vehicle In-Transport,2,Front-to-Front,0,No,1,Non-Junction,1,Not an Intersection,0,None,,,1,On Roadway,2,Dark - Not Lighted,,,,,1,Clear,0,No,0000000,Not Applicable,23,11:00pm-11:59pm,9,9,23,11:00pm-11:59pm,16,16,88,"Not Applicable (Not Transported) ",88,Not Applicable (Not Transported),,,,,,,2,