caseyear,state,st_case,statename,ve_total,ve_forms,pvh_invl,peds,pernotmvit,permvit,persons,county,countyname,city,cityname,day,dayname,month,monthname,year,day_week,day_weekname,hour,hourname,minute,minutename,nhs,nhsname,rur_urb,rur_urbname,func_sys,func_sysname,rd_owner,rd_ownername,route,routename,tway_id,tway_id2,milept,mileptname,latitude,latitudename,longitud,longitudname,sp_jur,sp_jurname,harm_ev,harm_evname,man_coll,man_collname,reljct1,reljct1name,reljct2,reljct2name,typ_int,typ_intname,wrk_zone,wrk_zonename,road_fnc,road_fncname,rel_road,rel_roadname,lgt_cond,lgt_condname,weather1,weather1name,weather2,weather2name,weather,weathername,sch_bus,sch_busname,rail,railname,not_hour,not_hourname,not_min,not_minname,arr_hour,arr_hourname,arr_min,arr_minname,hosp_hr,hosp_hrname,hosp_mn,hosp_mnname,cf1,cf1name,cf2,cf2name,cf3,cf3name,fatals,drunk_dr
2022,4,40815,Arizona,2,2,0,0,0,2,2,13,MARICOPA (13),368,PEORIA,23,23,12,December,2022,6,Friday,22,10:00pm-10:59pm,56,56,0,This section IS NOT on the NHS,2,Urban,4,Minor Arterial,1,State Highway Agency,8,Other,OLIVE AVE,SR-101 RAMP,411,411,33.56619444,33.56619444,-112.258336110,-112.25833611,0,No Special Jurisdiction,12,Motor Vehicle In-Transport,1,Front-to-Rear,1,Yes,3,Intersection-Related,2,Four-Way Intersection,0,None,,,1,On Roadway,3,Dark - Lighted,,,,,1,Clear,0,No,0000000,Not Applicable,22,10:00pm-10:59pm,56,56,23,11:00pm-11:59pm,2,2,23,11:00pm-11:59pm,20,20,,,,,,,1,
2022,4,40816,Arizona,1,1,0,0,0,2,2,21,PINAL (21),0,NOT APPLICABLE,24,24,12,December,2022,7,Saturday,1,1:00am-1:59am,49,49,0,This section IS NOT on the NHS,2,Urban,5,Major Collector,2,County Highway Agency,8,Other,EARLY RD,SR-84 JIMMIE KERR BLVD,0,None,32.86492778,32.86492778,-111.737319440,-111.73731944,0,No Special Jurisdiction,43,Other Fixed Object,0,The First Harmful Event was Not a Collision with a Motor Vehicle in Transport,0,No,3,Intersection-Related,3,T-Intersection,0,None,,,4,On Roadside,3,Dark - Lighted,,,,,1,Clear,0,No,0000000,Not Applicable,1,1:00am-1:59am,49,49,1,1:00am-1:59am,53,53,99,Unknown,99,Unknown EMS Hospital Arrival Time,,,,,,,1,
2022,4,40817,Arizona,3,3,0,0,0,5,5,13,MARICOPA (13),420,SCOTTSDALE,24,24,12,December,2022,7,Saturday,1,1:00am-1:59am,56,56,1,This section IS ON the NHS,2,Urban,2,Principal Arterial - Other Freeways and Expressways,1,State Highway Agency,3,State Highway,SR-101,,407,407,33.57001944,33.57001944,-111.890502780,-111.89050278,0,No Special Jurisdiction,12,Motor Vehicle In-Transport,8,Sideswipe - Opposite Direction,1,Yes,17,Acceleration/Deceleration Lane,1,Not an Intersection,0,None,,,1,On Roadway,3,Dark - Lighted,,,,,1,Clear,0,No,0000000,Not Applicable,1,1:00am-1:59am,59,59,2,2:00am-2:59am,6,6,2,2:00am-2:59am,36,36,,,,,,,1,
2022,4,40818,Arizona,2,2,0,0,0,4,4,13,MARICOPA (13),420,SCOTTSDALE,30,30,12,December,2022,6,Friday,19,7:00pm-7:59pm,8,8,0,This section IS NOT on the NHS,2,Urban,4,Minor Arterial,4,City or Municipal Highway Agency,6,Local Street - Municipality,HAYDEN RD,,104,104,33.59742778,33.59742778,-111.908519440,-111.90851944,0,No Special Jurisdiction,12,Motor Vehicle In-Transport,2,Front-to-Front,0,No,1,Non-Junction,1,Not an Intersection,0,None,,,1,On Roadway,3,Dark - Lighted,,,,,10,Cloudy,0,No,0000000,Not Applicable,19,7:00pm-7:59pm,8,8,19,7:00pm-7:59pm,17,17,20,8:00pm-8:59pm,16,16,,,,,,,1,
2022,4,40819,Arizona,2,2,0,0,0,2,2,13,MARICOPA (13),388,QUEEN CREEK,16,16,11,November,2022,4,Wednesday,5,5:00am-5:59am,38,38,0,This section IS NOT on the NHS,2,Urban,5,Major Collector,2,County Highway Agency,6,Local Street - Municipality,E GERMAN RD,,0,None,33.27754444,33.27754444,-111.611563890,-111.61156389,0,No Special Jurisdiction,12,Motor Vehicle In-Transport,8,Sideswipe - Opposite Direction,0,No,1,Non-Junction,1,Not an Intersection,0,None,,,1,On Roadway,2,Dark - Not Lighted,,,,,1,Clear,0,No,0000000,Not Applicable,5,5:00am-5:59am,38,38,99,Unknown EMS Scene Arrival Hour,99,Unknown EMS Scene Arrival Minutes,88,"Not Applicable (Not Transported) ",88,Not Applicable (Not Transported),,,,,,,1,
2022,4,40820,Arizona,1,1,0,1,1,2,2,13,MARICOPA (13),370,PHOENIX,17,17,11,November,2022,5,Thursday,1,1:00am-1:59am,54,54,1,This section IS ON the NHS,2,Urban,1,Interstate,1,State Highway Agency,1,Interstate,I-10,,1350,1350,33.46210000,33.46210000,-112.233222220,-112.23322222,0,No Special Jurisdiction,8,Pedestrian,0,The First Harmful Event was Not a Collision with a Motor Vehicle in Transport,1,Yes,18,Through Roadway,1,Not an Intersection,0,None,,,1,On Roadway,3,Dark - Lighted,,,,,1,Clear,0,No,0000000,Not Applicable,1,1:00am-1:59am,54,54,2,2:00am-2:59am,6,6,88,"Not Applicable (Not Transported) ",88,Not Applicable (Not Transported),,,,,,,1,
2022,4,40821,Arizona,1,1,0,0,0,1,1,15,MOHAVE (15),0,NOT APPLICABLE,17,17,11,November,2022,5,Thursday,21,9:00pm-9:59pm,23,23,1,This section IS ON the NHS,1,Rural,1,Interstate,1,State Highway Agency,1,Interstate,I-15,,80,80,36.88740000,36.88740000,-113.935000000,-113.93500000,0,No Special Jurisdiction,17,Boulder,0,The First Harmful Event was Not a Collision with a Motor Vehicle in Transport,1,Yes,5,Entrance/Exit Ramp Related,1,Not an Intersection,0,None,,,5,Outside Trafficway,3,Dark - Lighted,,,,,1,Clear,0,No,0000000,Not Applicable,21,9:00pm-9:59pm,25,25,21,9:00pm-9:59pm,31,31,88,"Not Applicable (Not Transported) ",88,Not Applicable (Not Transported),,,,,,,1,
2022,4,40822,Arizona,2,2,0,0,0,2,2,13,MARICOPA (13),190,GILBERT,18,18,11,November,2022,6,Friday,0,0:00am-0:59am,42,42,0,This section IS NOT on the NHS,2,Urban,4,Minor Arterial,3,Town or Township Highway Agency,5,Local Street - Township,"N GREENFIELD RD ",E BASELINE RD,0,None,33.37917778,33.37917778,-111.739575000,-111.73957500,0,No Special Jurisdiction,12,Motor Vehicle In-Transport,6,Angle,0,No,2,Intersection,2,Four-Way Intersection,0,None,,,1,On Roadway,3,Dark - Lighted,,,,,1,Clear,0,No,0000000,Not Applicable,99,Unknown,99,Unknown,99,Unknown EMS Scene Arrival Hour,99,Unknown EMS Scene Arrival Minutes,99,Unknown,99,Unknown EMS Hospital Arrival Time,,,,,,,1,
2022,4,40823,Arizona,2,2,0,0,0,4,4,13,MARICOPA (13),370,PHOENIX,18,18,11,November,2022,6,Friday,13,1:00pm-1:59pm,1,1,0,This section IS NOT on the NHS,2,Urban,4,Minor Arterial,4,City or Municipal Highway Agency,6,Local Street - Municipality,N 24TH ST,,0,None,33.47610000,33.47610000,-112.030266670,-112.03026667,0,No Special Jurisdiction,12,Motor Vehicle In-Transport,2,Front-to-Front,0,No,1,Non-Junction,1,Not an Intersection,0,None,,,1,On Roadway,1,Daylight,,,,,1,Clear,0,No,0000000,Not Applicable,99,Unknown,99,Unknown,99,Unknown EMS Scene Arrival Hour,99,Unknown EMS Scene Arrival Minutes,99,Unknown,99,Unknown EMS Hospital Arrival Time,,,,,,,1,
2022,4,40824,Arizona,1,1,0,0,0,1,1,13,MARICOPA (13),0,NOT APPLICABLE,18,18,11,November,2022,6,Friday,17,5:00pm-5:59pm,11,11,1,This section IS ON the NHS,1,Rural,2,Principal Arterial - Other Freeways and Expressways,1,State Highway Agency,3,State Highway,SR-87,,865,865,33.65880556,33.65880556,-111.520844440,-111.52084444,0,No Special Jurisdiction,1,Rollover/Overturn,0,The First Harmful Event was Not a Collision with a Motor Vehicle in Transport,0,No,1,Non-Junction,1,Not an Intersection,0,None,,,3,On Median,5,Dusk,,,,,1,Clear,0,No,0000000,Not Applicable,17,5:00pm-5:59pm,19,19,17,5:00pm-5:59pm,32,32,88,"Not Applicable (Not Transported) ",88,Not Applicable (Not Transported),,,,,,,1,
2022,4,40825,Arizona,3,3,0,0,0,6,6,13,MARICOPA (13),368,PEORIA,19,19,11,November,2022,7,Saturday,11,11:00am-11:59am,16,16,1,This section IS ON the NHS,2,Urban,2,Principal Arterial - Other Freeways and Expressways,1,State Highway Agency,3,State Highway,SR-101,,67,67,33.56340000,33.56340000,-112.257122220,-112.25712222,0,No Special Jurisdiction,12,Motor Vehicle In-Transport,7,Sideswipe - Same Direction,0,No,1,Non-Junction,1,Not an Intersection,0,None,,,1,On Roadway,1,Daylight,,,,,1,Clear,0,No,0000000,Not Applicable,11,11:00am-11:59am,20,20,11,11:00am-11:59am,33,33,12,12:00pm-12:59pm,5,5,,,,,,,1,
2022,4,40826,Arizona,2,2,0,0,0,4,4,13,MARICOPA (13),220,GOODYEAR,19,19,11,November,2022,7,Saturday,15,3:00pm-3:59pm,16,16,0,This section IS NOT on the NHS,2,Urban,4,Minor Arterial,4,City or Municipal Highway Agency,6,Local Street - Municipality,W INDIAN SCHOOL RD,N BULLARD AVE,0,None,33.48671389,33.48671389,-112.373302780,-112.37330278,0,No Special Jurisdiction,12,Motor Vehicle In-Transport,6,Angle,0,No,2,Intersection,3,T-Intersection,0,None,,,1,On Roadway,1,Daylight,,,,,1,Clear,0,No,0000000,Not Applicable,15,3:00pm-3:59pm,17,17,15,3:00pm-3:59pm,21,21,15,3:00pm-3:59pm,44,44,,,,,,,2,
2022,4,40827,Arizona,2,2,0,0,0,4,4,13,MARICOPA (13),420,SCOTTSDALE,20,20,11,November,2022,1,Sunday,18,6:00pm-6:59pm,42,42,0,This section IS NOT on the NHS,2,Urban,4,Minor Arterial,4,City or Municipal Highway Agency,6,Local Street - Municipality,N 94TH ST,E THUNDERBIRD RD,0,None,33.61165000,33.61165000,-111.878252780,-111.87825278,0,No Special Jurisdiction,12,Motor Vehicle In-Transport,6,Angle,0,No,2,Intersection,2,Four-Way Intersection,0,None,,,1,On Roadway,3,Dark - Lighted,,,,,1,Clear,0,No,0000000,Not Applicable,18,6:00pm-6:59pm,42,42,18,6:00pm-6:59pm,45,45,19,7:00pm-7:59pm,0,0,,,,,,,1,
2022,4,40828,Arizona,2,2,0,0,0,7,7,13,MARICOPA (13),368,PEORIA,20,20,11,November,2022,1,Sunday,21,9:00pm-9:59pm,0,0,0,This section IS NOT on the NHS,2,Urban,4,Minor Arterial,4,City or Municipal Highway Agency,6,Local Street - Municipality,N 107TH AVE,W LONE CACTUS DR,0,None,33.67815000,33.67815000,-112.289913890,-112.28991389,0,No Special Jurisdiction,12,Motor Vehicle In-Transport,6,Angle,0,No,2,Intersection,3,T-Intersection,0,None,,,1,On Roadway,3,Dark - Lighted,,,,,1,Clear,0,No,0000000,Not Applicable,21,9:00pm-9:59pm,0,0,99,Unknown EMS Scene Arrival Hour,99,Unknown EMS Scene Arrival Minutes,99,Unknown,99,Unknown EMS Hospital Arrival Time,,,,,,,5,
2022,4,40831,Arizona,1,1,0,0,0,2,2,27,YUMA (27),0,NOT APPLICABLE,22,22,11,November,2022,3,Tuesday,13,1:00pm-1:59pm,30,30,0,This section IS NOT on the NHS,1,Rural,7,Local,98,Not Reported,8,Other,S AVE 42 E,,0,None,32.76808333,32.76808333,-113.919186110,-113.91918611,0,No Special Jurisdiction,18,Other Object (not fixed),0,The First Harmful Event was Not a Collision with a Motor Vehicle in Transport,0,No,1,Non-Junction,1,Not an Intersection,0,None,,,4,On Roadside,1,Daylight,,,,,1,Clear,0,No,0000000,Not Applicable,13,1:00pm-1:59pm,30,30,99,Unknown EMS Scene Arrival Hour,99,Unknown EMS Scene Arrival Minutes,99,Unknown,99,Unknown EMS Hospital Arrival Time,,,,,,,1,
2022,4,40832,Arizona,1,1,0,0,0,7,7,21,PINAL (21),70,CASA GRANDE,23,23,11,November,2022,4,Wednesday,4,4:00am-4:59am,0,0,1,This section IS ON the NHS,1,Rural,1,Interstate,1,State Highway Agency,1,Interstate,I-10,,1855,1855,33.01022222,33.01022222,-111.758513890,-111.75851389,0,No Special Jurisdiction,1,Rollover/Overturn,0,The First Harmful Event was Not a Collision with a Motor Vehicle in Transport,0,No,1,Non-Junction,1,Not an Intersection,0,None,,,3,On Median,2,Dark - Not Lighted,,,,,1,Clear,0,No,0000000,Not Applicable,4,4:00am-4:59am,0,0,4,4:00am-4:59am,7,7,99,Unknown,99,Unknown EMS Hospital Arrival Time,,,,,,,3,
2022,4,40833,Arizona,2,2,0,0,0,4,4,13,MARICOPA (13),322,MORRISTOWN,23,23,11,November,2022,4,Wednesday,13,1:00pm-1:59pm,41,41,0,This section IS NOT on the NHS,1,Rural,3,Principal Arterial - Other,1,State Highway Agency,3,State Highway,SR-74,"N CASTLE HOT SPRINGS RD ",9,9,33.86215556,33.86215556,-112.613844440,-112.61384444,0,No Special Jurisdiction,12,Motor Vehicle In-Transport,6,Angle,1,Yes,2,Intersection,2,Four-Way Intersection,0,None,,,1,On Roadway,1,Daylight,,,,,1,Clear,0,No,0000000,Not Applicable,13,1:00pm-1:59pm,43,43,13,1:00pm-1:59pm,43,43,99,Unknown,99,Unknown EMS Hospital Arrival Time,,,,,,,2,
2022,4,40834,Arizona,3,3,0,0,0,3,3,5,COCONINO (5),0,NOT APPLICABLE,23,23,11,November,2022,4,Wednesday,18,6:00pm-6:59pm,34,34,1,This section IS ON the NHS,1,Rural,3,Principal Arterial - Other,1,State Highway Agency,2,U.S. Highway,US-160,,286,286,36.29292500,36.29292500,-110.988394440,-110.98839444,3,Indian Reservation,12,Motor Vehicle In-Transport,2,Front-to-Front,0,No,1,Non-Junction,1,Not an Intersection,0,None,,,1,On Roadway,2,Dark - Not Lighted,,,,,1,Clear,0,No,0000000,Not Applicable,18,6:00pm-6:59pm,35,35,18,6:00pm-6:59pm,50,50,99,Unknown,99,Unknown EMS Hospital Arrival Time,,,,,,,1,
2022,4,40835,Arizona,1,1,0,0,0,1,1,13,MARICOPA (13),290,MESA,23,23,11,November,2022,4,Wednesday,20,8:00pm-8:59pm,20,20,0,This section IS NOT on the NHS,2,Urban,3,Principal Arterial - Other,4,City or Municipal Highway Agency,6,Local Street - Municipality,E ELLIOT RD,,0,None,33.35058056,33.35058056,-111.681672220,-111.68167222,0,No Special Jurisdiction,25,Concrete Traffic Barrier,0,The First Harmful Event was Not a Collision with a Motor Vehicle in Transport,0,No,1,Non-Junction,1,Not an Intersection,0,None,,,4,On Roadside,2,Dark - Not Lighted,,,,,1,Clear,0,No,0000000,Not Applicable,20,8:00pm-8:59pm,20,20,20,8:00pm-8:59pm,40,40,88,"Not Applicable (Not Transported) ",88,Not Applicable (Not Transported),,,,,,,1,
2022,4,40836,Arizona,1,1,0,0,0,1,1,13,MARICOPA (13),370,PHOENIX,27,27,11,November,2022,1,Sunday,12,12:00pm-12:59pm,57,57,0,This section IS NOT on the NHS,2,Urban,5,Major Collector,4,City or Municipal Highway Agency,6,Local Street - Municipality,N 29TH AVE,,0,None,33.64210278,33.64210278,-112.121286110,-112.12128611,0,No Special Jurisdiction,59,"Traffic Sign Support ",0,The First Harmful Event was Not a Collision with a Motor Vehicle in Transport,0,No,1,Non-Junction,1,Not an Intersection,0,None,,,4,On Roadside,1,Daylight,,,,,1,Clear,0,No,0000000,Not Applicable,99,Unknown,99,Unknown,99,Unknown EMS Scene Arrival Hour,99,Unknown EMS Scene Arrival Minutes,99,Unknown,99,Unknown EMS Hospital Arrival Time,,,,,,,1,
2022,4,40837,Arizona,1,1,0,1,1,6,6,13,MARICOPA (13),370,PHOENIX,27,27,11,November,2022,1,Sunday,18,6:00pm-6:59pm,59,59,1,This section IS ON the NHS,2,Urban,1,Interstate,1,State Highway Agency,1,Interstate,I-17,,120,120,33.54906667,33.54906667,-112.112430560,-112.11243056,0,No Special Jurisdiction,8,Pedestrian,0,The First Harmful Event was Not a Collision with a Motor Vehicle in Transport,0,No,1,Non-Junction,1,Not an Intersection,0,None,,,1,On Roadway,3,Dark - Lighted,,,,,1,Clear,0,No,0000000,Not Applicable,19,7:00pm-7:59pm,0,0,19,7:00pm-7:59pm,12,12,88,"Not Applicable (Not Transported) ",88,Not Applicable (Not Transported),,,,,,,1,
2022,4,40839,Arizona,1,1,0,1,1,1,1,19,PIMA (19),530,TUCSON,28,28,11,November,2022,2,Monday,17,5:00pm-5:59pm,54,54,0,This section IS NOT on the NHS,2,Urban,3,Principal Arterial - Other,4,City or Municipal Highway Agency,6,Local Street - Municipality,"N KOLB RD ",E ROSEWOOD ST,0,None,32.23274722,32.23274722,-110.840927780,-110.84092778,0,No Special Jurisdiction,8,Pedestrian,0,The First Harmful Event was Not a Collision with a Motor Vehicle in Transport,0,No,3,Intersection-Related,3,T-Intersection,0,None,,,1,On Roadway,3,Dark - Lighted,,,,,1,Clear,0,No,0000000,Not Applicable,17,5:00pm-5:59pm,54,54,18,6:00pm-6:59pm,1,1,88,"Not Applicable (Not Transported) ",88,Not Applicable (Not Transported),,,,,,,1,
2022,4,40840,Arizona,1,1,0,0,0,2,2,21,PINAL (21),110,COOLIDGE,1,1,4,April,2022,6,Friday,23,11:00pm-11:59pm,57,57,0,This section IS NOT on the NHS,1,Rural,98,Not Reported,98,Not Reported,9,Unknown,BLACKWATER SCHOOL RD,,0,None,99.99990000,99.99990000,999.999900000,999.99990000,0,No Special Jurisdiction,99,Reported as Unknown,99,Reported as Unknown,9,Reported as Unknown,99,Reported as Unknown,99,Reported as Unknown,0,None,,,99,Reported as Unknown,6,Dark - Unknown Lighting,,,,,99,Reported as Unknown,0,No,0000000,Not Applicable,99,Unknown,99,Unknown,99,Unknown EMS Scene Arrival Hour,99,Unknown EMS Scene Arrival Minutes,99,Unknown,98,Unknown if Transported,,,,,,,1,
2022,4,40841,Arizona,1,1,0,1,1,1,1,13,MARICOPA (13),370,PHOENIX,2,2,4,April,2022,7,Saturday,23,11:00pm-11:59pm,16,16,0,This section IS NOT on the NHS,2,Urban,4,Minor Arterial,4,City or Municipal Highway Agency,6,Local Street - Municipality,N 32ND ST,E THOMAS RD,0,None,33.48036667,33.48036667,-112.012988890,-112.01298889,0,No Special Jurisdiction,9,Pedalcyclist,0,The First Harmful Event was Not a Collision with a Motor Vehicle in Transport,0,No,3,Intersection-Related,2,Four-Way Intersection,0,None,,,1,On Roadway,3,Dark - Lighted,,,,,1,Clear,0,No,0000000,Not Applicable,99,Unknown,99,Unknown,99,Unknown EMS Scene Arrival Hour,99,Unknown EMS Scene Arrival Minutes,99,Unknown,99,Unknown EMS Hospital Arrival Time,,,,,,,1,
2022,4,40843,Arizona,1,1,0,0,0,1,1,17,NAVAJO (17),565,WHITERIVER,3,3,4,April,2022,1,Sunday,5,5:00am-5:59am,8,8,0,This section IS NOT on the NHS,9,Unknown,99,Unknown,99,Unknown,9,Unknown,E FORK RD,,0,None,99.99990000,99.99990000,999.999900000,999.99990000,0,No Special Jurisdiction,99,Reported as Unknown,99,Reported as Unknown,9,Reported as Unknown,99,Reported as Unknown,99,Reported as Unknown,0,None,,,99,Reported as Unknown,9,Reported as Unknown,,,,,99,Reported as Unknown,0,No,0000000,Not Applicable,99,Unknown,99,Unknown,99,Unknown EMS Scene Arrival Hour,99,Unknown EMS Scene Arrival Minutes,99,Unknown,99,Unknown EMS Hospital Arrival Time,,,,,,,1,
2022,4,40844,Arizona,1,1,0,1,1,1,1,13,MARICOPA (13),370,PHOENIX,4,4,4,April,2022,2,Monday,10,10:00am-10:59am,54,54,0,This section IS NOT on the NHS,2,Urban,4,Minor Arterial,4,City or Municipal Highway Agency,6,Local Street - Municipality,E GREENWAY RD,,0,None,33.62648611,33.62648611,-112.011097220,-112.01109722,0,No Special Jurisdiction,9,Pedalcyclist,0,The First Harmful Event was Not a Collision with a Motor Vehicle in Transport,0,No,8,Driveway Access Related,1,Not an Intersection,0,None,,,99,Reported as Unknown,1,Daylight,,,,,99,Reported as Unknown,0,No,0000000,Not Applicable,99,Unknown,99,Unknown,99,Unknown EMS Scene Arrival Hour,99,Unknown EMS Scene Arrival Minutes,99,Unknown,99,Unknown EMS Hospital Arrival Time,,,,,,,1,
2022,4,40845,Arizona,1,1,0,0,0,1,1,7,GILA (7),300,MIAMI,9,9,4,April,2022,7,Saturday,99,Unknown Hours,99,Unknown Minutes,9,Unknown if this section is on the NHS,9,Unknown,99,Unknown,99,Unknown,9,Unknown,UNKNOWN,,99999,Unknown,99.99990000,99.99990000,999.999900000,999.99990000,9,Unknown,99,Reported as Unknown,99,Reported as Unknown,9,Reported as Unknown,99,Reported as Unknown,99,Reported as Unknown,0,None,,,99,Reported as Unknown,9,Reported as Unknown,,,,,99,Reported as Unknown,0,No,0000000,Not Applicable,99,Unknown,99,Unknown,99,Unknown EMS Scene Arrival Hour,99,Unknown EMS Scene Arrival Minutes,99,Unknown,99,Unknown EMS Hospital Arrival Time,,,,,,,1,
2022,4,40847,Arizona,1,1,0,1,1,2,2,13,MARICOPA (13),370,PHOENIX,12,12,4,April,2022,3,Tuesday,20,8:00pm-8:59pm,25,25,0,This section IS NOT on the NHS,2,Urban,4,Minor Arterial,4,City or Municipal Highway Agency,6,Local Street - Municipality,E CAMELBACK RD,,0,None,33.50929444,33.50929444,-112.046483330,-112.04648333,0,No Special Jurisdiction,8,Pedestrian,0,The First Harmful Event was Not a Collision with a Motor Vehicle in Transport,0,No,1,Non-Junction,1,Not an Intersection,0,None,,,1,On Roadway,3,Dark - Lighted,,,,,1,Clear,0,No,0000000,Not Applicable,99,Unknown,99,Unknown,99,Unknown EMS Scene Arrival Hour,99,Unknown EMS Scene Arrival Minutes,99,Unknown,98,Unknown if Transported,,,,,,,1,
2022,4,40848,Arizona,1,1,0,0,0,1,1,13,MARICOPA (13),80,CHANDLER,13,13,4,April,2022,4,Wednesday,99,Unknown Hours,99,Unknown Minutes,0,This section IS NOT on the NHS,9,Unknown,99,Unknown,99,Unknown,9,Unknown,W RIGGS RD,,0,None,99.99990000,99.99990000,999.999900000,999.99990000,0,No Special Jurisdiction,99,Reported as Unknown,99,Reported as Unknown,8,Not Reported,98,Not Reported,98,Not Reported,0,None,,,98,Not Reported,9,Reported as Unknown,,,,,99,Reported as Unknown,0,No,0000000,Not Applicable,99,Unknown,99,Unknown,99,Unknown EMS Scene Arrival Hour,99,Unknown EMS Scene Arrival Minutes,99,Unknown,99,Unknown EMS Hospital Arrival Time,,,,,,,1,
2022,4,40849,Arizona,2,2,0,0,0,2,2,13,MARICOPA (13),290,MESA,14,14,4,April,2022,5,Thursday,14,2:00pm-2:59pm,1,1,0,This section IS NOT on the NHS,2,Urban,4,Minor Arterial,4,City or Municipal Highway Agency,6,Local Street - Municipality,"S CRIMSON RD ",E SOUTHERN AVE,0,None,33.39319167,33.39319167,-111.615488890,-111.61548889,0,No Special Jurisdiction,12,Motor Vehicle In-Transport,6,Angle,0,No,2,Intersection,2,Four-Way Intersection,0,None,,,1,On Roadway,1,Daylight,,,,,1,Clear,0,No,0000000,Not Applicable,99,Unknown,99,Unknown,99,Unknown EMS Scene Arrival Hour,99,Unknown EMS Scene Arrival Minutes,99,Unknown,99,Unknown EMS Hospital Arrival Time,,,,,,,1,
2022,4,40850,Arizona,1,1,0,0,0,1,1,12,LA PAZ (12),383,POSTON,16,16,4,April,2022,7,Saturday,8,8:00am-8:59am,30,30,0,This section IS NOT on the NHS,1,Rural,5,Major Collector,62,Bureau of Indian Affairs,8,Other,MOHAVE RD,,0,None,99.99990000,99.99990000,999.999900000,999.99990000,3,Indian Reservation,99,Reported as Unknown,99,Reported as Unknown,8,Not Reported,98,Not Reported,98,Not Reported,0,None,,,98,Not Reported,1,Daylight,,,,,98,Not Reported,0,No,0000000,Not Applicable,99,Unknown,99,Unknown,99,Unknown EMS Scene Arrival Hour,99,Unknown EMS Scene Arrival Minutes,99,Unknown,98,Unknown if Transported,,,,,,,1,
2022,4,40851,Arizona,2,2,0,0,0,3,3,13,MARICOPA (13),370,PHOENIX,17,17,4,April,2022,1,Sunday,12,12:00pm-12:59pm,57,57,0,This section IS NOT on the NHS,2,Urban,5,Major Collector,4,City or Municipal Highway Agency,6,Local Street - Municipality,E GREENWAY RD,N 22ND ST,0,None,33.62622500,33.62622500,-112.035061110,-112.03506111,0,No Special Jurisdiction,12,Motor Vehicle In-Transport,6,Angle,0,No,2,Intersection,2,Four-Way Intersection,0,None,,,1,On Roadway,1,Daylight,,,,,1,Clear,0,No,0000000,Not Applicable,99,Unknown,99,Unknown,99,Unknown EMS Scene Arrival Hour,99,Unknown EMS Scene Arrival Minutes,99,Unknown,99,Unknown EMS Hospital Arrival Time,,,,,,,1,
2022,4,40852,Arizona,2,2,0,0,0,4,4,13,MARICOPA (13),370,PHOENIX,18,18,4,April,2022,2,Monday,21,9:00pm-9:59pm,7,7,0,This section IS NOT on the NHS,2,Urban,3,Principal Arterial - Other,4,City or Municipal Highway Agency,6,Local Street - Municipality,W CAREFREE HWY,N 23RD LN,0,None,33.79850000,33.79850000,-112.110072220,-112.11007222,0,No Special Jurisdiction,12,Motor Vehicle In-Transport,6,Angle,0,No,2,Intersection,2,Four-Way Intersection,0,None,,,1,On Roadway,3,Dark - Lighted,,,,,1,Clear,0,No,0000000,Not Applicable,99,Unknown,99,Unknown,99,Unknown EMS Scene Arrival Hour,99,Unknown EMS Scene Arrival Minutes,99,Unknown,99,Unknown EMS Hospital Arrival Time,,,,,,,1,
2022,4,40853,Arizona,1,1,0,0,0,1,1,13,MARICOPA (13),370,PHOENIX,18,18,4,April,2022,2,Monday,0,0:00am-0:59am,41,41,0,This section IS NOT on the NHS,2,Urban,5,Major Collector,4,City or Municipal Highway Agency,6,Local Street - Municipality,E ROUGH RIDER RD,,0,None,33.69115556,33.69115556,-112.001652780,-112.00165278,0,No Special Jurisdiction,33,Curb,0,The First Harmful Event was Not a Collision with a Motor Vehicle in Transport,0,No,1,Non-Junction,1,Not an Intersection,0,None,,,3,On Median,3,Dark - Lighted,,,,,99,Reported as Unknown,0,No,0000000,Not Applicable,0,0:00am-0:59am,41,41,0,0:00am-0:59am,47,47,88,"Not Applicable (Not Transported) ",88,Not Applicable (Not Transported),,,,,,,1,
2022,4,40854,Arizona,1,1,0,0,0,2,2,1,APACHE (1),83,CHINLE,19,19,4,April,2022,3,Tuesday,18,6:00pm-6:59pm,0,0,0,This section IS NOT on the NHS,9,Unknown,99,Unknown,62,Bureau of Indian Affairs,9,Unknown,BIA 27,,0,None,99.99990000,99.99990000,999.999900000,999.99990000,9,Unknown,99,Reported as Unknown,99,Reported as Unknown,8,Not Reported,98,Not Reported,98,Not Reported,0,None,,,98,Not Reported,9,Reported as Unknown,,,,,99,Reported as Unknown,0,No,0000000,Not Applicable,99,Unknown,99,Unknown,99,Unknown EMS Scene Arrival Hour,99,Unknown EMS Scene Arrival Minutes,99,Unknown,99,Unknown EMS Hospital Arrival Time,,,,,,,2,
2022,4,40855,Arizona,2,2,0,0,0,2,2,13,MARICOPA (13),370,PHOENIX,22,22,4,April,2022,6,Friday,9,9:00am-9:59am,46,46,1,This section IS ON the NHS,2,Urban,3,Principal Arterial - Other,4,City or Municipal Highway Agency,6,Local Street - Municipality,"E CACTUS RD ",N 24TH ST,0,None,33.59669444,33.59669444,-112.030425000,-112.03042500,0,No Special Jurisdiction,12,Motor Vehicle In-Transport,6,Angle,0,No,2,Intersection,2,Four-Way Intersection,0,None,,,1,On Roadway,1,Daylight,,,,,1,Clear,0,No,0000000,Not Applicable,99,Unknown,99,Unknown,99,Unknown EMS Scene Arrival Hour,99,Unknown EMS Scene Arrival Minutes,99,Unknown,99,Unknown EMS Hospital Arrival Time,,,,,,,1,