caseyear,state,st_case,statename,ve_total,ve_forms,pvh_invl,peds,pernotmvit,permvit,persons,county,countyname,city,cityname,day,dayname,month,monthname,year,day_week,day_weekname,hour,hourname,minute,minutename,nhs,nhsname,rur_urb,rur_urbname,func_sys,func_sysname,rd_owner,rd_ownername,route,routename,tway_id,tway_id2,milept,mileptname,latitude,latitudename,longitud,longitudname,sp_jur,sp_jurname,harm_ev,harm_evname,man_coll,man_collname,reljct1,reljct1name,reljct2,reljct2name,typ_int,typ_intname,wrk_zone,wrk_zonename,road_fnc,road_fncname,rel_road,rel_roadname,lgt_cond,lgt_condname,weather1,weather1name,weather2,weather2name,weather,weathername,sch_bus,sch_busname,rail,railname,not_hour,not_hourname,not_min,not_minname,arr_hour,arr_hourname,arr_min,arr_minname,hosp_hr,hosp_hrname,hosp_mn,hosp_mnname,cf1,cf1name,cf2,cf2name,cf3,cf3name,fatals,drunk_dr
2022,4,40856,Arizona,2,2,0,0,0,2,2,13,MARICOPA (13),370,PHOENIX,22,22,4,April,2022,6,Friday,20,8:00pm-8:59pm,2,2,0,This section IS NOT on the NHS,2,Urban,4,Minor Arterial,4,City or Municipal Highway Agency,6,Local Street - Municipality,N 35TH AVE,W MYRTLE,0,None,33.54218611,33.54218611,-112.134416670,-112.13441667,0,No Special Jurisdiction,12,Motor Vehicle In-Transport,6,Angle,0,No,2,Intersection,2,Four-Way Intersection,0,None,,,1,On Roadway,3,Dark - Lighted,,,,,1,Clear,0,No,0000000,Not Applicable,99,Unknown,99,Unknown,99,Unknown EMS Scene Arrival Hour,99,Unknown EMS Scene Arrival Minutes,99,Unknown,99,Unknown EMS Hospital Arrival Time,,,,,,,1,
2022,4,40857,Arizona,2,2,0,0,0,5,5,13,MARICOPA (13),200,GLENDALE,24,24,4,April,2022,1,Sunday,19,7:00pm-7:59pm,56,56,0,This section IS NOT on the NHS,2,Urban,4,Minor Arterial,4,City or Municipal Highway Agency,6,Local Street - Municipality,W CAMELBACK RD,N 57TH AVE,0,None,33.50958611,33.50958611,-112.181975000,-112.18197500,0,No Special Jurisdiction,12,Motor Vehicle In-Transport,6,Angle,0,No,2,Intersection,2,Four-Way Intersection,0,None,,,1,On Roadway,3,Dark - Lighted,,,,,1,Clear,0,No,0000000,Not Applicable,99,Unknown,99,Unknown,99,Unknown EMS Scene Arrival Hour,99,Unknown EMS Scene Arrival Minutes,99,Unknown,99,Unknown EMS Hospital Arrival Time,,,,,,,1,
2022,4,40858,Arizona,1,1,0,1,1,1,1,13,MARICOPA (13),370,PHOENIX,25,25,4,April,2022,2,Monday,20,8:00pm-8:59pm,6,6,0,This section IS NOT on the NHS,2,Urban,4,Minor Arterial,4,City or Municipal Highway Agency,6,Local Street - Municipality,W GLENDALE AVE,,0,None,33.53858889,33.53858889,-112.138069440,-112.13806944,0,No Special Jurisdiction,8,Pedestrian,0,The First Harmful Event was Not a Collision with a Motor Vehicle in Transport,0,No,1,Non-Junction,1,Not an Intersection,0,None,,,1,On Roadway,3,Dark - Lighted,,,,,1,Clear,0,No,0000000,Not Applicable,99,Unknown,99,Unknown,99,Unknown EMS Scene Arrival Hour,99,Unknown EMS Scene Arrival Minutes,99,Unknown,99,Unknown EMS Hospital Arrival Time,,,,,,,1,
2022,4,40859,Arizona,1,1,0,1,1,1,1,21,PINAL (21),70,CASA GRANDE,26,26,4,April,2022,3,Tuesday,19,7:00pm-7:59pm,31,31,0,This section IS NOT on the NHS,2,Urban,5,Major Collector,4,City or Municipal Highway Agency,6,Local Street - Municipality,W VAL VISTA BLVD,,0,None,32.96745556,32.96745556,-111.753491670,-111.75349167,0,No Special Jurisdiction,8,Pedestrian,0,The First Harmful Event was Not a Collision with a Motor Vehicle in Transport,0,No,1,Non-Junction,1,Not an Intersection,0,None,,,1,On Roadway,2,Dark - Not Lighted,,,,,1,Clear,0,No,0000000,Not Applicable,99,Unknown,99,Unknown,99,Unknown EMS Scene Arrival Hour,99,Unknown EMS Scene Arrival Minutes,88,"Not Applicable (Not Transported) ",88,Not Applicable (Not Transported),,,,,,,1,
2022,4,40861,Arizona,1,1,0,0,0,1,1,13,MARICOPA (13),290,MESA,28,28,4,April,2022,5,Thursday,10,10:00am-10:59am,35,35,0,This section IS NOT on the NHS,2,Urban,7,Local,98,Not Reported,8,Other,W GAMET AVE,"S DATE ",0,None,33.39063056,33.39063056,-111.845127780,-111.84512778,0,No Special Jurisdiction,1,Rollover/Overturn,0,The First Harmful Event was Not a Collision with a Motor Vehicle in Transport,0,No,2,Intersection,2,Four-Way Intersection,0,None,,,1,On Roadway,1,Daylight,,,,,1,Clear,0,No,0000000,Not Applicable,99,Unknown,99,Unknown,99,Unknown EMS Scene Arrival Hour,99,Unknown EMS Scene Arrival Minutes,99,Unknown,99,Unknown EMS Hospital Arrival Time,,,,,,,1,
2022,4,40862,Arizona,3,3,0,0,0,3,3,13,MARICOPA (13),370,PHOENIX,29,29,4,April,2022,6,Friday,4,4:00am-4:59am,21,21,0,This section IS NOT on the NHS,2,Urban,4,Minor Arterial,4,City or Municipal Highway Agency,6,Local Street - Municipality,E CACTUS RD,,0,None,33.59717778,33.59717778,-111.961622220,-111.96162222,0,No Special Jurisdiction,12,Motor Vehicle In-Transport,8,Sideswipe - Opposite Direction,0,No,1,Non-Junction,1,Not an Intersection,0,None,,,1,On Roadway,3,Dark - Lighted,,,,,1,Clear,0,No,0000000,Not Applicable,99,Unknown,99,Unknown,99,Unknown EMS Scene Arrival Hour,99,Unknown EMS Scene Arrival Minutes,99,Unknown,99,Unknown EMS Hospital Arrival Time,,,,,,,1,
2022,4,40863,Arizona,2,2,0,0,0,2,2,19,PIMA (19),530,TUCSON,30,30,4,April,2022,7,Saturday,17,5:00pm-5:59pm,10,10,0,This section IS NOT on the NHS,2,Urban,4,Minor Arterial,4,City or Municipal Highway Agency,6,Local Street - Municipality,1ST AVE,,0,None,32.28397222,32.28397222,-110.961050000,-110.96105000,0,No Special Jurisdiction,12,Motor Vehicle In-Transport,6,Angle,0,No,8,Driveway Access Related,1,Not an Intersection,0,None,,,1,On Roadway,1,Daylight,,,,,1,Clear,0,No,0000000,Not Applicable,17,5:00pm-5:59pm,10,10,17,5:00pm-5:59pm,11,11,17,5:00pm-5:59pm,32,32,,,,,,,1,
2022,4,40864,Arizona,1,1,0,1,1,1,1,13,MARICOPA (13),200,GLENDALE,6,6,5,May,2022,6,Friday,99,Unknown Hours,99,Unknown Minutes,0,This section IS NOT on the NHS,9,Unknown,99,Unknown,99,Unknown,9,Unknown,W MISSOURI AVE,,0,None,99.99990000,99.99990000,999.999900000,999.99990000,0,No Special Jurisdiction,8,Pedestrian,0,The First Harmful Event was Not a Collision with a Motor Vehicle in Transport,9,Reported as Unknown,99,Reported as Unknown,99,Reported as Unknown,0,None,,,99,Reported as Unknown,9,Reported as Unknown,,,,,99,Reported as Unknown,0,No,0000000,Not Applicable,99,Unknown,99,Unknown,99,Unknown EMS Scene Arrival Hour,99,Unknown EMS Scene Arrival Minutes,99,Unknown,98,Unknown if Transported,,,,,,,1,
2022,4,40865,Arizona,1,1,0,1,1,2,2,13,MARICOPA (13),370,PHOENIX,7,7,5,May,2022,7,Saturday,20,8:00pm-8:59pm,38,38,0,This section IS NOT on the NHS,2,Urban,4,Minor Arterial,4,City or Municipal Highway Agency,6,Local Street - Municipality,W GLENDALE AVE,,0,None,33.53847222,33.53847222,-112.137305560,-112.13730556,0,No Special Jurisdiction,8,Pedestrian,0,The First Harmful Event was Not a Collision with a Motor Vehicle in Transport,0,No,1,Non-Junction,1,Not an Intersection,0,None,,,1,On Roadway,3,Dark - Lighted,,,,,1,Clear,0,No,0000000,Not Applicable,99,Unknown,99,Unknown,99,Unknown EMS Scene Arrival Hour,99,Unknown EMS Scene Arrival Minutes,99,Unknown,98,Unknown if Transported,,,,,,,1,
2022,4,40866,Arizona,1,1,0,1,1,1,1,13,MARICOPA (13),370,PHOENIX,9,9,5,May,2022,2,Monday,20,8:00pm-8:59pm,50,50,0,This section IS NOT on the NHS,2,Urban,4,Minor Arterial,4,City or Municipal Highway Agency,6,Local Street - Municipality,S CENTRAL AVE,E CODY DR,0,None,33.40027222,33.40027222,-112.073275000,-112.07327500,0,No Special Jurisdiction,8,Pedestrian,0,The First Harmful Event was Not a Collision with a Motor Vehicle in Transport,0,No,3,Intersection-Related,2,Four-Way Intersection,0,None,,,1,On Roadway,2,Dark - Not Lighted,,,,,1,Clear,0,No,0000000,Not Applicable,99,Unknown,99,Unknown,99,Unknown EMS Scene Arrival Hour,99,Unknown EMS Scene Arrival Minutes,99,Unknown,99,Unknown EMS Hospital Arrival Time,,,,,,,1,
2022,4,40867,Arizona,1,1,0,0,0,1,1,999,UNKNOWN (999),0,NOT APPLICABLE,11,11,5,May,2022,4,Wednesday,99,Unknown Hours,99,Unknown Minutes,9,Unknown if this section is on the NHS,9,Unknown,99,Unknown,99,Unknown,9,Unknown,UNKNOWN,,99999,Unknown,99.99990000,99.99990000,999.999900000,999.99990000,9,Unknown,99,Reported as Unknown,99,Reported as Unknown,9,Reported as Unknown,99,Reported as Unknown,99,Reported as Unknown,0,None,,,99,Reported as Unknown,9,Reported as Unknown,,,,,99,Reported as Unknown,0,No,0000000,Not Applicable,99,Unknown,99,Unknown,99,Unknown EMS Scene Arrival Hour,99,Unknown EMS Scene Arrival Minutes,99,Unknown,99,Unknown EMS Hospital Arrival Time,,,,,,,1,
2022,4,40868,Arizona,1,1,0,0,0,1,1,19,PIMA (19),530,TUCSON,15,15,5,May,2022,1,Sunday,18,6:00pm-6:59pm,37,37,0,This section IS NOT on the NHS,9,Unknown,99,Unknown,99,Unknown,9,Unknown,TUCSON ESTATES PKWY,,0,None,99.99990000,99.99990000,999.999900000,999.99990000,0,No Special Jurisdiction,99,Reported as Unknown,99,Reported as Unknown,0,No,99,Reported as Unknown,99,Reported as Unknown,0,None,,,99,Reported as Unknown,1,Daylight,,,,,99,Reported as Unknown,0,No,0000000,Not Applicable,99,Unknown,99,Unknown,99,Unknown EMS Scene Arrival Hour,99,Unknown EMS Scene Arrival Minutes,99,Unknown,99,Unknown EMS Hospital Arrival Time,,,,,,,1,
2022,4,40869,Arizona,1,1,0,1,1,1,1,13,MARICOPA (13),370,PHOENIX,16,16,5,May,2022,2,Monday,0,0:00am-0:59am,52,52,0,This section IS NOT on the NHS,2,Urban,4,Minor Arterial,4,City or Municipal Highway Agency,6,Local Street - Municipality,W THOMAS RD,,0,None,33.48052500,33.48052500,-112.149061110,-112.14906111,0,No Special Jurisdiction,8,Pedestrian,0,The First Harmful Event was Not a Collision with a Motor Vehicle in Transport,0,No,1,Non-Junction,1,Not an Intersection,0,None,,,1,On Roadway,3,Dark - Lighted,,,,,1,Clear,0,No,0000000,Not Applicable,0,0:00am-0:59am,53,53,0,0:00am-0:59am,55,55,1,1:00am-1:59am,17,17,,,,,,,1,
2022,4,40870,Arizona,2,2,0,1,1,2,2,13,MARICOPA (13),370,PHOENIX,16,16,5,May,2022,2,Monday,3,3:00am-3:59am,52,52,1,This section IS ON the NHS,2,Urban,3,Principal Arterial - Other,4,City or Municipal Highway Agency,6,Local Street - Municipality,N 51ST AVE,,0,None,33.45213889,33.45213889,-112.169091670,-112.16909167,0,No Special Jurisdiction,15,Non-Motorist on Personal Conveyance,0,The First Harmful Event was Not a Collision with a Motor Vehicle in Transport,0,No,1,Non-Junction,1,Not an Intersection,0,None,,,1,On Roadway,3,Dark - Lighted,,,,,1,Clear,0,No,0000000,Not Applicable,99,Unknown,99,Unknown,99,Unknown EMS Scene Arrival Hour,99,Unknown EMS Scene Arrival Minutes,88,"Not Applicable (Not Transported) ",88,Not Applicable (Not Transported),,,,,,,1,
2022,4,40871,Arizona,3,3,0,0,0,4,4,13,MARICOPA (13),370,PHOENIX,16,16,5,May,2022,2,Monday,8,8:00am-8:59am,40,40,1,This section IS ON the NHS,2,Urban,3,Principal Arterial - Other,3,Town or Township Highway Agency,5,Local Street - Township,N TATUM DR,,0,None,33.57166389,33.57166389,-111.977747220,-111.97774722,0,No Special Jurisdiction,12,Motor Vehicle In-Transport,7,Sideswipe - Same Direction,0,No,1,Non-Junction,1,Not an Intersection,0,None,,,1,On Roadway,1,Daylight,,,,,1,Clear,0,No,0000000,Not Applicable,99,Unknown,99,Unknown,99,Unknown EMS Scene Arrival Hour,99,Unknown EMS Scene Arrival Minutes,99,Unknown,99,Unknown EMS Hospital Arrival Time,,,,,,,1,
2022,4,40872,Arizona,1,1,0,0,0,1,1,13,MARICOPA (13),30,AVONDALE,17,17,5,May,2022,3,Tuesday,99,Unknown Hours,99,Unknown Minutes,0,This section IS NOT on the NHS,9,Unknown,99,Unknown,99,Unknown,9,Unknown,N 103RD AVE,,0,None,99.99990000,99.99990000,999.999900000,999.99990000,0,No Special Jurisdiction,99,Reported as Unknown,99,Reported as Unknown,9,Reported as Unknown,99,Reported as Unknown,99,Reported as Unknown,0,None,,,99,Reported as Unknown,9,Reported as Unknown,,,,,99,Reported as Unknown,0,No,0000000,Not Applicable,99,Unknown,99,Unknown,99,Unknown EMS Scene Arrival Hour,99,Unknown EMS Scene Arrival Minutes,99,Unknown,99,Unknown EMS Hospital Arrival Time,,,,,,,1,
2022,4,40873,Arizona,3,3,0,0,0,3,3,13,MARICOPA (13),420,SCOTTSDALE,18,18,5,May,2022,4,Wednesday,5,5:00am-5:59am,0,0,0,This section IS NOT on the NHS,9,Unknown,99,Unknown,99,Unknown,9,Unknown,N 64TH ST,,0,None,99.99990000,99.99990000,999.999900000,999.99990000,0,No Special Jurisdiction,12,Motor Vehicle In-Transport,99,Reported as Unknown,9,Reported as Unknown,99,Reported as Unknown,99,Reported as Unknown,0,None,,,99,Reported as Unknown,9,Reported as Unknown,,,,,99,Reported as Unknown,0,No,0000000,Not Applicable,99,Unknown,99,Unknown,99,Unknown EMS Scene Arrival Hour,99,Unknown EMS Scene Arrival Minutes,99,Unknown,98,Unknown if Transported,,,,,,,1,
2022,4,40874,Arizona,1,1,0,1,1,2,2,13,MARICOPA (13),370,PHOENIX,21,21,5,May,2022,7,Saturday,19,7:00pm-7:59pm,54,54,0,This section IS NOT on the NHS,2,Urban,4,Minor Arterial,4,City or Municipal Highway Agency,6,Local Street - Municipality,E CAMELBACK,,0,None,33.50926111,33.50926111,-112.058963890,-112.05896389,0,No Special Jurisdiction,8,Pedestrian,0,The First Harmful Event was Not a Collision with a Motor Vehicle in Transport,0,No,1,Non-Junction,1,Not an Intersection,0,None,,,11,Continuous Left - Turn Lane,3,Dark - Lighted,,,,,1,Clear,0,No,0000000,Not Applicable,99,Unknown,99,Unknown,99,Unknown EMS Scene Arrival Hour,99,Unknown EMS Scene Arrival Minutes,99,Unknown,99,Unknown EMS Hospital Arrival Time,,,,,,,1,
2022,4,40875,Arizona,1,1,0,0,0,2,2,21,PINAL (21),405,SACATON,22,22,5,May,2022,1,Sunday,99,Unknown Hours,99,Unknown Minutes,0,This section IS NOT on the NHS,1,Rural,5,Major Collector,62,Bureau of Indian Affairs,8,Other,SACATON RD,,0,None,33.07956389,33.07956389,-111.744766670,-111.74476667,9,Unknown,99,Reported as Unknown,99,Reported as Unknown,0,No,1,Non-Junction,1,Not an Intersection,0,None,,,4,On Roadside,9,Reported as Unknown,,,,,99,Reported as Unknown,0,No,0000000,Not Applicable,99,Unknown,99,Unknown,99,Unknown EMS Scene Arrival Hour,99,Unknown EMS Scene Arrival Minutes,99,Unknown,99,Unknown EMS Hospital Arrival Time,,,,,,,1,
2022,4,40876,Arizona,2,2,0,0,0,2,2,19,PIMA (19),530,TUCSON,23,23,5,May,2022,2,Monday,14,2:00pm-2:59pm,45,45,0,This section IS NOT on the NHS,2,Urban,3,Principal Arterial - Other,4,City or Municipal Highway Agency,6,Local Street - Municipality,E SPEEDWAY BLVD,N JONES BLVD,0,None,32.23626667,32.23626667,-110.920386110,-110.92038611,0,No Special Jurisdiction,12,Motor Vehicle In-Transport,6,Angle,0,No,2,Intersection,3,T-Intersection,0,None,,,1,On Roadway,1,Daylight,,,,,1,Clear,0,No,0000000,Not Applicable,14,2:00pm-2:59pm,41,41,14,2:00pm-2:59pm,45,45,88,"Not Applicable (Not Transported) ",88,Not Applicable (Not Transported),,,,,,,1,
2022,4,40877,Arizona,1,1,0,0,0,1,1,15,MOHAVE (15),318,MOHAVE VALLEY,24,24,5,May,2022,3,Tuesday,14,2:00pm-2:59pm,0,0,0,This section IS NOT on the NHS,8,Not Reported,98,Not Reported,98,Not Reported,9,Unknown,BOUNDARY CONE RD,,0,None,77.77770000,77.77770000,777.777700000,777.77770000,0,No Special Jurisdiction,99,Reported as Unknown,99,Reported as Unknown,9,Reported as Unknown,99,Reported as Unknown,99,Reported as Unknown,0,None,,,99,Reported as Unknown,9,Reported as Unknown,,,,,99,Reported as Unknown,0,No,0000000,Not Applicable,99,Unknown,99,Unknown,99,Unknown EMS Scene Arrival Hour,99,Unknown EMS Scene Arrival Minutes,99,Unknown,99,Unknown EMS Hospital Arrival Time,,,,,,,1,
2022,4,40878,Arizona,1,1,0,0,0,1,1,7,GILA (7),365,PAYSON,28,28,5,May,2022,7,Saturday,99,Unknown Hours,99,Unknown Minutes,0,This section IS NOT on the NHS,1,Rural,99,Unknown,64,U.S. Forest Service,8,Other,NF-375B,,0,None,99.99990000,99.99990000,999.999900000,999.99990000,9,Unknown,99,Reported as Unknown,99,Reported as Unknown,0,No,1,Non-Junction,1,Not an Intersection,0,None,,,99,Reported as Unknown,9,Reported as Unknown,,,,,99,Reported as Unknown,0,No,0000000,Not Applicable,99,Unknown,99,Unknown,99,Unknown EMS Scene Arrival Hour,99,Unknown EMS Scene Arrival Minutes,99,Unknown,99,Unknown EMS Hospital Arrival Time,,,,,,,1,
2022,4,40879,Arizona,2,2,0,0,0,4,4,13,MARICOPA (13),60,BUCKEYE,28,28,5,May,2022,7,Saturday,23,11:00pm-11:59pm,49,49,0,This section IS NOT on the NHS,2,Urban,4,Minor Arterial,3,Town or Township Highway Agency,5,Local Street - Township,"S RAINBOW RD ",SUNDANCE PKWY,0,None,33.43114167,33.43114167,-112.538963890,-112.53896389,0,No Special Jurisdiction,12,Motor Vehicle In-Transport,6,Angle,0,No,2,Intersection,2,Four-Way Intersection,0,None,,,1,On Roadway,6,Dark - Unknown Lighting,,,,,99,Reported as Unknown,0,No,0000000,Not Applicable,99,Unknown,99,Unknown,99,Unknown EMS Scene Arrival Hour,99,Unknown EMS Scene Arrival Minutes,99,Unknown,99,Unknown EMS Hospital Arrival Time,,,,,,,1,
2022,4,40880,Arizona,1,1,0,1,1,2,2,13,MARICOPA (13),370,PHOENIX,30,30,5,May,2022,2,Monday,19,7:00pm-7:59pm,9,9,0,This section IS NOT on the NHS,2,Urban,4,Minor Arterial,4,City or Municipal Highway Agency,6,Local Street - Municipality,N 43RD AVE,,0,None,33.54701944,33.54701944,-112.151552780,-112.15155278,0,No Special Jurisdiction,8,Pedestrian,0,The First Harmful Event was Not a Collision with a Motor Vehicle in Transport,0,No,1,Non-Junction,1,Not an Intersection,0,None,,,1,On Roadway,3,Dark - Lighted,,,,,1,Clear,0,No,0000000,Not Applicable,19,7:00pm-7:59pm,9,9,19,7:00pm-7:59pm,14,14,19,7:00pm-7:59pm,36,36,,,,,,,1,
2022,4,40881,Arizona,1,1,0,0,0,1,1,13,MARICOPA (13),420,SCOTTSDALE,31,31,5,May,2022,3,Tuesday,99,Unknown Hours,99,Unknown Minutes,0,This section IS NOT on the NHS,2,Urban,98,Not Reported,98,Not Reported,8,Other,E MCKELLIPS RD,,0,None,99.99990000,99.99990000,999.999900000,999.99990000,0,No Special Jurisdiction,99,Reported as Unknown,99,Reported as Unknown,9,Reported as Unknown,99,Reported as Unknown,99,Reported as Unknown,0,None,,,99,Reported as Unknown,9,Reported as Unknown,,,,,99,Reported as Unknown,0,No,0000000,Not Applicable,99,Unknown,99,Unknown,99,Unknown EMS Scene Arrival Hour,99,Unknown EMS Scene Arrival Minutes,99,Unknown,98,Unknown if Transported,,,,,,,1,
2022,4,40882,Arizona,1,1,0,0,0,1,1,23,SANTA CRUZ (23),0,NOT APPLICABLE,31,31,5,May,2022,3,Tuesday,12,12:00pm-12:59pm,21,21,0,This section IS NOT on the NHS,1,Rural,98,Not Reported,98,Not Reported,9,Unknown,N VICTORIA DR,,0,None,31.39547778,31.39547778,-110.924083330,-110.92408333,0,No Special Jurisdiction,99,Reported as Unknown,99,Reported as Unknown,0,No,1,Non-Junction,1,Not an Intersection,0,None,,,4,On Roadside,9,Reported as Unknown,,,,,99,Reported as Unknown,0,No,0000000,Not Applicable,13,1:00pm-1:59pm,8,8,13,1:00pm-1:59pm,16,16,88,"Not Applicable (Not Transported) ",88,Not Applicable (Not Transported),,,,,,,1,
2022,4,40883,Arizona,1,1,0,1,1,1,1,13,MARICOPA (13),420,SCOTTSDALE,31,31,5,May,2022,3,Tuesday,18,6:00pm-6:59pm,52,52,0,This section IS NOT on the NHS,2,Urban,5,Major Collector,4,City or Municipal Highway Agency,6,Local Street - Municipality,E VIA LINDA,E MOUNTAIN VIEW RD,0,None,33.57392500,33.57392500,-111.864872220,-111.86487222,0,No Special Jurisdiction,8,Pedestrian,0,The First Harmful Event was Not a Collision with a Motor Vehicle in Transport,0,No,3,Intersection-Related,2,Four-Way Intersection,0,None,,,1,On Roadway,1,Daylight,,,,,1,Clear,0,No,0000000,Not Applicable,18,6:00pm-6:59pm,52,52,18,6:00pm-6:59pm,55,55,88,"Not Applicable (Not Transported) ",88,Not Applicable (Not Transported),,,,,,,1,
2022,4,40884,Arizona,2,2,0,0,0,4,4,19,PIMA (19),530,TUCSON,1,1,6,June,2022,4,Wednesday,11,11:00am-11:59am,41,41,0,This section IS NOT on the NHS,2,Urban,4,Minor Arterial,4,City or Municipal Highway Agency,6,Local Street - Municipality,E IRVINGTON RD,S MARIGOLD CIR,0,None,32.16293611,32.16293611,-110.838919440,-110.83891944,0,No Special Jurisdiction,12,Motor Vehicle In-Transport,6,Angle,0,No,2,Intersection,3,T-Intersection,0,None,,,1,On Roadway,1,Daylight,,,,,1,Clear,0,No,0000000,Not Applicable,99,Unknown,99,Unknown,99,Unknown EMS Scene Arrival Hour,99,Unknown EMS Scene Arrival Minutes,99,Unknown,99,Unknown EMS Hospital Arrival Time,,,,,,,1,
2022,4,40885,Arizona,2,2,0,0,0,2,2,25,YAVAPAI (25),434,SKULL VALLEY,3,3,6,June,2022,6,Friday,13,1:00pm-1:59pm,43,43,0,This section IS NOT on the NHS,1,Rural,5,Major Collector,2,County Highway Agency,4,County Road,CR-IRON SPRINGS RD,,0,None,34.53388333,34.53388333,-112.683863890,-112.68386389,0,No Special Jurisdiction,12,Motor Vehicle In-Transport,6,Angle,0,No,8,Driveway Access Related,1,Not an Intersection,0,None,,,1,On Roadway,1,Daylight,,,,,1,Clear,0,No,0000000,Not Applicable,13,1:00pm-1:59pm,50,50,14,2:00pm-2:59pm,2,2,99,Unknown,99,Unknown EMS Hospital Arrival Time,,,,,,,1,
2022,4,40886,Arizona,2,2,0,0,0,2,2,3,COCHISE (3),233,HEREFORD,3,3,6,June,2022,6,Friday,21,9:00pm-9:59pm,32,32,0,This section IS NOT on the NHS,1,Rural,5,Major Collector,2,County Highway Agency,8,Other,E RAMSEY RD,,0,None,31.46734444,31.46734444,-110.219466670,-110.21946667,0,No Special Jurisdiction,12,Motor Vehicle In-Transport,1,Front-to-Rear,0,No,1,Non-Junction,1,Not an Intersection,0,None,,,1,On Roadway,2,Dark - Not Lighted,,,,,1,Clear,0,No,0000000,Not Applicable,99,Unknown,99,Unknown,99,Unknown EMS Scene Arrival Hour,99,Unknown EMS Scene Arrival Minutes,99,Unknown,99,Unknown EMS Hospital Arrival Time,,,,,,,1,
2022,4,40887,Arizona,1,1,0,0,0,2,2,7,GILA (7),369,PERIDOT,5,5,6,June,2022,1,Sunday,12,12:00pm-12:59pm,10,10,0,This section IS NOT on the NHS,1,Rural,4,Minor Arterial,1,State Highway Agency,2,U.S. Highway,US-70,,159,159,33.31077778,33.31077778,-110.505711110,-110.50571111,0,No Special Jurisdiction,1,Rollover/Overturn,0,The First Harmful Event was Not a Collision with a Motor Vehicle in Transport,9,Reported as Unknown,99,Reported as Unknown,99,Reported as Unknown,0,None,,,99,Reported as Unknown,9,Reported as Unknown,,,,,99,Reported as Unknown,0,No,0000000,Not Applicable,99,Unknown,99,Unknown,99,Unknown EMS Scene Arrival Hour,99,Unknown EMS Scene Arrival Minutes,99,Unknown,98,Unknown if Transported,,,,,,,1,
2022,4,40888,Arizona,1,1,0,0,0,1,1,13,MARICOPA (13),420,SCOTTSDALE,5,5,6,June,2022,1,Sunday,22,10:00pm-10:59pm,27,27,0,This section IS NOT on the NHS,2,Urban,98,Not Reported,98,Not Reported,8,Other,E MCKELLIPS RD,,0,None,99.99990000,99.99990000,999.999900000,999.99990000,0,No Special Jurisdiction,99,Reported as Unknown,99,Reported as Unknown,9,Reported as Unknown,99,Reported as Unknown,99,Reported as Unknown,0,None,,,99,Reported as Unknown,9,Reported as Unknown,,,,,99,Reported as Unknown,0,No,0000000,Not Applicable,99,Unknown,99,Unknown,99,Unknown EMS Scene Arrival Hour,99,Unknown EMS Scene Arrival Minutes,99,Unknown,98,Unknown if Transported,,,,,,,1,
2022,4,40889,Arizona,3,3,0,0,0,3,3,19,PIMA (19),530,TUCSON,6,6,6,June,2022,2,Monday,17,5:00pm-5:59pm,29,29,0,This section IS NOT on the NHS,2,Urban,3,Principal Arterial - Other,4,City or Municipal Highway Agency,6,Local Street - Municipality,W GRANT RD,N STONE AVE,0,None,32.25028611,32.25028611,-110.971877780,-110.97187778,0,No Special Jurisdiction,12,Motor Vehicle In-Transport,6,Angle,0,No,2,Intersection,2,Four-Way Intersection,0,None,,,1,On Roadway,1,Daylight,,,,,1,Clear,0,No,0000000,Not Applicable,99,Unknown,99,Unknown,99,Unknown EMS Scene Arrival Hour,99,Unknown EMS Scene Arrival Minutes,99,Unknown,99,Unknown EMS Hospital Arrival Time,,,,,,,1,
2022,4,40890,Arizona,1,1,0,1,1,1,1,19,PIMA (19),530,TUCSON,6,6,6,June,2022,2,Monday,23,11:00pm-11:59pm,50,50,0,This section IS NOT on the NHS,2,Urban,4,Minor Arterial,4,City or Municipal Highway Agency,6,Local Street - Municipality,S CRAYCROFT RD,E 26TH ST,0,None,32.20244444,32.20244444,-110.875161110,-110.87516111,0,No Special Jurisdiction,8,Pedestrian,0,The First Harmful Event was Not a Collision with a Motor Vehicle in Transport,0,No,3,Intersection-Related,2,Four-Way Intersection,0,None,,,1,On Roadway,6,Dark - Unknown Lighting,,,,,1,Clear,0,No,0000000,Not Applicable,99,Unknown,99,Unknown,99,Unknown EMS Scene Arrival Hour,99,Unknown EMS Scene Arrival Minutes,99,Unknown,99,Unknown EMS Hospital Arrival Time,,,,,,,1,
2022,4,40891,Arizona,3,3,0,0,0,6,6,13,MARICOPA (13),370,PHOENIX,11,11,6,June,2022,7,Saturday,11,11:00am-11:59am,53,53,0,This section IS NOT on the NHS,2,Urban,4,Minor Arterial,4,City or Municipal Highway Agency,6,Local Street - Municipality,S 24TH ST,E SOUTHERN AVE,0,None,33.39314444,33.39314444,-112.030152780,-112.03015278,0,No Special Jurisdiction,12,Motor Vehicle In-Transport,6,Angle,0,No,2,Intersection,2,Four-Way Intersection,0,None,,,1,On Roadway,1,Daylight,,,,,1,Clear,0,No,0000000,Not Applicable,99,Unknown,99,Unknown,99,Unknown EMS Scene Arrival Hour,99,Unknown EMS Scene Arrival Minutes,99,Unknown,99,Unknown EMS Hospital Arrival Time,,,,,,,1,
2022,4,40892,Arizona,1,1,0,1,1,1,1,19,PIMA (19),530,TUCSON,11,11,6,June,2022,7,Saturday,22,10:00pm-10:59pm,55,55,1,This section IS ON the NHS,2,Urban,4,Minor Arterial,4,City or Municipal Highway Agency,6,Local Street - Municipality,W WETMORE RD,,0,None,32.28659722,32.28659722,-110.977627780,-110.97762778,0,No Special Jurisdiction,8,Pedestrian,0,The First Harmful Event was Not a Collision with a Motor Vehicle in Transport,0,No,1,Non-Junction,1,Not an Intersection,0,None,,,1,On Roadway,3,Dark - Lighted,,,,,1,Clear,0,No,0000000,Not Applicable,22,10:00pm-10:59pm,56,56,22,10:00pm-10:59pm,57,57,23,11:00pm-11:59pm,20,20,,,,,,,1,