caseyear,state,st_case,statename,ve_total,ve_forms,pvh_invl,peds,pernotmvit,permvit,persons,county,countyname,city,cityname,day,dayname,month,monthname,year,day_week,day_weekname,hour,hourname,minute,minutename,nhs,nhsname,rur_urb,rur_urbname,func_sys,func_sysname,rd_owner,rd_ownername,route,routename,tway_id,tway_id2,milept,mileptname,latitude,latitudename,longitud,longitudname,sp_jur,sp_jurname,harm_ev,harm_evname,man_coll,man_collname,reljct1,reljct1name,reljct2,reljct2name,typ_int,typ_intname,wrk_zone,wrk_zonename,road_fnc,road_fncname,rel_road,rel_roadname,lgt_cond,lgt_condname,weather1,weather1name,weather2,weather2name,weather,weathername,sch_bus,sch_busname,rail,railname,not_hour,not_hourname,not_min,not_minname,arr_hour,arr_hourname,arr_min,arr_minname,hosp_hr,hosp_hrname,hosp_mn,hosp_mnname,cf1,cf1name,cf2,cf2name,cf3,cf3name,fatals,drunk_dr
2022,4,41159,Arizona,1,1,0,1,1,1,1,13,MARICOPA (13),80,CHANDLER,27,27,10,October,2022,5,Thursday,4,4:00am-4:59am,43,43,0,This section IS NOT on the NHS,2,Urban,4,Minor Arterial,2,County Highway Agency,8,Other,HUNT HWY,,0,None,33.20411667,33.20411667,-111.834805560,-111.83480556,0,No Special Jurisdiction,8,Pedestrian,0,The First Harmful Event was Not a Collision with a Motor Vehicle in Transport,0,No,1,Non-Junction,1,Not an Intersection,0,None,,,1,On Roadway,3,Dark - Lighted,,,,,1,Clear,0,No,0000000,Not Applicable,4,4:00am-4:59am,45,45,4,4:00am-4:59am,52,52,88,"Not Applicable (Not Transported) ",88,Not Applicable (Not Transported),,,,,,,1,
2022,4,41160,Arizona,3,3,0,0,0,4,4,13,MARICOPA (13),370,PHOENIX,17,17,10,October,2022,2,Monday,16,4:00pm-4:59pm,43,43,0,This section IS NOT on the NHS,2,Urban,4,Minor Arterial,4,City or Municipal Highway Agency,6,Local Street - Municipality,W CACTUS RD,N 35TH AVE,0,None,33.59648056,33.59648056,-112.134466670,-112.13446667,0,No Special Jurisdiction,12,Motor Vehicle In-Transport,1,Front-to-Rear,0,No,3,Intersection-Related,2,Four-Way Intersection,0,None,,,1,On Roadway,1,Daylight,,,,,1,Clear,0,No,0000000,Not Applicable,99,Unknown,99,Unknown,99,Unknown EMS Scene Arrival Hour,99,Unknown EMS Scene Arrival Minutes,99,Unknown,99,Unknown EMS Hospital Arrival Time,,,,,,,1,
2022,4,41163,Arizona,1,1,0,0,0,1,1,13,MARICOPA (13),570,WICKENBURG,11,11,12,December,2022,1,Sunday,23,11:00pm-11:59pm,58,58,0,This section IS NOT on the NHS,1,Rural,4,Minor Arterial,1,State Highway Agency,2,U.S. Highway,US-60,,711,711,33.94729167,33.94729167,-112.882200000,-112.88220000,0,No Special Jurisdiction,1,Rollover/Overturn,0,The First Harmful Event was Not a Collision with a Motor Vehicle in Transport,0,No,1,Non-Junction,1,Not an Intersection,0,None,,,5,Outside Trafficway,2,Dark - Not Lighted,,,,,1,Clear,0,No,0000000,Not Applicable,0,0:00am-0:59am,1,1,0,0:00am-0:59am,18,18,88,"Not Applicable (Not Transported) ",88,Not Applicable (Not Transported),,,,,,,1,
2022,4,41164,Arizona,2,2,0,0,0,2,2,13,MARICOPA (13),370,PHOENIX,9,9,12,December,2022,6,Friday,20,8:00pm-8:59pm,27,27,0,This section IS NOT on the NHS,2,Urban,5,Major Collector,4,City or Municipal Highway Agency,6,Local Street - Municipality,75TH AVE,ENCANTO BLVD,0,None,33.47298333,33.47298333,-112.220813890,-112.22081389,0,No Special Jurisdiction,1,Rollover/Overturn,0,The First Harmful Event was Not a Collision with a Motor Vehicle in Transport,0,No,2,Intersection,2,Four-Way Intersection,0,None,,,1,On Roadway,3,Dark - Lighted,,,,,1,Clear,0,No,0000000,Not Applicable,20,8:00pm-8:59pm,29,29,20,8:00pm-8:59pm,31,31,88,"Not Applicable (Not Transported) ",88,Not Applicable (Not Transported),,,,,,,1,
2022,4,41165,Arizona,2,2,0,0,0,2,2,13,MARICOPA (13),220,GOODYEAR,2,2,10,October,2022,1,Sunday,20,8:00pm-8:59pm,21,21,0,This section IS NOT on the NHS,2,Urban,4,Minor Arterial,4,City or Municipal Highway Agency,6,Local Street - Municipality,N ESTRELLA PKWY,W ROOSEVELT ST,0,None,33.45736389,33.45736389,-112.392686110,-112.39268611,0,No Special Jurisdiction,12,Motor Vehicle In-Transport,6,Angle,0,No,2,Intersection,2,Four-Way Intersection,0,None,,,1,On Roadway,6,Dark - Unknown Lighting,,,,,99,Reported as Unknown,0,No,0000000,Not Applicable,20,8:00pm-8:59pm,22,22,20,8:00pm-8:59pm,27,27,20,8:00pm-8:59pm,48,48,,,,,,,1,
2022,4,41166,Arizona,1,1,0,1,1,1,1,13,MARICOPA (13),290,MESA,25,25,11,November,2022,6,Friday,3,3:00am-3:59am,47,47,0,This section IS NOT on the NHS,2,Urban,4,Minor Arterial,4,City or Municipal Highway Agency,6,Local Street - Municipality,BROADWAY RD,,0,None,33.40777778,33.40777778,-111.595086110,-111.59508611,0,No Special Jurisdiction,8,Pedestrian,0,The First Harmful Event was Not a Collision with a Motor Vehicle in Transport,0,No,1,Non-Junction,1,Not an Intersection,0,None,,,1,On Roadway,2,Dark - Not Lighted,,,,,1,Clear,0,No,0000000,Not Applicable,3,3:00am-3:59am,47,47,3,3:00am-3:59am,50,50,88,"Not Applicable (Not Transported) ",88,Not Applicable (Not Transported),,,,,,,1,
2022,4,41167,Arizona,1,1,0,1,1,1,1,3,COCHISE (3),130,DOUGLAS,19,19,8,August,2022,6,Friday,11,11:00am-11:59am,41,41,0,This section IS NOT on the NHS,2,Urban,6,Minor Collector,4,City or Municipal Highway Agency,6,Local Street - Municipality,9TH ST,,0,None,31.34346389,31.34346389,-109.550188890,-109.55018889,0,No Special Jurisdiction,8,Pedestrian,0,The First Harmful Event was Not a Collision with a Motor Vehicle in Transport,0,No,1,Non-Junction,1,Not an Intersection,0,None,,,1,On Roadway,1,Daylight,,,,,10,Cloudy,0,No,0000000,Not Applicable,11,11:00am-11:59am,43,43,11,11:00am-11:59am,43,43,11,11:00am-11:59am,55,55,,,,,,,1,
2022,4,41168,Arizona,1,1,0,0,0,1,1,13,MARICOPA (13),74,CAVE CREEK,8,8,10,October,2022,7,Saturday,23,11:00pm-11:59pm,46,46,0,This section IS NOT on the NHS,2,Urban,7,Local,98,Not Reported,8,Other,E VIOLA LN,E HIDDEN ROCK RD,0,None,33.83197500,33.83197500,-111.937713890,-111.93771389,0,No Special Jurisdiction,1,Rollover/Overturn,0,The First Harmful Event was Not a Collision with a Motor Vehicle in Transport,0,No,2,Intersection,4,Y-Intersection,0,None,,,1,On Roadway,3,Dark - Lighted,,,,,1,Clear,0,No,0000000,Not Applicable,23,11:00pm-11:59pm,47,47,23,11:00pm-11:59pm,55,55,0,0:00am-0:59am,46,46,,,,,,,1,
2022,4,41169,Arizona,1,1,0,1,1,1,1,13,MARICOPA (13),370,PHOENIX,21,21,10,October,2022,6,Friday,7,7:00am-7:59am,45,45,0,This section IS NOT on the NHS,2,Urban,4,Minor Arterial,4,City or Municipal Highway Agency,6,Local Street - Municipality,E THOMAS RD,N 56TH ST,0,None,33.47998889,33.47998889,-111.960836110,-111.96083611,0,No Special Jurisdiction,8,Pedestrian,0,The First Harmful Event was Not a Collision with a Motor Vehicle in Transport,0,No,3,Intersection-Related,2,Four-Way Intersection,0,None,,,1,On Roadway,1,Daylight,,,,,1,Clear,0,No,0000000,Not Applicable,7,7:00am-7:59am,46,46,7,7:00am-7:59am,50,50,7,7:00am-7:59am,59,59,,,,,,,1,
2022,4,41170,Arizona,2,2,0,1,1,1,1,13,MARICOPA (13),370,PHOENIX,23,23,10,October,2022,1,Sunday,5,5:00am-5:59am,29,29,0,This section IS NOT on the NHS,2,Urban,5,Major Collector,4,City or Municipal Highway Agency,6,Local Street - Municipality,N 12TH ST,,0,None,33.55388889,33.55388889,-112.056569440,-112.05656944,0,No Special Jurisdiction,12,Motor Vehicle In-Transport,99,Reported as Unknown,0,No,1,Non-Junction,1,Not an Intersection,0,None,,,1,On Roadway,3,Dark - Lighted,,,,,1,Clear,0,No,0000000,Not Applicable,5,5:00am-5:59am,52,52,5,5:00am-5:59am,59,59,6,6:00am-6:59am,12,12,,,,,,,1,
2022,4,41171,Arizona,2,2,0,0,0,3,3,21,PINAL (21),70,CASA GRANDE,3,3,11,November,2022,5,Thursday,21,9:00pm-9:59pm,28,28,0,This section IS NOT on the NHS,2,Urban,4,Minor Arterial,4,City or Municipal Highway Agency,3,State Highway,SR-84,E EARLEY RD,0,None,32.86493611,32.86493611,-111.737102780,-111.73710278,0,No Special Jurisdiction,12,Motor Vehicle In-Transport,6,Angle,0,No,2,Intersection,3,T-Intersection,0,None,,,1,On Roadway,2,Dark - Not Lighted,,,,,1,Clear,0,No,0000000,Not Applicable,21,9:00pm-9:59pm,30,30,21,9:00pm-9:59pm,37,37,21,9:00pm-9:59pm,58,58,,,,,,,1,
2022,4,41172,Arizona,2,2,0,0,0,3,3,7,GILA (7),369,PERIDOT,11,11,11,November,2022,6,Friday,99,Unknown Hours,99,Unknown Minutes,0,This section IS NOT on the NHS,1,Rural,4,Minor Arterial,62,Bureau of Indian Affairs,8,Other,BIA 3,,0,None,33.27333333,33.27333333,-110.459102780,-110.45910278,3,Indian Reservation,12,Motor Vehicle In-Transport,2,Front-to-Front,9,Reported as Unknown,99,Reported as Unknown,99,Reported as Unknown,0,None,,,99,Reported as Unknown,9,Reported as Unknown,,,,,99,Reported as Unknown,0,No,0000000,Not Applicable,99,Unknown,99,Unknown,99,Unknown EMS Scene Arrival Hour,99,Unknown EMS Scene Arrival Minutes,88,"Not Applicable (Not Transported) ",88,Not Applicable (Not Transported),,,,,,,3,
2022,4,41173,Arizona,1,1,0,0,0,1,1,13,MARICOPA (13),200,GLENDALE,12,12,11,November,2022,7,Saturday,23,11:00pm-11:59pm,48,48,0,This section IS NOT on the NHS,2,Urban,4,Minor Arterial,4,City or Municipal Highway Agency,6,Local Street - Municipality,83RD AVE,,0,None,99.99990000,99.99990000,999.999900000,999.99990000,0,No Special Jurisdiction,99,Reported as Unknown,99,Reported as Unknown,0,No,1,Non-Junction,1,Not an Intersection,0,None,,,98,Not Reported,6,Dark - Unknown Lighting,,,,,99,Reported as Unknown,0,No,0000000,Not Applicable,99,Unknown,99,Unknown,99,Unknown EMS Scene Arrival Hour,99,Unknown EMS Scene Arrival Minutes,99,Unknown,99,Unknown EMS Hospital Arrival Time,,,,,,,1,
2022,4,41174,Arizona,2,2,0,0,0,2,2,5,COCONINO (5),0,NOT APPLICABLE,17,17,11,November,2022,5,Thursday,17,5:00pm-5:59pm,29,29,0,This section IS NOT on the NHS,1,Rural,5,Major Collector,62,Bureau of Indian Affairs,8,Other,BIA 15,,0,None,35.30624444,35.30624444,-110.951072220,-110.95107222,0,No Special Jurisdiction,12,Motor Vehicle In-Transport,2,Front-to-Front,0,No,1,Non-Junction,1,Not an Intersection,0,None,,,1,On Roadway,9,Reported as Unknown,,,,,99,Reported as Unknown,0,No,0000000,Not Applicable,99,Unknown,99,Unknown,99,Unknown EMS Scene Arrival Hour,99,Unknown EMS Scene Arrival Minutes,99,Unknown,98,Unknown if Transported,,,,,,,2,
2022,4,41176,Arizona,2,2,0,0,0,2,2,7,GILA (7),0,NOT APPLICABLE,27,27,11,November,2022,1,Sunday,99,Unknown Hours,99,Unknown Minutes,0,This section IS NOT on the NHS,1,Rural,4,Minor Arterial,1,State Highway Agency,2,U.S. Highway,US-70,,39,39,33.36221389,33.36221389,-110.706216670,-110.70621667,0,No Special Jurisdiction,12,Motor Vehicle In-Transport,99,Reported as Unknown,9,Reported as Unknown,99,Reported as Unknown,99,Reported as Unknown,0,None,,,99,Reported as Unknown,9,Reported as Unknown,,,,,99,Reported as Unknown,0,No,0000000,Not Applicable,99,Unknown,99,Unknown,99,Unknown EMS Scene Arrival Hour,99,Unknown EMS Scene Arrival Minutes,99,Unknown,99,Unknown EMS Hospital Arrival Time,,,,,,,1,
2022,4,41177,Arizona,2,2,0,0,0,6,6,13,MARICOPA (13),486,SURPRISE,23,23,12,December,2022,6,Friday,20,8:00pm-8:59pm,57,57,1,This section IS ON the NHS,2,Urban,3,Principal Arterial - Other,4,City or Municipal Highway Agency,6,Local Street - Municipality,W BELL RD,AVENUE OF THE ARTS,0,None,33.63866667,33.63866667,-112.305286110,-112.30528611,0,No Special Jurisdiction,1,Rollover/Overturn,0,The First Harmful Event was Not a Collision with a Motor Vehicle in Transport,0,No,2,Intersection,2,Four-Way Intersection,0,None,,,1,On Roadway,3,Dark - Lighted,,,,,1,Clear,0,No,0000000,Not Applicable,20,8:00pm-8:59pm,55,55,21,9:00pm-9:59pm,4,4,99,Unknown,99,Unknown EMS Hospital Arrival Time,,,,,,,1,
2022,4,41179,Arizona,1,1,0,1,1,1,1,13,MARICOPA (13),370,PHOENIX,23,23,10,October,2022,1,Sunday,22,10:00pm-10:59pm,29,29,0,This section IS NOT on the NHS,2,Urban,5,Major Collector,4,City or Municipal Highway Agency,6,Local Street - Municipality,W ADAMS ST,N 21ST AVE,0,None,33.44913889,33.44913889,-112.104538890,-112.10453889,0,No Special Jurisdiction,8,Pedestrian,0,The First Harmful Event was Not a Collision with a Motor Vehicle in Transport,0,No,3,Intersection-Related,2,Four-Way Intersection,0,None,,,1,On Roadway,3,Dark - Lighted,,,,,1,Clear,0,No,0000000,Not Applicable,99,Unknown,99,Unknown,99,Unknown EMS Scene Arrival Hour,99,Unknown EMS Scene Arrival Minutes,99,Unknown,99,Unknown EMS Hospital Arrival Time,,,,,,,1,
2022,4,41180,Arizona,2,2,0,0,0,2,2,13,MARICOPA (13),370,PHOENIX,14,14,10,October,2022,6,Friday,3,3:00am-3:59am,0,0,1,This section IS ON the NHS,2,Urban,1,Interstate,1,State Highway Agency,1,Interstate,I-10,,1370,1370,33.46263056,33.46263056,-112.206008330,-112.20600833,0,No Special Jurisdiction,25,Concrete Traffic Barrier,0,The First Harmful Event was Not a Collision with a Motor Vehicle in Transport,1,Yes,5,Entrance/Exit Ramp Related,1,Not an Intersection,0,None,,,4,On Roadside,3,Dark - Lighted,,,,,1,Clear,0,No,0000000,Not Applicable,99,Unknown,99,Unknown,99,Unknown EMS Scene Arrival Hour,99,Unknown EMS Scene Arrival Minutes,99,Unknown,99,Unknown EMS Hospital Arrival Time,,,,,,,1,
2022,4,41181,Arizona,1,1,0,0,0,2,2,13,MARICOPA (13),200,GLENDALE,7,7,11,November,2022,2,Monday,99,Unknown Hours,99,Unknown Minutes,9,Unknown if this section is on the NHS,9,Unknown,99,Unknown,99,Unknown,9,Unknown,UNKNOWN,,0,None,99.99990000,99.99990000,999.999900000,999.99990000,0,No Special Jurisdiction,99,Reported as Unknown,99,Reported as Unknown,9,Reported as Unknown,99,Reported as Unknown,99,Reported as Unknown,0,None,,,99,Reported as Unknown,9,Reported as Unknown,,,,,99,Reported as Unknown,0,No,0000000,Not Applicable,99,Unknown,99,Unknown,99,Unknown EMS Scene Arrival Hour,99,Unknown EMS Scene Arrival Minutes,99,Unknown,98,Unknown if Transported,,,,,,,1,
2022,4,41182,Arizona,1,1,0,1,1,1,1,13,MARICOPA (13),370,PHOENIX,15,15,11,November,2022,3,Tuesday,99,Unknown Hours,99,Unknown Minutes,9,Unknown if this section is on the NHS,9,Unknown,99,Unknown,99,Unknown,9,Unknown,"UNKNOWN ",,0,None,99.99990000,99.99990000,999.999900000,999.99990000,0,No Special Jurisdiction,8,Pedestrian,0,The First Harmful Event was Not a Collision with a Motor Vehicle in Transport,9,Reported as Unknown,99,Reported as Unknown,99,Reported as Unknown,0,None,,,99,Reported as Unknown,9,Reported as Unknown,,,,,99,Reported as Unknown,0,No,0000000,Not Applicable,99,Unknown,99,Unknown,99,Unknown EMS Scene Arrival Hour,99,Unknown EMS Scene Arrival Minutes,99,Unknown,99,Unknown EMS Hospital Arrival Time,,,,,,,1,
2022,4,41183,Arizona,1,1,0,0,0,1,1,13,MARICOPA (13),0,NOT APPLICABLE,12,12,11,November,2022,7,Saturday,99,Unknown Hours,99,Unknown Minutes,0,This section IS NOT on the NHS,1,Rural,98,Not Reported,64,U.S. Forest Service,8,Other,NF-41,,0,None,34.00485833,34.00485833,-111.938025000,-111.93802500,9,Unknown,99,Reported as Unknown,99,Reported as Unknown,9,Reported as Unknown,99,Reported as Unknown,99,Reported as Unknown,0,None,,,99,Reported as Unknown,9,Reported as Unknown,,,,,99,Reported as Unknown,0,No,0000000,Not Applicable,99,Unknown,99,Unknown,99,Unknown EMS Scene Arrival Hour,99,Unknown EMS Scene Arrival Minutes,99,Unknown,99,Unknown EMS Hospital Arrival Time,,,,,,,1,
2022,4,41184,Arizona,1,1,0,1,1,3,3,13,MARICOPA (13),370,PHOENIX,4,4,11,November,2022,6,Friday,15,3:00pm-3:59pm,20,20,1,This section IS ON the NHS,2,Urban,1,Interstate,1,State Highway Agency,1,Interstate,I-10,,1480,1480,33.44797222,33.44797222,-112.037213890,-112.03721389,0,No Special Jurisdiction,8,Pedestrian,0,The First Harmful Event was Not a Collision with a Motor Vehicle in Transport,1,Yes,18,Through Roadway,1,Not an Intersection,0,None,,,1,On Roadway,1,Daylight,,,,,1,Clear,0,No,0000000,Not Applicable,99,Unknown,99,Unknown,99,Unknown EMS Scene Arrival Hour,99,Unknown EMS Scene Arrival Minutes,99,Unknown,99,Unknown EMS Hospital Arrival Time,,,,,,,1,
2022,4,41186,Arizona,1,1,0,1,1,1,1,13,MARICOPA (13),370,PHOENIX,26,26,12,December,2022,2,Monday,21,9:00pm-9:59pm,8,8,0,This section IS NOT on the NHS,2,Urban,4,Minor Arterial,4,City or Municipal Highway Agency,6,Local Street - Municipality,W BUCKEYE RD,,0,None,33.43676111,33.43676111,-112.115019440,-112.11501944,0,No Special Jurisdiction,8,Pedestrian,0,The First Harmful Event was Not a Collision with a Motor Vehicle in Transport,0,No,1,Non-Junction,1,Not an Intersection,0,None,,,1,On Roadway,3,Dark - Lighted,,,,,1,Clear,0,No,0000000,Not Applicable,99,Unknown,99,Unknown,99,Unknown EMS Scene Arrival Hour,99,Unknown EMS Scene Arrival Minutes,99,Unknown,99,Unknown EMS Hospital Arrival Time,,,,,,,1,
2022,4,41187,Arizona,1,1,0,0,0,1,1,27,YUMA (27),9999,Unknown,10,10,10,October,2022,2,Monday,19,7:00pm-7:59pm,2,2,0,This section IS NOT on the NHS,1,Rural,4,Minor Arterial,3,Town or Township Highway Agency,9,Unknown,E COUNTY 12TH ST,,0,None,99.99990000,99.99990000,999.999900000,999.99990000,0,No Special Jurisdiction,99,Reported as Unknown,99,Reported as Unknown,9,Reported as Unknown,99,Reported as Unknown,99,Reported as Unknown,0,None,,,99,Reported as Unknown,9,Reported as Unknown,,,,,99,Reported as Unknown,0,No,0000000,Not Applicable,99,Unknown,99,Unknown,99,Unknown EMS Scene Arrival Hour,98,Unknown if Arrived,99,Unknown,98,Unknown if Transported,,,,,,,1,
2022,4,41189,Arizona,1,1,0,0,0,1,1,1,APACHE (1),9999,Unknown,12,12,10,October,2022,4,Wednesday,1,1:00am-1:59am,40,40,0,This section IS NOT on the NHS,1,Rural,4,Minor Arterial,1,State Highway Agency,2,U.S. Highway,US-191,,4236,4236,35.85854722,35.85854722,-109.596402780,-109.59640278,0,No Special Jurisdiction,99,Reported as Unknown,99,Reported as Unknown,9,Reported as Unknown,99,Reported as Unknown,99,Reported as Unknown,0,None,,,99,Reported as Unknown,6,Dark - Unknown Lighting,,,,,99,Reported as Unknown,0,No,0000000,Not Applicable,99,Unknown,99,Unknown,99,Unknown EMS Scene Arrival Hour,99,Unknown EMS Scene Arrival Minutes,99,Unknown,98,Unknown if Transported,,,,,,,1,
2022,4,41190,Arizona,1,1,0,0,0,1,1,7,GILA (7),416,SAN CARLOS,14,14,10,October,2022,6,Friday,99,Unknown Hours,99,Unknown Minutes,0,This section IS NOT on the NHS,1,Rural,4,Minor Arterial,1,State Highway Agency,2,U.S. Highway,US-70,,49,49,33.35895556,33.35895556,-110.693788890,-110.69378889,0,No Special Jurisdiction,99,Reported as Unknown,99,Reported as Unknown,0,No,1,Non-Junction,1,Not an Intersection,0,None,,,99,Reported as Unknown,9,Reported as Unknown,,,,,99,Reported as Unknown,0,No,0000000,Not Applicable,99,Unknown,99,Unknown,99,Unknown EMS Scene Arrival Hour,99,Unknown EMS Scene Arrival Minutes,99,Unknown,99,Unknown EMS Hospital Arrival Time,,,,,,,1,
2022,4,41191,Arizona,1,1,0,0,0,1,1,13,MARICOPA (13),476,SUN CITY WEST,16,16,10,October,2022,1,Sunday,14,2:00pm-2:59pm,15,15,0,This section IS NOT on the NHS,2,Urban,6,Minor Collector,4,City or Municipal Highway Agency,6,Local Street - Municipality,N DESERT FLOWER TRL,W POWDERHORN DR,0,None,33.64479722,33.64479722,-112.365655560,-112.36565556,0,No Special Jurisdiction,33,Curb,0,The First Harmful Event was Not a Collision with a Motor Vehicle in Transport,0,No,3,Intersection-Related,3,T-Intersection,0,None,,,3,On Median,1,Daylight,,,,,98,Not Reported,0,No,0000000,Not Applicable,14,2:00pm-2:59pm,15,15,99,Unknown EMS Scene Arrival Hour,99,Unknown EMS Scene Arrival Minutes,99,Unknown,99,Unknown EMS Hospital Arrival Time,,,,,,,1,
2022,4,41192,Arizona,2,2,0,0,0,5,5,21,PINAL (21),435,SAN TAN VALLEY,22,22,10,October,2022,7,Saturday,17,5:00pm-5:59pm,30,30,0,This section IS NOT on the NHS,9,Unknown,99,Unknown,99,Unknown,9,Unknown,LOWER SAN TAN RD,,0,None,99.99990000,99.99990000,999.999900000,999.99990000,0,No Special Jurisdiction,12,Motor Vehicle In-Transport,99,Reported as Unknown,9,Reported as Unknown,99,Reported as Unknown,99,Reported as Unknown,0,None,,,99,Reported as Unknown,9,Reported as Unknown,,,,,99,Reported as Unknown,0,No,0000000,Not Applicable,99,Unknown,99,Unknown,99,Unknown EMS Scene Arrival Hour,99,Unknown EMS Scene Arrival Minutes,99,Unknown,99,Unknown EMS Hospital Arrival Time,,,,,,,4,
2022,4,41193,Arizona,2,2,0,0,0,2,2,13,MARICOPA (13),0,NOT APPLICABLE,24,24,10,October,2022,2,Monday,99,Unknown Hours,99,Unknown Minutes,0,This section IS NOT on the NHS,2,Urban,5,Major Collector,62,Bureau of Indian Affairs,9,Unknown,N ALMA SCHOOL RD,,0,None,99.99990000,99.99990000,999.999900000,999.99990000,3,Indian Reservation,12,Motor Vehicle In-Transport,99,Reported as Unknown,9,Reported as Unknown,99,Reported as Unknown,99,Reported as Unknown,0,None,,,1,On Roadway,9,Reported as Unknown,,,,,99,Reported as Unknown,0,No,0000000,Not Applicable,99,Unknown,99,Unknown,99,Unknown EMS Scene Arrival Hour,99,Unknown EMS Scene Arrival Minutes,99,Unknown,99,Unknown EMS Hospital Arrival Time,,,,,,,1,
2022,4,41194,Arizona,1,1,0,0,0,2,2,1,APACHE (1),0,NOT APPLICABLE,9,9,10,October,2022,1,Sunday,17,5:00pm-5:59pm,41,41,0,This section IS NOT on the NHS,9,Unknown,99,Unknown,99,Unknown,9,Unknown,WILLOW CREEK RD,,0,None,99.99990000,99.99990000,999.999900000,999.99990000,0,No Special Jurisdiction,99,Reported as Unknown,99,Reported as Unknown,9,Reported as Unknown,99,Reported as Unknown,99,Reported as Unknown,0,None,,,99,Reported as Unknown,9,Reported as Unknown,,,,,99,Reported as Unknown,0,No,0000000,Not Applicable,99,Unknown,99,Unknown,99,Unknown EMS Scene Arrival Hour,99,Unknown EMS Scene Arrival Minutes,99,Unknown,98,Unknown if Transported,,,,,,,1,
2022,4,41195,Arizona,2,2,0,0,0,3,3,13,MARICOPA (13),370,PHOENIX,6,6,12,December,2022,3,Tuesday,15,3:00pm-3:59pm,29,29,0,This section IS NOT on the NHS,2,Urban,4,Minor Arterial,4,City or Municipal Highway Agency,6,Local Street - Municipality,S 40TH ST,,0,None,33.30339722,33.30339722,-111.997233330,-111.99723333,0,No Special Jurisdiction,12,Motor Vehicle In-Transport,6,Angle,0,No,8,Driveway Access Related,1,Not an Intersection,0,None,,,1,On Roadway,1,Daylight,,,,,1,Clear,0,No,0000000,Not Applicable,99,Unknown,99,Unknown,99,Unknown EMS Scene Arrival Hour,99,Unknown EMS Scene Arrival Minutes,99,Unknown,99,Unknown EMS Hospital Arrival Time,,,,,,,1,
2022,4,41196,Arizona,3,3,0,0,0,4,4,13,MARICOPA (13),486,SURPRISE,4,4,3,March,2022,6,Friday,20,8:00pm-8:59pm,43,43,0,This section IS NOT on the NHS,1,Rural,4,Minor Arterial,2,County Highway Agency,8,Other,SUN VALLEY PKWY,,0,None,33.65028889,33.65028889,-112.501141670,-112.50114167,0,No Special Jurisdiction,12,Motor Vehicle In-Transport,1,Front-to-Rear,0,No,1,Non-Junction,1,Not an Intersection,0,None,,,1,On Roadway,2,Dark - Not Lighted,,,,,10,Cloudy,0,No,0000000,Not Applicable,20,8:00pm-8:59pm,40,40,20,8:00pm-8:59pm,58,58,99,Unknown,99,Unknown EMS Hospital Arrival Time,,,,,,,1,
2022,4,41197,Arizona,1,1,0,1,1,1,1,21,PINAL (21),0,NOT APPLICABLE,1,1,12,December,2022,5,Thursday,0,0:00am-0:59am,44,44,0,This section IS NOT on the NHS,2,Urban,4,Minor Arterial,4,City or Municipal Highway Agency,6,Local Street - Municipality,W COTTONWOOD LN,,0,None,32.89409167,32.89409167,-111.761180560,-111.76118056,0,No Special Jurisdiction,8,Pedestrian,0,The First Harmful Event was Not a Collision with a Motor Vehicle in Transport,0,No,1,Non-Junction,1,Not an Intersection,0,None,,,1,On Roadway,2,Dark - Not Lighted,,,,,1,Clear,0,No,0000000,Not Applicable,99,Unknown,99,Unknown,99,Unknown EMS Scene Arrival Hour,99,Unknown EMS Scene Arrival Minutes,99,Unknown,99,Unknown EMS Hospital Arrival Time,,,,,,,1,
2022,4,41198,Arizona,1,1,0,0,0,2,2,999,UNKNOWN (999),9999,Unknown,5,5,12,December,2022,2,Monday,99,Unknown Hours,99,Unknown Minutes,9,Unknown if this section is on the NHS,9,Unknown,99,Unknown,99,Unknown,9,Unknown,UNKNOWN,,99999,Unknown,99.99990000,99.99990000,999.999900000,999.99990000,9,Unknown,99,Reported as Unknown,99,Reported as Unknown,9,Reported as Unknown,99,Reported as Unknown,99,Reported as Unknown,0,None,,,99,Reported as Unknown,9,Reported as Unknown,,,,,99,Reported as Unknown,0,No,0000000,Not Applicable,99,Unknown,99,Unknown,99,Unknown EMS Scene Arrival Hour,99,Unknown EMS Scene Arrival Minutes,99,Unknown,99,Unknown EMS Hospital Arrival Time,,,,,,,1,
2022,4,41199,Arizona,1,1,0,0,0,1,1,13,MARICOPA (13),370,PHOENIX,6,6,12,December,2022,3,Tuesday,21,9:00pm-9:59pm,52,52,0,This section IS NOT on the NHS,2,Urban,4,Minor Arterial,4,City or Municipal Highway Agency,6,Local Street - Municipality,N 19TH AVE,W NORTHERN AVE,0,None,33.55321944,33.55321944,-112.099988890,-112.09998889,0,No Special Jurisdiction,30,Utility Pole/Light Support,0,The First Harmful Event was Not a Collision with a Motor Vehicle in Transport,0,No,3,Intersection-Related,2,Four-Way Intersection,0,None,,,4,On Roadside,3,Dark - Lighted,,,,,1,Clear,0,No,0000000,Not Applicable,99,Unknown,99,Unknown,99,Unknown EMS Scene Arrival Hour,99,Unknown EMS Scene Arrival Minutes,99,Unknown,99,Unknown EMS Hospital Arrival Time,,,,,,,1,