caseyear,state,st_case,statename,ve_total,ve_forms,pvh_invl,peds,pernotmvit,permvit,persons,county,countyname,city,cityname,day,dayname,month,monthname,year,day_week,day_weekname,hour,hourname,minute,minutename,nhs,nhsname,rur_urb,rur_urbname,func_sys,func_sysname,rd_owner,rd_ownername,route,routename,tway_id,tway_id2,milept,mileptname,latitude,latitudename,longitud,longitudname,sp_jur,sp_jurname,harm_ev,harm_evname,man_coll,man_collname,reljct1,reljct1name,reljct2,reljct2name,typ_int,typ_intname,wrk_zone,wrk_zonename,road_fnc,road_fncname,rel_road,rel_roadname,lgt_cond,lgt_condname,weather1,weather1name,weather2,weather2name,weather,weathername,sch_bus,sch_busname,rail,railname,not_hour,not_hourname,not_min,not_minname,arr_hour,arr_hourname,arr_min,arr_minname,hosp_hr,hosp_hrname,hosp_mn,hosp_mnname,cf1,cf1name,cf2,cf2name,cf3,cf3name,fatals,drunk_dr
2022,4,41200,Arizona,2,2,0,0,0,2,2,13,MARICOPA (13),200,GLENDALE,28,28,12,December,2022,4,Wednesday,15,3:00pm-3:59pm,0,0,0,This section IS NOT on the NHS,2,Urban,4,Minor Arterial,4,City or Municipal Highway Agency,6,Local Street - Municipality,N 59TH AVE,,0,None,33.54887778,33.54887778,-112.186286110,-112.18628611,0,No Special Jurisdiction,12,Motor Vehicle In-Transport,7,Sideswipe - Same Direction,0,No,1,Non-Junction,1,Not an Intersection,0,None,,,1,On Roadway,1,Daylight,,,,,1,Clear,0,No,0000000,Not Applicable,15,3:00pm-3:59pm,6,6,15,3:00pm-3:59pm,11,11,15,3:00pm-3:59pm,33,33,,,,,,,1,
2022,4,41201,Arizona,2,2,0,0,0,6,6,13,MARICOPA (13),30,AVONDALE,28,28,12,December,2022,4,Wednesday,9,9:00am-9:59am,50,50,0,This section IS NOT on the NHS,2,Urban,4,Minor Arterial,4,City or Municipal Highway Agency,6,Local Street - Municipality,N 107TH AVE,,0,None,99.99990000,99.99990000,999.999900000,999.99990000,0,No Special Jurisdiction,12,Motor Vehicle In-Transport,2,Front-to-Front,0,No,1,Non-Junction,1,Not an Intersection,0,None,,,1,On Roadway,1,Daylight,,,,,99,Reported as Unknown,0,No,0000000,Not Applicable,99,Unknown,99,Unknown,99,Unknown EMS Scene Arrival Hour,99,Unknown EMS Scene Arrival Minutes,99,Unknown,99,Unknown EMS Hospital Arrival Time,,,,,,,1,
2022,4,41202,Arizona,1,1,0,1,1,1,1,13,MARICOPA (13),370,PHOENIX,29,29,12,December,2022,5,Thursday,18,6:00pm-6:59pm,27,27,0,This section IS NOT on the NHS,2,Urban,4,Minor Arterial,4,City or Municipal Highway Agency,6,Local Street - Municipality,W SOUTHERN AVE,,0,None,33.39227222,33.39227222,-112.081100000,-112.08110000,0,No Special Jurisdiction,8,Pedestrian,0,The First Harmful Event was Not a Collision with a Motor Vehicle in Transport,0,No,1,Non-Junction,1,Not an Intersection,0,None,,,1,On Roadway,3,Dark - Lighted,,,,,1,Clear,0,No,0000000,Not Applicable,99,Unknown,99,Unknown,99,Unknown EMS Scene Arrival Hour,99,Unknown EMS Scene Arrival Minutes,99,Unknown,99,Unknown EMS Hospital Arrival Time,,,,,,,1,
2022,4,41203,Arizona,1,1,0,1,1,1,1,13,MARICOPA (13),200,GLENDALE,30,30,12,December,2022,6,Friday,0,0:00am-0:59am,42,42,0,This section IS NOT on the NHS,2,Urban,4,Minor Arterial,4,City or Municipal Highway Agency,6,Local Street - Municipality,N 91ST AVE,,0,None,99.99990000,99.99990000,999.999900000,999.99990000,0,No Special Jurisdiction,8,Pedestrian,0,The First Harmful Event was Not a Collision with a Motor Vehicle in Transport,0,No,1,Non-Junction,1,Not an Intersection,0,None,,,1,On Roadway,6,Dark - Unknown Lighting,,,,,99,Reported as Unknown,0,No,0000000,Not Applicable,99,Unknown,99,Unknown,99,Unknown EMS Scene Arrival Hour,99,Unknown EMS Scene Arrival Minutes,99,Unknown,99,Unknown EMS Hospital Arrival Time,,,,,,,1,
2022,4,41204,Arizona,1,1,0,1,1,2,2,13,MARICOPA (13),370,PHOENIX,31,31,12,December,2022,7,Saturday,20,8:00pm-8:59pm,13,13,0,This section IS NOT on the NHS,2,Urban,4,Minor Arterial,4,City or Municipal Highway Agency,6,Local Street - Municipality,N 24TH ST,E CAMPBELL AVE,0,None,33.50220833,33.50220833,-112.030180560,-112.03018056,0,No Special Jurisdiction,8,Pedestrian,0,The First Harmful Event was Not a Collision with a Motor Vehicle in Transport,0,No,3,Intersection-Related,2,Four-Way Intersection,0,None,,,1,On Roadway,3,Dark - Lighted,,,,,1,Clear,0,No,0000000,Not Applicable,99,Unknown,99,Unknown,99,Unknown EMS Scene Arrival Hour,99,Unknown EMS Scene Arrival Minutes,88,"Not Applicable (Not Transported) ",88,Not Applicable (Not Transported),,,,,,,1,
2022,4,41205,Arizona,1,1,0,1,1,1,1,13,MARICOPA (13),420,SCOTTSDALE,11,11,7,July,2022,2,Monday,0,0:00am-0:59am,47,47,0,This section IS NOT on the NHS,2,Urban,5,Major Collector,4,City or Municipal Highway Agency,6,Local Street - Municipality,N GOLDWATER BLVD,CAMELBACK RD,0,None,33.50199444,33.50199444,-111.930800000,-111.93080000,0,No Special Jurisdiction,8,Pedestrian,0,The First Harmful Event was Not a Collision with a Motor Vehicle in Transport,0,No,3,Intersection-Related,2,Four-Way Intersection,0,None,,,1,On Roadway,3,Dark - Lighted,,,,,1,Clear,0,No,0000000,Not Applicable,0,0:00am-0:59am,47,47,0,0:00am-0:59am,52,52,99,Unknown,99,Unknown EMS Hospital Arrival Time,,,,,,,1,
2022,4,41206,Arizona,1,1,0,0,0,1,1,13,MARICOPA (13),486,SURPRISE,4,4,12,December,2022,1,Sunday,14,2:00pm-2:59pm,37,37,0,This section IS NOT on the NHS,2,Urban,5,Major Collector,4,City or Municipal Highway Agency,6,Local Street - Municipality,N HAPPY TRAILS BLVD,W TRIGGER,0,None,33.64179167,33.64179167,-112.432302780,-112.43230278,0,No Special Jurisdiction,42,Tree (Standing Only),0,The First Harmful Event was Not a Collision with a Motor Vehicle in Transport,0,No,3,Intersection-Related,2,Four-Way Intersection,0,None,,,98,Not Reported,1,Daylight,,,,,98,Not Reported,0,No,0000000,Not Applicable,99,Unknown,99,Unknown,99,Unknown EMS Scene Arrival Hour,99,Unknown EMS Scene Arrival Minutes,99,Unknown,99,Unknown EMS Hospital Arrival Time,,,,,,,1,
2022,4,41207,Arizona,1,1,0,0,0,1,1,19,PIMA (19),530,TUCSON,18,18,11,November,2022,6,Friday,16,4:00pm-4:59pm,48,48,1,This section IS ON the NHS,2,Urban,3,Principal Arterial - Other,4,City or Municipal Highway Agency,6,Local Street - Municipality,CONGRESS RD,,0,None,32.22183056,32.22183056,-110.972247220,-110.97224722,0,No Special Jurisdiction,99,Reported as Unknown,99,Reported as Unknown,0,No,1,Non-Junction,1,Not an Intersection,0,None,,,1,On Roadway,1,Daylight,,,,,1,Clear,0,No,0000000,Not Applicable,99,Unknown,99,Unknown,99,Unknown EMS Scene Arrival Hour,99,Unknown EMS Scene Arrival Minutes,99,Unknown,99,Unknown EMS Hospital Arrival Time,,,,,,,1,
2022,4,41208,Arizona,1,1,0,0,0,2,2,19,PIMA (19),530,TUCSON,14,14,3,March,2022,2,Monday,11,11:00am-11:59am,15,15,0,This section IS NOT on the NHS,2,Urban,3,Principal Arterial - Other,2,County Highway Agency,6,Local Street - Municipality,W INA RD,,0,None,99.99990000,99.99990000,999.999900000,999.99990000,0,No Special Jurisdiction,5,Fell/Jumped from Vehicle,0,The First Harmful Event was Not a Collision with a Motor Vehicle in Transport,0,No,1,Non-Junction,1,Not an Intersection,0,None,,,1,On Roadway,1,Daylight,,,,,99,Reported as Unknown,0,No,0000000,Not Applicable,99,Unknown,99,Unknown,99,Unknown EMS Scene Arrival Hour,99,Unknown EMS Scene Arrival Minutes,88,"Not Applicable (Not Transported) ",88,Not Applicable (Not Transported),,,,,,,1,
2022,4,41209,Arizona,2,2,0,0,0,2,2,13,MARICOPA (13),290,MESA,7,7,8,August,2022,1,Sunday,12,12:00pm-12:59pm,20,20,0,This section IS NOT on the NHS,2,Urban,4,Minor Arterial,4,City or Municipal Highway Agency,6,Local Street - Municipality,N GREENFIELD RD,,0,None,33.41767500,33.41767500,-111.736461110,-111.73646111,0,No Special Jurisdiction,12,Motor Vehicle In-Transport,6,Angle,0,No,8,Driveway Access Related,1,Not an Intersection,0,None,,,1,On Roadway,1,Daylight,,,,,1,Clear,0,No,0000000,Not Applicable,99,Unknown,99,Unknown,99,Unknown EMS Scene Arrival Hour,99,Unknown EMS Scene Arrival Minutes,99,Unknown,99,Unknown EMS Hospital Arrival Time,,,,,,,1,
2022,4,41210,Arizona,1,1,0,0,0,2,2,13,MARICOPA (13),0,NOT APPLICABLE,23,23,12,December,2022,6,Friday,14,2:00pm-2:59pm,29,29,0,This section IS NOT on the NHS,1,Rural,98,Not Reported,64,U.S. Forest Service,9,Unknown,NF 41,,0,None,33.96930556,33.96930556,-112.031222220,-112.03122222,1,National Park Service,1,Rollover/Overturn,0,The First Harmful Event was Not a Collision with a Motor Vehicle in Transport,0,No,1,Non-Junction,1,Not an Intersection,0,None,,,4,On Roadside,1,Daylight,,,,,1,Clear,0,No,0000000,Not Applicable,99,Unknown,99,Unknown,99,Unknown EMS Scene Arrival Hour,99,Unknown EMS Scene Arrival Minutes,99,Unknown,99,Unknown EMS Hospital Arrival Time,,,,,,,1,
2022,4,41211,Arizona,2,2,0,0,0,2,2,13,MARICOPA (13),370,PHOENIX,30,30,12,December,2022,6,Friday,20,8:00pm-8:59pm,49,49,1,This section IS ON the NHS,2,Urban,3,Principal Arterial - Other,4,City or Municipal Highway Agency,6,Local Street - Municipality,W BELL RD,,0,None,33.64069722,33.64069722,-112.005941670,-112.00594167,0,No Special Jurisdiction,12,Motor Vehicle In-Transport,6,Angle,0,No,8,Driveway Access Related,1,Not an Intersection,0,None,,,1,On Roadway,3,Dark - Lighted,,,,,1,Clear,0,No,0000000,Not Applicable,99,Unknown,99,Unknown,99,Unknown EMS Scene Arrival Hour,99,Unknown EMS Scene Arrival Minutes,99,Unknown,99,Unknown EMS Hospital Arrival Time,,,,,,,1,
2022,4,41212,Arizona,1,1,0,0,0,1,1,13,MARICOPA (13),370,PHOENIX,31,31,12,December,2022,7,Saturday,20,8:00pm-8:59pm,13,13,0,This section IS NOT on the NHS,2,Urban,4,Minor Arterial,4,City or Municipal Highway Agency,6,Local Street - Municipality,N 24TH ST,,0,None,99.99990000,99.99990000,999.999900000,999.99990000,0,No Special Jurisdiction,99,Reported as Unknown,99,Reported as Unknown,9,Reported as Unknown,99,Reported as Unknown,99,Reported as Unknown,0,None,,,99,Reported as Unknown,6,Dark - Unknown Lighting,,,,,99,Reported as Unknown,0,No,0000000,Not Applicable,99,Unknown,99,Unknown,99,Unknown EMS Scene Arrival Hour,99,Unknown EMS Scene Arrival Minutes,99,Unknown,99,Unknown EMS Hospital Arrival Time,,,,,,,1,
2022,4,41213,Arizona,2,2,0,0,0,3,3,7,GILA (7),210,GLOBE,2,2,9,September,2022,6,Friday,17,5:00pm-5:59pm,38,38,1,This section IS ON the NHS,2,Urban,3,Principal Arterial - Other,1,State Highway Agency,2,U.S. Highway,US-60,,2153,2153,33.41896389,33.41896389,-110.814888890,-110.81488889,0,No Special Jurisdiction,12,Motor Vehicle In-Transport,6,Angle,0,No,8,Driveway Access Related,1,Not an Intersection,0,None,,,1,On Roadway,8,Not Reported,,,,,98,Not Reported,0,No,0000000,Not Applicable,17,5:00pm-5:59pm,38,38,17,5:00pm-5:59pm,45,45,18,6:00pm-6:59pm,14,14,,,,,,,1,
2022,4,41215,Arizona,1,1,0,0,0,1,1,13,MARICOPA (13),0,NOT APPLICABLE,16,16,9,September,2022,6,Friday,19,7:00pm-7:59pm,6,6,1,This section IS ON the NHS,1,Rural,3,Principal Arterial - Other,1,State Highway Agency,3,State Highway,SR-87 RAMP,,835,835,33.62870833,33.62870833,-111.558841670,-111.55884167,0,No Special Jurisdiction,18,Other Object (not fixed),0,The First Harmful Event was Not a Collision with a Motor Vehicle in Transport,1,Yes,5,Entrance/Exit Ramp Related,1,Not an Intersection,1,Construction,,,4,On Roadside,2,Dark - Not Lighted,,,,,1,Clear,0,No,0000000,Not Applicable,19,7:00pm-7:59pm,16,16,19,7:00pm-7:59pm,25,25,20,8:00pm-8:59pm,10,10,,,,,,,1,
2022,4,41216,Arizona,1,1,0,0,0,1,1,13,MARICOPA (13),60,BUCKEYE,24,24,9,September,2022,7,Saturday,10,10:00am-10:59am,59,59,0,This section IS NOT on the NHS,2,Urban,4,Minor Arterial,2,County Highway Agency,8,Other,N JACKRABBIT TRAIL,W MELVIN ST,0,None,33.45130556,33.45130556,-112.478719440,-112.47871944,0,No Special Jurisdiction,1,Rollover/Overturn,0,The First Harmful Event was Not a Collision with a Motor Vehicle in Transport,0,No,3,Intersection-Related,3,T-Intersection,0,None,,,4,On Roadside,1,Daylight,,,,,1,Clear,0,No,0000000,Not Applicable,10,10:00am-10:59am,52,52,10,10:00am-10:59am,58,58,11,11:00am-11:59am,17,17,,,,,,,1,
2022,4,41217,Arizona,2,2,0,0,0,2,2,1,APACHE (1),470,SPRINGERVILLE,13,13,10,October,2022,5,Thursday,14,2:00pm-2:59pm,15,15,1,This section IS ON the NHS,1,Rural,3,Principal Arterial - Other,1,State Highway Agency,2,U.S. Highway,US-60,,3476,3476,34.17809722,34.17809722,-109.323438890,-109.32343889,0,No Special Jurisdiction,12,Motor Vehicle In-Transport,8,Sideswipe - Opposite Direction,0,No,1,Non-Junction,1,Not an Intersection,0,None,,,1,On Roadway,1,Daylight,,,,,1,Clear,0,No,0000000,Not Applicable,14,2:00pm-2:59pm,21,21,14,2:00pm-2:59pm,27,27,99,Unknown,99,Unknown EMS Hospital Arrival Time,,,,,,,1,
2022,4,41218,Arizona,1,1,0,1,1,1,1,13,MARICOPA (13),370,PHOENIX,21,21,10,October,2022,6,Friday,21,9:00pm-9:59pm,56,56,0,This section IS NOT on the NHS,2,Urban,4,Minor Arterial,4,City or Municipal Highway Agency,6,Local Street - Municipality,E GREENWAY RD,,0,None,33.62628333,33.62628333,-112.016511110,-112.01651111,0,No Special Jurisdiction,8,Pedestrian,0,The First Harmful Event was Not a Collision with a Motor Vehicle in Transport,0,No,1,Non-Junction,1,Not an Intersection,0,None,,,1,On Roadway,3,Dark - Lighted,,,,,1,Clear,0,No,0000000,Not Applicable,21,9:00pm-9:59pm,58,58,22,10:00pm-10:59pm,3,3,88,"Not Applicable (Not Transported) ",88,Not Applicable (Not Transported),,,,,,,1,
2022,4,41219,Arizona,2,2,0,0,0,2,2,1,APACHE (1),128,DENNEHOTSO,26,26,10,October,2022,4,Wednesday,6,6:00am-6:59am,29,29,1,This section IS ON the NHS,1,Rural,3,Principal Arterial - Other,1,State Highway Agency,2,U.S. Highway,US-160,,1035,1035,36.81881389,36.81881389,-109.880672220,-109.88067222,0,No Special Jurisdiction,12,Motor Vehicle In-Transport,1,Front-to-Rear,0,No,1,Non-Junction,1,Not an Intersection,0,None,,,1,On Roadway,6,Dark - Unknown Lighting,,,,,1,Clear,0,No,0000000,Not Applicable,99,Unknown,99,Unknown,99,Unknown EMS Scene Arrival Hour,99,Unknown EMS Scene Arrival Minutes,99,Unknown,99,Unknown EMS Hospital Arrival Time,,,,,,,1,
2022,4,41221,Arizona,1,1,0,1,1,1,1,13,MARICOPA (13),370,PHOENIX,5,5,7,July,2022,3,Tuesday,8,8:00am-8:59am,18,18,0,This section IS NOT on the NHS,2,Urban,4,Minor Arterial,4,City or Municipal Highway Agency,6,Local Street - Municipality,S 19TH AVE,W BROADWAY RD,0,None,33.40686667,33.40686667,-112.099627780,-112.09962778,0,No Special Jurisdiction,8,Pedestrian,0,The First Harmful Event was Not a Collision with a Motor Vehicle in Transport,0,No,3,Intersection-Related,2,Four-Way Intersection,0,None,,,1,On Roadway,1,Daylight,,,,,10,Cloudy,0,No,0000000,Not Applicable,99,Unknown,99,Unknown,99,Unknown EMS Scene Arrival Hour,99,Unknown EMS Scene Arrival Minutes,99,Unknown,99,Unknown EMS Hospital Arrival Time,,,,,,,1,
2022,4,41224,Arizona,2,2,0,0,0,6,6,21,PINAL (21),110,COOLIDGE,3,3,6,June,2022,6,Friday,9,9:00am-9:59am,9,9,0,This section IS NOT on the NHS,2,Urban,3,Principal Arterial - Other,1,State Highway Agency,3,State Highway,SR-87,UN NAMED RD,0,None,32.99899167,32.99899167,-111.523902780,-111.52390278,0,No Special Jurisdiction,12,Motor Vehicle In-Transport,6,Angle,0,No,2,Intersection,3,T-Intersection,0,None,,,1,On Roadway,1,Daylight,,,,,1,Clear,0,No,0000000,Not Applicable,99,Unknown,99,Unknown,99,Unknown EMS Scene Arrival Hour,99,Unknown EMS Scene Arrival Minutes,99,Unknown,99,Unknown EMS Hospital Arrival Time,,,,,,,1,
2022,4,41225,Arizona,1,1,0,1,1,1,1,13,MARICOPA (13),510,TOLLESON,12,12,6,June,2022,1,Sunday,21,9:00pm-9:59pm,40,40,0,This section IS NOT on the NHS,2,Urban,4,Minor Arterial,4,City or Municipal Highway Agency,6,Local Street - Municipality,N 99TH AVE,,0,None,77.77770000,77.77770000,777.777700000,777.77770000,0,No Special Jurisdiction,8,Pedestrian,0,The First Harmful Event was Not a Collision with a Motor Vehicle in Transport,8,Not Reported,98,Not Reported,98,Not Reported,0,None,,,1,On Roadway,6,Dark - Unknown Lighting,,,,,98,Not Reported,0,No,0000000,Not Applicable,99,Unknown,99,Unknown,99,Unknown EMS Scene Arrival Hour,99,Unknown EMS Scene Arrival Minutes,99,Unknown,98,Unknown if Transported,,,,,,,1,
2022,4,41226,Arizona,1,1,0,1,1,1,1,13,MARICOPA (13),370,PHOENIX,17,17,6,June,2022,6,Friday,0,0:00am-0:59am,0,0,0,This section IS NOT on the NHS,2,Urban,4,Minor Arterial,4,City or Municipal Highway Agency,6,Local Street - Municipality,N 83RD AVE,,0,None,77.77770000,77.77770000,777.777700000,777.77770000,0,No Special Jurisdiction,8,Pedestrian,0,The First Harmful Event was Not a Collision with a Motor Vehicle in Transport,8,Not Reported,98,Not Reported,98,Not Reported,0,None,,,98,Not Reported,8,Not Reported,,,,,98,Not Reported,0,No,0000000,Not Applicable,99,Unknown,99,Unknown,99,Unknown EMS Scene Arrival Hour,99,Unknown EMS Scene Arrival Minutes,99,Unknown,98,Unknown if Transported,,,,,,,1,
2022,4,41227,Arizona,1,1,0,0,0,1,1,13,MARICOPA (13),486,SURPRISE,24,24,7,July,2022,1,Sunday,16,4:00pm-4:59pm,34,34,0,This section IS NOT on the NHS,2,Urban,7,Local,98,Not Reported,9,Unknown,W ELY DR,,0,None,33.64760556,33.64760556,-112.372638890,-112.37263889,0,No Special Jurisdiction,5,Fell/Jumped from Vehicle,0,The First Harmful Event was Not a Collision with a Motor Vehicle in Transport,0,No,1,Non-Junction,1,Not an Intersection,0,None,,,1,On Roadway,1,Daylight,,,,,1,Clear,0,No,0000000,Not Applicable,16,4:00pm-4:59pm,34,34,16,4:00pm-4:59pm,37,37,16,4:00pm-4:59pm,44,44,,,,,,,1,
2022,4,41228,Arizona,1,1,0,0,0,1,1,13,MARICOPA (13),370,PHOENIX,16,16,8,August,2022,3,Tuesday,0,0:00am-0:59am,0,0,0,This section IS NOT on the NHS,2,Urban,4,Minor Arterial,4,City or Municipal Highway Agency,6,Local Street - Municipality,S 48TH ST,,0,None,33.34728611,33.34728611,-111.980483330,-111.98048333,0,No Special Jurisdiction,99,Reported as Unknown,99,Reported as Unknown,8,Not Reported,98,Not Reported,98,Not Reported,0,None,,,98,Not Reported,8,Not Reported,,,,,98,Not Reported,0,No,0000000,Not Applicable,99,Unknown,99,Unknown,99,Unknown EMS Scene Arrival Hour,99,Unknown EMS Scene Arrival Minutes,99,Unknown,99,Unknown EMS Hospital Arrival Time,,,,,,,1,
2022,4,41229,Arizona,2,2,0,0,0,2,2,13,MARICOPA (13),200,GLENDALE,19,19,9,September,2022,2,Monday,10,10:00am-10:59am,11,11,1,This section IS ON the NHS,2,Urban,3,Principal Arterial - Other,1,State Highway Agency,2,U.S. Highway,US-60,,1233,1233,33.54517778,33.54517778,-112.193775000,-112.19377500,0,No Special Jurisdiction,12,Motor Vehicle In-Transport,1,Front-to-Rear,0,No,1,Non-Junction,1,Not an Intersection,0,None,,,1,On Roadway,1,Daylight,,,,,1,Clear,0,No,0000000,Not Applicable,10,10:00am-10:59am,55,55,10,10:00am-10:59am,58,58,11,11:00am-11:59am,30,30,,,,,,,1,
2022,4,41230,Arizona,1,1,0,1,1,1,1,13,MARICOPA (13),420,SCOTTSDALE,28,28,5,May,2022,7,Saturday,0,0:00am-0:59am,0,0,0,This section IS NOT on the NHS,2,Urban,4,Minor Arterial,4,City or Municipal Highway Agency,6,Local Street - Municipality,E MCDOWELL RD,,0,None,77.77770000,77.77770000,777.777700000,777.77770000,0,No Special Jurisdiction,15,Non-Motorist on Personal Conveyance,0,The First Harmful Event was Not a Collision with a Motor Vehicle in Transport,0,No,98,Not Reported,98,Not Reported,0,None,,,98,Not Reported,8,Not Reported,,,,,98,Not Reported,0,No,0000000,Not Applicable,99,Unknown,99,Unknown,99,Unknown EMS Scene Arrival Hour,99,Unknown EMS Scene Arrival Minutes,99,Unknown,99,Unknown EMS Hospital Arrival Time,,,,,,,1,
2022,4,41231,Arizona,1,1,0,0,0,1,1,13,MARICOPA (13),525,TONOPAH,29,29,12,December,2022,5,Thursday,6,6:00am-6:59am,14,14,0,This section IS NOT on the NHS,1,Rural,4,Minor Arterial,2,County Highway Agency,8,Other,N HARQUAHALA VALLEY RD,,0,None,33.53778056,33.53778056,-113.161705560,-113.16170556,0,No Special Jurisdiction,1,Rollover/Overturn,0,The First Harmful Event was Not a Collision with a Motor Vehicle in Transport,0,No,1,Non-Junction,1,Not an Intersection,0,None,,,4,On Roadside,2,Dark - Not Lighted,,,,,1,Clear,0,No,0000000,Not Applicable,6,6:00am-6:59am,14,14,6,6:00am-6:59am,14,14,88,"Not Applicable (Not Transported) ",88,Not Applicable (Not Transported),,,,,,,1,
2022,4,41232,Arizona,2,2,0,0,0,2,2,3,COCHISE (3),40,BENSON,15,15,11,November,2022,3,Tuesday,14,2:00pm-2:59pm,27,27,0,This section IS NOT on the NHS,1,Rural,4,Minor Arterial,1,State Highway Agency,3,State Highway,SR-10B,S SUNSET CACTUS,0,None,31.97090556,31.97090556,-110.313888890,-110.31388889,0,No Special Jurisdiction,12,Motor Vehicle In-Transport,6,Angle,0,No,2,Intersection,3,T-Intersection,0,None,,,1,On Roadway,1,Daylight,,,,,1,Clear,0,No,0000000,Not Applicable,99,Unknown,99,Unknown,99,Unknown EMS Scene Arrival Hour,99,Unknown EMS Scene Arrival Minutes,99,Unknown,99,Unknown EMS Hospital Arrival Time,,,,,,,1,
2022,4,41233,Arizona,1,1,0,1,1,2,2,19,PIMA (19),530,TUCSON,2,2,12,December,2022,6,Friday,17,5:00pm-5:59pm,25,25,0,This section IS NOT on the NHS,2,Urban,4,Minor Arterial,2,County Highway Agency,6,Local Street - Municipality,N LA CHOLLA BLVD,W RUTHRAUFF RD,0,None,32.29446944,32.29446944,-111.012330560,-111.01233056,0,No Special Jurisdiction,8,Pedestrian,0,The First Harmful Event was Not a Collision with a Motor Vehicle in Transport,0,No,3,Intersection-Related,2,Four-Way Intersection,0,None,,,1,On Roadway,3,Dark - Lighted,,,,,1,Clear,0,No,0000000,Not Applicable,99,Unknown,99,Unknown,99,Unknown EMS Scene Arrival Hour,99,Unknown EMS Scene Arrival Minutes,99,Unknown,99,Unknown EMS Hospital Arrival Time,,,,,,,1,
2022,4,41236,Arizona,1,1,0,0,0,1,1,3,COCHISE (3),9997,Other,8,8,12,December,2022,5,Thursday,14,2:00pm-2:59pm,15,15,1,This section IS ON the NHS,2,Urban,3,Principal Arterial - Other,1,State Highway Agency,3,State Highway,SR-80,SR-92,608,608,31.42907778,31.42907778,-109.892263890,-109.89226389,0,No Special Jurisdiction,38,Fence,0,The First Harmful Event was Not a Collision with a Motor Vehicle in Transport,1,Yes,3,Intersection-Related,5,Traffic Circle,0,None,,,4,On Roadside,1,Daylight,,,,,99,Reported as Unknown,0,No,0000000,Not Applicable,99,Unknown,99,Unknown,99,Unknown EMS Scene Arrival Hour,99,Unknown EMS Scene Arrival Minutes,99,Unknown,99,Unknown EMS Hospital Arrival Time,,,,,,,1,
2022,4,41237,Arizona,1,1,0,0,0,2,2,19,PIMA (19),530,TUCSON,31,31,12,December,2022,7,Saturday,22,10:00pm-10:59pm,0,0,0,This section IS NOT on the NHS,9,Unknown,99,Unknown,99,Unknown,9,Unknown,UNKNOWN NAME,,0,None,32.01892778,32.01892778,-110.725800000,-110.72580000,0,No Special Jurisdiction,5,Fell/Jumped from Vehicle,0,The First Harmful Event was Not a Collision with a Motor Vehicle in Transport,8,Not Reported,98,Not Reported,98,Not Reported,0,None,,,98,Not Reported,6,Dark - Unknown Lighting,,,,,98,Not Reported,0,No,0000000,Not Applicable,99,Unknown,99,Unknown,99,Unknown EMS Scene Arrival Hour,99,Unknown EMS Scene Arrival Minutes,99,Unknown,99,Unknown EMS Hospital Arrival Time,,,,,,,1,
2022,4,41238,Arizona,2,2,0,0,0,3,3,13,MARICOPA (13),370,PHOENIX,5,5,12,December,2022,2,Monday,15,3:00pm-3:59pm,32,32,0,This section IS NOT on the NHS,2,Urban,4,Minor Arterial,4,City or Municipal Highway Agency,6,Local Street - Municipality,S 48TH ST,PRIVATE DR,0,None,33.32139167,33.32139167,-111.980050000,-111.98005000,0,No Special Jurisdiction,12,Motor Vehicle In-Transport,2,Front-to-Front,0,No,3,Intersection-Related,2,Four-Way Intersection,0,None,,,11,Continuous Left - Turn Lane,1,Daylight,,,,,1,Clear,0,No,0000000,Not Applicable,99,Unknown,99,Unknown,99,Unknown EMS Scene Arrival Hour,99,Unknown EMS Scene Arrival Minutes,99,Unknown,99,Unknown EMS Hospital Arrival Time,,,,,,,1,
2022,4,41239,Arizona,1,1,0,0,0,1,1,999,UNKNOWN (999),9999,Unknown,17,17,6,June,2022,6,Friday,99,Unknown Hours,99,Unknown Minutes,9,Unknown if this section is on the NHS,9,Unknown,99,Unknown,99,Unknown,9,Unknown,UNKOWN,,0,None,99.99990000,99.99990000,999.999900000,999.99990000,9,Unknown,99,Reported as Unknown,99,Reported as Unknown,9,Reported as Unknown,99,Reported as Unknown,99,Reported as Unknown,0,None,,,99,Reported as Unknown,9,Reported as Unknown,,,,,99,Reported as Unknown,0,No,0000000,Not Applicable,99,Unknown,99,Unknown,99,Unknown EMS Scene Arrival Hour,99,Unknown EMS Scene Arrival Minutes,99,Unknown,99,Unknown EMS Hospital Arrival Time,,,,,,,1,
2022,4,41240,Arizona,1,1,0,0,0,1,1,17,NAVAJO (17),0,NOT APPLICABLE,5,5,6,June,2022,1,Sunday,18,6:00pm-6:59pm,52,52,0,This section IS NOT on the NHS,1,Rural,98,Not Reported,62,Bureau of Indian Affairs,8,Other,BIA - 41,,0,None,36.53526111,36.53526111,-110.461150000,-110.46115000,3,Indian Reservation,11,Live Animal,0,The First Harmful Event was Not a Collision with a Motor Vehicle in Transport,0,No,1,Non-Junction,1,Not an Intersection,0,None,,,1,On Roadway,8,Not Reported,,,,,98,Not Reported,0,No,0000000,Not Applicable,99,Unknown,99,Unknown,99,Unknown EMS Scene Arrival Hour,99,Unknown EMS Scene Arrival Minutes,99,Unknown,99,Unknown EMS Hospital Arrival Time,,,,,,,1,