caseyear,state,st_case,statename,ve_total,ve_forms,pvh_invl,peds,pernotmvit,permvit,persons,county,countyname,city,cityname,day,dayname,month,monthname,year,day_week,day_weekname,hour,hourname,minute,minutename,nhs,nhsname,rur_urb,rur_urbname,func_sys,func_sysname,rd_owner,rd_ownername,route,routename,tway_id,tway_id2,milept,mileptname,latitude,latitudename,longitud,longitudname,sp_jur,sp_jurname,harm_ev,harm_evname,man_coll,man_collname,reljct1,reljct1name,reljct2,reljct2name,typ_int,typ_intname,wrk_zone,wrk_zonename,road_fnc,road_fncname,rel_road,rel_roadname,lgt_cond,lgt_condname,weather1,weather1name,weather2,weather2name,weather,weathername,sch_bus,sch_busname,rail,railname,not_hour,not_hourname,not_min,not_minname,arr_hour,arr_hourname,arr_min,arr_minname,hosp_hr,hosp_hrname,hosp_mn,hosp_mnname,cf1,cf1name,cf2,cf2name,cf3,cf3name,fatals,drunk_dr
2022,4,41241,Arizona,1,1,0,0,0,3,3,25,YAVAPAI (25),423,SELIGMAN,2,2,9,September,2022,6,Friday,22,10:00pm-10:59pm,35,35,0,This section IS NOT on the NHS,1,Rural,98,Not Reported,98,Not Reported,9,Unknown,W BAD DOG RD,,0,None,35.27044444,35.27044444,-113.062197220,-113.06219722,0,No Special Jurisdiction,99,Reported as Unknown,99,Reported as Unknown,0,No,1,Non-Junction,1,Not an Intersection,0,None,,,98,Not Reported,2,Dark - Not Lighted,,,,,1,Clear,0,No,0000000,Not Applicable,22,10:00pm-10:59pm,35,35,23,11:00pm-11:59pm,30,30,99,Unknown,99,Unknown EMS Hospital Arrival Time,,,,,,,1,
2023,4,40001,Arizona,3,3,0,0,0,12,12,13,MARICOPA (13),370,PHOENIX,1,1,1,January,2023,1,Sunday,15,3:00pm-3:59pm,40,40,1,This Section IS ON the NHS,2,Urban,3,Other Principal Arterial,4,City or Municipal Highway Agency,0,Not Signed,N 51ST AVE,W INDIAN SCHOOL RD,0,None,33.49228611,33.49228611,-112.168991670,-112.16899167,0,No Special Jurisdiction,12,Motor Vehicle In-Transport,2,Front-to-Front,0,No,3,Intersection-Related,2,Four-Way Intersection,0,None,,,1,On Roadway,1,Daylight,,,,,2,Rain,0,No,0000000,Not Applicable,99,Unknown,99,Unknown,99,Unknown EMS Scene Arrival Hour,99,Unknown EMS Scene Arrival Minutes,99,Unknown,99,Unknown EMS Hospital Arrival Time,,,,,,,1,
2023,4,40002,Arizona,2,2,0,0,0,4,4,12,LA PAZ (12),555,WENDEN,1,1,1,January,2023,1,Sunday,14,2:00pm-2:59pm,6,6,0,This Section IS NOT on the NHS,1,Rural,4,Minor Arterial,1,State Highway Agency,2,U.S. Highway,US-60,,303,303,33.82136389,33.82136389,-113.543430560,-113.54343056,0,No Special Jurisdiction,12,Motor Vehicle In-Transport,2,Front-to-Front,0,No,1,Non-Junction,1,Not an Intersection,0,None,,,1,On Roadway,1,Daylight,,,,,10,Cloudy,0,No,0000000,Not Applicable,14,2:00pm-2:59pm,9,9,14,2:00pm-2:59pm,28,28,88,"Not Applicable (Not Transported) ",88,Not Applicable (Not Transported),,,,,,,2,
2023,4,40003,Arizona,1,1,0,0,0,1,1,19,PIMA (19),530,TUCSON,2,2,1,January,2023,2,Monday,1,1:00am-1:59am,12,12,1,This Section IS ON the NHS,2,Urban,3,Other Principal Arterial,1,State Highway Agency,1,Interstate,I-10,,630,630,32.19940556,32.19940556,-110.979383330,-110.97938333,0,No Special Jurisdiction,25,Concrete Traffic Barrier,0,The First Harmful Event was Not a Collision with a Motor Vehicle in Transport,1,Yes,5,Entrance/Exit Ramp Related,1,Not an Intersection,0,None,,,4,On Roadside,3,Dark - Lighted,,,,,1,Clear,0,No,0000000,Not Applicable,1,1:00am-1:59am,21,21,1,1:00am-1:59am,27,27,88,"Not Applicable (Not Transported) ",88,Not Applicable (Not Transported),,,,,,,1,
2023,4,40004,Arizona,1,1,0,1,1,1,1,13,MARICOPA (13),420,SCOTTSDALE,4,4,1,January,2023,4,Wednesday,22,10:00pm-10:59pm,35,35,1,This Section IS ON the NHS,2,Urban,3,Other Principal Arterial,4,City or Municipal Highway Agency,6,Municipal,MU-N SCOTTSDALE RD,,0,None,33.60850556,33.60850556,-111.925930560,-111.92593056,0,No Special Jurisdiction,8,Pedestrian,0,The First Harmful Event was Not a Collision with a Motor Vehicle in Transport,0,No,1,Non-Junction,1,Not an Intersection,0,None,,,1,On Roadway,3,Dark - Lighted,,,,,1,Clear,0,No,0000000,Not Applicable,22,10:00pm-10:59pm,39,39,22,10:00pm-10:59pm,44,44,23,11:00pm-11:59pm,2,2,,,,,,,1,
2023,4,40005,Arizona,2,2,0,0,0,2,2,21,PINAL (21),472,STANFIELD,2,2,1,January,2023,2,Monday,18,6:00pm-6:59pm,9,9,1,This Section IS ON the NHS,1,Rural,3,Other Principal Arterial,1,State Highway Agency,1,Interstate,I-8,,1577,1577,99.99990000,99.99990000,999.999900000,999.99990000,0,No Special Jurisdiction,12,Motor Vehicle In-Transport,7,Sideswipe - Same Direction,0,No,1,Non-Junction,1,Not an Intersection,0,None,,,1,On Roadway,2,Dark - Not Lighted,,,,,10,Cloudy,0,No,0000000,Not Applicable,18,6:00pm-6:59pm,9,9,18,6:00pm-6:59pm,38,38,20,8:00pm-8:59pm,50,50,,,,,,,1,
2023,4,40007,Arizona,2,2,0,0,0,2,2,17,NAVAJO (17),232,HEBER,4,4,1,January,2023,4,Wednesday,18,6:00pm-6:59pm,21,21,0,This Section IS NOT on the NHS,1,Rural,5,Major Collector,1,State Highway Agency,3,State Highway,SR-377,,99,99,34.58788333,34.58788333,-110.398969440,-110.39896944,0,No Special Jurisdiction,12,Motor Vehicle In-Transport,2,Front-to-Front,0,No,1,Non-Junction,1,Not an Intersection,0,None,,,1,On Roadway,2,Dark - Not Lighted,,,,,1,Clear,0,No,0000000,Not Applicable,18,6:00pm-6:59pm,23,23,18,6:00pm-6:59pm,45,45,99,Unknown,99,Unknown EMS Hospital Arrival Time,,,,,,,1,
2023,4,40008,Arizona,1,1,0,1,1,1,1,19,PIMA (19),530,TUCSON,5,5,1,January,2023,5,Thursday,6,6:00am-6:59am,30,30,0,This Section IS NOT on the NHS,2,Urban,3,Other Principal Arterial,4,City or Municipal Highway Agency,6,Municipal,MU- W INA RD,,0,None,32.33709722,32.33709722,-110.985947220,-110.98594722,0,No Special Jurisdiction,8,Pedestrian,0,The First Harmful Event was Not a Collision with a Motor Vehicle in Transport,0,No,1,Non-Junction,1,Not an Intersection,0,None,,,4,On Roadside,2,Dark - Not Lighted,,,,,1,Clear,0,No,0000000,Not Applicable,6,6:00am-6:59am,31,31,6,6:00am-6:59am,35,35,99,Unknown,99,Unknown EMS Hospital Arrival Time,,,,,,,1,
2023,4,40011,Arizona,2,2,0,0,0,2,2,13,MARICOPA (13),475,SUN CITY,8,8,1,January,2023,1,Sunday,15,3:00pm-3:59pm,51,51,1,This Section IS ON the NHS,1,Rural,3,Other Principal Arterial,1,State Highway Agency,2,U.S. Highway,US-60,MP-130,992,992,33.75592500,33.75592500,-112.500688890,-112.50068889,1,National Park Service,12,Motor Vehicle In-Transport,6,Angle,1,Yes,2,Intersection,3,T-Intersection,0,None,,,1,On Roadway,1,Daylight,,,,,1,Clear,0,No,0000000,Not Applicable,15,3:00pm-3:59pm,52,52,15,3:00pm-3:59pm,54,54,16,4:00pm-4:59pm,19,19,,,,,,,1,
2023,4,40012,Arizona,1,1,0,0,0,2,2,5,COCONINO (5),9999,Unknown,9,9,1,January,2023,2,Monday,0,0:00am-0:59am,47,47,0,This Section IS NOT on the NHS,1,Rural,4,Minor Arterial,1,State Highway Agency,3,State Highway,SR-87,,2118,2118,34.90716667,34.90716667,-110.842219440,-110.84221944,0,No Special Jurisdiction,11,Live Animal,0,The First Harmful Event was Not a Collision with a Motor Vehicle in Transport,0,No,1,Non-Junction,1,Not an Intersection,0,None,,,1,On Roadway,2,Dark - Not Lighted,,,,,1,Clear,0,No,0000000,Not Applicable,0,0:00am-0:59am,57,57,1,1:00am-1:59am,13,13,99,Unknown,99,Unknown EMS Hospital Arrival Time,,,,,,,1,
2023,4,40014,Arizona,1,1,0,1,1,1,1,13,MARICOPA (13),420,SCOTTSDALE,10,10,1,January,2023,3,Tuesday,19,7:00pm-7:59pm,32,32,0,This Section IS NOT on the NHS,2,Urban,3,Other Principal Arterial,4,City or Municipal Highway Agency,6,Municipal,MU-SCOTTSDALE RD,,0,None,33.60764722,33.60764722,-111.925913890,-111.92591389,0,No Special Jurisdiction,8,Pedestrian,0,The First Harmful Event was Not a Collision with a Motor Vehicle in Transport,0,No,1,Non-Junction,1,Not an Intersection,0,None,,,1,On Roadway,3,Dark - Lighted,,,,,1,Clear,0,No,0000000,Not Applicable,19,7:00pm-7:59pm,32,32,19,7:00pm-7:59pm,38,38,88,"Not Applicable (Not Transported) ",88,Not Applicable (Not Transported),,,,,,,1,
2023,4,40015,Arizona,2,2,0,1,1,6,6,1,APACHE (1),495,TEEC NOS POS,11,11,1,January,2023,4,Wednesday,8,8:00am-8:59am,48,48,1,This Section IS ON the NHS,1,Rural,3,Other Principal Arterial,1,State Highway Agency,2,U.S. Highway,US-160,,1585,1585,36.92883056,36.92883056,-109.081222220,-109.08122222,0,No Special Jurisdiction,8,Pedestrian,0,The First Harmful Event was Not a Collision with a Motor Vehicle in Transport,0,No,1,Non-Junction,1,Not an Intersection,0,None,,,1,On Roadway,1,Daylight,,,,,1,Clear,0,No,0000000,Not Applicable,8,8:00am-8:59am,46,46,9,9:00am-9:59am,2,2,99,Unknown,99,Unknown EMS Hospital Arrival Time,,,,,,,1,
2023,4,40018,Arizona,2,2,0,0,0,3,3,19,PIMA (19),219,GREEN VALLEY,13,13,1,January,2023,6,Friday,18,6:00pm-6:59pm,21,21,1,This Section IS ON the NHS,2,Urban,3,Other Principal Arterial,1,State Highway Agency,1,Interstate,I-19,,381,381,31.83151389,31.83151389,-111.000319440,-111.00031944,0,No Special Jurisdiction,12,Motor Vehicle In-Transport,6,Angle,0,No,1,Non-Junction,1,Not an Intersection,0,None,,,1,On Roadway,1,Daylight,,,,,1,Clear,0,No,0000000,Not Applicable,18,6:00pm-6:59pm,31,31,18,6:00pm-6:59pm,36,36,99,Unknown,99,Unknown EMS Hospital Arrival Time,,,,,,,1,
2023,4,40021,Arizona,5,5,0,0,0,6,6,19,PIMA (19),530,TUCSON,20,20,1,January,2023,6,Friday,10,10:00am-10:59am,47,47,1,This Section IS ON the NHS,2,Urban,3,Other Principal Arterial,1,State Highway Agency,1,Interstate,I-10,,2682,2682,32.12199722,32.12199722,-110.869608330,-110.86960833,0,No Special Jurisdiction,12,Motor Vehicle In-Transport,7,Sideswipe - Same Direction,0,No,1,Non-Junction,1,Not an Intersection,0,None,,,1,On Roadway,1,Daylight,,,,,1,Clear,0,No,0000000,Not Applicable,10,10:00am-10:59am,47,47,10,10:00am-10:59am,57,57,11,11:00am-11:59am,20,20,,,,,,,1,
2023,4,40023,Arizona,1,1,0,0,0,1,1,13,MARICOPA (13),290,MESA,21,21,1,January,2023,7,Saturday,3,3:00am-3:59am,18,18,0,This Section IS NOT on the NHS,2,Urban,4,Minor Arterial,4,City or Municipal Highway Agency,6,Municipal,MU-E DECATUR ST,,0,None,33.42658889,33.42658889,-111.720966670,-111.72096667,0,No Special Jurisdiction,30,Utility Pole/Light Support,0,The First Harmful Event was Not a Collision with a Motor Vehicle in Transport,0,No,1,Non-Junction,1,Not an Intersection,0,None,,,4,On Roadside,3,Dark - Lighted,,,,,1,Clear,0,No,0000000,Not Applicable,3,3:00am-3:59am,18,18,3,3:00am-3:59am,22,22,88,"Not Applicable (Not Transported) ",88,Not Applicable (Not Transported),,,,,,,1,
2023,4,40024,Arizona,4,4,0,0,0,10,10,13,MARICOPA (13),370,PHOENIX,21,21,1,January,2023,7,Saturday,18,6:00pm-6:59pm,36,36,1,This Section IS ON the NHS,2,Urban,3,Other Principal Arterial,1,State Highway Agency,1,Interstate,I-10,,1400,1400,33.46220556,33.46220556,-112.153891670,-112.15389167,0,No Special Jurisdiction,12,Motor Vehicle In-Transport,1,Front-to-Rear,0,No,1,Non-Junction,1,Not an Intersection,0,None,,,1,On Roadway,3,Dark - Lighted,,,,,1,Clear,0,No,0000000,Not Applicable,18,6:00pm-6:59pm,36,36,18,6:00pm-6:59pm,45,45,19,7:00pm-7:59pm,0,0,,,,,,,1,
2023,4,40025,Arizona,2,2,0,0,0,3,3,13,MARICOPA (13),290,MESA,23,23,1,January,2023,2,Monday,17,5:00pm-5:59pm,35,35,0,This Section IS NOT on the NHS,2,Urban,4,Minor Arterial,4,City or Municipal Highway Agency,6,Municipal,MU-E RAY RD,S 71ST ST,99999,Unknown,33.32255833,33.32255833,-111.680716670,-111.68071667,0,No Special Jurisdiction,12,Motor Vehicle In-Transport,6,Angle,0,No,2,Intersection,2,Four-Way Intersection,0,None,,,1,On Roadway,1,Daylight,,,,,10,Cloudy,0,No,0000000,Not Applicable,17,5:00pm-5:59pm,35,35,17,5:00pm-5:59pm,45,45,18,6:00pm-6:59pm,15,15,,,,,,,1,
2023,4,40026,Arizona,2,2,0,0,0,4,4,21,PINAL (21),22,APACHE JUNCTION,28,28,1,January,2023,7,Saturday,17,5:00pm-5:59pm,13,13,0,This Section IS NOT on the NHS,2,Urban,3,Other Principal Arterial,1,State Highway Agency,6,Municipal,MU-IDAHO RD,JUNCTION ST,99998,Not Reported,33.41511111,33.41511111,-111.546097220,-111.54609722,0,No Special Jurisdiction,12,Motor Vehicle In-Transport,6,Angle,1,Yes,2,Intersection,3,T-Intersection,0,None,,,1,On Roadway,1,Daylight,,,,,1,Clear,0,No,0000000,Not Applicable,17,5:00pm-5:59pm,13,13,17,5:00pm-5:59pm,24,24,88,"Not Applicable (Not Transported) ",88,Not Applicable (Not Transported),,,,,,,1,
2023,4,40028,Arizona,1,1,0,1,1,2,2,13,MARICOPA (13),290,MESA,30,30,1,January,2023,2,Monday,17,5:00pm-5:59pm,19,19,0,This Section IS NOT on the NHS,2,Urban,5,Major Collector,4,City or Municipal Highway Agency,6,Municipal,"MU-S COUNTRY CLUB DR ",W 8TH AVE,0,None,33.40065278,33.40065278,-111.840216670,-111.84021667,0,No Special Jurisdiction,9,Pedalcyclist,0,The First Harmful Event was Not a Collision with a Motor Vehicle in Transport,0,No,3,Intersection-Related,2,Four-Way Intersection,0,None,,,1,On Roadway,1,Daylight,,,,,1,Clear,0,No,0000000,Not Applicable,17,5:00pm-5:59pm,20,20,17,5:00pm-5:59pm,30,30,17,5:00pm-5:59pm,40,40,,,,,,,1,
2023,4,40029,Arizona,3,3,0,0,0,3,3,19,PIMA (19),530,TUCSON,31,31,1,January,2023,3,Tuesday,4,4:00am-4:59am,1,1,1,This Section IS ON the NHS,2,Urban,3,Other Principal Arterial,1,State Highway Agency,1,Interstate,I-10,,2652,2652,32.15498611,32.15498611,-110.904525000,-110.90452500,0,No Special Jurisdiction,12,Motor Vehicle In-Transport,1,Front-to-Rear,0,No,1,Non-Junction,1,Not an Intersection,4,"Work Zone, Type Unknown",,,1,On Roadway,2,Dark - Not Lighted,,,,,1,Clear,0,No,0000000,Not Applicable,4,4:00am-4:59am,4,4,4,4:00am-4:59am,14,14,88,"Not Applicable (Not Transported) ",88,Not Applicable (Not Transported),,,,,,,1,
2023,4,40030,Arizona,1,1,0,0,0,2,2,13,MARICOPA (13),290,MESA,30,30,1,January,2023,2,Monday,4,4:00am-4:59am,35,35,0,This Section IS NOT on the NHS,1,Rural,7,Local,4,City or Municipal Highway Agency,6,Municipal,MU-E INDIGO ST,N 58TH ST,99998,Not Reported,33.44572778,33.44572778,-111.705708330,-111.70570833,0,No Special Jurisdiction,42,Tree (Standing Only),0,The First Harmful Event was Not a Collision with a Motor Vehicle in Transport,1,Yes,3,Intersection-Related,3,T-Intersection,0,None,,,4,On Roadside,3,Dark - Lighted,,,,,1,Clear,0,No,0000000,Not Applicable,4,4:00am-4:59am,38,38,4,4:00am-4:59am,53,53,5,5:00am-5:59am,20,20,,,,,,,1,
2023,4,40032,Arizona,2,2,0,0,0,2,2,19,PIMA (19),530,TUCSON,31,31,1,January,2023,3,Tuesday,11,11:00am-11:59am,0,0,0,This Section IS NOT on the NHS,2,Urban,4,Minor Arterial,4,City or Municipal Highway Agency,6,Municipal,MU-PALO VERDE RD,IRVINGTON RD,99999,Unknown,32.16322222,32.16322222,-110.917655560,-110.91765556,0,No Special Jurisdiction,12,Motor Vehicle In-Transport,6,Angle,1,Yes,2,Intersection,2,Four-Way Intersection,0,None,,,1,On Roadway,1,Daylight,,,,,1,Clear,0,No,0000000,Not Applicable,11,11:00am-11:59am,6,6,11,11:00am-11:59am,9,9,99,Unknown,99,Unknown EMS Hospital Arrival Time,,,,,,,1,
2023,4,40033,Arizona,1,1,0,0,0,4,4,19,PIMA (19),530,TUCSON,7,7,1,January,2023,7,Saturday,6,6:00am-6:59am,54,54,1,This Section IS ON the NHS,2,Urban,3,Other Principal Arterial,1,State Highway Agency,1,Interstate,I-10,,2702,2702,32.10848889,32.10848889,-110.848602780,-110.84860278,0,No Special Jurisdiction,1,Rollover/Overturn,0,The First Harmful Event was Not a Collision with a Motor Vehicle in Transport,0,No,1,Non-Junction,1,Not an Intersection,0,None,,,1,On Roadway,4,Dawn,,,,,1,Clear,0,No,0000000,Not Applicable,7,7:00am-7:59am,1,1,7,7:00am-7:59am,8,8,8,8:00am-8:59am,0,0,,,,,,,3,
2023,4,40034,Arizona,6,6,0,0,0,11,11,13,MARICOPA (13),80,CHANDLER,12,12,1,January,2023,5,Thursday,6,6:00am-6:59am,15,15,1,This Section IS ON the NHS,2,Urban,3,Other Principal Arterial,1,State Highway Agency,1,Interstate,I-10,,1602,1602,33.31221667,33.31221667,-111.972097220,-111.97209722,0,No Special Jurisdiction,12,Motor Vehicle In-Transport,1,Front-to-Rear,1,Yes,18,Through Roadway,1,Not an Intersection,1,Construction,,,1,On Roadway,3,Dark - Lighted,,,,,1,Clear,0,No,0000000,Not Applicable,6,6:00am-6:59am,18,18,6,6:00am-6:59am,24,24,99,Unknown,99,Unknown EMS Hospital Arrival Time,,,,,,,5,
2023,4,40035,Arizona,2,2,0,0,0,6,6,25,YAVAPAI (25),105,CONGRESS,20,20,1,January,2023,6,Friday,13,1:00pm-1:59pm,1,1,1,This Section IS ON the NHS,1,Rural,3,Other Principal Arterial,1,State Highway Agency,2,U.S. Highway,US-93,,1802,1802,34.01897500,34.01897500,-112.800619440,-112.80061944,0,No Special Jurisdiction,12,Motor Vehicle In-Transport,2,Front-to-Front,0,No,1,Non-Junction,1,Not an Intersection,0,None,,,1,On Roadway,1,Daylight,,,,,10,Cloudy,0,No,0000000,Not Applicable,13,1:00pm-1:59pm,1,1,13,1:00pm-1:59pm,26,26,99,Unknown,99,Unknown EMS Hospital Arrival Time,,,,,,,2,
2023,4,40036,Arizona,1,1,0,0,0,2,2,13,MARICOPA (13),370,PHOENIX,25,25,1,January,2023,4,Wednesday,21,9:00pm-9:59pm,43,43,1,This Section IS ON the NHS,2,Urban,3,Other Principal Arterial,1,State Highway Agency,3,State Highway,SR-51,,70,70,33.55748333,33.55748333,-112.038197220,-112.03819722,0,No Special Jurisdiction,25,Concrete Traffic Barrier,0,The First Harmful Event was Not a Collision with a Motor Vehicle in Transport,0,No,1,Non-Junction,1,Not an Intersection,0,None,,,4,On Roadside,3,Dark - Lighted,,,,,10,Cloudy,0,No,0000000,Not Applicable,21,9:00pm-9:59pm,47,47,22,10:00pm-10:59pm,0,0,22,10:00pm-10:59pm,17,17,,,,,,,1,
2023,4,40037,Arizona,2,2,0,1,1,3,3,19,PIMA (19),295,MARANA,1,1,2,February,2023,4,Wednesday,1,1:00am-1:59am,17,17,1,This Section IS ON the NHS,2,Urban,1,Interstate,1,State Highway Agency,1,Interstate,I-10,,2473,2473,32.34763333,32.34763333,-111.077694440,-111.07769444,0,No Special Jurisdiction,8,Pedestrian,0,The First Harmful Event was Not a Collision with a Motor Vehicle in Transport,0,No,1,Non-Junction,1,Not an Intersection,0,None,,,1,On Roadway,2,Dark - Not Lighted,,,,,1,Clear,0,No,0000000,Not Applicable,1,1:00am-1:59am,26,26,1,1:00am-1:59am,26,26,88,"Not Applicable (Not Transported) ",88,Not Applicable (Not Transported),,,,,,,1,
2023,4,40038,Arizona,1,1,0,1,1,2,2,13,MARICOPA (13),190,GILBERT,1,1,2,February,2023,4,Wednesday,14,2:00pm-2:59pm,57,57,0,This Section IS NOT on the NHS,2,Urban,4,Minor Arterial,4,City or Municipal Highway Agency,6,Municipal,MU-S HIGLEY RD,,99998,Not Reported,33.26341944,33.26341944,-111.720422220,-111.72042222,0,No Special Jurisdiction,9,Pedalcyclist,0,The First Harmful Event was Not a Collision with a Motor Vehicle in Transport,0,No,1,Non-Junction,1,Not an Intersection,0,None,,,1,On Roadway,1,Daylight,,,,,1,Clear,0,No,0000000,Not Applicable,14,2:00pm-2:59pm,57,57,15,3:00pm-3:59pm,5,5,15,3:00pm-3:59pm,30,30,,,,,,,1,
2023,4,40039,Arizona,2,1,1,0,0,2,2,13,MARICOPA (13),370,PHOENIX,3,3,2,February,2023,6,Friday,3,3:00am-3:59am,9,9,0,This Section IS NOT on the NHS,2,Urban,6,Minor Collector,4,City or Municipal Highway Agency,0,Not Signed,W PARADISE LANE,,0,None,33.63240833,33.63240833,-112.145369440,-112.14536944,0,No Special Jurisdiction,18,Other Object (not fixed),0,The First Harmful Event was Not a Collision with a Motor Vehicle in Transport,0,No,1,Non-Junction,1,Not an Intersection,0,None,,,2,On Shoulder,3,Dark - Lighted,,,,,1,Clear,0,No,0000000,Not Applicable,3,3:00am-3:59am,12,12,3,3:00am-3:59am,18,18,3,3:00am-3:59am,40,40,,,,,,,1,
2023,4,40040,Arizona,2,2,0,0,0,3,3,13,MARICOPA (13),420,SCOTTSDALE,3,3,2,February,2023,6,Friday,11,11:00am-11:59am,26,26,0,This Section IS NOT on the NHS,2,Urban,4,Minor Arterial,4,City or Municipal Highway Agency,6,Municipal,MU-MCDOWELL,PIMA RD,0,None,33.46588611,33.46588611,-111.891791670,-111.89179167,0,No Special Jurisdiction,12,Motor Vehicle In-Transport,6,Angle,0,No,2,Intersection,2,Four-Way Intersection,0,None,,,1,On Roadway,1,Daylight,,,,,1,Clear,0,No,0000000,Not Applicable,11,11:00am-11:59am,26,26,11,11:00am-11:59am,31,31,11,11:00am-11:59am,45,45,,,,,,,1,
2023,4,40042,Arizona,1,1,0,1,1,1,1,13,MARICOPA (13),370,PHOENIX,4,4,2,February,2023,7,Saturday,3,3:00am-3:59am,48,48,0,This Section IS NOT on the NHS,2,Urban,3,Other Principal Arterial,4,City or Municipal Highway Agency,6,Municipal,MU-S 7TH ST,,0,None,33.42961667,33.42961667,-112.065069440,-112.06506944,0,No Special Jurisdiction,8,Pedestrian,0,The First Harmful Event was Not a Collision with a Motor Vehicle in Transport,0,No,1,Non-Junction,1,Not an Intersection,0,None,,,1,On Roadway,3,Dark - Lighted,,,,,1,Clear,0,No,0000000,Not Applicable,3,3:00am-3:59am,50,50,3,3:00am-3:59am,56,56,4,4:00am-4:59am,8,8,,,,,,,1,
2023,4,40043,Arizona,2,2,0,1,1,2,2,13,MARICOPA (13),370,PHOENIX,7,7,2,February,2023,3,Tuesday,4,4:00am-4:59am,25,25,0,This Section IS NOT on the NHS,2,Urban,4,Minor Arterial,4,City or Municipal Highway Agency,6,Municipal,MU-N 7TH ST,,0,None,33.45332222,33.45332222,-112.082627780,-112.08262778,0,No Special Jurisdiction,8,Pedestrian,0,The First Harmful Event was Not a Collision with a Motor Vehicle in Transport,0,No,1,Non-Junction,1,Not an Intersection,0,None,,,1,On Roadway,3,Dark - Lighted,,,,,1,Clear,0,No,0000000,Not Applicable,99,Unknown,99,Unknown,99,Unknown EMS Scene Arrival Hour,99,Unknown EMS Scene Arrival Minutes,99,Unknown,99,Unknown EMS Hospital Arrival Time,,,,,,,1,
2023,4,40044,Arizona,3,3,0,0,0,3,3,21,PINAL (21),110,COOLIDGE,9,9,2,February,2023,5,Thursday,5,5:00am-5:59am,29,29,0,This Section IS NOT on the NHS,1,Rural,4,Minor Arterial,4,City or Municipal Highway Agency,0,Not Signed,N SIGNAL PEAK RD,,0,None,32.96780000,32.96780000,-111.618613890,-111.61861389,0,No Special Jurisdiction,12,Motor Vehicle In-Transport,2,Front-to-Front,0,No,1,Non-Junction,1,Not an Intersection,0,None,,,1,On Roadway,2,Dark - Not Lighted,,,,,1,Clear,0,No,0000000,Not Applicable,5,5:00am-5:59am,29,29,5,5:00am-5:59am,49,49,99,Unknown,99,Unknown EMS Hospital Arrival Time,,,,,,,1,
2023,4,40045,Arizona,2,2,0,0,0,5,5,13,MARICOPA (13),220,GOODYEAR,11,11,2,February,2023,7,Saturday,17,5:00pm-5:59pm,25,25,0,This Section IS NOT on the NHS,2,Urban,4,Minor Arterial,4,City or Municipal Highway Agency,0,Not Signed,LOWER BUCKEYE RD,SARIVAL AVE,0,None,33.42090833,33.42090833,-112.409511110,-112.40951111,0,No Special Jurisdiction,12,Motor Vehicle In-Transport,6,Angle,1,Yes,2,Intersection,2,Four-Way Intersection,0,None,,,1,On Roadway,1,Daylight,,,,,1,Clear,0,No,0000000,Not Applicable,17,5:00pm-5:59pm,25,25,17,5:00pm-5:59pm,31,31,88,"Not Applicable (Not Transported) ",88,Not Applicable (Not Transported),,,,,,,1,
2023,4,40048,Arizona,2,2,0,0,0,2,2,13,MARICOPA (13),290,MESA,17,17,2,February,2023,6,Friday,13,1:00pm-1:59pm,2,2,0,This Section IS NOT on the NHS,2,Urban,5,Major Collector,4,City or Municipal Highway Agency,0,Not Signed,S SOSSMAN RD,E RAY RD,0,None,33.32256667,33.32256667,-111.680641670,-111.68064167,0,No Special Jurisdiction,12,Motor Vehicle In-Transport,6,Angle,1,Yes,2,Intersection,2,Four-Way Intersection,0,None,,,1,On Roadway,1,Daylight,,,,,10,Cloudy,0,No,0000000,Not Applicable,99,Unknown,99,Unknown,99,Unknown EMS Scene Arrival Hour,97,Officially Cancelled,99,Unknown,97,Officially Canceled,,,,,,,1,
2023,4,40049,Arizona,2,2,0,0,0,4,4,13,MARICOPA (13),190,GILBERT,21,21,2,February,2023,3,Tuesday,16,4:00pm-4:59pm,19,19,0,This Section IS NOT on the NHS,2,Urban,4,Minor Arterial,4,City or Municipal Highway Agency,6,Municipal,MU-E WILLIAMS FIELD RD,S LINDSAY RD,0,None,33.30668333,33.30668333,-111.772852780,-111.77285278,0,No Special Jurisdiction,12,Motor Vehicle In-Transport,6,Angle,1,Yes,2,Intersection,2,Four-Way Intersection,0,None,,,1,On Roadway,1,Daylight,,,,,10,Cloudy,0,No,0000000,Not Applicable,16,4:00pm-4:59pm,22,22,16,4:00pm-4:59pm,26,26,88,"Not Applicable (Not Transported) ",88,Not Applicable (Not Transported),,,,,,,1,
2023,4,40050,Arizona,3,3,0,0,0,3,3,13,MARICOPA (13),486,SURPRISE,1,1,1,January,2023,1,Sunday,1,1:00am-1:59am,55,55,0,This Section IS NOT on the NHS,1,Rural,7,Local,25,Other Local Agency,99,Unknown/Not Reported,W BELL RD,,99998,Not Reported,33.63885556,33.63885556,-112.394161110,-112.39416111,0,No Special Jurisdiction,12,Motor Vehicle In-Transport,1,Front-to-Rear,0,No,1,Non-Junction,1,Not an Intersection,0,None,,,1,On Roadway,3,Dark - Lighted,,,,,10,Cloudy,0,No,0000000,Not Applicable,99,Unknown,99,Unknown,99,Unknown EMS Scene Arrival Hour,99,Unknown EMS Scene Arrival Minutes,88,"Not Applicable (Not Transported) ",88,Not Applicable (Not Transported),,,,,,,1,
2023,4,40051,Arizona,1,1,0,0,0,1,1,1,APACHE (1),150,EAGAR,2,2,1,January,2023,2,Monday,12,12:00pm-12:59pm,20,20,0,This Section IS NOT on the NHS,1,Rural,7,Local,1,State Highway Agency,3,State Highway,SR-261,,4050,4050,34.04177500,34.04177500,-109.348480560,-109.34848056,0,No Special Jurisdiction,1,Rollover/Overturn,0,The First Harmful Event was Not a Collision with a Motor Vehicle in Transport,0,No,1,Non-Junction,1,Not an Intersection,0,None,,,4,On Roadside,1,Daylight,,,,,1,Clear,0,No,0000000,Not Applicable,99,Unknown,99,Unknown,99,Unknown EMS Scene Arrival Hour,99,Unknown EMS Scene Arrival Minutes,88,"Not Applicable (Not Transported) ",88,Not Applicable (Not Transported),,,,,,,1,