caseyear,state,st_case,statename,ve_total,ve_forms,pvh_invl,peds,pernotmvit,permvit,persons,county,countyname,city,cityname,day,dayname,month,monthname,year,day_week,day_weekname,hour,hourname,minute,minutename,nhs,nhsname,rur_urb,rur_urbname,func_sys,func_sysname,rd_owner,rd_ownername,route,routename,tway_id,tway_id2,milept,mileptname,latitude,latitudename,longitud,longitudname,sp_jur,sp_jurname,harm_ev,harm_evname,man_coll,man_collname,reljct1,reljct1name,reljct2,reljct2name,typ_int,typ_intname,wrk_zone,wrk_zonename,road_fnc,road_fncname,rel_road,rel_roadname,lgt_cond,lgt_condname,weather1,weather1name,weather2,weather2name,weather,weathername,sch_bus,sch_busname,rail,railname,not_hour,not_hourname,not_min,not_minname,arr_hour,arr_hourname,arr_min,arr_minname,hosp_hr,hosp_hrname,hosp_mn,hosp_mnname,cf1,cf1name,cf2,cf2name,cf3,cf3name,fatals,drunk_dr
2023,4,40053,Arizona,1,1,0,0,0,1,1,13,MARICOPA (13),220,GOODYEAR,7,7,1,January,2023,7,Saturday,2,2:00am-2:59am,13,13,1,This Section IS ON the NHS,2,Urban,1,Interstate,1,State Highway Agency,1,Interstate,I-10,,1239,1239,33.46226667,33.46226667,-112.422455560,-112.42245556,0,No Special Jurisdiction,1,Rollover/Overturn,0,The First Harmful Event was Not a Collision with a Motor Vehicle in Transport,0,No,1,Non-Junction,1,Not an Intersection,0,None,,,4,On Roadside,3,Dark - Lighted,,,,,1,Clear,0,No,0000000,Not Applicable,2,2:00am-2:59am,15,15,2,2:00am-2:59am,18,18,2,2:00am-2:59am,45,45,,,,,,,1,
2023,4,40054,Arizona,1,1,0,1,1,1,1,13,MARICOPA (13),486,SURPRISE,7,7,1,January,2023,7,Saturday,21,9:00pm-9:59pm,45,45,1,This Section IS ON the NHS,2,Urban,3,Other Principal Arterial,1,State Highway Agency,2,U.S. Highway,US-60,,1042,1042,33.71471667,33.71471667,-112.447902780,-112.44790278,0,No Special Jurisdiction,8,Pedestrian,0,The First Harmful Event was Not a Collision with a Motor Vehicle in Transport,0,No,1,Non-Junction,1,Not an Intersection,0,None,,,1,On Roadway,2,Dark - Not Lighted,,,,,1,Clear,0,No,0000000,Not Applicable,21,9:00pm-9:59pm,51,51,22,10:00pm-10:59pm,3,3,88,"Not Applicable (Not Transported) ",88,Not Applicable (Not Transported),,,,,,,1,
2023,4,40055,Arizona,2,2,0,0,0,3,3,21,PINAL (21),110,COOLIDGE,9,9,1,January,2023,2,Monday,5,5:00am-5:59am,50,50,0,This Section IS NOT on the NHS,1,Rural,4,Minor Arterial,1,State Highway Agency,3,State Highway,SR-HIGHWAY 87,,0,None,33.00249167,33.00249167,-111.541238890,-111.54123889,0,No Special Jurisdiction,12,Motor Vehicle In-Transport,1,Front-to-Rear,0,No,1,Non-Junction,1,Not an Intersection,0,None,,,1,On Roadway,2,Dark - Not Lighted,,,,,1,Clear,0,No,0000000,Not Applicable,5,5:00am-5:59am,54,54,6,6:00am-6:59am,1,1,99,Unknown,99,Unknown EMS Hospital Arrival Time,,,,,,,1,
2023,4,40056,Arizona,1,1,0,1,1,2,2,19,PIMA (19),530,TUCSON,4,4,1,January,2023,4,Wednesday,18,6:00pm-6:59pm,33,33,0,This Section IS NOT on the NHS,2,Urban,3,Other Principal Arterial,3,Town or Township Highway Agency,6,Municipal,MU-CRAYCROFT RD,SILVER ST,99998,Not Reported,32.25356667,32.25356667,-110.875308330,-110.87530833,0,No Special Jurisdiction,8,Pedestrian,0,The First Harmful Event was Not a Collision with a Motor Vehicle in Transport,1,Yes,3,Intersection-Related,2,Four-Way Intersection,0,None,,,1,On Roadway,2,Dark - Not Lighted,,,,,99,Reported as Unknown,0,No,0000000,Not Applicable,18,6:00pm-6:59pm,33,33,18,6:00pm-6:59pm,40,40,88,"Not Applicable (Not Transported) ",88,Not Applicable (Not Transported),,,,,,,1,
2023,4,40057,Arizona,2,2,0,0,0,2,2,19,PIMA (19),530,TUCSON,19,19,1,January,2023,5,Thursday,8,8:00am-8:59am,21,21,0,This Section IS NOT on the NHS,2,Urban,3,Other Principal Arterial,4,City or Municipal Highway Agency,6,Municipal,MU-CRAYCROFT RD,GRANT RD,99998,Not Reported,32.25075000,32.25075000,-110.875347220,-110.87534722,0,No Special Jurisdiction,12,Motor Vehicle In-Transport,2,Front-to-Front,1,Yes,2,Intersection,2,Four-Way Intersection,0,None,,,1,On Roadway,1,Daylight,,,,,1,Clear,0,No,0000000,Not Applicable,8,8:00am-8:59am,0,0,8,8:00am-8:59am,20,20,8,8:00am-8:59am,40,40,,,,,,,1,
2023,4,40058,Arizona,3,3,0,0,0,5,5,21,PINAL (21),70,CASA GRANDE,16,16,1,January,2023,2,Monday,12,12:00pm-12:59pm,32,32,0,This Section IS NOT on the NHS,1,Rural,3,Other Principal Arterial,1,State Highway Agency,3,State Highway,SR-287,SIGNAL PEAK RD,72,72,32.87978611,32.87978611,-111.632152780,-111.63215278,0,No Special Jurisdiction,12,Motor Vehicle In-Transport,1,Front-to-Rear,1,Yes,3,Intersection-Related,2,Four-Way Intersection,0,None,,,1,On Roadway,1,Daylight,,,,,1,Clear,0,No,0000000,Not Applicable,12,12:00pm-12:59pm,33,33,12,12:00pm-12:59pm,47,47,99,Unknown,99,Unknown EMS Hospital Arrival Time,,,,,,,1,
2023,4,40059,Arizona,2,2,0,0,0,3,3,13,MARICOPA (13),370,PHOENIX,20,20,1,January,2023,6,Friday,2,2:00am-2:59am,56,56,1,This Section IS ON the NHS,2,Urban,3,Other Principal Arterial,1,State Highway Agency,1,Interstate,I-17,,50,50,33.44616667,33.44616667,-112.108166670,-112.10816667,0,No Special Jurisdiction,12,Motor Vehicle In-Transport,1,Front-to-Rear,0,No,1,Non-Junction,1,Not an Intersection,0,None,,,1,On Roadway,3,Dark - Lighted,,,,,10,Cloudy,0,No,0000000,Not Applicable,2,2:00am-2:59am,56,56,3,3:00am-3:59am,8,8,99,Unknown,99,Unknown EMS Hospital Arrival Time,,,,,,,1,
2023,4,40060,Arizona,2,2,0,0,0,2,2,13,MARICOPA (13),290,MESA,22,22,1,January,2023,1,Sunday,11,11:00am-11:59am,51,51,0,This Section IS NOT on the NHS,2,Urban,4,Minor Arterial,4,City or Municipal Highway Agency,6,Municipal,MU-E BROWN RD,N 40TH ST,99998,Not Reported,33.43724722,33.43724722,-111.744980560,-111.74498056,0,No Special Jurisdiction,12,Motor Vehicle In-Transport,6,Angle,0,No,2,Intersection,2,Four-Way Intersection,0,None,,,1,On Roadway,1,Daylight,,,,,1,Clear,0,No,0000000,Not Applicable,11,11:00am-11:59am,51,51,11,11:00am-11:59am,57,57,12,12:00pm-12:59pm,30,30,,,,,,,1,
2023,4,40061,Arizona,1,1,0,0,0,1,1,15,MOHAVE (15),572,WIKIEUP,24,24,1,January,2023,3,Tuesday,8,8:00am-8:59am,0,0,1,This Section IS ON the NHS,1,Rural,3,Other Principal Arterial,1,State Highway Agency,2,U.S. Highway,US-93,,1306,1306,34.58946944,34.58946944,-113.510366670,-113.51036667,0,No Special Jurisdiction,24,Guardrail Face,0,The First Harmful Event was Not a Collision with a Motor Vehicle in Transport,0,No,1,Non-Junction,1,Not an Intersection,0,None,,,4,On Roadside,1,Daylight,,,,,1,Clear,0,No,0000000,Not Applicable,8,8:00am-8:59am,8,8,8,8:00am-8:59am,58,58,88,"Not Applicable (Not Transported) ",88,Not Applicable (Not Transported),,,,,,,1,
2023,4,40062,Arizona,2,2,0,0,0,2,2,21,PINAL (21),9997,Other,22,22,1,January,2023,1,Sunday,23,11:00pm-11:59pm,19,19,0,This Section IS NOT on the NHS,2,Urban,4,Minor Arterial,4,City or Municipal Highway Agency,6,Municipal,MU-N JOHN WAYNE PKWY,W HONEYCUTT RD,99998,Not Reported,33.05802500,33.05802500,-112.048105560,-112.04810556,0,No Special Jurisdiction,12,Motor Vehicle In-Transport,6,Angle,1,Yes,2,Intersection,3,T-Intersection,0,None,,,1,On Roadway,3,Dark - Lighted,,,,,1,Clear,0,No,0000000,Not Applicable,23,11:00pm-11:59pm,19,19,23,11:00pm-11:59pm,26,26,0,0:00am-0:59am,10,10,,,,,,,1,
2023,4,40063,Arizona,1,1,0,1,1,1,1,13,MARICOPA (13),220,GOODYEAR,14,14,1,January,2023,7,Saturday,8,8:00am-8:59am,51,51,0,This Section IS NOT on the NHS,2,Urban,4,Minor Arterial,4,City or Municipal Highway Agency,6,Municipal,MU-BULLARD AVE,W INDIAN SCHOOL RD,99998,Not Reported,33.48664167,33.48664167,-112.373347220,-112.37334722,0,No Special Jurisdiction,8,Pedestrian,0,The First Harmful Event was Not a Collision with a Motor Vehicle in Transport,0,No,3,Intersection-Related,3,T-Intersection,0,None,,,1,On Roadway,1,Daylight,,,,,1,Clear,0,No,0000000,Not Applicable,8,8:00am-8:59am,51,51,9,9:00am-9:59am,0,0,88,"Not Applicable (Not Transported) ",88,Not Applicable (Not Transported),,,,,,,1,
2023,4,40064,Arizona,2,2,0,0,0,2,2,19,PIMA (19),530,TUCSON,23,23,1,January,2023,2,Monday,7,7:00am-7:59am,22,22,0,This Section IS NOT on the NHS,1,Rural,7,Local,4,City or Municipal Highway Agency,6,Municipal,MU-E MARY ANN CLEVELAND WAY,,99999,Unknown,32.08396667,32.08396667,-110.755463890,-110.75546389,0,No Special Jurisdiction,12,Motor Vehicle In-Transport,2,Front-to-Front,0,No,1,Non-Junction,1,Not an Intersection,0,None,,,1,On Roadway,1,Daylight,,,,,10,Cloudy,0,No,0000000,Not Applicable,7,7:00am-7:59am,22,22,7,7:00am-7:59am,22,22,88,"Not Applicable (Not Transported) ",88,Not Applicable (Not Transported),,,,,,,1,
2023,4,40065,Arizona,2,2,0,0,0,2,2,13,MARICOPA (13),184,FORT MCDOWELL,3,3,2,February,2023,6,Friday,3,3:00am-3:59am,5,5,1,This Section IS ON the NHS,1,Rural,3,Other Principal Arterial,1,State Highway Agency,3,State Highway,SR-87,,845,845,33.63400000,33.63400000,-111.549436110,-111.54943611,0,No Special Jurisdiction,12,Motor Vehicle In-Transport,1,Front-to-Rear,0,No,1,Non-Junction,1,Not an Intersection,0,None,,,1,On Roadway,2,Dark - Not Lighted,,,,,1,Clear,0,No,0000000,Not Applicable,3,3:00am-3:59am,9,9,3,3:00am-3:59am,33,33,88,"Not Applicable (Not Transported) ",88,Not Applicable (Not Transported),,,,,,,1,
2023,4,40066,Arizona,2,2,0,0,0,5,5,5,COCONINO (5),590,WILLIAMS,3,3,2,February,2023,6,Friday,8,8:00am-8:59am,2,2,1,This Section IS ON the NHS,1,Rural,3,Other Principal Arterial,1,State Highway Agency,3,State Highway,SR-64,,15,15,35.28219167,35.28219167,-112.146011110,-112.14601111,0,No Special Jurisdiction,12,Motor Vehicle In-Transport,6,Angle,0,No,1,Non-Junction,1,Not an Intersection,0,None,,,1,On Roadway,1,Daylight,,,,,1,Clear,0,No,0000000,Not Applicable,8,8:00am-8:59am,4,4,8,8:00am-8:59am,15,15,99,Unknown,99,Unknown EMS Hospital Arrival Time,,,,,,,2,
2023,4,40068,Arizona,2,2,0,0,0,5,5,19,PIMA (19),530,TUCSON,4,4,2,February,2023,7,Saturday,21,9:00pm-9:59pm,45,45,0,This Section IS NOT on the NHS,1,Rural,5,Major Collector,2,County Highway Agency,4,County,CR-GATES PASS RD,,0,None,32.22098333,32.22098333,-111.114555560,-111.11455556,0,No Special Jurisdiction,12,Motor Vehicle In-Transport,2,Front-to-Front,0,No,1,Non-Junction,1,Not an Intersection,0,None,,,1,On Roadway,3,Dark - Lighted,,,,,1,Clear,0,No,0000000,Not Applicable,21,9:00pm-9:59pm,45,45,21,9:00pm-9:59pm,56,56,22,10:00pm-10:59pm,39,39,,,,,,,2,
2023,4,40069,Arizona,1,1,0,1,1,2,2,13,MARICOPA (13),370,PHOENIX,4,4,2,February,2023,7,Saturday,22,10:00pm-10:59pm,40,40,0,This Section IS NOT on the NHS,2,Urban,4,Minor Arterial,4,City or Municipal Highway Agency,6,Municipal,MU-E MCDOWELL RD,,0,None,33.46577778,33.46577778,-112.008030560,-112.00803056,0,No Special Jurisdiction,8,Pedestrian,0,The First Harmful Event was Not a Collision with a Motor Vehicle in Transport,0,No,1,Non-Junction,1,Not an Intersection,0,None,,,1,On Roadway,3,Dark - Lighted,,,,,1,Clear,0,No,0000000,Not Applicable,99,Unknown,99,Unknown,99,Unknown EMS Scene Arrival Hour,99,Unknown EMS Scene Arrival Minutes,99,Unknown,99,Unknown EMS Hospital Arrival Time,,,,,,,1,
2023,4,40070,Arizona,3,3,0,0,0,4,4,13,MARICOPA (13),370,PHOENIX,4,4,2,February,2023,7,Saturday,23,11:00pm-11:59pm,43,43,0,This Section IS NOT on the NHS,2,Urban,4,Minor Arterial,4,City or Municipal Highway Agency,0,Not Signed,E MCDOWELL RD,10TH ST,0,None,33.46568333,33.46568333,-112.060788890,-112.06078889,0,No Special Jurisdiction,12,Motor Vehicle In-Transport,6,Angle,0,No,2,Intersection,2,Four-Way Intersection,0,None,,,1,On Roadway,3,Dark - Lighted,,,,,1,Clear,0,No,0000000,Not Applicable,99,Unknown,99,Unknown,99,Unknown EMS Scene Arrival Hour,99,Unknown EMS Scene Arrival Minutes,99,Unknown,99,Unknown EMS Hospital Arrival Time,,,,,,,1,
2023,4,40071,Arizona,3,3,0,1,1,6,6,13,MARICOPA (13),370,PHOENIX,3,3,2,February,2023,6,Friday,14,2:00pm-2:59pm,42,42,0,This Section IS NOT on the NHS,2,Urban,4,Minor Arterial,4,City or Municipal Highway Agency,0,Not Signed,W THOMAS RD,N 75TH AVE,0,None,33.48025278,33.48025278,-112.220550000,-112.22055000,0,No Special Jurisdiction,12,Motor Vehicle In-Transport,6,Angle,0,No,2,Intersection,2,Four-Way Intersection,0,None,,,1,On Roadway,1,Daylight,,,,,1,Clear,0,No,0000000,Not Applicable,99,Unknown,99,Unknown,99,Unknown EMS Scene Arrival Hour,99,Unknown EMS Scene Arrival Minutes,99,Unknown,99,Unknown EMS Hospital Arrival Time,,,,,,,1,
2023,4,40073,Arizona,2,2,0,0,0,2,2,19,PIMA (19),530,TUCSON,7,7,2,February,2023,3,Tuesday,1,1:00am-1:59am,8,8,1,This Section IS ON the NHS,2,Urban,3,Other Principal Arterial,1,State Highway Agency,1,Interstate,I-10,,2592,2592,32.20308333,32.20308333,-110.979633330,-110.97963333,0,No Special Jurisdiction,12,Motor Vehicle In-Transport,1,Front-to-Rear,0,No,1,Non-Junction,1,Not an Intersection,0,None,,,1,On Roadway,3,Dark - Lighted,,,,,1,Clear,0,No,0000000,Not Applicable,1,1:00am-1:59am,8,8,1,1:00am-1:59am,18,18,88,"Not Applicable (Not Transported) ",88,Not Applicable (Not Transported),,,,,,,1,
2023,4,40074,Arizona,1,1,0,0,0,1,1,12,LA PAZ (12),413,SALOME,9,9,2,February,2023,5,Thursday,0,0:00am-0:59am,28,28,0,This Section IS NOT on the NHS,1,Rural,4,Minor Arterial,1,State Highway Agency,3,State Highway,SR-72,,298,298,33.76910278,33.76910278,-113.791650000,-113.79165000,0,No Special Jurisdiction,1,Rollover/Overturn,0,The First Harmful Event was Not a Collision with a Motor Vehicle in Transport,0,No,1,Non-Junction,1,Not an Intersection,0,None,,,4,On Roadside,2,Dark - Not Lighted,,,,,1,Clear,0,No,0000000,Not Applicable,0,0:00am-0:59am,32,32,0,0:00am-0:59am,55,55,88,"Not Applicable (Not Transported) ",88,Not Applicable (Not Transported),,,,,,,1,
2023,4,40075,Arizona,1,1,0,0,0,1,1,21,PINAL (21),70,CASA GRANDE,10,10,2,February,2023,6,Friday,0,0:00am-0:59am,43,43,0,This Section IS NOT on the NHS,1,Rural,4,Minor Arterial,27,Railroad,0,Not Signed,N SUNLAND GIN RD,,0,None,32.82351667,32.82351667,-111.671025000,-111.67102500,0,No Special Jurisdiction,10,Railway Vehicle,0,The First Harmful Event was Not a Collision with a Motor Vehicle in Transport,0,No,6,"Railway Grade Crossing ",1,Not an Intersection,0,None,,,1,On Roadway,2,Dark - Not Lighted,,,,,1,Clear,0,No,741374B,741374B,99,Unknown,99,Unknown,99,Unknown EMS Scene Arrival Hour,97,Officially Cancelled,99,Unknown,97,Officially Canceled,,,,,,,1,
2023,4,40076,Arizona,1,1,0,2,2,1,1,21,PINAL (21),70,CASA GRANDE,10,10,2,February,2023,6,Friday,1,1:00am-1:59am,29,29,0,This Section IS NOT on the NHS,1,Rural,5,Major Collector,1,State Highway Agency,3,State Highway,SR-287,,72,72,32.95279722,32.95279722,-111.521938890,-111.52193889,0,No Special Jurisdiction,8,Pedestrian,0,The First Harmful Event was Not a Collision with a Motor Vehicle in Transport,0,No,1,Non-Junction,1,Not an Intersection,0,None,,,1,On Roadway,2,Dark - Not Lighted,,,,,1,Clear,0,No,0000000,Not Applicable,1,1:00am-1:59am,31,31,1,1:00am-1:59am,41,41,88,"Not Applicable (Not Transported) ",88,Not Applicable (Not Transported),,,,,,,2,
2023,4,40078,Arizona,1,1,0,1,1,1,1,13,MARICOPA (13),370,PHOENIX,11,11,2,February,2023,7,Saturday,17,5:00pm-5:59pm,5,5,0,This Section IS NOT on the NHS,2,Urban,4,Minor Arterial,4,City or Municipal Highway Agency,0,Not Signed,N 67TH AVE,,0,None,33.48296944,33.48296944,-112.203355560,-112.20335556,0,No Special Jurisdiction,8,Pedestrian,0,The First Harmful Event was Not a Collision with a Motor Vehicle in Transport,0,No,1,Non-Junction,1,Not an Intersection,0,None,,,1,On Roadway,1,Daylight,,,,,1,Clear,0,No,0000000,Not Applicable,99,Unknown,99,Unknown,99,Unknown EMS Scene Arrival Hour,99,Unknown EMS Scene Arrival Minutes,99,Unknown,99,Unknown EMS Hospital Arrival Time,,,,,,,1,
2023,4,40079,Arizona,1,1,0,0,0,3,3,21,PINAL (21),332,ORACLE,11,11,2,February,2023,7,Saturday,17,5:00pm-5:59pm,19,19,0,This Section IS NOT on the NHS,1,Rural,7,Local,26,Private (Other Than Railroad),0,Not Signed,MT LEMON HWY,,0,None,32.53674444,32.53674444,-110.716116670,-110.71611667,0,No Special Jurisdiction,1,Rollover/Overturn,0,The First Harmful Event was Not a Collision with a Motor Vehicle in Transport,0,No,1,Non-Junction,1,Not an Intersection,0,None,,,5,Outside Trafficway,1,Daylight,,,,,10,Cloudy,0,No,0000000,Not Applicable,99,Unknown,99,Unknown,99,Unknown EMS Scene Arrival Hour,99,Unknown EMS Scene Arrival Minutes,99,Unknown,99,Unknown EMS Hospital Arrival Time,,,,,,,1,
2023,4,40080,Arizona,1,1,0,0,0,1,1,21,PINAL (21),9997,Other,11,11,2,February,2023,7,Saturday,18,6:00pm-6:59pm,9,9,0,This Section IS NOT on the NHS,2,Urban,5,Major Collector,4,City or Municipal Highway Agency,6,Municipal,MU-PHILLIPS RD,,0,None,33.16893056,33.16893056,-111.616891670,-111.61689167,0,No Special Jurisdiction,38,Fence,0,The First Harmful Event was Not a Collision with a Motor Vehicle in Transport,0,No,1,Non-Junction,1,Not an Intersection,0,None,,,4,On Roadside,1,Daylight,,,,,1,Clear,0,No,0000000,Not Applicable,18,6:00pm-6:59pm,10,10,18,6:00pm-6:59pm,19,19,88,"Not Applicable (Not Transported) ",88,Not Applicable (Not Transported),,,,,,,1,
2023,4,40081,Arizona,2,2,0,0,0,2,2,13,MARICOPA (13),80,CHANDLER,11,11,2,February,2023,7,Saturday,20,8:00pm-8:59pm,3,3,1,This Section IS ON the NHS,2,Urban,3,Other Principal Arterial,1,State Highway Agency,1,Interstate,I-10,,1612,1612,33.30546944,33.30546944,-111.973538890,-111.97353889,0,No Special Jurisdiction,12,Motor Vehicle In-Transport,7,Sideswipe - Same Direction,0,No,1,Non-Junction,1,Not an Intersection,0,None,,,1,On Roadway,3,Dark - Lighted,,,,,1,Clear,0,No,0000000,Not Applicable,20,8:00pm-8:59pm,5,5,20,8:00pm-8:59pm,18,18,88,"Not Applicable (Not Transported) ",88,Not Applicable (Not Transported),,,,,,,1,
2023,4,40082,Arizona,1,1,0,1,1,1,1,13,MARICOPA (13),370,PHOENIX,11,11,2,February,2023,7,Saturday,20,8:00pm-8:59pm,34,34,0,This Section IS NOT on the NHS,2,Urban,4,Minor Arterial,4,City or Municipal Highway Agency,0,Not Signed,WEST MCDOWELL RD,N 83RD AVE,0,None,33.46533056,33.46533056,-112.237655560,-112.23765556,0,No Special Jurisdiction,8,Pedestrian,0,The First Harmful Event was Not a Collision with a Motor Vehicle in Transport,1,Yes,3,Intersection-Related,2,Four-Way Intersection,0,None,,,1,On Roadway,3,Dark - Lighted,,,,,1,Clear,0,No,0000000,Not Applicable,99,Unknown,99,Unknown,99,Unknown EMS Scene Arrival Hour,99,Unknown EMS Scene Arrival Minutes,88,"Not Applicable (Not Transported) ",88,Not Applicable (Not Transported),,,,,,,1,
2023,4,40083,Arizona,1,1,0,1,1,1,1,13,MARICOPA (13),200,GLENDALE,12,12,2,February,2023,1,Sunday,5,5:00am-5:59am,35,35,1,This Section IS ON the NHS,2,Urban,3,Other Principal Arterial,4,City or Municipal Highway Agency,0,Not Signed,N 51ST AVE,,0,None,33.56969722,33.56969722,-112.169086110,-112.16908611,0,No Special Jurisdiction,9,Pedalcyclist,0,The First Harmful Event was Not a Collision with a Motor Vehicle in Transport,0,No,1,Non-Junction,1,Not an Intersection,0,None,,,1,On Roadway,3,Dark - Lighted,,,,,1,Clear,0,No,0000000,Not Applicable,5,5:00am-5:59am,34,34,5,5:00am-5:59am,43,43,88,"Not Applicable (Not Transported) ",88,Not Applicable (Not Transported),,,,,,,1,
2023,4,40084,Arizona,2,2,0,0,0,2,2,13,MARICOPA (13),420,SCOTTSDALE,14,14,2,February,2023,3,Tuesday,13,1:00pm-1:59pm,50,50,0,This Section IS NOT on the NHS,2,Urban,5,Major Collector,40,"Other Public Instrumentality (i.e., Airport)",0,Not Signed,NORTHSIGHT BLVD,,0,None,33.62571944,33.62571944,-111.894986110,-111.89498611,0,No Special Jurisdiction,12,Motor Vehicle In-Transport,1,Front-to-Rear,0,No,8,Driveway Access Related,1,Not an Intersection,0,None,,,1,On Roadway,1,Daylight,,,,,10,Cloudy,0,No,0000000,Not Applicable,13,1:00pm-1:59pm,51,51,13,1:00pm-1:59pm,58,58,14,2:00pm-2:59pm,26,26,,,,,,,1,
2023,4,40085,Arizona,1,1,0,0,0,1,1,19,PIMA (19),530,TUCSON,14,14,2,February,2023,3,Tuesday,14,2:00pm-2:59pm,43,43,1,This Section IS ON the NHS,2,Urban,3,Other Principal Arterial,1,State Highway Agency,1,Interstate,I-10,,2722,2722,32.08772222,32.08772222,-110.815536110,-110.81553611,0,No Special Jurisdiction,1,Rollover/Overturn,0,The First Harmful Event was Not a Collision with a Motor Vehicle in Transport,0,No,1,Non-Junction,1,Not an Intersection,0,None,,,3,On Median,1,Daylight,,,,,1,Clear,0,No,0000000,Not Applicable,14,2:00pm-2:59pm,44,44,14,2:00pm-2:59pm,58,58,88,"Not Applicable (Not Transported) ",88,Not Applicable (Not Transported),,,,,,,1,
2023,4,40086,Arizona,4,4,0,0,0,7,7,5,COCONINO (5),0,NOT APPLICABLE,15,15,2,February,2023,4,Wednesday,6,6:00am-6:59am,33,33,1,This Section IS ON the NHS,1,Rural,3,Other Principal Arterial,1,State Highway Agency,1,Interstate,I-40,,2207,2207,35.15172222,35.15172222,-111.245075000,-111.24507500,0,No Special Jurisdiction,12,Motor Vehicle In-Transport,1,Front-to-Rear,0,No,1,Non-Junction,1,Not an Intersection,0,None,,,1,On Roadway,4,Dawn,,,,,10,Cloudy,0,No,0000000,Not Applicable,6,6:00am-6:59am,33,33,6,6:00am-6:59am,45,45,99,Unknown,99,Unknown EMS Hospital Arrival Time,,,,,,,1,
2023,4,40087,Arizona,6,6,0,0,0,9,9,19,PIMA (19),530,TUCSON,15,15,2,February,2023,4,Wednesday,8,8:00am-8:59am,6,6,1,This Section IS ON the NHS,2,Urban,3,Other Principal Arterial,1,State Highway Agency,1,Interstate,I-10,,2682,2682,32.12570833,32.12570833,-110.876094440,-110.87609444,0,No Special Jurisdiction,12,Motor Vehicle In-Transport,1,Front-to-Rear,0,No,1,Non-Junction,1,Not an Intersection,4,"Work Zone, Type Unknown",,,1,On Roadway,1,Daylight,,,,,1,Clear,0,No,0000000,Not Applicable,8,8:00am-8:59am,6,6,8,8:00am-8:59am,26,26,99,Unknown,99,Unknown EMS Hospital Arrival Time,,,,,,,2,
2023,4,40088,Arizona,2,2,0,0,0,4,4,23,SANTA CRUZ (23),447,SONOITA,15,15,2,February,2023,4,Wednesday,12,12:00pm-12:59pm,28,28,0,This Section IS NOT on the NHS,1,Rural,4,Minor Arterial,1,State Highway Agency,3,State Highway,SR-82,,302,302,31.68025000,31.68025000,-110.648458330,-110.64845833,0,No Special Jurisdiction,12,Motor Vehicle In-Transport,2,Front-to-Front,0,No,1,Non-Junction,1,Not an Intersection,0,None,,,1,On Roadway,1,Daylight,,,,,1,Clear,0,No,0000000,Not Applicable,12,12:00pm-12:59pm,32,32,12,12:00pm-12:59pm,42,42,14,2:00pm-2:59pm,18,18,,,,,,,1,
2023,4,40090,Arizona,1,1,0,0,0,1,1,13,MARICOPA (13),220,GOODYEAR,17,17,2,February,2023,6,Friday,1,1:00am-1:59am,21,21,0,This Section IS NOT on the NHS,2,Urban,5,Major Collector,2,County Highway Agency,4,County,CR-CITRUS RD,,0,None,33.50183889,33.50183889,-112.444200000,-112.44420000,0,No Special Jurisdiction,1,Rollover/Overturn,0,The First Harmful Event was Not a Collision with a Motor Vehicle in Transport,0,No,1,Non-Junction,1,Not an Intersection,0,None,,,1,On Roadway,2,Dark - Not Lighted,,,,,1,Clear,0,No,0000000,Not Applicable,1,1:00am-1:59am,23,23,1,1:00am-1:59am,28,28,1,1:00am-1:59am,58,58,,,,,,,1,
2023,4,40091,Arizona,2,2,0,0,0,6,6,23,SANTA CRUZ (23),157,ELGIN,19,19,2,February,2023,1,Sunday,15,3:00pm-3:59pm,50,50,0,This Section IS NOT on the NHS,1,Rural,4,Minor Arterial,1,State Highway Agency,3,State Highway,SR-82,,402,402,31.72397500,31.72397500,-110.504636110,-110.50463611,0,No Special Jurisdiction,12,Motor Vehicle In-Transport,2,Front-to-Front,0,No,1,Non-Junction,1,Not an Intersection,0,None,,,1,On Roadway,1,Daylight,,,,,2,Rain,0,No,0000000,Not Applicable,15,3:00pm-3:59pm,50,50,16,4:00pm-4:59pm,6,6,17,5:00pm-5:59pm,6,6,,,,,,,4,
2023,4,40092,Arizona,2,2,0,0,0,3,3,13,MARICOPA (13),290,MESA,19,19,2,February,2023,1,Sunday,17,5:00pm-5:59pm,6,6,0,This Section IS NOT on the NHS,2,Urban,6,Minor Collector,4,City or Municipal Highway Agency,0,Not Signed,W EMERALD AVE,,0,None,33.39677778,33.39677778,-111.857163890,-111.85716389,0,No Special Jurisdiction,12,Motor Vehicle In-Transport,6,Angle,0,No,8,Driveway Access Related,1,Not an Intersection,0,None,,,1,On Roadway,1,Daylight,,,,,1,Clear,0,No,0000000,Not Applicable,17,5:00pm-5:59pm,6,6,17,5:00pm-5:59pm,8,8,17,5:00pm-5:59pm,45,45,,,,,,,1,
2023,4,40093,Arizona,2,2,0,0,0,2,2,13,MARICOPA (13),290,MESA,20,20,2,February,2023,2,Monday,18,6:00pm-6:59pm,10,10,0,This Section IS NOT on the NHS,2,Urban,4,Minor Arterial,4,City or Municipal Highway Agency,6,Municipal,MU-N GREENFIELD RD,E BROWN RD,0,None,33.43735556,33.43735556,-111.736427780,-111.73642778,0,No Special Jurisdiction,12,Motor Vehicle In-Transport,6,Angle,1,Yes,2,Intersection,2,Four-Way Intersection,0,None,,,1,On Roadway,5,Dusk,,,,,1,Clear,0,No,0000000,Not Applicable,18,6:00pm-6:59pm,10,10,18,6:00pm-6:59pm,15,15,18,6:00pm-6:59pm,40,40,,,,,,,1,