caseyear,state,st_case,statename,ve_total,ve_forms,pvh_invl,peds,pernotmvit,permvit,persons,county,countyname,city,cityname,day,dayname,month,monthname,year,day_week,day_weekname,hour,hourname,minute,minutename,nhs,nhsname,rur_urb,rur_urbname,func_sys,func_sysname,rd_owner,rd_ownername,route,routename,tway_id,tway_id2,milept,mileptname,latitude,latitudename,longitud,longitudname,sp_jur,sp_jurname,harm_ev,harm_evname,man_coll,man_collname,reljct1,reljct1name,reljct2,reljct2name,typ_int,typ_intname,wrk_zone,wrk_zonename,road_fnc,road_fncname,rel_road,rel_roadname,lgt_cond,lgt_condname,weather1,weather1name,weather2,weather2name,weather,weathername,sch_bus,sch_busname,rail,railname,not_hour,not_hourname,not_min,not_minname,arr_hour,arr_hourname,arr_min,arr_minname,hosp_hr,hosp_hrname,hosp_mn,hosp_mnname,cf1,cf1name,cf2,cf2name,cf3,cf3name,fatals,drunk_dr
2023,4,40094,Arizona,1,1,0,0,0,2,2,13,MARICOPA (13),370,PHOENIX,21,21,2,February,2023,3,Tuesday,17,5:00pm-5:59pm,4,4,1,This Section IS ON the NHS,2,Urban,2,Other Freeways and Expressways,1,State Highway Agency,3,State Highway,SR-202,,419,419,33.39163889,33.39163889,-112.192158330,-112.19215833,0,No Special Jurisdiction,1,Rollover/Overturn,0,The First Harmful Event was Not a Collision with a Motor Vehicle in Transport,0,No,1,Non-Junction,1,Not an Intersection,0,None,,,1,On Roadway,1,Daylight,,,,,1,Clear,0,No,0000000,Not Applicable,17,5:00pm-5:59pm,6,6,17,5:00pm-5:59pm,12,12,99,Unknown,99,Unknown EMS Hospital Arrival Time,,,,,,,1,
2023,4,40095,Arizona,2,2,0,0,0,3,3,13,MARICOPA (13),290,MESA,22,22,2,February,2023,4,Wednesday,13,1:00pm-1:59pm,14,14,0,This Section IS NOT on the NHS,2,Urban,4,Minor Arterial,4,City or Municipal Highway Agency,6,Municipal,MU-E RAY RD,S FIGUEROA LN,0,None,33.32166389,33.32166389,-111.604655560,-111.60465556,0,No Special Jurisdiction,12,Motor Vehicle In-Transport,6,Angle,1,Yes,2,Intersection,3,T-Intersection,0,None,,,1,On Roadway,1,Daylight,,,,,10,Cloudy,0,No,0000000,Not Applicable,13,1:00pm-1:59pm,14,14,13,1:00pm-1:59pm,28,28,13,1:00pm-1:59pm,40,40,,,,,,,1,
2023,4,40096,Arizona,1,1,0,1,1,1,1,13,MARICOPA (13),368,PEORIA,23,23,2,February,2023,5,Thursday,6,6:00am-6:59am,16,16,0,This Section IS NOT on the NHS,2,Urban,6,Minor Collector,4,City or Municipal Highway Agency,0,Not Signed,N 125TH LN,W RIDGELINE RD,0,None,33.74879167,33.74879167,-112.331044440,-112.33104444,0,No Special Jurisdiction,8,Pedestrian,0,The First Harmful Event was Not a Collision with a Motor Vehicle in Transport,1,Yes,3,Intersection-Related,2,Four-Way Intersection,0,None,,,1,On Roadway,3,Dark - Lighted,,,,,1,Clear,0,No,0000000,Not Applicable,6,6:00am-6:59am,16,16,6,6:00am-6:59am,23,23,99,Unknown,99,Unknown EMS Hospital Arrival Time,,,,,,,1,
2023,4,40097,Arizona,2,2,0,0,0,4,4,13,MARICOPA (13),370,PHOENIX,23,23,2,February,2023,5,Thursday,19,7:00pm-7:59pm,47,47,1,This Section IS ON the NHS,2,Urban,3,Other Principal Arterial,4,City or Municipal Highway Agency,6,Municipal,MU-N 51ST AVE,W ACOMA DR,0,None,33.61792500,33.61792500,-112.168419440,-112.16841944,0,No Special Jurisdiction,12,Motor Vehicle In-Transport,1,Front-to-Rear,1,Yes,3,Intersection-Related,2,Four-Way Intersection,0,None,,,1,On Roadway,3,Dark - Lighted,,,,,1,Clear,0,No,0000000,Not Applicable,99,Unknown,99,Unknown,99,Unknown EMS Scene Arrival Hour,99,Unknown EMS Scene Arrival Minutes,99,Unknown,99,Unknown EMS Hospital Arrival Time,,,,,,,1,
2023,4,40098,Arizona,1,1,0,1,1,1,1,9,GRAHAM (9),410,SAFFORD,23,23,2,February,2023,5,Thursday,19,7:00pm-7:59pm,19,19,0,This Section IS NOT on the NHS,2,Urban,5,Major Collector,4,City or Municipal Highway Agency,6,Municipal,MU-SOLOMON RD,,0,None,32.80241944,32.80241944,-109.698222220,-109.69822222,0,No Special Jurisdiction,8,Pedestrian,0,The First Harmful Event was Not a Collision with a Motor Vehicle in Transport,0,No,1,Non-Junction,1,Not an Intersection,0,None,,,1,On Roadway,5,Dusk,,,,,1,Clear,0,No,0000000,Not Applicable,99,Unknown,99,Unknown,99,Unknown EMS Scene Arrival Hour,99,Unknown EMS Scene Arrival Minutes,99,Unknown,99,Unknown EMS Hospital Arrival Time,,,,,,,1,
2023,4,40099,Arizona,3,3,0,0,0,5,5,13,MARICOPA (13),370,PHOENIX,23,23,2,February,2023,5,Thursday,23,11:00pm-11:59pm,20,20,0,This Section IS NOT on the NHS,2,Urban,4,Minor Arterial,4,City or Municipal Highway Agency,6,Municipal,MU-N 19TH AVE,,0,None,33.67612222,33.67612222,-112.099897220,-112.09989722,0,No Special Jurisdiction,12,Motor Vehicle In-Transport,2,Front-to-Front,0,No,1,Non-Junction,1,Not an Intersection,0,None,,,1,On Roadway,3,Dark - Lighted,,,,,1,Clear,0,No,0000000,Not Applicable,23,11:00pm-11:59pm,20,20,23,11:00pm-11:59pm,30,30,23,11:00pm-11:59pm,45,45,,,,,,,3,
2023,4,40100,Arizona,1,1,0,0,0,1,1,13,MARICOPA (13),370,PHOENIX,25,25,2,February,2023,7,Saturday,18,6:00pm-6:59pm,28,28,0,This Section IS NOT on the NHS,2,Urban,6,Minor Collector,4,City or Municipal Highway Agency,0,Not Signed,W BEARDLEY RD,,0,None,33.66941667,33.66941667,-112.108330560,-112.10833056,0,No Special Jurisdiction,33,Curb,0,The First Harmful Event was Not a Collision with a Motor Vehicle in Transport,0,No,1,Non-Junction,1,Not an Intersection,0,None,,,4,On Roadside,3,Dark - Lighted,,,,,1,Clear,0,No,0000000,Not Applicable,99,Unknown,99,Unknown,99,Unknown EMS Scene Arrival Hour,99,Unknown EMS Scene Arrival Minutes,99,Unknown,99,Unknown EMS Hospital Arrival Time,,,,,,,1,
2023,4,40101,Arizona,2,2,0,0,0,2,2,19,PIMA (19),530,TUCSON,16,16,1,January,2023,2,Monday,21,9:00pm-9:59pm,34,34,0,This Section IS NOT on the NHS,2,Urban,4,Minor Arterial,4,City or Municipal Highway Agency,6,Municipal,MU-E PIMA ST,CRAYCROFT RD,0,None,32.24337778,32.24337778,-110.875600000,-110.87560000,0,No Special Jurisdiction,12,Motor Vehicle In-Transport,2,Front-to-Front,0,No,2,Intersection,2,Four-Way Intersection,0,None,,,1,On Roadway,3,Dark - Lighted,,,,,2,Rain,0,No,0000000,Not Applicable,21,9:00pm-9:59pm,34,34,21,9:00pm-9:59pm,38,38,88,"Not Applicable (Not Transported) ",88,Not Applicable (Not Transported),,,,,,,1,
2023,4,40102,Arizona,1,1,0,1,1,1,1,19,PIMA (19),530,TUCSON,23,23,1,January,2023,2,Monday,0,0:00am-0:59am,5,5,0,This Section IS NOT on the NHS,2,Urban,4,Minor Arterial,4,City or Municipal Highway Agency,0,Not Signed,CRAYCROFT RD,FAIRMOUNT ST,0,None,32.23991944,32.23991944,-110.875533330,-110.87553333,0,No Special Jurisdiction,8,Pedestrian,0,The First Harmful Event was Not a Collision with a Motor Vehicle in Transport,0,No,3,Intersection-Related,2,Four-Way Intersection,0,None,,,1,On Roadway,3,Dark - Lighted,,,,,1,Clear,0,No,0000000,Not Applicable,0,0:00am-0:59am,99,Unknown,0,0:00am-0:59am,5,5,0,0:00am-0:59am,10,10,,,,,,,1,
2023,4,40103,Arizona,1,1,0,0,0,1,1,19,PIMA (19),530,TUCSON,29,29,1,January,2023,1,Sunday,1,1:00am-1:59am,16,16,0,This Section IS NOT on the NHS,2,Urban,4,Minor Arterial,4,City or Municipal Highway Agency,6,Municipal,MU-STONE AVE,CALLE ARIZONA,0,None,32.28165556,32.28165556,-110.969827780,-110.96982778,0,No Special Jurisdiction,33,Curb,0,The First Harmful Event was Not a Collision with a Motor Vehicle in Transport,1,Yes,3,Intersection-Related,99,Reported as Unknown,0,None,,,4,On Roadside,3,Dark - Lighted,,,,,1,Clear,0,No,0000000,Not Applicable,1,1:00am-1:59am,16,16,1,1:00am-1:59am,17,17,88,"Not Applicable (Not Transported) ",88,Not Applicable (Not Transported),,,,,,,1,
2023,4,40104,Arizona,1,1,0,1,1,3,3,13,MARICOPA (13),370,PHOENIX,7,7,2,February,2023,3,Tuesday,7,7:00am-7:59am,52,52,1,This Section IS ON the NHS,2,Urban,3,Other Principal Arterial,4,City or Municipal Highway Agency,0,Not Signed,W THUNDERBIRD RD,N 23RD AVE,0,None,33.61089722,33.61089722,-112.106966670,-112.10696667,0,No Special Jurisdiction,8,Pedestrian,0,The First Harmful Event was Not a Collision with a Motor Vehicle in Transport,0,No,3,Intersection-Related,3,T-Intersection,0,None,,,1,On Roadway,1,Daylight,,,,,1,Clear,0,No,0000000,Not Applicable,99,Unknown,99,Unknown,99,Unknown EMS Scene Arrival Hour,99,Unknown EMS Scene Arrival Minutes,99,Unknown,99,Unknown EMS Hospital Arrival Time,,,,,,,1,
2023,4,40105,Arizona,2,2,0,0,0,5,5,12,LA PAZ (12),555,WENDEN,1,1,3,March,2023,4,Wednesday,15,3:00pm-3:59pm,24,24,0,This Section IS NOT on the NHS,1,Rural,4,Minor Arterial,1,State Highway Agency,2,U.S. Highway,US-60,,281,281,33.80346944,33.80346944,-113.575491670,-113.57549167,0,No Special Jurisdiction,12,Motor Vehicle In-Transport,6,Angle,0,No,1,Non-Junction,1,Not an Intersection,0,None,,,1,On Roadway,1,Daylight,,,,,2,Rain,0,No,0000000,Not Applicable,15,3:00pm-3:59pm,37,37,16,4:00pm-4:59pm,37,37,99,Unknown,99,Unknown EMS Hospital Arrival Time,,,,,,,3,
2023,4,40106,Arizona,2,2,0,0,0,4,4,19,PIMA (19),530,TUCSON,14,14,1,January,2023,7,Saturday,17,5:00pm-5:59pm,17,17,0,This Section IS NOT on the NHS,2,Urban,4,Minor Arterial,4,City or Municipal Highway Agency,0,Not Signed,5TH ST,CHANTILLY DR,0,None,32.22889444,32.22889444,-110.867947220,-110.86794722,0,No Special Jurisdiction,12,Motor Vehicle In-Transport,6,Angle,0,No,2,Intersection,2,Four-Way Intersection,0,None,,,1,On Roadway,5,Dusk,,,,,1,Clear,0,No,0000000,Not Applicable,99,Unknown,99,Unknown,99,Unknown EMS Scene Arrival Hour,99,Unknown EMS Scene Arrival Minutes,99,Unknown,99,Unknown EMS Hospital Arrival Time,,,,,,,1,
2023,4,40107,Arizona,1,1,0,1,1,1,1,13,MARICOPA (13),490,TEMPE,14,14,2,February,2023,3,Tuesday,5,5:00am-5:59am,38,38,0,This Section IS NOT on the NHS,2,Urban,5,Major Collector,4,City or Municipal Highway Agency,0,Not Signed,E ALAMEDA DR,S COLLEGE AVE,0,None,33.40011389,33.40011389,-111.934833330,-111.93483333,0,No Special Jurisdiction,9,Pedalcyclist,0,The First Harmful Event was Not a Collision with a Motor Vehicle in Transport,1,Yes,2,Intersection,2,Four-Way Intersection,0,None,,,1,On Roadway,3,Dark - Lighted,,,,,1,Clear,0,No,0000000,Not Applicable,5,5:00am-5:59am,39,39,5,5:00am-5:59am,45,45,6,6:00am-6:59am,17,17,,,,,,,1,
2023,4,40108,Arizona,1,1,0,0,0,3,3,21,PINAL (21),216,GOLD CANYON,28,28,1,January,2023,7,Saturday,15,3:00pm-3:59pm,50,50,1,This Section IS ON the NHS,1,Rural,3,Other Principal Arterial,1,State Highway Agency,2,U.S. Highway,US-60,,1740,1740,33.32265000,33.32265000,-111.425597220,-111.42559722,0,No Special Jurisdiction,1,Rollover/Overturn,0,The First Harmful Event was Not a Collision with a Motor Vehicle in Transport,0,No,1,Non-Junction,1,Not an Intersection,0,None,,,4,On Roadside,1,Daylight,,,,,1,Clear,0,No,0000000,Not Applicable,15,3:00pm-3:59pm,54,54,15,3:00pm-3:59pm,57,57,88,"Not Applicable (Not Transported) ",88,Not Applicable (Not Transported),,,,,,,2,
2023,4,40109,Arizona,1,1,0,0,0,1,1,1,APACHE (1),538,VERNON,2,2,2,February,2023,5,Thursday,9,9:00am-9:59am,14,14,1,This Section IS ON the NHS,1,Rural,3,Other Principal Arterial,1,State Highway Agency,2,U.S. Highway,US-60,,3196,3196,34.28009722,34.28009722,-109.803444440,-109.80344444,0,No Special Jurisdiction,42,Tree (Standing Only),0,The First Harmful Event was Not a Collision with a Motor Vehicle in Transport,0,No,1,Non-Junction,1,Not an Intersection,0,None,,,5,Outside Trafficway,1,Daylight,,,,,1,Clear,0,No,0000000,Not Applicable,9,9:00am-9:59am,14,14,9,9:00am-9:59am,20,20,12,12:00pm-12:59pm,0,0,,,,,,,1,
2023,4,40110,Arizona,1,1,0,1,1,1,1,19,PIMA (19),530,TUCSON,3,3,2,February,2023,6,Friday,18,6:00pm-6:59pm,58,58,1,This Section IS ON the NHS,2,Urban,3,Other Principal Arterial,4,City or Municipal Highway Agency,0,Not Signed,W MIRACLE MILE,N EL BURRITO AVE,0,None,32.26109722,32.26109722,-110.991305560,-110.99130556,0,No Special Jurisdiction,8,Pedestrian,0,The First Harmful Event was Not a Collision with a Motor Vehicle in Transport,0,No,2,Intersection,3,T-Intersection,0,None,,,1,On Roadway,3,Dark - Lighted,,,,,1,Clear,0,No,0000000,Not Applicable,18,6:00pm-6:59pm,58,58,19,7:00pm-7:59pm,2,2,88,"Not Applicable (Not Transported) ",88,Not Applicable (Not Transported),,,,,,,1,
2023,4,40111,Arizona,2,2,0,0,0,5,5,5,COCONINO (5),9997,Other,10,10,2,February,2023,6,Friday,10,10:00am-10:59am,30,30,0,This Section IS NOT on the NHS,1,Rural,5,Major Collector,1,State Highway Agency,3,State Highway,SR-66,,585,585,35.53392778,35.53392778,-113.245072220,-113.24507222,0,No Special Jurisdiction,12,Motor Vehicle In-Transport,1,Front-to-Rear,1,Yes,19,Other location within Interchange Area,1,Not an Intersection,0,None,,,4,On Roadside,1,Daylight,,,,,1,Clear,0,No,0000000,Not Applicable,10,10:00am-10:59am,43,43,11,11:00am-11:59am,22,22,12,12:00pm-12:59pm,37,37,,,,,,,1,
2023,4,40112,Arizona,1,1,0,0,0,2,2,13,MARICOPA (13),420,SCOTTSDALE,13,13,2,February,2023,2,Monday,11,11:00am-11:59am,26,26,0,This Section IS NOT on the NHS,2,Urban,4,Minor Arterial,4,City or Municipal Highway Agency,0,Not Signed,PIMA RD,,0,None,33.65955556,33.65955556,-111.889727780,-111.88972778,0,No Special Jurisdiction,33,Curb,0,The First Harmful Event was Not a Collision with a Motor Vehicle in Transport,0,No,1,Non-Junction,1,Not an Intersection,0,None,,,4,On Roadside,1,Daylight,,,,,1,Clear,0,No,0000000,Not Applicable,11,11:00am-11:59am,26,26,11,11:00am-11:59am,30,30,11,11:00am-11:59am,50,50,,,,,,,1,
2023,4,40113,Arizona,1,1,0,0,0,1,1,13,MARICOPA (13),290,MESA,14,14,2,February,2023,3,Tuesday,1,1:00am-1:59am,13,13,1,This Section IS ON the NHS,2,Urban,3,Other Principal Arterial,1,State Highway Agency,3,State Highway,SR-22,,119,119,33.44518611,33.44518611,-111.856505560,-111.85650556,0,No Special Jurisdiction,25,Concrete Traffic Barrier,0,The First Harmful Event was Not a Collision with a Motor Vehicle in Transport,0,No,1,Non-Junction,1,Not an Intersection,0,None,,,4,On Roadside,3,Dark - Lighted,,,,,1,Clear,0,No,0000000,Not Applicable,1,1:00am-1:59am,14,14,1,1:00am-1:59am,27,27,88,"Not Applicable (Not Transported) ",88,Not Applicable (Not Transported),,,,,,,1,
2023,4,40114,Arizona,1,1,0,0,0,1,1,13,MARICOPA (13),370,PHOENIX,17,17,2,February,2023,6,Friday,23,11:00pm-11:59pm,59,59,1,This Section IS ON the NHS,2,Urban,3,Other Principal Arterial,1,State Highway Agency,3,State Highway,SR-51,,15,15,33.56904167,33.56904167,-112.027266670,-112.02726667,0,No Special Jurisdiction,1,Rollover/Overturn,0,The First Harmful Event was Not a Collision with a Motor Vehicle in Transport,1,Yes,5,Entrance/Exit Ramp Related,1,Not an Intersection,0,None,,,4,On Roadside,3,Dark - Lighted,,,,,1,Clear,0,No,0000000,Not Applicable,0,0:00am-0:59am,22,22,0,0:00am-0:59am,30,30,88,"Not Applicable (Not Transported) ",88,Not Applicable (Not Transported),,,,,,,1,
2023,4,40115,Arizona,2,2,0,0,0,2,2,19,PIMA (19),530,TUCSON,19,19,2,February,2023,1,Sunday,9,9:00am-9:59am,1,1,0,This Section IS NOT on the NHS,2,Urban,4,Minor Arterial,4,City or Municipal Highway Agency,0,Not Signed,EUCLID AVE,,0,None,32.24704167,32.24704167,-110.959536110,-110.95953611,0,No Special Jurisdiction,1,Rollover/Overturn,0,The First Harmful Event was Not a Collision with a Motor Vehicle in Transport,0,No,1,Non-Junction,1,Not an Intersection,0,None,,,1,On Roadway,1,Daylight,,,,,1,Clear,0,No,0000000,Not Applicable,9,9:00am-9:59am,1,1,9,9:00am-9:59am,8,8,88,"Not Applicable (Not Transported) ",88,Not Applicable (Not Transported),,,,,,,1,
2023,4,40116,Arizona,2,2,0,0,0,5,5,13,MARICOPA (13),370,PHOENIX,24,24,2,February,2023,6,Friday,14,2:00pm-2:59pm,31,31,1,This Section IS ON the NHS,2,Urban,3,Other Principal Arterial,1,State Highway Agency,3,State Highway,SR-202,,99999,Unknown,33.36995556,33.36995556,-112.189405560,-112.18940556,0,No Special Jurisdiction,12,Motor Vehicle In-Transport,1,Front-to-Rear,0,No,1,Non-Junction,1,Not an Intersection,0,None,,,1,On Roadway,1,Daylight,,,,,1,Clear,0,No,0000000,Not Applicable,14,2:00pm-2:59pm,32,32,14,2:00pm-2:59pm,40,40,15,3:00pm-3:59pm,0,0,,,,,,,1,
2023,4,40117,Arizona,1,1,0,0,0,1,1,13,MARICOPA (13),263,LITCHFIELD PARK,1,1,3,March,2023,4,Wednesday,19,7:00pm-7:59pm,7,7,1,This Section IS ON the NHS,2,Urban,3,Other Principal Arterial,1,State Highway Agency,3,State Highway,SR-303,,68,68,33.54920833,33.54920833,-112.418538890,-112.41853889,0,No Special Jurisdiction,30,Utility Pole/Light Support,0,The First Harmful Event was Not a Collision with a Motor Vehicle in Transport,0,No,1,Non-Junction,1,Not an Intersection,0,None,,,4,On Roadside,3,Dark - Lighted,,,,,2,Rain,0,No,0000000,Not Applicable,19,7:00pm-7:59pm,1,1,19,7:00pm-7:59pm,13,13,88,"Not Applicable (Not Transported) ",88,Not Applicable (Not Transported),,,,,,,1,
2023,4,40118,Arizona,1,1,0,1,1,1,1,13,MARICOPA (13),370,PHOENIX,18,18,1,January,2023,4,Wednesday,18,6:00pm-6:59pm,34,34,0,This Section IS NOT on the NHS,2,Urban,4,Minor Arterial,4,City or Municipal Highway Agency,0,Not Signed,E BROADWAY RD,,0,None,33.40700556,33.40700556,-112.022013890,-112.02201389,0,No Special Jurisdiction,8,Pedestrian,0,The First Harmful Event was Not a Collision with a Motor Vehicle in Transport,0,No,1,Non-Junction,1,Not an Intersection,0,None,,,1,On Roadway,3,Dark - Lighted,,,,,1,Clear,0,No,0000000,Not Applicable,99,Unknown,99,Unknown,99,Unknown EMS Scene Arrival Hour,97,Officially Cancelled,99,Unknown,97,Officially Canceled,,,,,,,1,
2023,4,40119,Arizona,1,1,0,1,1,4,4,19,PIMA (19),530,TUCSON,4,4,3,March,2023,7,Saturday,23,11:00pm-11:59pm,1,1,0,This Section IS NOT on the NHS,2,Urban,4,Minor Arterial,4,City or Municipal Highway Agency,0,Not Signed,CRAYCROFT RD,26TH ST,0,None,32.20226667,32.20226667,-110.875069440,-110.87506944,0,No Special Jurisdiction,8,Pedestrian,0,The First Harmful Event was Not a Collision with a Motor Vehicle in Transport,1,Yes,3,Intersection-Related,2,Four-Way Intersection,0,None,,,1,On Roadway,3,Dark - Lighted,,,,,1,Clear,0,No,0000000,Not Applicable,23,11:00pm-11:59pm,1,1,23,11:00pm-11:59pm,12,12,23,11:00pm-11:59pm,30,30,,,,,,,1,
2023,4,40120,Arizona,1,1,0,1,1,1,1,13,MARICOPA (13),80,CHANDLER,11,11,2,February,2023,7,Saturday,21,9:00pm-9:59pm,36,36,1,This Section IS ON the NHS,2,Urban,3,Other Principal Arterial,4,City or Municipal Highway Agency,0,Not Signed,SOUTH ARIZONA AVENUE,ELGIN STREET,0,None,33.29685000,33.29685000,-111.841519440,-111.84151944,0,No Special Jurisdiction,8,Pedestrian,0,The First Harmful Event was Not a Collision with a Motor Vehicle in Transport,0,No,3,Intersection-Related,2,Four-Way Intersection,0,None,,,1,On Roadway,3,Dark - Lighted,,,,,1,Clear,0,No,0000000,Not Applicable,21,9:00pm-9:59pm,37,37,21,9:00pm-9:59pm,38,38,21,9:00pm-9:59pm,51,51,,,,,,,1,
2023,4,40121,Arizona,2,2,0,0,0,2,2,13,MARICOPA (13),220,GOODYEAR,28,28,1,January,2023,7,Saturday,19,7:00pm-7:59pm,53,53,0,This Section IS NOT on the NHS,2,Urban,4,Minor Arterial,4,City or Municipal Highway Agency,0,Not Signed,FALCON DR C,INDIAN SCHOOL RD,0,None,33.49361667,33.49361667,-112.386766670,-112.38676667,0,No Special Jurisdiction,12,Motor Vehicle In-Transport,6,Angle,0,No,2,Intersection,2,Four-Way Intersection,0,None,,,1,On Roadway,3,Dark - Lighted,,,,,1,Clear,0,No,0000000,Not Applicable,19,7:00pm-7:59pm,54,54,19,7:00pm-7:59pm,0,0,88,"Not Applicable (Not Transported) ",88,Not Applicable (Not Transported),,,,,,,1,
2023,4,40122,Arizona,2,2,0,0,0,5,5,19,PIMA (19),530,TUCSON,21,21,2,February,2023,3,Tuesday,21,9:00pm-9:59pm,50,50,0,This Section IS NOT on the NHS,2,Urban,4,Minor Arterial,4,City or Municipal Highway Agency,0,Not Signed,BENSON HWY,PARK AVE,0,None,32.18133056,32.18133056,-110.956211110,-110.95621111,0,No Special Jurisdiction,12,Motor Vehicle In-Transport,6,Angle,0,No,2,Intersection,2,Four-Way Intersection,0,None,,,1,On Roadway,3,Dark - Lighted,,,,,2,Rain,0,No,0000000,Not Applicable,99,Unknown,99,Unknown,99,Unknown EMS Scene Arrival Hour,99,Unknown EMS Scene Arrival Minutes,88,"Not Applicable (Not Transported) ",88,Not Applicable (Not Transported),,,,,,,1,
2023,4,40123,Arizona,2,2,0,0,0,3,3,1,APACHE (1),400,SAINT JOHNS,7,7,3,March,2023,3,Tuesday,17,5:00pm-5:59pm,5,5,0,This Section IS NOT on the NHS,1,Rural,4,Minor Arterial,1,State Highway Agency,2,U.S. Highway,US-180,,2178,2178,34.57298333,34.57298333,-109.526697220,-109.52669722,0,No Special Jurisdiction,12,Motor Vehicle In-Transport,2,Front-to-Front,0,No,1,Non-Junction,1,Not an Intersection,0,None,,,1,On Roadway,1,Daylight,,,,,10,Cloudy,0,No,0000000,Not Applicable,17,5:00pm-5:59pm,9,9,17,5:00pm-5:59pm,31,31,99,Unknown,99,Unknown EMS Hospital Arrival Time,,,,,,,3,
2023,4,40124,Arizona,1,1,0,0,0,5,5,25,YAVAPAI (25),53,BLACK CANYON CITY,7,7,2,February,2023,3,Tuesday,13,1:00pm-1:59pm,20,20,1,This Section IS ON the NHS,1,Rural,3,Other Principal Arterial,1,State Highway Agency,1,Interstate,I-17,,517,517,34.09707500,34.09707500,-112.143033330,-112.14303333,0,No Special Jurisdiction,1,Rollover/Overturn,0,The First Harmful Event was Not a Collision with a Motor Vehicle in Transport,0,No,1,Non-Junction,1,Not an Intersection,1,Construction,,,5,Outside Trafficway,1,Daylight,,,,,1,Clear,0,No,0000000,Not Applicable,13,1:00pm-1:59pm,22,22,13,1:00pm-1:59pm,31,31,14,2:00pm-2:59pm,23,23,,,,,,,1,
2023,4,40125,Arizona,1,1,0,0,0,4,4,13,MARICOPA (13),368,PEORIA,2,2,3,March,2023,5,Thursday,5,5:00am-5:59am,29,29,0,This Section IS NOT on the NHS,2,Urban,3,Other Principal Arterial,1,State Highway Agency,3,State Highway,SR-101,,107,107,33.60690000,33.60690000,-112.247530560,-112.24753056,0,No Special Jurisdiction,1,Rollover/Overturn,0,The First Harmful Event was Not a Collision with a Motor Vehicle in Transport,1,Yes,5,Entrance/Exit Ramp Related,1,Not an Intersection,0,None,,,5,Outside Trafficway,3,Dark - Lighted,,,,,10,Cloudy,0,No,0000000,Not Applicable,5,5:00am-5:59am,30,30,5,5:00am-5:59am,36,36,5,5:00am-5:59am,56,56,,,,,,,1,
2023,4,40126,Arizona,1,1,0,1,1,1,1,13,MARICOPA (13),420,SCOTTSDALE,2,2,3,March,2023,5,Thursday,8,8:00am-8:59am,50,50,0,This Section IS NOT on the NHS,2,Urban,4,Minor Arterial,4,City or Municipal Highway Agency,0,Not Signed,HAYDEN RD,VIA CAMELLO,0,None,33.54160278,33.54160278,-111.908386110,-111.90838611,0,No Special Jurisdiction,15,Non-Motorist on Personal Conveyance,0,The First Harmful Event was Not a Collision with a Motor Vehicle in Transport,0,No,2,Intersection,3,T-Intersection,0,None,,,1,On Roadway,1,Daylight,,,,,1,Clear,0,No,0000000,Not Applicable,8,8:00am-8:59am,50,50,8,8:00am-8:59am,55,55,88,"Not Applicable (Not Transported) ",88,Not Applicable (Not Transported),,,,,,,1,
2023,4,40127,Arizona,2,2,0,0,0,2,2,13,MARICOPA (13),200,GLENDALE,2,2,3,March,2023,5,Thursday,17,5:00pm-5:59pm,46,46,0,This Section IS NOT on the NHS,2,Urban,4,Minor Arterial,4,City or Municipal Highway Agency,0,Not Signed,W MONTEBELLO AVE,67TH DR,0,None,33.52021667,33.52021667,-112.203169440,-112.20316944,0,No Special Jurisdiction,12,Motor Vehicle In-Transport,6,Angle,0,No,2,Intersection,3,T-Intersection,0,None,,,1,On Roadway,5,Dusk,,,,,1,Clear,0,No,0000000,Not Applicable,17,5:00pm-5:59pm,46,46,17,5:00pm-5:59pm,50,50,18,6:00pm-6:59pm,15,15,,,,,,,1,
2023,4,40128,Arizona,4,4,0,0,0,5,5,13,MARICOPA (13),370,PHOENIX,2,2,3,March,2023,5,Thursday,21,9:00pm-9:59pm,52,52,1,This Section IS ON the NHS,2,Urban,3,Other Principal Arterial,1,State Highway Agency,1,Interstate,I-17,,80,80,33.48822500,33.48822500,-112.112933330,-112.11293333,0,No Special Jurisdiction,12,Motor Vehicle In-Transport,1,Front-to-Rear,0,No,1,Non-Junction,1,Not an Intersection,0,None,,,1,On Roadway,3,Dark - Lighted,,,,,1,Clear,0,No,0000000,Not Applicable,21,9:00pm-9:59pm,57,57,22,10:00pm-10:59pm,11,11,22,10:00pm-10:59pm,30,30,,,,,,,1,
2023,4,40129,Arizona,1,1,0,0,0,2,2,21,PINAL (21),9999,Unknown,3,3,3,March,2023,6,Friday,4,4:00am-4:59am,28,28,0,This Section IS NOT on the NHS,2,Urban,4,Minor Arterial,4,City or Municipal Highway Agency,0,Not Signed,N GANTZEL RD,E GOOD LIFE WAY,0,None,33.21433056,33.21433056,-111.563191670,-111.56319167,0,No Special Jurisdiction,46,Traffic Signal Support,0,The First Harmful Event was Not a Collision with a Motor Vehicle in Transport,0,No,3,Intersection-Related,2,Four-Way Intersection,0,None,,,4,On Roadside,3,Dark - Lighted,,,,,1,Clear,0,No,0000000,Not Applicable,99,Unknown,99,Unknown,99,Unknown EMS Scene Arrival Hour,99,Unknown EMS Scene Arrival Minutes,99,Unknown,99,Unknown EMS Hospital Arrival Time,,,,,,,1,
2023,4,40130,Arizona,1,1,0,0,0,1,1,13,MARICOPA (13),368,PEORIA,3,3,3,March,2023,6,Friday,12,12:00pm-12:59pm,8,8,1,This Section IS ON the NHS,2,Urban,3,Other Principal Arterial,4,City or Municipal Highway Agency,0,Not Signed,W NORTHERN AVE,N 111TH AVE,0,None,33.55100278,33.55100278,-112.297733330,-112.29773333,0,No Special Jurisdiction,33,Curb,0,The First Harmful Event was Not a Collision with a Motor Vehicle in Transport,0,No,3,Intersection-Related,3,T-Intersection,0,None,,,4,On Roadside,1,Daylight,,,,,1,Clear,0,No,0000000,Not Applicable,12,12:00pm-12:59pm,10,10,12,12:00pm-12:59pm,20,20,12,12:00pm-12:59pm,40,40,,,,,,,1,