caseyear,state,st_case,statename,ve_total,ve_forms,pvh_invl,peds,pernotmvit,permvit,persons,county,countyname,city,cityname,day,dayname,month,monthname,year,day_week,day_weekname,hour,hourname,minute,minutename,nhs,nhsname,rur_urb,rur_urbname,func_sys,func_sysname,rd_owner,rd_ownername,route,routename,tway_id,tway_id2,milept,mileptname,latitude,latitudename,longitud,longitudname,sp_jur,sp_jurname,harm_ev,harm_evname,man_coll,man_collname,reljct1,reljct1name,reljct2,reljct2name,typ_int,typ_intname,wrk_zone,wrk_zonename,road_fnc,road_fncname,rel_road,rel_roadname,lgt_cond,lgt_condname,weather1,weather1name,weather2,weather2name,weather,weathername,sch_bus,sch_busname,rail,railname,not_hour,not_hourname,not_min,not_minname,arr_hour,arr_hourname,arr_min,arr_minname,hosp_hr,hosp_hrname,hosp_mn,hosp_mnname,cf1,cf1name,cf2,cf2name,cf3,cf3name,fatals,drunk_dr
2023,4,40175,Arizona,1,1,0,1,1,1,1,13,MARICOPA (13),370,PHOENIX,14,14,1,January,2023,7,Saturday,3,3:00am-3:59am,55,55,0,This Section IS NOT on the NHS,2,Urban,4,Minor Arterial,4,City or Municipal Highway Agency,0,Not Signed,W GLENDALE AVE,N 32ND DR,0,None,33.53848889,33.53848889,-112.128702780,-112.12870278,0,No Special Jurisdiction,8,Pedestrian,0,The First Harmful Event was Not a Collision with a Motor Vehicle in Transport,0,No,2,Intersection,3,T-Intersection,0,None,,,1,On Roadway,3,Dark - Lighted,,,,,1,Clear,0,No,0000000,Not Applicable,99,Unknown,99,Unknown,99,Unknown EMS Scene Arrival Hour,97,Officially Cancelled,99,Unknown,97,Officially Canceled,,,,,,,1,
2023,4,40176,Arizona,2,2,0,0,0,2,2,13,MARICOPA (13),370,PHOENIX,4,4,2,February,2023,7,Saturday,22,10:00pm-10:59pm,30,30,0,This Section IS NOT on the NHS,2,Urban,4,Minor Arterial,4,City or Municipal Highway Agency,0,Not Signed,N 19TH AVE,,0,None,33.61576389,33.61576389,-112.099708330,-112.09970833,0,No Special Jurisdiction,12,Motor Vehicle In-Transport,2,Front-to-Front,0,No,1,Non-Junction,1,Not an Intersection,0,None,,,1,On Roadway,3,Dark - Lighted,,,,,1,Clear,0,No,0000000,Not Applicable,99,Unknown,99,Unknown,99,Unknown EMS Scene Arrival Hour,99,Unknown EMS Scene Arrival Minutes,99,Unknown,99,Unknown EMS Hospital Arrival Time,,,,,,,1,
2023,4,40177,Arizona,2,2,0,0,0,6,6,3,COCHISE (3),40,BENSON,11,11,2,February,2023,7,Saturday,17,5:00pm-5:59pm,45,45,1,This Section IS ON the NHS,1,Rural,3,Other Principal Arterial,1,State Highway Agency,1,Interstate,I-10,,3117,3117,31.98330833,31.98330833,-110.204347220,-110.20434722,0,No Special Jurisdiction,12,Motor Vehicle In-Transport,1,Front-to-Rear,0,No,1,Non-Junction,1,Not an Intersection,0,None,,,1,On Roadway,1,Daylight,,,,,1,Clear,0,No,0000000,Not Applicable,17,5:00pm-5:59pm,49,49,18,6:00pm-6:59pm,5,5,19,7:00pm-7:59pm,30,30,,,,,,,1,
2023,4,40178,Arizona,1,1,0,1,1,1,1,13,MARICOPA (13),370,PHOENIX,17,17,2,February,2023,6,Friday,18,6:00pm-6:59pm,44,44,0,This Section IS NOT on the NHS,2,Urban,4,Minor Arterial,4,City or Municipal Highway Agency,0,Not Signed,N 19TH AVE,W WOOD DR,0,None,33.60429167,33.60429167,-112.099619440,-112.09961944,0,No Special Jurisdiction,8,Pedestrian,0,The First Harmful Event was Not a Collision with a Motor Vehicle in Transport,0,No,3,Intersection-Related,2,Four-Way Intersection,0,None,,,1,On Roadway,3,Dark - Lighted,,,,,1,Clear,0,No,0000000,Not Applicable,18,6:00pm-6:59pm,45,45,18,6:00pm-6:59pm,49,49,19,7:00pm-7:59pm,10,10,,,,,,,1,
2023,4,40179,Arizona,1,1,0,0,0,1,1,13,MARICOPA (13),189,GILA BEND,2,2,3,March,2023,5,Thursday,21,9:00pm-9:59pm,45,45,1,This Section IS ON the NHS,1,Rural,3,Other Principal Arterial,1,State Highway Agency,1,Interstate,I-8,,1387,1387,32.85219444,32.85219444,-112.363844440,-112.36384444,0,No Special Jurisdiction,42,Tree (Standing Only),0,The First Harmful Event was Not a Collision with a Motor Vehicle in Transport,0,No,1,Non-Junction,1,Not an Intersection,0,None,,,5,Outside Trafficway,2,Dark - Not Lighted,,,,,1,Clear,0,No,0000000,Not Applicable,21,9:00pm-9:59pm,49,49,22,10:00pm-10:59pm,27,27,88,"Not Applicable (Not Transported) ",88,Not Applicable (Not Transported),,,,,,,1,
2023,4,40181,Arizona,3,3,0,0,0,6,6,25,YAVAPAI (25),105,CONGRESS,24,24,3,March,2023,6,Friday,14,2:00pm-2:59pm,42,42,1,This Section IS ON the NHS,1,Rural,3,Other Principal Arterial,1,State Highway Agency,2,U.S. Highway,US-93,,1681,1681,34.30012222,34.30012222,-113.118241670,-113.11824167,0,No Special Jurisdiction,12,Motor Vehicle In-Transport,2,Front-to-Front,0,No,1,Non-Junction,1,Not an Intersection,0,None,,,1,On Roadway,1,Daylight,,,,,1,Clear,0,No,0000000,Not Applicable,14,2:00pm-2:59pm,45,45,15,3:00pm-3:59pm,52,52,99,Unknown,99,Unknown EMS Hospital Arrival Time,,,,,,,2,
2023,4,40182,Arizona,1,1,0,0,0,2,2,23,SANTA CRUZ (23),529,TUBAC,25,25,3,March,2023,7,Saturday,8,8:00am-8:59am,3,3,1,This Section IS ON the NHS,1,Rural,3,Other Principal Arterial,1,State Highway Agency,1,Interstate,I-19,,340,340,31.60980556,31.60980556,-111.052397220,-111.05239722,0,No Special Jurisdiction,42,Tree (Standing Only),0,The First Harmful Event was Not a Collision with a Motor Vehicle in Transport,1,Yes,5,Entrance/Exit Ramp Related,1,Not an Intersection,0,None,,,5,Outside Trafficway,1,Daylight,,,,,1,Clear,0,No,0000000,Not Applicable,8,8:00am-8:59am,10,10,8,8:00am-8:59am,14,14,88,"Not Applicable (Not Transported) ",88,Not Applicable (Not Transported),,,,,,,1,
2023,4,40184,Arizona,2,2,0,0,0,2,2,19,PIMA (19),530,TUCSON,30,30,3,March,2023,5,Thursday,14,2:00pm-2:59pm,13,13,1,This Section IS ON the NHS,2,Urban,3,Other Principal Arterial,2,County Highway Agency,0,Not Signed,S ALVERNON WAY,VALENCIA RD,0,None,32.13431389,32.13431389,-110.909452780,-110.90945278,0,No Special Jurisdiction,12,Motor Vehicle In-Transport,6,Angle,0,No,2,Intersection,2,Four-Way Intersection,0,None,,,1,On Roadway,1,Daylight,,,,,1,Clear,0,No,0000000,Not Applicable,14,2:00pm-2:59pm,13,13,14,2:00pm-2:59pm,20,20,88,"Not Applicable (Not Transported) ",88,Not Applicable (Not Transported),,,,,,,1,
2023,4,40185,Arizona,1,1,0,1,1,1,1,19,PIMA (19),530,TUCSON,11,11,2,February,2023,7,Saturday,20,8:00pm-8:59pm,56,56,0,This Section IS NOT on the NHS,2,Urban,3,Other Principal Arterial,4,City or Municipal Highway Agency,0,Not Signed,SOUTH KOLD RD,,0,None,32.20262222,32.20262222,-110.840933330,-110.84093333,0,No Special Jurisdiction,8,Pedestrian,0,The First Harmful Event was Not a Collision with a Motor Vehicle in Transport,0,No,1,Non-Junction,1,Not an Intersection,0,None,,,1,On Roadway,3,Dark - Lighted,,,,,1,Clear,0,No,0000000,Not Applicable,20,8:00pm-8:59pm,56,56,21,9:00pm-9:59pm,1,1,21,9:00pm-9:59pm,20,20,,,,,,,1,
2023,4,40186,Arizona,2,2,0,0,0,2,2,13,MARICOPA (13),0,NOT APPLICABLE,3,3,3,March,2023,6,Friday,10,10:00am-10:59am,43,43,1,This Section IS ON the NHS,1,Rural,3,Other Principal Arterial,1,State Highway Agency,3,State Highway,SR-87,,1045,1045,33.88641667,33.88641667,-111.452483330,-111.45248333,0,No Special Jurisdiction,12,Motor Vehicle In-Transport,1,Front-to-Rear,0,No,1,Non-Junction,1,Not an Intersection,0,None,,,1,On Roadway,1,Daylight,,,,,10,Cloudy,0,No,0000000,Not Applicable,11,11:00am-11:59am,34,34,12,12:00pm-12:59pm,3,3,13,1:00pm-1:59pm,10,10,,,,,,,1,
2023,4,40187,Arizona,2,2,0,0,0,2,2,13,MARICOPA (13),9997,Other,11,11,2,February,2023,7,Saturday,16,4:00pm-4:59pm,34,34,0,This Section IS NOT on the NHS,1,Rural,5,Major Collector,1,State Highway Agency,2,U.S. Highway,US-HIGHWAY 80,,0,None,33.22689444,33.22689444,-112.773677780,-112.77367778,0,No Special Jurisdiction,12,Motor Vehicle In-Transport,7,Sideswipe - Same Direction,0,No,1,Non-Junction,1,Not an Intersection,0,None,,,1,On Roadway,1,Daylight,,,,,1,Clear,0,No,0000000,Not Applicable,16,4:00pm-4:59pm,36,36,16,4:00pm-4:59pm,54,54,88,"Not Applicable (Not Transported) ",88,Not Applicable (Not Transported),,,,,,,1,
2023,4,40188,Arizona,1,1,0,0,0,1,1,13,MARICOPA (13),0,NOT APPLICABLE,19,19,3,March,2023,1,Sunday,22,10:00pm-10:59pm,25,25,0,This Section IS NOT on the NHS,2,Urban,6,Minor Collector,4,City or Municipal Highway Agency,0,Not Signed,"N BLACK CANYON HWY ",,0,None,33.92318056,33.92318056,-112.140838890,-112.14083889,0,No Special Jurisdiction,17,Boulder,0,The First Harmful Event was Not a Collision with a Motor Vehicle in Transport,0,No,1,Non-Junction,1,Not an Intersection,0,None,,,4,On Roadside,2,Dark - Not Lighted,,,,,1,Clear,0,No,0000000,Not Applicable,22,10:00pm-10:59pm,25,25,22,10:00pm-10:59pm,27,27,88,"Not Applicable (Not Transported) ",88,Not Applicable (Not Transported),,,,,,,1,
2023,4,40189,Arizona,1,1,0,0,0,1,1,13,MARICOPA (13),200,GLENDALE,17,17,2,February,2023,6,Friday,21,9:00pm-9:59pm,38,38,1,This Section IS ON the NHS,2,Urban,3,Other Principal Arterial,4,City or Municipal Highway Agency,0,Not Signed,NW GRAND AVE,,0,None,33.51719444,33.51719444,-112.160447220,-112.16044722,0,No Special Jurisdiction,33,Curb,0,The First Harmful Event was Not a Collision with a Motor Vehicle in Transport,0,No,1,Non-Junction,1,Not an Intersection,0,None,,,4,On Roadside,3,Dark - Lighted,,,,,1,Clear,0,No,0000000,Not Applicable,21,9:00pm-9:59pm,40,40,21,9:00pm-9:59pm,47,47,88,"Not Applicable (Not Transported) ",88,Not Applicable (Not Transported),,,,,,,1,
2023,4,40190,Arizona,1,1,0,1,1,1,1,13,MARICOPA (13),200,GLENDALE,14,14,3,March,2023,3,Tuesday,22,10:00pm-10:59pm,57,57,0,This Section IS NOT on the NHS,2,Urban,4,Minor Arterial,4,City or Municipal Highway Agency,0,Not Signed,N 59TH AVE,W VOGEL AVE,0,None,33.57178611,33.57178611,-112.186347220,-112.18634722,0,No Special Jurisdiction,8,Pedestrian,0,The First Harmful Event was Not a Collision with a Motor Vehicle in Transport,0,No,3,Intersection-Related,2,Four-Way Intersection,0,None,,,1,On Roadway,3,Dark - Lighted,,,,,10,Cloudy,0,No,0000000,Not Applicable,22,10:00pm-10:59pm,57,57,23,11:00pm-11:59pm,0,0,23,11:00pm-11:59pm,16,16,,,,,,,1,
2023,4,40191,Arizona,1,1,0,1,1,1,1,19,PIMA (19),530,TUCSON,19,19,3,March,2023,1,Sunday,0,0:00am-0:59am,35,35,1,This Section IS ON the NHS,2,Urban,3,Other Principal Arterial,4,City or Municipal Highway Agency,0,Not Signed,GOLF LINKS RD,WILMOT RD,0,None,32.19223889,32.19223889,-110.857763890,-110.85776389,0,No Special Jurisdiction,8,Pedestrian,0,The First Harmful Event was Not a Collision with a Motor Vehicle in Transport,0,No,3,Intersection-Related,2,Four-Way Intersection,0,None,,,1,On Roadway,3,Dark - Lighted,,,,,1,Clear,0,No,0000000,Not Applicable,0,0:00am-0:59am,35,35,0,0:00am-0:59am,40,40,0,0:00am-0:59am,45,45,,,,,,,1,
2023,4,40192,Arizona,2,2,0,0,0,2,2,19,PIMA (19),530,TUCSON,23,23,3,March,2023,5,Thursday,6,6:00am-6:59am,0,0,0,This Section IS NOT on the NHS,2,Urban,4,Minor Arterial,2,County Highway Agency,3,State Highway,SR-NOGALES HWY,,0,None,32.09973333,32.09973333,-110.959866670,-110.95986667,0,No Special Jurisdiction,12,Motor Vehicle In-Transport,6,Angle,0,No,1,Non-Junction,1,Not an Intersection,0,None,,,1,On Roadway,4,Dawn,,,,,1,Clear,0,No,0000000,Not Applicable,6,6:00am-6:59am,0,0,6,6:00am-6:59am,13,13,88,"Not Applicable (Not Transported) ",88,Not Applicable (Not Transported),,,,,,,1,
2023,4,40193,Arizona,2,2,0,0,0,3,3,13,MARICOPA (13),490,TEMPE,23,23,3,March,2023,5,Thursday,10,10:00am-10:59am,53,53,1,This Section IS ON the NHS,2,Urban,3,Other Principal Arterial,1,State Highway Agency,3,State Highway,SR-101,,515,515,33.40216667,33.40216667,-111.890947220,-111.89094722,0,No Special Jurisdiction,12,Motor Vehicle In-Transport,1,Front-to-Rear,1,Yes,5,Entrance/Exit Ramp Related,1,Not an Intersection,0,None,,,1,On Roadway,1,Daylight,,,,,1,Clear,0,No,0000000,Not Applicable,10,10:00am-10:59am,54,54,11,11:00am-11:59am,4,4,11,11:00am-11:59am,10,10,,,,,,,1,
2023,4,40194,Arizona,1,1,0,1,1,2,2,13,MARICOPA (13),420,SCOTTSDALE,24,24,3,March,2023,6,Friday,5,5:00am-5:59am,49,49,0,This Section IS NOT on the NHS,2,Urban,5,Major Collector,4,City or Municipal Highway Agency,0,Not Signed,DYNAMITE BLVD,,0,None,33.74243056,33.74243056,-111.876744440,-111.87674444,0,No Special Jurisdiction,9,Pedalcyclist,0,The First Harmful Event was Not a Collision with a Motor Vehicle in Transport,0,No,1,Non-Junction,1,Not an Intersection,0,None,,,1,On Roadway,2,Dark - Not Lighted,,,,,2,Rain,0,No,0000000,Not Applicable,5,5:00am-5:59am,49,49,5,5:00am-5:59am,55,55,88,"Not Applicable (Not Transported) ",88,Not Applicable (Not Transported),,,,,,,1,
2023,4,40195,Arizona,1,1,0,1,1,1,1,19,PIMA (19),530,TUCSON,24,24,3,March,2023,6,Friday,21,9:00pm-9:59pm,47,47,1,This Section IS ON the NHS,2,Urban,3,Other Principal Arterial,1,State Highway Agency,3,State Highway,SR-BENSON HWY,STATE AVE,0,None,32.16431389,32.16431389,-110.937277780,-110.93727778,0,No Special Jurisdiction,8,Pedestrian,0,The First Harmful Event was Not a Collision with a Motor Vehicle in Transport,0,No,3,Intersection-Related,3,T-Intersection,0,None,,,1,On Roadway,3,Dark - Lighted,,,,,1,Clear,0,No,0000000,Not Applicable,21,9:00pm-9:59pm,51,51,21,9:00pm-9:59pm,55,55,88,"Not Applicable (Not Transported) ",88,Not Applicable (Not Transported),,,,,,,1,
2023,4,40196,Arizona,2,2,0,0,0,5,5,13,MARICOPA (13),30,AVONDALE,25,25,3,March,2023,7,Saturday,12,12:00pm-12:59pm,45,45,0,This Section IS NOT on the NHS,2,Urban,4,Minor Arterial,4,City or Municipal Highway Agency,0,Not Signed,W MCDOWELL RD,N 103RD AVE,0,None,33.46464444,33.46464444,-112.281272220,-112.28127222,0,No Special Jurisdiction,12,Motor Vehicle In-Transport,6,Angle,0,No,2,Intersection,2,Four-Way Intersection,0,None,,,1,On Roadway,1,Daylight,,,,,1,Clear,0,No,0000000,Not Applicable,12,12:00pm-12:59pm,49,49,12,12:00pm-12:59pm,51,51,13,1:00pm-1:59pm,31,31,,,,,,,1,
2023,4,40197,Arizona,1,1,0,0,0,3,3,17,NAVAJO (17),379,PINETOP,25,25,3,March,2023,7,Saturday,16,4:00pm-4:59pm,9,9,0,This Section IS NOT on the NHS,1,Rural,6,Minor Collector,11,"State Park, Forest, or Reservation Agency",0,Not Signed,RIM RD,,0,None,34.10568056,34.10568056,-109.929380560,-109.92938056,0,No Special Jurisdiction,42,Tree (Standing Only),0,The First Harmful Event was Not a Collision with a Motor Vehicle in Transport,0,No,1,Non-Junction,1,Not an Intersection,0,None,,,4,On Roadside,1,Daylight,,,,,1,Clear,0,No,0000000,Not Applicable,16,4:00pm-4:59pm,9,9,16,4:00pm-4:59pm,19,19,99,Unknown,99,Unknown EMS Hospital Arrival Time,,,,,,,2,
2023,4,40198,Arizona,2,2,0,0,0,3,3,13,MARICOPA (13),486,SURPRISE,26,26,3,March,2023,1,Sunday,11,11:00am-11:59am,46,46,1,This Section IS ON the NHS,2,Urban,3,Other Principal Arterial,4,City or Municipal Highway Agency,0,Not Signed,W BELL RD,W 115 AVE,0,None,33.63873056,33.63873056,-112.307663890,-112.30766389,0,No Special Jurisdiction,12,Motor Vehicle In-Transport,6,Angle,0,No,2,Intersection,3,T-Intersection,0,None,,,1,On Roadway,1,Daylight,,,,,10,Cloudy,0,No,0000000,Not Applicable,11,11:00am-11:59am,47,47,11,11:00am-11:59am,53,53,12,12:00pm-12:59pm,17,17,,,,,,,1,
2023,4,40199,Arizona,2,2,0,0,0,5,5,3,COCHISE (3),137,DRAGOON,29,29,3,March,2023,4,Wednesday,13,1:00pm-1:59pm,24,24,1,This Section IS ON the NHS,1,Rural,3,Other Principal Arterial,1,State Highway Agency,1,Interstate,I-10,,3197,3197,32.04303889,32.04303889,-110.092288890,-110.09228889,0,No Special Jurisdiction,12,Motor Vehicle In-Transport,1,Front-to-Rear,0,No,1,Non-Junction,1,Not an Intersection,0,None,,,1,On Roadway,1,Daylight,,,,,1,Clear,0,No,0000000,Not Applicable,13,1:00pm-1:59pm,29,29,13,1:00pm-1:59pm,37,37,14,2:00pm-2:59pm,0,0,,,,,,,2,
2023,4,40200,Arizona,1,1,0,0,0,1,1,25,YAVAPAI (25),65,CAMP VERDE,26,26,3,March,2023,1,Sunday,17,5:00pm-5:59pm,30,30,1,This Section IS ON the NHS,2,Urban,3,Other Principal Arterial,1,State Highway Agency,3,State Highway,SR-260,,95,95,34.60790000,34.60790000,-111.910936110,-111.91093611,0,No Special Jurisdiction,34,Ditch,0,The First Harmful Event was Not a Collision with a Motor Vehicle in Transport,0,No,1,Non-Junction,1,Not an Intersection,0,None,,,4,On Roadside,1,Daylight,,,,,1,Clear,0,No,0000000,Not Applicable,17,5:00pm-5:59pm,30,30,17,5:00pm-5:59pm,36,36,88,"Not Applicable (Not Transported) ",88,Not Applicable (Not Transported),,,,,,,1,
2023,4,40201,Arizona,1,1,0,1,1,2,2,19,PIMA (19),530,TUCSON,26,26,3,March,2023,1,Sunday,21,9:00pm-9:59pm,6,6,0,This Section IS NOT on the NHS,2,Urban,5,Major Collector,4,City or Municipal Highway Agency,0,Not Signed,TYNDALL AVE,ROGER RD,0,None,32.27937778,32.27937778,-110.958522220,-110.95852222,0,No Special Jurisdiction,8,Pedestrian,0,The First Harmful Event was Not a Collision with a Motor Vehicle in Transport,0,No,3,Intersection-Related,2,Four-Way Intersection,0,None,,,1,On Roadway,2,Dark - Not Lighted,,,,,1,Clear,0,No,0000000,Not Applicable,21,9:00pm-9:59pm,6,6,21,9:00pm-9:59pm,9,9,88,"Not Applicable (Not Transported) ",88,Not Applicable (Not Transported),,,,,,,1,
2023,4,40202,Arizona,1,1,0,0,0,1,1,25,YAVAPAI (25),616,YARNELL,27,27,3,March,2023,2,Monday,16,4:00pm-4:59pm,58,58,0,This Section IS NOT on the NHS,1,Rural,4,Minor Arterial,1,State Highway Agency,3,State Highway,SR-89,,157,157,34.20488056,34.20488056,-112.793788890,-112.79378889,0,No Special Jurisdiction,1,Rollover/Overturn,0,The First Harmful Event was Not a Collision with a Motor Vehicle in Transport,0,No,1,Non-Junction,1,Not an Intersection,0,None,,,5,Outside Trafficway,1,Daylight,,,,,1,Clear,0,No,0000000,Not Applicable,17,5:00pm-5:59pm,2,2,17,5:00pm-5:59pm,20,20,88,"Not Applicable (Not Transported) ",88,Not Applicable (Not Transported),,,,,,,1,
2023,4,40203,Arizona,2,2,0,0,0,6,6,21,PINAL (21),70,CASA GRANDE,28,28,3,March,2023,3,Tuesday,18,6:00pm-6:59pm,6,6,0,This Section IS NOT on the NHS,2,Urban,4,Minor Arterial,2,County Highway Agency,0,Not Signed,JIMMIE KERR BLVD,,0,None,32.84550556,32.84550556,-111.705536110,-111.70553611,0,No Special Jurisdiction,12,Motor Vehicle In-Transport,6,Angle,0,No,1,Non-Junction,1,Not an Intersection,0,None,,,1,On Roadway,1,Daylight,,,,,1,Clear,0,No,0000000,Not Applicable,18,6:00pm-6:59pm,11,11,18,6:00pm-6:59pm,35,35,99,Unknown,99,Unknown EMS Hospital Arrival Time,,,,,,,1,
2023,4,40204,Arizona,1,1,0,1,1,1,1,19,PIMA (19),530,TUCSON,28,28,3,March,2023,3,Tuesday,19,7:00pm-7:59pm,11,11,0,This Section IS NOT on the NHS,2,Urban,5,Major Collector,4,City or Municipal Highway Agency,0,Not Signed,GLENN ST,RICHEY BLVD,0,None,32.25785833,32.25785833,-110.916225000,-110.91622500,0,No Special Jurisdiction,8,Pedestrian,0,The First Harmful Event was Not a Collision with a Motor Vehicle in Transport,0,No,2,Intersection,2,Four-Way Intersection,0,None,,,1,On Roadway,3,Dark - Lighted,,,,,1,Clear,0,No,0000000,Not Applicable,19,7:00pm-7:59pm,11,11,19,7:00pm-7:59pm,18,18,19,7:00pm-7:59pm,27,27,,,,,,,1,
2023,4,40205,Arizona,1,1,0,0,0,1,1,5,COCONINO (5),0,NOT APPLICABLE,28,28,3,March,2023,3,Tuesday,22,10:00pm-10:59pm,15,15,1,This Section IS ON the NHS,2,Urban,3,Other Principal Arterial,1,State Highway Agency,1,Interstate,I-17,,1388,1388,35.09109722,35.09109722,-111.685788890,-111.68578889,0,No Special Jurisdiction,35,Embankment,0,The First Harmful Event was Not a Collision with a Motor Vehicle in Transport,1,Yes,19,Other location within Interchange Area,1,Not an Intersection,0,None,,,4,On Roadside,2,Dark - Not Lighted,,,,,1,Clear,0,No,0000000,Not Applicable,22,10:00pm-10:59pm,19,19,22,10:00pm-10:59pm,23,23,88,"Not Applicable (Not Transported) ",88,Not Applicable (Not Transported),,,,,,,1,
2023,4,40206,Arizona,1,1,0,1,1,1,1,13,MARICOPA (13),420,SCOTTSDALE,29,29,3,March,2023,4,Wednesday,23,11:00pm-11:59pm,8,8,1,This Section IS ON the NHS,2,Urban,3,Other Principal Arterial,4,City or Municipal Highway Agency,0,Not Signed,SCOTTSDALE RD,E COCHISE RD,0,None,33.58020278,33.58020278,-111.926102780,-111.92610278,0,No Special Jurisdiction,8,Pedestrian,0,The First Harmful Event was Not a Collision with a Motor Vehicle in Transport,0,No,3,Intersection-Related,3,T-Intersection,0,None,,,1,On Roadway,3,Dark - Lighted,,,,,1,Clear,0,No,0000000,Not Applicable,23,11:00pm-11:59pm,8,8,23,11:00pm-11:59pm,12,12,23,11:00pm-11:59pm,35,35,,,,,,,1,
2023,4,40207,Arizona,1,1,0,0,0,1,1,19,PIMA (19),530,TUCSON,30,30,3,March,2023,5,Thursday,13,1:00pm-1:59pm,41,41,0,This Section IS NOT on the NHS,1,Rural,7,Local,4,City or Municipal Highway Agency,0,Not Signed,N CASABLANCA DR,,0,None,32.33876111,32.33876111,-111.008252780,-111.00825278,0,No Special Jurisdiction,43,Other Fixed Object,0,The First Harmful Event was Not a Collision with a Motor Vehicle in Transport,0,No,1,Non-Junction,1,Not an Intersection,0,None,,,5,Outside Trafficway,1,Daylight,,,,,1,Clear,0,No,0000000,Not Applicable,13,1:00pm-1:59pm,43,43,13,1:00pm-1:59pm,46,46,88,"Not Applicable (Not Transported) ",88,Not Applicable (Not Transported),,,,,,,1,
2023,4,40208,Arizona,2,2,0,0,0,2,2,13,MARICOPA (13),370,PHOENIX,30,30,3,March,2023,5,Thursday,23,11:00pm-11:59pm,22,22,0,This Section IS NOT on the NHS,2,Urban,4,Minor Arterial,4,City or Municipal Highway Agency,0,Not Signed,N 7TH AVE,,0,None,33.49633333,33.49633333,-112.083605560,-112.08360556,0,No Special Jurisdiction,12,Motor Vehicle In-Transport,2,Front-to-Front,0,No,1,Non-Junction,1,Not an Intersection,0,None,,,1,On Roadway,3,Dark - Lighted,,,,,1,Clear,0,No,0000000,Not Applicable,23,11:00pm-11:59pm,23,23,23,11:00pm-11:59pm,28,28,23,11:00pm-11:59pm,43,43,,,,,,,1,
2023,4,40209,Arizona,2,2,0,0,0,4,4,13,MARICOPA (13),0,NOT APPLICABLE,31,31,3,March,2023,6,Friday,14,2:00pm-2:59pm,39,39,0,This Section IS NOT on the NHS,1,Rural,5,Major Collector,1,State Highway Agency,3,State Highway,SR-88,,100,100,33.50016667,33.50016667,-111.462469440,-111.46246944,0,No Special Jurisdiction,12,Motor Vehicle In-Transport,2,Front-to-Front,0,No,1,Non-Junction,1,Not an Intersection,0,None,,,1,On Roadway,1,Daylight,,,,,1,Clear,0,No,0000000,Not Applicable,14,2:00pm-2:59pm,45,45,15,3:00pm-3:59pm,10,10,99,Unknown,99,Unknown EMS Hospital Arrival Time,,,,,,,1,
2023,4,40210,Arizona,1,1,0,0,0,1,1,15,MOHAVE (15),572,WIKIEUP,31,31,3,March,2023,6,Friday,15,3:00pm-3:59pm,4,4,1,This Section IS ON the NHS,1,Rural,3,Other Principal Arterial,1,State Highway Agency,2,U.S. Highway,US-93,,1426,1426,34.54550556,34.54550556,-113.445875000,-113.44587500,0,No Special Jurisdiction,20,Impact Attenuator/Crash Cushion,0,The First Harmful Event was Not a Collision with a Motor Vehicle in Transport,0,No,1,Non-Junction,1,Not an Intersection,0,None,,,4,On Roadside,1,Daylight,,,,,10,Cloudy,0,No,0000000,Not Applicable,15,3:00pm-3:59pm,4,4,15,3:00pm-3:59pm,55,55,88,"Not Applicable (Not Transported) ",88,Not Applicable (Not Transported),,,,,,,1,
2023,4,40211,Arizona,2,2,0,0,0,2,2,13,MARICOPA (13),220,GOODYEAR,31,31,3,March,2023,6,Friday,15,3:00pm-3:59pm,33,33,1,This Section IS ON the NHS,2,Urban,2,Other Freeways and Expressways,1,State Highway Agency,3,State Highway,SR-303,,37,37,33.51378056,33.51378056,-112.418852780,-112.41885278,0,No Special Jurisdiction,12,Motor Vehicle In-Transport,2,Front-to-Front,0,No,1,Non-Junction,1,Not an Intersection,0,None,,,1,On Roadway,1,Daylight,,,,,1,Clear,0,No,0000000,Not Applicable,15,3:00pm-3:59pm,39,39,15,3:00pm-3:59pm,46,46,16,4:00pm-4:59pm,11,11,,,,,,,1,
2023,4,40212,Arizona,5,5,0,0,0,6,6,21,PINAL (21),70,CASA GRANDE,31,31,3,March,2023,6,Friday,17,5:00pm-5:59pm,33,33,0,This Section IS NOT on the NHS,1,Rural,4,Minor Arterial,1,State Highway Agency,3,State Highway,SR-84,,198,198,32.87940000,32.87940000,-111.807200000,-111.80720000,0,No Special Jurisdiction,12,Motor Vehicle In-Transport,1,Front-to-Rear,0,No,1,Non-Junction,1,Not an Intersection,0,None,,,1,On Roadway,1,Daylight,,,,,1,Clear,0,No,0000000,Not Applicable,17,5:00pm-5:59pm,35,35,17,5:00pm-5:59pm,40,40,88,"Not Applicable (Not Transported) ",88,Not Applicable (Not Transported),,,,,,,1,
2023,4,40213,Arizona,2,2,0,0,0,2,2,13,MARICOPA (13),200,GLENDALE,31,31,3,March,2023,6,Friday,19,7:00pm-7:59pm,32,32,0,This Section IS NOT on the NHS,2,Urban,4,Minor Arterial,4,City or Municipal Highway Agency,0,Not Signed,W GLENDALE AVE,N 76TH AVE,0,None,33.53800556,33.53800556,-112.222463890,-112.22246389,0,No Special Jurisdiction,12,Motor Vehicle In-Transport,1,Front-to-Rear,0,No,2,Intersection,3,T-Intersection,0,None,,,1,On Roadway,3,Dark - Lighted,,,,,1,Clear,0,No,0000000,Not Applicable,19,7:00pm-7:59pm,32,32,19,7:00pm-7:59pm,35,35,20,8:00pm-8:59pm,2,2,,,,,,,1,
2023,4,40214,Arizona,1,1,0,1,1,1,1,13,MARICOPA (13),200,GLENDALE,13,13,3,March,2023,2,Monday,19,7:00pm-7:59pm,2,2,0,This Section IS NOT on the NHS,2,Urban,4,Minor Arterial,2,County Highway Agency,0,Not Signed,N DYSART RD,,0,None,33.53600833,33.53600833,-112.341055560,-112.34105556,0,No Special Jurisdiction,8,Pedestrian,0,The First Harmful Event was Not a Collision with a Motor Vehicle in Transport,0,No,1,Non-Junction,1,Not an Intersection,0,None,,,1,On Roadway,2,Dark - Not Lighted,,,,,1,Clear,0,No,0000000,Not Applicable,19,7:00pm-7:59pm,2,2,19,7:00pm-7:59pm,8,8,19,7:00pm-7:59pm,20,20,,,,,,,1,