caseyear,state,st_case,statename,ve_total,ve_forms,pvh_invl,peds,pernotmvit,permvit,persons,county,countyname,city,cityname,day,dayname,month,monthname,year,day_week,day_weekname,hour,hourname,minute,minutename,nhs,nhsname,rur_urb,rur_urbname,func_sys,func_sysname,rd_owner,rd_ownername,route,routename,tway_id,tway_id2,milept,mileptname,latitude,latitudename,longitud,longitudname,sp_jur,sp_jurname,harm_ev,harm_evname,man_coll,man_collname,reljct1,reljct1name,reljct2,reljct2name,typ_int,typ_intname,wrk_zone,wrk_zonename,road_fnc,road_fncname,rel_road,rel_roadname,lgt_cond,lgt_condname,weather1,weather1name,weather2,weather2name,weather,weathername,sch_bus,sch_busname,rail,railname,not_hour,not_hourname,not_min,not_minname,arr_hour,arr_hourname,arr_min,arr_minname,hosp_hr,hosp_hrname,hosp_mn,hosp_mnname,cf1,cf1name,cf2,cf2name,cf3,cf3name,fatals,drunk_dr
2023,4,40215,Arizona,2,2,0,0,0,2,2,19,PIMA (19),530,TUCSON,28,28,3,March,2023,3,Tuesday,15,3:00pm-3:59pm,13,13,0,This Section IS NOT on the NHS,2,Urban,3,Other Principal Arterial,4,City or Municipal Highway Agency,0,Not Signed,SABINO CANYON RD,INDIAN RUINS RD,0,None,32.26151389,32.26151389,-110.841188890,-110.84118889,0,No Special Jurisdiction,12,Motor Vehicle In-Transport,6,Angle,0,No,2,Intersection,2,Four-Way Intersection,0,None,,,1,On Roadway,1,Daylight,,,,,1,Clear,0,No,0000000,Not Applicable,15,3:00pm-3:59pm,14,14,15,3:00pm-3:59pm,21,21,88,"Not Applicable (Not Transported) ",88,Not Applicable (Not Transported),,,,,,,1,
2023,4,40216,Arizona,1,1,0,0,0,1,1,13,MARICOPA (13),490,TEMPE,1,1,4,April,2023,7,Saturday,2,2:00am-2:59am,55,55,0,This Section IS NOT on the NHS,2,Urban,4,Minor Arterial,4,City or Municipal Highway Agency,0,Not Signed,MILL AVE,,0,None,33.41575556,33.41575556,-111.939950000,-111.93995000,0,No Special Jurisdiction,33,Curb,0,The First Harmful Event was Not a Collision with a Motor Vehicle in Transport,0,No,1,Non-Junction,1,Not an Intersection,0,None,,,4,On Roadside,3,Dark - Lighted,,,,,1,Clear,0,No,0000000,Not Applicable,2,2:00am-2:59am,55,55,3,3:00am-3:59am,1,1,88,"Not Applicable (Not Transported) ",88,Not Applicable (Not Transported),,,,,,,1,
2023,4,40217,Arizona,2,2,0,0,0,3,3,13,MARICOPA (13),60,BUCKEYE,1,1,4,April,2023,7,Saturday,11,11:00am-11:59am,10,10,0,This Section IS NOT on the NHS,2,Urban,4,Minor Arterial,2,County Highway Agency,0,Not Signed,S JACKRABBIT TRL,,0,None,33.38687222,33.38687222,-112.478266670,-112.47826667,0,No Special Jurisdiction,12,Motor Vehicle In-Transport,1,Front-to-Rear,0,No,1,Non-Junction,1,Not an Intersection,0,None,,,1,On Roadway,1,Daylight,,,,,1,Clear,0,No,0000000,Not Applicable,11,11:00am-11:59am,10,10,11,11:00am-11:59am,17,17,11,11:00am-11:59am,40,40,,,,,,,1,
2023,4,40219,Arizona,1,1,0,0,0,2,2,19,PIMA (19),530,TUCSON,2,2,4,April,2023,1,Sunday,1,1:00am-1:59am,8,8,1,This Section IS ON the NHS,2,Urban,3,Other Principal Arterial,1,State Highway Agency,1,Interstate,I-2 N FREEWAY,CONGRESS ST,0,None,32.22123333,32.22123333,-110.979638890,-110.97963889,0,No Special Jurisdiction,43,Other Fixed Object,0,The First Harmful Event was Not a Collision with a Motor Vehicle in Transport,1,Yes,3,Intersection-Related,2,Four-Way Intersection,0,None,,,5,Outside Trafficway,3,Dark - Lighted,,,,,1,Clear,0,No,0000000,Not Applicable,1,1:00am-1:59am,8,8,1,1:00am-1:59am,13,13,99,Unknown,99,Unknown EMS Hospital Arrival Time,,,,,,,1,
2023,4,40220,Arizona,2,2,0,0,0,3,3,13,MARICOPA (13),200,GLENDALE,8,8,4,April,2023,7,Saturday,13,1:00pm-1:59pm,15,15,1,This Section IS ON the NHS,2,Urban,3,Other Principal Arterial,4,City or Municipal Highway Agency,0,Not Signed,N GRAND AVE,W ROYAL PALM RD,0,None,33.55520556,33.55520556,-112.205708330,-112.20570833,0,No Special Jurisdiction,12,Motor Vehicle In-Transport,6,Angle,0,No,2,Intersection,3,T-Intersection,0,None,,,1,On Roadway,1,Daylight,,,,,1,Clear,0,No,0000000,Not Applicable,13,1:00pm-1:59pm,15,15,13,1:00pm-1:59pm,22,22,88,"Not Applicable (Not Transported) ",88,Not Applicable (Not Transported),,,,,,,1,
2023,4,40221,Arizona,1,1,0,0,0,1,1,1,APACHE (1),222,GREER,29,29,4,April,2023,7,Saturday,14,2:00pm-2:59pm,28,28,0,This Section IS NOT on the NHS,1,Rural,5,Major Collector,1,State Highway Agency,3,State Highway,SR-373,,23,23,34.04480833,34.04480833,-109.459247220,-109.45924722,0,No Special Jurisdiction,42,Tree (Standing Only),0,The First Harmful Event was Not a Collision with a Motor Vehicle in Transport,0,No,1,Non-Junction,1,Not an Intersection,0,None,,,5,Outside Trafficway,1,Daylight,,,,,1,Clear,0,No,0000000,Not Applicable,14,2:00pm-2:59pm,10,10,14,2:00pm-2:59pm,13,13,16,4:00pm-4:59pm,30,30,,,,,,,1,
2023,4,40224,Arizona,2,2,0,0,0,2,2,5,COCONINO (5),314,MUNDS PARK,6,6,4,April,2023,5,Thursday,5,5:00am-5:59am,43,43,1,This Section IS ON the NHS,1,Rural,3,Other Principal Arterial,1,State Highway Agency,1,Interstate,I-17,,1286,1286,34.94966111,34.94966111,-111.664869440,-111.66486944,0,No Special Jurisdiction,11,Live Animal,0,The First Harmful Event was Not a Collision with a Motor Vehicle in Transport,0,No,1,Non-Junction,1,Not an Intersection,0,None,,,1,On Roadway,1,Daylight,,,,,1,Clear,0,No,0000000,Not Applicable,5,5:00am-5:59am,45,45,5,5:00am-5:59am,56,56,88,"Not Applicable (Not Transported) ",88,Not Applicable (Not Transported),,,,,,,1,
2023,4,40225,Arizona,2,2,0,0,0,2,2,21,PINAL (21),405,SACATON,6,6,4,April,2023,5,Thursday,8,8:00am-8:59am,36,36,0,This Section IS NOT on the NHS,1,Rural,4,Minor Arterial,1,State Highway Agency,3,State Highway,SR-87,,316,316,33.07750000,33.07750000,-111.703294440,-111.70329444,0,No Special Jurisdiction,12,Motor Vehicle In-Transport,2,Front-to-Front,0,No,1,Non-Junction,1,Not an Intersection,0,None,,,1,On Roadway,1,Daylight,,,,,1,Clear,0,No,0000000,Not Applicable,8,8:00am-8:59am,32,32,8,8:00am-8:59am,42,42,88,"Not Applicable (Not Transported) ",88,Not Applicable (Not Transported),,,,,,,1,
2023,4,40226,Arizona,1,1,0,1,1,2,2,13,MARICOPA (13),370,PHOENIX,6,6,4,April,2023,5,Thursday,21,9:00pm-9:59pm,7,7,0,This Section IS NOT on the NHS,2,Urban,4,Minor Arterial,4,City or Municipal Highway Agency,0,Not Signed,35TH AVE,THOMAS RD,0,None,33.48036944,33.48036944,-112.134291670,-112.13429167,0,No Special Jurisdiction,8,Pedestrian,0,The First Harmful Event was Not a Collision with a Motor Vehicle in Transport,0,No,3,Intersection-Related,3,T-Intersection,0,None,,,1,On Roadway,3,Dark - Lighted,,,,,1,Clear,0,No,0000000,Not Applicable,99,Unknown,99,Unknown,99,Unknown EMS Scene Arrival Hour,99,Unknown EMS Scene Arrival Minutes,99,Unknown,99,Unknown EMS Hospital Arrival Time,,,,,,,1,
2023,4,40227,Arizona,1,1,0,2,2,1,1,19,PIMA (19),530,TUCSON,7,7,4,April,2023,6,Friday,1,1:00am-1:59am,21,21,0,This Section IS NOT on the NHS,2,Urban,4,Minor Arterial,4,City or Municipal Highway Agency,0,Not Signed,4TH AVE,,0,None,32.22690556,32.22690556,-110.965536110,-110.96553611,0,No Special Jurisdiction,33,Curb,0,The First Harmful Event was Not a Collision with a Motor Vehicle in Transport,0,No,1,Non-Junction,1,Not an Intersection,0,None,,,3,On Median,3,Dark - Lighted,,,,,1,Clear,0,No,0000000,Not Applicable,22,10:00pm-10:59pm,21,21,22,10:00pm-10:59pm,31,31,22,10:00pm-10:59pm,55,55,,,,,,,1,
2023,4,40228,Arizona,2,2,0,0,0,2,2,13,MARICOPA (13),200,GLENDALE,7,7,4,April,2023,6,Friday,9,9:00am-9:59am,41,41,0,This Section IS NOT on the NHS,2,Urban,4,Minor Arterial,4,City or Municipal Highway Agency,0,Not Signed,59TH AVE,BEVERLY,0,None,33.63356944,33.63356944,-112.185880560,-112.18588056,0,No Special Jurisdiction,12,Motor Vehicle In-Transport,6,Angle,0,No,2,Intersection,2,Four-Way Intersection,0,None,,,1,On Roadway,1,Daylight,,,,,10,Cloudy,0,No,0000000,Not Applicable,9,9:00am-9:59am,39,39,9,9:00am-9:59am,45,45,10,10:00am-10:59am,2,2,,,,,,,1,
2023,4,40229,Arizona,1,1,0,0,0,6,6,13,MARICOPA (13),60,BUCKEYE,7,7,4,April,2023,6,Friday,14,2:00pm-2:59pm,6,6,1,This Section IS ON the NHS,1,Rural,2,Other Freeways and Expressways,1,State Highway Agency,3,State Highway,SR-85,,1753,1753,33.23160000,33.23160000,-112.642327780,-112.64232778,0,No Special Jurisdiction,1,Rollover/Overturn,0,The First Harmful Event was Not a Collision with a Motor Vehicle in Transport,0,No,1,Non-Junction,1,Not an Intersection,0,None,,,4,On Roadside,1,Daylight,,,,,1,Clear,0,No,0000000,Not Applicable,14,2:00pm-2:59pm,13,13,14,2:00pm-2:59pm,26,26,99,Unknown,99,Unknown EMS Hospital Arrival Time,,,,,,,2,
2023,4,40230,Arizona,1,1,0,1,1,1,1,13,MARICOPA (13),200,GLENDALE,7,7,4,April,2023,6,Friday,22,10:00pm-10:59pm,4,4,0,This Section IS NOT on the NHS,2,Urban,4,Minor Arterial,4,City or Municipal Highway Agency,0,Not Signed,W GLENDALE AVE,,0,None,33.53848333,33.53848333,-112.153941670,-112.15394167,0,No Special Jurisdiction,8,Pedestrian,0,The First Harmful Event was Not a Collision with a Motor Vehicle in Transport,0,No,1,Non-Junction,1,Not an Intersection,0,None,,,1,On Roadway,3,Dark - Lighted,,,,,1,Clear,0,No,0000000,Not Applicable,21,9:00pm-9:59pm,26,26,21,9:00pm-9:59pm,32,32,21,9:00pm-9:59pm,45,45,,,,,,,1,
2023,4,40231,Arizona,2,2,0,0,0,2,2,13,MARICOPA (13),290,MESA,8,8,4,April,2023,7,Saturday,20,8:00pm-8:59pm,2,2,1,This Section IS ON the NHS,2,Urban,3,Other Principal Arterial,1,State Highway Agency,3,State Highway,SR-87,,645,645,33.48673056,33.48673056,-111.818222220,-111.81822222,0,No Special Jurisdiction,12,Motor Vehicle In-Transport,2,Front-to-Front,0,No,1,Non-Junction,1,Not an Intersection,0,None,,,1,On Roadway,2,Dark - Not Lighted,,,,,1,Clear,0,No,0000000,Not Applicable,20,8:00pm-8:59pm,2,2,20,8:00pm-8:59pm,9,9,21,9:00pm-9:59pm,13,13,,,,,,,1,
2023,4,40232,Arizona,1,1,0,1,1,1,1,5,COCONINO (5),170,FLAGSTAFF,8,8,4,April,2023,7,Saturday,20,8:00pm-8:59pm,27,27,1,This Section IS ON the NHS,2,Urban,3,Other Principal Arterial,1,State Highway Agency,2,U.S. Highway,US-89,CUMMINGS ST,0,None,35.22352778,35.22352778,-111.584275000,-111.58427500,0,No Special Jurisdiction,8,Pedestrian,0,The First Harmful Event was Not a Collision with a Motor Vehicle in Transport,0,No,3,Intersection-Related,2,Four-Way Intersection,0,None,,,1,On Roadway,3,Dark - Lighted,,,,,1,Clear,0,No,0000000,Not Applicable,20,8:00pm-8:59pm,28,28,20,8:00pm-8:59pm,30,30,88,"Not Applicable (Not Transported) ",88,Not Applicable (Not Transported),,,,,,,1,
2023,4,40233,Arizona,1,1,0,1,1,1,1,13,MARICOPA (13),220,GOODYEAR,8,8,4,April,2023,7,Saturday,23,11:00pm-11:59pm,14,14,1,This Section IS ON the NHS,2,Urban,3,Other Principal Arterial,1,State Highway Agency,1,Interstate,I-10,,1290,1290,33.45785556,33.45785556,-112.353100000,-112.35310000,0,No Special Jurisdiction,8,Pedestrian,0,The First Harmful Event was Not a Collision with a Motor Vehicle in Transport,0,No,1,Non-Junction,1,Not an Intersection,0,None,,,1,On Roadway,3,Dark - Lighted,,,,,1,Clear,0,No,0000000,Not Applicable,23,11:00pm-11:59pm,16,16,23,11:00pm-11:59pm,24,24,88,"Not Applicable (Not Transported) ",88,Not Applicable (Not Transported),,,,,,,1,
2023,4,40234,Arizona,1,1,0,0,0,2,2,15,MOHAVE (15),269,LITTLEFIELD,9,9,4,April,2023,1,Sunday,1,1:00am-1:59am,35,35,1,This Section IS ON the NHS,1,Rural,3,Other Principal Arterial,1,State Highway Agency,1,Interstate,I-15,,210,210,36.92956389,36.92956389,-113.829297220,-113.82929722,0,No Special Jurisdiction,35,Embankment,0,The First Harmful Event was Not a Collision with a Motor Vehicle in Transport,0,No,1,Non-Junction,1,Not an Intersection,0,None,,,4,On Roadside,2,Dark - Not Lighted,,,,,1,Clear,0,No,0000000,Not Applicable,1,1:00am-1:59am,36,36,2,2:00am-2:59am,3,3,99,Unknown,99,Unknown EMS Hospital Arrival Time,,,,,,,1,
2023,4,40235,Arizona,2,2,0,1,1,3,3,13,MARICOPA (13),370,PHOENIX,9,9,4,April,2023,1,Sunday,22,10:00pm-10:59pm,43,43,1,This Section IS ON the NHS,2,Urban,3,Other Principal Arterial,4,City or Municipal Highway Agency,0,Not Signed,N 3RD AVE,WEST INDIAN SCHOOL ROAD,0,None,33.49476944,33.49476944,-112.078000000,-112.07800000,0,No Special Jurisdiction,9,Pedalcyclist,0,The First Harmful Event was Not a Collision with a Motor Vehicle in Transport,0,No,3,Intersection-Related,2,Four-Way Intersection,0,None,,,1,On Roadway,3,Dark - Lighted,,,,,1,Clear,0,No,0000000,Not Applicable,99,Unknown,99,Unknown,99,Unknown EMS Scene Arrival Hour,99,Unknown EMS Scene Arrival Minutes,88,"Not Applicable (Not Transported) ",88,Not Applicable (Not Transported),,,,,,,1,
2023,4,40236,Arizona,2,2,0,0,0,2,2,19,PIMA (19),530,TUCSON,11,11,4,April,2023,3,Tuesday,19,7:00pm-7:59pm,12,12,0,This Section IS NOT on the NHS,2,Urban,3,Other Principal Arterial,4,City or Municipal Highway Agency,0,Not Signed,BROADWAY BLVD,RANDOLPH WAY,0,None,32.22165278,32.22165278,-110.918013890,-110.91801389,0,No Special Jurisdiction,12,Motor Vehicle In-Transport,6,Angle,0,No,2,Intersection,2,Four-Way Intersection,0,None,,,1,On Roadway,5,Dusk,,,,,1,Clear,0,No,0000000,Not Applicable,19,7:00pm-7:59pm,12,12,19,7:00pm-7:59pm,18,18,88,"Not Applicable (Not Transported) ",88,Not Applicable (Not Transported),,,,,,,1,
2023,4,40237,Arizona,2,2,0,0,0,2,2,13,MARICOPA (13),370,PHOENIX,12,12,4,April,2023,4,Wednesday,16,4:00pm-4:59pm,8,8,0,This Section IS NOT on the NHS,2,Urban,5,Major Collector,4,City or Municipal Highway Agency,0,Not Signed,N 7TH AVE,W ROSE GARDEN LN,0,None,33.67655556,33.67655556,-112.082911110,-112.08291111,0,No Special Jurisdiction,12,Motor Vehicle In-Transport,6,Angle,0,No,2,Intersection,4,Y-Intersection,0,None,,,1,On Roadway,1,Daylight,,,,,1,Clear,0,No,0000000,Not Applicable,16,4:00pm-4:59pm,10,10,16,4:00pm-4:59pm,13,13,16,4:00pm-4:59pm,30,30,,,,,,,1,
2023,4,40238,Arizona,1,1,0,1,1,1,1,13,MARICOPA (13),370,PHOENIX,12,12,4,April,2023,4,Wednesday,19,7:00pm-7:59pm,52,52,0,This Section IS NOT on the NHS,2,Urban,6,Minor Collector,4,City or Municipal Highway Agency,0,Not Signed,N 19TH AVE,W ALICE,0,None,33.56390278,33.56390278,-112.099844440,-112.09984444,0,No Special Jurisdiction,8,Pedestrian,0,The First Harmful Event was Not a Collision with a Motor Vehicle in Transport,0,No,3,Intersection-Related,2,Four-Way Intersection,0,None,,,1,On Roadway,3,Dark - Lighted,,,,,1,Clear,0,No,0000000,Not Applicable,19,7:00pm-7:59pm,52,52,19,7:00pm-7:59pm,56,56,88,"Not Applicable (Not Transported) ",88,Not Applicable (Not Transported),,,,,,,1,
2023,4,40239,Arizona,1,1,0,0,0,5,5,15,MOHAVE (15),260,KINGMAN,13,13,4,April,2023,5,Thursday,22,10:00pm-10:59pm,0,0,0,This Section IS NOT on the NHS,2,Urban,5,Major Collector,4,City or Municipal Highway Agency,0,Not Signed,LOUISE AVE,,0,None,35.19930556,35.19930556,-113.993869440,-113.99386944,0,No Special Jurisdiction,35,Embankment,0,The First Harmful Event was Not a Collision with a Motor Vehicle in Transport,0,No,1,Non-Junction,1,Not an Intersection,0,None,,,4,On Roadside,2,Dark - Not Lighted,,,,,1,Clear,0,No,0000000,Not Applicable,21,9:00pm-9:59pm,49,49,21,9:00pm-9:59pm,55,55,22,10:00pm-10:59pm,50,50,,,,,,,2,
2023,4,40240,Arizona,1,1,0,0,0,1,1,13,MARICOPA (13),290,MESA,14,14,4,April,2023,6,Friday,18,6:00pm-6:59pm,53,53,1,This Section IS ON the NHS,2,Urban,3,Other Principal Arterial,1,State Highway Agency,2,U.S. Highway,US-60,,1551,1551,33.38685000,33.38685000,-111.708802780,-111.70880278,0,No Special Jurisdiction,25,Concrete Traffic Barrier,0,The First Harmful Event was Not a Collision with a Motor Vehicle in Transport,0,No,1,Non-Junction,1,Not an Intersection,0,None,,,3,On Median,3,Dark - Lighted,,,,,1,Clear,0,No,0000000,Not Applicable,18,6:00pm-6:59pm,52,52,18,6:00pm-6:59pm,59,59,19,7:00pm-7:59pm,28,28,,,,,,,1,
2023,4,40241,Arizona,1,1,0,0,0,1,1,21,PINAL (21),110,COOLIDGE,14,14,4,April,2023,6,Friday,23,11:00pm-11:59pm,30,30,0,This Section IS NOT on the NHS,1,Rural,5,Major Collector,2,County Highway Agency,0,Not Signed,11 MILE CORNER,,0,None,32.88324722,32.88324722,-111.567225000,-111.56722500,0,No Special Jurisdiction,43,Other Fixed Object,0,The First Harmful Event was Not a Collision with a Motor Vehicle in Transport,0,No,1,Non-Junction,1,Not an Intersection,0,None,,,5,Outside Trafficway,2,Dark - Not Lighted,,,,,1,Clear,0,No,0000000,Not Applicable,23,11:00pm-11:59pm,35,35,23,11:00pm-11:59pm,54,54,88,"Not Applicable (Not Transported) ",88,Not Applicable (Not Transported),,,,,,,1,
2023,4,40242,Arizona,2,2,0,0,0,2,2,19,PIMA (19),530,TUCSON,17,17,4,April,2023,2,Monday,14,2:00pm-2:59pm,2,2,0,This Section IS NOT on the NHS,2,Urban,4,Minor Arterial,4,City or Municipal Highway Agency,0,Not Signed,PANTANO PKWY,,0,None,32.19271111,32.19271111,-110.809647220,-110.80964722,0,No Special Jurisdiction,12,Motor Vehicle In-Transport,1,Front-to-Rear,0,No,1,Non-Junction,1,Not an Intersection,0,None,,,1,On Roadway,1,Daylight,,,,,1,Clear,0,No,0000000,Not Applicable,14,2:00pm-2:59pm,2,2,14,2:00pm-2:59pm,8,8,14,2:00pm-2:59pm,20,20,,,,,,,1,
2023,4,40243,Arizona,2,2,0,0,0,2,2,13,MARICOPA (13),388,QUEEN CREEK,18,18,4,April,2023,3,Tuesday,7,7:00am-7:59am,2,2,0,This Section IS NOT on the NHS,2,Urban,5,Major Collector,4,City or Municipal Highway Agency,0,Not Signed,N GARY RD,W COMBS RD,0,None,33.21698889,33.21698889,-111.583183330,-111.58318333,0,No Special Jurisdiction,12,Motor Vehicle In-Transport,6,Angle,0,No,2,Intersection,3,T-Intersection,0,None,,,1,On Roadway,1,Daylight,,,,,1,Clear,0,No,0000000,Not Applicable,7,7:00am-7:59am,5,5,7,7:00am-7:59am,11,11,7,7:00am-7:59am,49,49,,,,,,,1,
2023,4,40244,Arizona,1,1,0,0,0,1,1,19,PIMA (19),530,TUCSON,18,18,4,April,2023,3,Tuesday,12,12:00pm-12:59pm,50,50,0,This Section IS NOT on the NHS,2,Urban,5,Major Collector,4,City or Municipal Highway Agency,0,Not Signed,COLUMBUS BLVD,,0,None,32.26179444,32.26179444,-110.900988890,-110.90098889,0,No Special Jurisdiction,44,"Pavement Surface Irregularity (Ruts, Potholes, Grates, etc.)",0,The First Harmful Event was Not a Collision with a Motor Vehicle in Transport,0,No,1,Non-Junction,1,Not an Intersection,0,None,,,1,On Roadway,1,Daylight,,,,,1,Clear,0,No,0000000,Not Applicable,12,12:00pm-12:59pm,56,56,13,1:00pm-1:59pm,8,8,13,1:00pm-1:59pm,23,23,,,,,,,1,
2023,4,40246,Arizona,2,2,0,0,0,2,2,13,MARICOPA (13),370,PHOENIX,19,19,4,April,2023,4,Wednesday,14,2:00pm-2:59pm,2,2,1,This Section IS ON the NHS,2,Urban,3,Other Principal Arterial,4,City or Municipal Highway Agency,0,Not Signed,N 51ST AVE,W BERKELEY RD,0,None,33.46794722,33.46794722,-112.169080560,-112.16908056,0,No Special Jurisdiction,12,Motor Vehicle In-Transport,6,Angle,0,No,2,Intersection,3,T-Intersection,0,None,,,1,On Roadway,1,Daylight,,,,,1,Clear,0,No,0000000,Not Applicable,14,2:00pm-2:59pm,4,4,14,2:00pm-2:59pm,8,8,14,2:00pm-2:59pm,27,27,,,,,,,1,
2023,4,40247,Arizona,1,1,0,0,0,1,1,13,MARICOPA (13),370,PHOENIX,15,15,1,January,2023,1,Sunday,11,11:00am-11:59am,21,21,0,This Section IS NOT on the NHS,2,Urban,3,Other Principal Arterial,2,County Highway Agency,0,Not Signed,CAREFREE HWY,,0,None,33.79926389,33.79926389,-111.991325000,-111.99132500,0,No Special Jurisdiction,30,Utility Pole/Light Support,0,The First Harmful Event was Not a Collision with a Motor Vehicle in Transport,0,No,1,Non-Junction,1,Not an Intersection,0,None,,,4,On Roadside,1,Daylight,,,,,10,Cloudy,0,No,0000000,Not Applicable,11,11:00am-11:59am,21,21,11,11:00am-11:59am,27,27,88,"Not Applicable (Not Transported) ",88,Not Applicable (Not Transported),,,,,,,1,
2023,4,40248,Arizona,1,1,0,1,1,1,1,13,MARICOPA (13),290,MESA,21,21,1,January,2023,7,Saturday,19,7:00pm-7:59pm,41,41,0,This Section IS NOT on the NHS,2,Urban,4,Minor Arterial,2,County Highway Agency,0,Not Signed,BROADWAY RD,93RD WAY,0,None,33.40779167,33.40779167,-111.628705560,-111.62870556,0,No Special Jurisdiction,8,Pedestrian,0,The First Harmful Event was Not a Collision with a Motor Vehicle in Transport,0,No,2,Intersection,3,T-Intersection,0,None,,,1,On Roadway,3,Dark - Lighted,,,,,1,Clear,0,No,0000000,Not Applicable,19,7:00pm-7:59pm,41,41,19,7:00pm-7:59pm,47,47,88,"Not Applicable (Not Transported) ",88,Not Applicable (Not Transported),,,,,,,1,
2023,4,40250,Arizona,3,3,0,0,0,3,3,13,MARICOPA (13),370,PHOENIX,20,20,4,April,2023,5,Thursday,13,1:00pm-1:59pm,2,2,0,This Section IS NOT on the NHS,2,Urban,4,Minor Arterial,4,City or Municipal Highway Agency,0,Not Signed,W DEER VALLEY RD,N 26TH AVE,0,None,33.68394722,33.68394722,-112.116016670,-112.11601667,0,No Special Jurisdiction,12,Motor Vehicle In-Transport,6,Angle,0,No,2,Intersection,3,T-Intersection,0,None,,,1,On Roadway,1,Daylight,,,,,1,Clear,0,No,0000000,Not Applicable,13,1:00pm-1:59pm,3,3,13,1:00pm-1:59pm,12,12,88,"Not Applicable (Not Transported) ",88,Not Applicable (Not Transported),,,,,,,1,
2023,4,40251,Arizona,1,1,0,0,0,1,1,13,MARICOPA (13),370,PHOENIX,28,28,2,February,2023,3,Tuesday,15,3:00pm-3:59pm,4,4,0,This Section IS NOT on the NHS,2,Urban,5,Major Collector,4,City or Municipal Highway Agency,0,Not Signed,N 28TH DR,,0,None,33.59404167,33.59404167,-112.119852780,-112.11985278,0,No Special Jurisdiction,33,Curb,0,The First Harmful Event was Not a Collision with a Motor Vehicle in Transport,0,No,1,Non-Junction,1,Not an Intersection,0,None,,,4,On Roadside,1,Daylight,,,,,1,Clear,0,No,0000000,Not Applicable,99,Unknown,99,Unknown,99,Unknown EMS Scene Arrival Hour,99,Unknown EMS Scene Arrival Minutes,99,Unknown,99,Unknown EMS Hospital Arrival Time,,,,,,,1,
2023,4,40252,Arizona,2,2,0,0,0,2,2,13,MARICOPA (13),370,PHOENIX,13,13,2,February,2023,2,Monday,6,6:00am-6:59am,32,32,0,This Section IS NOT on the NHS,2,Urban,4,Minor Arterial,4,City or Municipal Highway Agency,0,Not Signed,N 16TH ST,E OSBORN RD,0,None,33.48747778,33.48747778,-112.047647220,-112.04764722,0,No Special Jurisdiction,1,Rollover/Overturn,0,The First Harmful Event was Not a Collision with a Motor Vehicle in Transport,0,No,2,Intersection,2,Four-Way Intersection,0,None,,,1,On Roadway,4,Dawn,,,,,1,Clear,0,No,0000000,Not Applicable,99,Unknown,99,Unknown,99,Unknown EMS Scene Arrival Hour,99,Unknown EMS Scene Arrival Minutes,99,Unknown,99,Unknown EMS Hospital Arrival Time,,,,,,,1,
2023,4,40253,Arizona,1,1,0,0,0,1,1,13,MARICOPA (13),60,BUCKEYE,17,17,2,February,2023,6,Friday,23,11:00pm-11:59pm,28,28,0,This Section IS NOT on the NHS,1,Rural,5,Major Collector,1,State Highway Agency,2,U.S. Highway,US-80 HIGHWAY,,0,None,33.28753611,33.28753611,-112.798558330,-112.79855833,0,No Special Jurisdiction,20,Impact Attenuator/Crash Cushion,0,The First Harmful Event was Not a Collision with a Motor Vehicle in Transport,0,No,1,Non-Junction,1,Not an Intersection,0,None,,,4,On Roadside,2,Dark - Not Lighted,,,,,1,Clear,0,No,0000000,Not Applicable,23,11:00pm-11:59pm,28,28,23,11:00pm-11:59pm,43,43,88,"Not Applicable (Not Transported) ",88,Not Applicable (Not Transported),,,,,,,1,
2023,4,40254,Arizona,4,4,0,0,0,6,6,3,COCHISE (3),40,BENSON,10,10,3,March,2023,6,Friday,20,8:00pm-8:59pm,9,9,1,This Section IS ON the NHS,1,Rural,1,Interstate,1,State Highway Agency,1,Interstate,I-10,,3061,3061,31.96721389,31.96721389,-110.276369440,-110.27636944,0,No Special Jurisdiction,12,Motor Vehicle In-Transport,2,Front-to-Front,0,No,1,Non-Junction,1,Not an Intersection,0,None,,,1,On Roadway,3,Dark - Lighted,,,,,1,Clear,0,No,0000000,Not Applicable,20,8:00pm-8:59pm,9,9,20,8:00pm-8:59pm,4,4,99,Unknown,99,Unknown EMS Hospital Arrival Time,,,,,,,4,
2023,4,40255,Arizona,1,1,0,0,0,7,7,3,COCHISE (3),137,DRAGOON,18,18,3,March,2023,7,Saturday,17,5:00pm-5:59pm,1,1,1,This Section IS ON the NHS,1,Rural,3,Other Principal Arterial,1,State Highway Agency,1,Interstate,I-10,,3187,3187,32.04251111,32.04251111,-110.093422220,-110.09342222,0,No Special Jurisdiction,1,Rollover/Overturn,0,The First Harmful Event was Not a Collision with a Motor Vehicle in Transport,0,No,1,Non-Junction,1,Not an Intersection,0,None,,,1,On Roadway,1,Daylight,,,,,1,Clear,0,No,0000000,Not Applicable,17,5:00pm-5:59pm,3,3,17,5:00pm-5:59pm,11,11,99,Unknown,99,Unknown EMS Hospital Arrival Time,,,,,,,2,
2023,4,40256,Arizona,1,1,0,0,0,1,1,3,COCHISE (3),130,DOUGLAS,30,30,3,March,2023,5,Thursday,6,6:00am-6:59am,59,59,1,This Section IS ON the NHS,1,Rural,3,Other Principal Arterial,1,State Highway Agency,3,State Highway,SR-80,,1026,1026,31.35662222,31.35662222,-109.624619440,-109.62461944,0,No Special Jurisdiction,1,Rollover/Overturn,0,The First Harmful Event was Not a Collision with a Motor Vehicle in Transport,0,No,1,Non-Junction,1,Not an Intersection,0,None,,,5,Outside Trafficway,1,Daylight,,,,,1,Clear,0,No,0000000,Not Applicable,7,7:00am-7:59am,1,1,7,7:00am-7:59am,10,10,7,7:00am-7:59am,28,28,,,,,,,1,
2023,4,40257,Arizona,1,1,0,0,0,1,1,13,MARICOPA (13),368,PEORIA,23,23,4,April,2023,1,Sunday,23,11:00pm-11:59pm,56,56,1,This Section IS ON the NHS,2,Urban,2,Other Freeways and Expressways,1,State Highway Agency,3,State Highway,SR-101,,65,65,33.55766111,33.55766111,-112.260291670,-112.26029167,0,No Special Jurisdiction,59,"Traffic Sign Support ",0,The First Harmful Event was Not a Collision with a Motor Vehicle in Transport,0,No,1,Non-Junction,1,Not an Intersection,0,None,,,4,On Roadside,3,Dark - Lighted,,,,,1,Clear,0,No,0000000,Not Applicable,0,0:00am-0:59am,1,1,0,0:00am-0:59am,9,9,88,"Not Applicable (Not Transported) ",88,Not Applicable (Not Transported),,,,,,,1,