caseyear,state,st_case,statename,ve_total,ve_forms,pvh_invl,peds,pernotmvit,permvit,persons,county,countyname,city,cityname,day,dayname,month,monthname,year,day_week,day_weekname,hour,hourname,minute,minutename,nhs,nhsname,rur_urb,rur_urbname,func_sys,func_sysname,rd_owner,rd_ownername,route,routename,tway_id,tway_id2,milept,mileptname,latitude,latitudename,longitud,longitudname,sp_jur,sp_jurname,harm_ev,harm_evname,man_coll,man_collname,reljct1,reljct1name,reljct2,reljct2name,typ_int,typ_intname,wrk_zone,wrk_zonename,road_fnc,road_fncname,rel_road,rel_roadname,lgt_cond,lgt_condname,weather1,weather1name,weather2,weather2name,weather,weathername,sch_bus,sch_busname,rail,railname,not_hour,not_hourname,not_min,not_minname,arr_hour,arr_hourname,arr_min,arr_minname,hosp_hr,hosp_hrname,hosp_mn,hosp_mnname,cf1,cf1name,cf2,cf2name,cf3,cf3name,fatals,drunk_dr
2023,4,40303,Arizona,1,1,0,0,0,1,1,21,PINAL (21),332,ORACLE,5,5,5,May,2023,6,Friday,11,11:00am-11:59am,3,3,0,This Section IS NOT on the NHS,1,Rural,3,Other Principal Arterial,1,State Highway Agency,3,State Highway,SR-77,PINAL PIONEER PKWY,7,7,32.55692778,32.55692778,-110.932908330,-110.93290833,0,No Special Jurisdiction,33,Curb,0,The First Harmful Event was Not a Collision with a Motor Vehicle in Transport,0,No,3,Intersection-Related,3,T-Intersection,0,None,,,3,On Median,1,Daylight,,,,,1,Clear,0,No,0000000,Not Applicable,11,11:00am-11:59am,6,6,11,11:00am-11:59am,28,28,88,"Not Applicable (Not Transported) ",88,Not Applicable (Not Transported),,,,,,,1,
2023,4,40304,Arizona,1,1,0,0,0,3,3,5,COCONINO (5),0,NOT APPLICABLE,5,5,5,May,2023,6,Friday,11,11:00am-11:59am,44,44,1,This Section IS ON the NHS,1,Rural,3,Other Principal Arterial,1,State Highway Agency,1,Interstate,I-40,,2477,2477,35.05465833,35.05465833,-110.792297220,-110.79229722,0,No Special Jurisdiction,38,Fence,0,The First Harmful Event was Not a Collision with a Motor Vehicle in Transport,0,No,1,Non-Junction,1,Not an Intersection,0,None,,,5,Outside Trafficway,1,Daylight,,,,,1,Clear,0,No,0000000,Not Applicable,11,11:00am-11:59am,48,48,11,11:00am-11:59am,56,56,99,Unknown,99,Unknown EMS Hospital Arrival Time,,,,,,,1,
2023,4,40305,Arizona,2,2,0,0,0,2,2,13,MARICOPA (13),290,MESA,6,6,5,May,2023,7,Saturday,11,11:00am-11:59am,31,31,1,This Section IS ON the NHS,2,Urban,3,Other Principal Arterial,1,State Highway Agency,3,State Highway,SR-202,,129,129,33.45836667,33.45836667,-111.830397220,-111.83039722,0,No Special Jurisdiction,12,Motor Vehicle In-Transport,1,Front-to-Rear,0,No,1,Non-Junction,1,Not an Intersection,0,None,,,1,On Roadway,1,Daylight,,,,,1,Clear,0,No,0000000,Not Applicable,11,11:00am-11:59am,31,31,11,11:00am-11:59am,36,36,88,"Not Applicable (Not Transported) ",88,Not Applicable (Not Transported),,,,,,,1,
2023,4,40306,Arizona,1,1,0,0,0,1,1,3,COCHISE (3),40,BENSON,6,6,5,May,2023,7,Saturday,13,1:00pm-1:59pm,15,15,1,This Section IS ON the NHS,1,Rural,3,Other Principal Arterial,1,State Highway Agency,1,Interstate,I-10,,3042,3042,31.97740278,31.97740278,-110.313327780,-110.31332778,0,No Special Jurisdiction,1,Rollover/Overturn,0,The First Harmful Event was Not a Collision with a Motor Vehicle in Transport,0,No,1,Non-Junction,1,Not an Intersection,0,None,,,3,On Median,1,Daylight,,,,,1,Clear,0,No,0000000,Not Applicable,13,1:00pm-1:59pm,19,19,13,1:00pm-1:59pm,32,32,88,"Not Applicable (Not Transported) ",88,Not Applicable (Not Transported),,,,,,,1,
2023,4,40307,Arizona,2,2,0,0,0,2,2,13,MARICOPA (13),200,GLENDALE,6,6,5,May,2023,7,Saturday,17,5:00pm-5:59pm,8,8,0,This Section IS NOT on the NHS,2,Urban,4,Minor Arterial,4,City or Municipal Highway Agency,0,Not Signed,OLIVE AVE,N 61ST AVE,0,None,33.56742222,33.56742222,-112.190663890,-112.19066389,0,No Special Jurisdiction,12,Motor Vehicle In-Transport,6,Angle,0,No,2,Intersection,2,Four-Way Intersection,0,None,,,1,On Roadway,1,Daylight,,,,,1,Clear,0,No,0000000,Not Applicable,17,5:00pm-5:59pm,7,7,17,5:00pm-5:59pm,11,11,17,5:00pm-5:59pm,25,25,,,,,,,1,
2023,4,40308,Arizona,1,1,0,0,0,1,1,13,MARICOPA (13),370,PHOENIX,7,7,5,May,2023,1,Sunday,2,2:00am-2:59am,11,11,1,This Section IS ON the NHS,2,Urban,3,Other Principal Arterial,1,State Highway Agency,3,State Highway,SR-101,,327,327,33.65906389,33.65906389,-111.930000000,-111.93000000,0,No Special Jurisdiction,20,Impact Attenuator/Crash Cushion,0,The First Harmful Event was Not a Collision with a Motor Vehicle in Transport,1,Yes,5,Entrance/Exit Ramp Related,1,Not an Intersection,0,None,,,8,Gore,3,Dark - Lighted,,,,,1,Clear,0,No,0000000,Not Applicable,2,2:00am-2:59am,19,19,2,2:00am-2:59am,23,23,88,"Not Applicable (Not Transported) ",88,Not Applicable (Not Transported),,,,,,,1,
2023,4,40309,Arizona,4,4,0,0,0,6,6,13,MARICOPA (13),370,PHOENIX,7,7,5,May,2023,1,Sunday,3,3:00am-3:59am,22,22,1,This Section IS ON the NHS,2,Urban,3,Other Principal Arterial,1,State Highway Agency,1,Interstate,I-10,,0,None,33.46157778,33.46157778,-112.094113890,-112.09411389,0,No Special Jurisdiction,12,Motor Vehicle In-Transport,2,Front-to-Front,1,Yes,18,Through Roadway,1,Not an Intersection,0,None,,,1,On Roadway,3,Dark - Lighted,,,,,1,Clear,0,No,0000000,Not Applicable,3,3:00am-3:59am,24,24,3,3:00am-3:59am,30,30,99,Unknown,99,Unknown EMS Hospital Arrival Time,,,,,,,2,
2023,4,40310,Arizona,1,1,0,1,1,2,2,13,MARICOPA (13),525,TONOPAH,7,7,5,May,2023,1,Sunday,20,8:00pm-8:59pm,17,17,1,This Section IS ON the NHS,2,Urban,3,Other Principal Arterial,1,State Highway Agency,1,Interstate,I-10,,790,790,33.46161111,33.46161111,-112.094130560,-112.09413056,0,No Special Jurisdiction,8,Pedestrian,0,The First Harmful Event was Not a Collision with a Motor Vehicle in Transport,0,No,1,Non-Junction,1,Not an Intersection,0,None,,,1,On Roadway,2,Dark - Not Lighted,,,,,1,Clear,0,No,0000000,Not Applicable,21,9:00pm-9:59pm,18,18,21,9:00pm-9:59pm,35,35,88,"Not Applicable (Not Transported) ",88,Not Applicable (Not Transported),,,,,,,1,
2023,4,40313,Arizona,1,1,0,0,0,1,1,13,MARICOPA (13),368,PEORIA,12,12,5,May,2023,6,Friday,1,1:00am-1:59am,12,12,0,This Section IS NOT on the NHS,1,Rural,6,Minor Collector,4,City or Municipal Highway Agency,0,Not Signed,N CASTLE HOT SPRINGS RD,,0,None,33.85133611,33.85133611,-112.320455560,-112.32045556,0,No Special Jurisdiction,24,Guardrail Face,0,The First Harmful Event was Not a Collision with a Motor Vehicle in Transport,0,No,1,Non-Junction,1,Not an Intersection,0,None,,,4,On Roadside,2,Dark - Not Lighted,,,,,1,Clear,0,No,0000000,Not Applicable,1,1:00am-1:59am,12,12,1,1:00am-1:59am,52,52,88,"Not Applicable (Not Transported) ",88,Not Applicable (Not Transported),,,,,,,1,
2023,4,40314,Arizona,3,3,0,0,0,3,3,13,MARICOPA (13),200,GLENDALE,12,12,5,May,2023,6,Friday,5,5:00am-5:59am,42,42,1,This Section IS ON the NHS,2,Urban,3,Other Principal Arterial,1,State Highway Agency,3,State Highway,SR-101,,165,165,33.66831667,33.66831667,-112.198016670,-112.19801667,0,No Special Jurisdiction,12,Motor Vehicle In-Transport,1,Front-to-Rear,0,No,1,Non-Junction,1,Not an Intersection,0,None,,,1,On Roadway,4,Dawn,,,,,1,Clear,0,No,0000000,Not Applicable,5,5:00am-5:59am,43,43,5,5:00am-5:59am,47,47,99,Unknown,99,Unknown EMS Hospital Arrival Time,,,,,,,1,
2023,4,40315,Arizona,1,1,0,0,0,1,1,5,COCONINO (5),0,NOT APPLICABLE,12,12,5,May,2023,6,Friday,13,1:00pm-1:59pm,31,31,1,This Section IS ON the NHS,1,Rural,3,Other Principal Arterial,1,State Highway Agency,2,U.S. Highway,US-89,,1060,1060,36.63465556,36.63465556,-111.634488890,-111.63448889,0,No Special Jurisdiction,99,Reported as Unknown,99,Reported as Unknown,0,No,1,Non-Junction,1,Not an Intersection,0,None,,,5,Outside Trafficway,1,Daylight,,,,,1,Clear,0,No,0000000,Not Applicable,13,1:00pm-1:59pm,37,37,14,2:00pm-2:59pm,7,7,88,"Not Applicable (Not Transported) ",88,Not Applicable (Not Transported),,,,,,,1,
2023,4,40316,Arizona,1,1,0,1,1,1,1,13,MARICOPA (13),290,MESA,12,12,5,May,2023,6,Friday,20,8:00pm-8:59pm,56,56,0,This Section IS NOT on the NHS,2,Urban,4,Minor Arterial,4,City or Municipal Highway Agency,0,Not Signed,S DOBSON RD,,0,None,33.40753056,33.40753056,-111.873594440,-111.87359444,0,No Special Jurisdiction,8,Pedestrian,0,The First Harmful Event was Not a Collision with a Motor Vehicle in Transport,0,No,1,Non-Junction,1,Not an Intersection,0,None,,,1,On Roadway,3,Dark - Lighted,,,,,1,Clear,0,No,0000000,Not Applicable,20,8:00pm-8:59pm,56,56,21,9:00pm-9:59pm,2,2,88,"Not Applicable (Not Transported) ",88,Not Applicable (Not Transported),,,,,,,1,
2023,4,40318,Arizona,2,2,0,0,0,2,2,19,PIMA (19),407,SAHUARITA,13,13,5,May,2023,7,Saturday,0,0:00am-0:59am,7,7,0,This Section IS NOT on the NHS,2,Urban,5,Major Collector,4,City or Municipal Highway Agency,0,Not Signed,OLD NOGALES HWY,,0,None,31.89630000,31.89630000,-110.964016670,-110.96401667,0,No Special Jurisdiction,12,Motor Vehicle In-Transport,2,Front-to-Front,0,No,1,Non-Junction,1,Not an Intersection,0,None,,,1,On Roadway,2,Dark - Not Lighted,,,,,1,Clear,0,No,0000000,Not Applicable,0,0:00am-0:59am,12,12,0,0:00am-0:59am,15,15,99,Unknown,99,Unknown EMS Hospital Arrival Time,,,,,,,1,
2023,4,40319,Arizona,1,1,0,1,1,1,1,19,PIMA (19),530,TUCSON,8,8,4,April,2023,7,Saturday,2,2:00am-2:59am,3,3,0,This Section IS NOT on the NHS,2,Urban,4,Minor Arterial,4,City or Municipal Highway Agency,0,Not Signed,PIMA ST,,0,None,32.24335278,32.24335278,-110.892391670,-110.89239167,0,No Special Jurisdiction,8,Pedestrian,0,The First Harmful Event was Not a Collision with a Motor Vehicle in Transport,0,No,1,Non-Junction,1,Not an Intersection,0,None,,,1,On Roadway,2,Dark - Not Lighted,,,,,1,Clear,0,No,0000000,Not Applicable,1,1:00am-1:59am,59,59,2,2:00am-2:59am,6,6,2,2:00am-2:59am,19,19,,,,,,,1,
2023,4,40321,Arizona,2,2,0,0,0,2,2,21,PINAL (21),70,CASA GRANDE,13,13,5,May,2023,7,Saturday,0,0:00am-0:59am,56,56,0,This Section IS NOT on the NHS,2,Urban,6,Minor Collector,4,City or Municipal Highway Agency,0,Not Signed,PINAL AVE,VILLAGO PKWY,0,None,32.95409444,32.95409444,-111.756816670,-111.75681667,0,No Special Jurisdiction,12,Motor Vehicle In-Transport,1,Front-to-Rear,0,No,2,Intersection,2,Four-Way Intersection,0,None,,,1,On Roadway,3,Dark - Lighted,,,,,1,Clear,0,No,0000000,Not Applicable,0,0:00am-0:59am,59,59,1,1:00am-1:59am,9,9,88,"Not Applicable (Not Transported) ",88,Not Applicable (Not Transported),,,,,,,1,
2023,4,40322,Arizona,2,2,0,0,0,4,4,13,MARICOPA (13),80,CHANDLER,13,13,5,May,2023,7,Saturday,13,1:00pm-1:59pm,45,45,0,This Section IS NOT on the NHS,2,Urban,4,Minor Arterial,4,City or Municipal Highway Agency,0,Not Signed,W WARNER RD,N ARIZONA AVE,0,None,33.33513889,33.33513889,-111.841780560,-111.84178056,0,No Special Jurisdiction,12,Motor Vehicle In-Transport,6,Angle,0,No,2,Intersection,2,Four-Way Intersection,0,None,,,1,On Roadway,1,Daylight,,,,,1,Clear,0,No,0000000,Not Applicable,13,1:00pm-1:59pm,48,48,13,1:00pm-1:59pm,51,51,14,2:00pm-2:59pm,15,15,,,,,,,1,
2023,4,40323,Arizona,3,3,0,0,0,5,5,13,MARICOPA (13),60,BUCKEYE,13,13,5,May,2023,7,Saturday,19,7:00pm-7:59pm,59,59,1,This Section IS ON the NHS,1,Rural,3,Other Principal Arterial,1,State Highway Agency,1,Interstate,I-10,,1100,1100,33.43630556,33.43630556,-112.664905560,-112.66490556,0,No Special Jurisdiction,12,Motor Vehicle In-Transport,1,Front-to-Rear,0,No,1,Non-Junction,1,Not an Intersection,1,Construction,,,1,On Roadway,2,Dark - Not Lighted,,,,,1,Clear,0,No,0000000,Not Applicable,20,8:00pm-8:59pm,1,1,20,8:00pm-8:59pm,8,8,88,"Not Applicable (Not Transported) ",88,Not Applicable (Not Transported),,,,,,,1,
2023,4,40324,Arizona,1,1,0,1,1,1,1,7,GILA (7),210,GLOBE,7,7,1,January,2023,7,Saturday,14,2:00pm-2:59pm,7,7,1,This Section IS ON the NHS,2,Urban,3,Other Principal Arterial,1,State Highway Agency,2,U.S. Highway,US-60,,2203,2203,33.39268611,33.39268611,-110.766188890,-110.76618889,0,No Special Jurisdiction,8,Pedestrian,0,The First Harmful Event was Not a Collision with a Motor Vehicle in Transport,0,No,1,Non-Junction,1,Not an Intersection,0,None,,,1,On Roadway,1,Daylight,,,,,1,Clear,0,No,0000000,Not Applicable,14,2:00pm-2:59pm,7,7,14,2:00pm-2:59pm,14,14,14,2:00pm-2:59pm,39,39,,,,,,,1,
2023,4,40325,Arizona,1,1,0,1,1,1,1,19,PIMA (19),530,TUCSON,24,24,3,March,2023,6,Friday,20,8:00pm-8:59pm,50,50,0,This Section IS NOT on the NHS,2,Urban,3,Other Principal Arterial,4,City or Municipal Highway Agency,0,Not Signed,GRANT RD,LOS ALTOS AVE,0,None,32.25030278,32.25030278,-110.963483330,-110.96348333,0,No Special Jurisdiction,9,Pedalcyclist,0,The First Harmful Event was Not a Collision with a Motor Vehicle in Transport,0,No,3,Intersection-Related,3,T-Intersection,0,None,,,1,On Roadway,3,Dark - Lighted,,,,,1,Clear,0,No,0000000,Not Applicable,20,8:00pm-8:59pm,50,50,20,8:00pm-8:59pm,56,56,21,9:00pm-9:59pm,14,14,,,,,,,1,
2023,4,40326,Arizona,2,2,0,0,0,5,5,13,MARICOPA (13),420,SCOTTSDALE,7,7,4,April,2023,6,Friday,19,7:00pm-7:59pm,34,34,0,This Section IS NOT on the NHS,2,Urban,5,Major Collector,4,City or Municipal Highway Agency,0,Not Signed,SCOTTSDALE RD,GOLD DUST AVE,0,None,33.57850556,33.57850556,-111.926102780,-111.92610278,0,No Special Jurisdiction,12,Motor Vehicle In-Transport,6,Angle,0,No,2,Intersection,4,Y-Intersection,0,None,,,1,On Roadway,3,Dark - Lighted,,,,,1,Clear,0,No,0000000,Not Applicable,19,7:00pm-7:59pm,35,35,19,7:00pm-7:59pm,38,38,20,8:00pm-8:59pm,0,0,,,,,,,2,
2023,4,40327,Arizona,2,2,0,0,0,2,2,19,PIMA (19),530,TUCSON,2,2,5,May,2023,3,Tuesday,7,7:00am-7:59am,42,42,0,This Section IS NOT on the NHS,2,Urban,4,Minor Arterial,4,City or Municipal Highway Agency,0,Not Signed,COUNTRY CLUB RD,,0,None,32.21781389,32.21781389,-110.926680560,-110.92668056,0,No Special Jurisdiction,12,Motor Vehicle In-Transport,6,Angle,0,No,8,Driveway Access Related,1,Not an Intersection,0,None,,,1,On Roadway,1,Daylight,,,,,1,Clear,0,No,0000000,Not Applicable,7,7:00am-7:59am,42,42,7,7:00am-7:59am,47,47,8,8:00am-8:59am,14,14,,,,,,,1,
2023,4,40328,Arizona,2,2,0,0,0,3,3,13,MARICOPA (13),370,PHOENIX,14,14,5,May,2023,1,Sunday,6,6:00am-6:59am,30,30,0,This Section IS NOT on the NHS,2,Urban,4,Minor Arterial,4,City or Municipal Highway Agency,0,Not Signed,W GLENDALE AVE,N 19TH AVE,0,None,33.53875000,33.53875000,-112.099697220,-112.09969722,0,No Special Jurisdiction,12,Motor Vehicle In-Transport,6,Angle,0,No,2,Intersection,2,Four-Way Intersection,0,None,,,1,On Roadway,1,Daylight,,,,,1,Clear,0,No,0000000,Not Applicable,99,Unknown,99,Unknown,99,Unknown EMS Scene Arrival Hour,99,Unknown EMS Scene Arrival Minutes,99,Unknown,99,Unknown EMS Hospital Arrival Time,,,,,,,1,
2023,4,40329,Arizona,1,1,0,0,0,1,1,13,MARICOPA (13),290,MESA,14,14,5,May,2023,1,Sunday,14,2:00pm-2:59pm,13,13,0,This Section IS NOT on the NHS,2,Urban,4,Minor Arterial,4,City or Municipal Highway Agency,0,Not Signed,E BROADWAY RD,S HARRIS DR,0,None,33.40802500,33.40802500,-111.797333330,-111.79733333,0,No Special Jurisdiction,1,Rollover/Overturn,0,The First Harmful Event was Not a Collision with a Motor Vehicle in Transport,0,No,3,Intersection-Related,3,T-Intersection,0,None,,,1,On Roadway,1,Daylight,,,,,1,Clear,0,No,0000000,Not Applicable,14,2:00pm-2:59pm,15,15,14,2:00pm-2:59pm,19,19,88,"Not Applicable (Not Transported) ",88,Not Applicable (Not Transported),,,,,,,1,
2023,4,40330,Arizona,2,2,0,0,0,2,2,13,MARICOPA (13),290,MESA,14,14,5,May,2023,1,Sunday,16,4:00pm-4:59pm,23,23,0,This Section IS NOT on the NHS,2,Urban,4,Minor Arterial,4,City or Municipal Highway Agency,0,Not Signed,E PRINCESS DR,N ELLSWORTH RD,0,None,33.44053889,33.44053889,-111.632688890,-111.63268889,0,No Special Jurisdiction,12,Motor Vehicle In-Transport,6,Angle,0,No,2,Intersection,2,Four-Way Intersection,0,None,,,1,On Roadway,1,Daylight,,,,,1,Clear,0,No,0000000,Not Applicable,16,4:00pm-4:59pm,25,25,16,4:00pm-4:59pm,31,31,88,"Not Applicable (Not Transported) ",88,Not Applicable (Not Transported),,,,,,,1,
2023,4,40332,Arizona,1,1,0,0,0,1,1,19,PIMA (19),295,MARANA,14,14,5,May,2023,1,Sunday,18,6:00pm-6:59pm,40,40,0,This Section IS NOT on the NHS,1,Rural,6,Minor Collector,2,County Highway Agency,0,Not Signed,W EL TIRO RD,,0,None,32.42940000,32.42940000,-111.349094440,-111.34909444,0,No Special Jurisdiction,1,Rollover/Overturn,0,The First Harmful Event was Not a Collision with a Motor Vehicle in Transport,0,No,1,Non-Junction,1,Not an Intersection,0,None,,,4,On Roadside,2,Dark - Not Lighted,,,,,1,Clear,0,No,0000000,Not Applicable,18,6:00pm-6:59pm,43,43,18,6:00pm-6:59pm,51,51,88,"Not Applicable (Not Transported) ",88,Not Applicable (Not Transported),,,,,,,1,
2023,4,40333,Arizona,2,2,0,0,0,2,2,13,MARICOPA (13),190,GILBERT,15,15,5,May,2023,2,Monday,13,1:00pm-1:59pm,33,33,0,This Section IS NOT on the NHS,2,Urban,4,Minor Arterial,4,City or Municipal Highway Agency,0,Not Signed,"S VAL VISTA DR ",,0,None,33.30675000,33.30675000,-111.757872220,-111.75787222,0,No Special Jurisdiction,12,Motor Vehicle In-Transport,6,Angle,0,No,8,Driveway Access Related,1,Not an Intersection,0,None,,,1,On Roadway,1,Daylight,,,,,1,Clear,0,No,0000000,Not Applicable,13,1:00pm-1:59pm,33,33,13,1:00pm-1:59pm,41,41,14,2:00pm-2:59pm,0,0,,,,,,,1,
2023,4,40334,Arizona,1,1,0,0,0,1,1,13,MARICOPA (13),370,PHOENIX,15,15,5,May,2023,2,Monday,16,4:00pm-4:59pm,17,17,0,This Section IS NOT on the NHS,2,Urban,5,Major Collector,4,City or Municipal Highway Agency,0,Not Signed,S 15TH AVE,W HILTON AVE,0,None,33.42728889,33.42728889,-112.091155560,-112.09115556,0,No Special Jurisdiction,18,Other Object (not fixed),0,The First Harmful Event was Not a Collision with a Motor Vehicle in Transport,0,No,3,Intersection-Related,3,T-Intersection,4,"Work Zone, Type Unknown",,,4,On Roadside,1,Daylight,,,,,1,Clear,0,No,0000000,Not Applicable,16,4:00pm-4:59pm,19,19,16,4:00pm-4:59pm,23,23,16,4:00pm-4:59pm,37,37,,,,,,,1,
2023,4,40335,Arizona,2,2,0,0,0,2,2,21,PINAL (21),0,NOT APPLICABLE,16,16,5,May,2023,3,Tuesday,18,6:00pm-6:59pm,24,24,0,This Section IS NOT on the NHS,2,Urban,6,Minor Collector,80,Army,0,Not Signed,E EDWIN RD," N BOWMAN RD",0,None,32.51150278,32.51150278,-110.910313890,-110.91031389,2,Military,12,Motor Vehicle In-Transport,6,Angle,0,No,2,Intersection,3,T-Intersection,0,None,,,1,On Roadway,5,Dusk,,,,,10,Cloudy,0,No,0000000,Not Applicable,18,6:00pm-6:59pm,26,26,18,6:00pm-6:59pm,30,30,19,7:00pm-7:59pm,0,0,,,,,,,1,
2023,4,40336,Arizona,1,1,0,1,1,1,1,13,MARICOPA (13),370,PHOENIX,16,16,5,May,2023,3,Tuesday,19,7:00pm-7:59pm,52,52,0,This Section IS NOT on the NHS,2,Urban,5,Major Collector,4,City or Municipal Highway Agency,0,Not Signed,N CAVE CREEK RD,E HATCHER RD,0,None,33.57130833,33.57130833,-112.060700000,-112.06070000,0,No Special Jurisdiction,8,Pedestrian,0,The First Harmful Event was Not a Collision with a Motor Vehicle in Transport,0,No,3,Intersection-Related,2,Four-Way Intersection,0,None,,,1,On Roadway,3,Dark - Lighted,,,,,1,Clear,0,No,0000000,Not Applicable,19,7:00pm-7:59pm,54,54,19,7:00pm-7:59pm,57,57,20,8:00pm-8:59pm,11,11,,,,,,,1,
2023,4,40337,Arizona,4,4,0,0,0,4,4,19,PIMA (19),530,TUCSON,17,17,5,May,2023,4,Wednesday,9,9:00am-9:59am,38,38,0,This Section IS NOT on the NHS,2,Urban,4,Minor Arterial,4,City or Municipal Highway Agency,0,Not Signed,N ORACLE RD,W WETMORE RD,0,None,32.28648056,32.28648056,-110.978325000,-110.97832500,0,No Special Jurisdiction,12,Motor Vehicle In-Transport,6,Angle,0,No,2,Intersection,2,Four-Way Intersection,0,None,,,1,On Roadway,1,Daylight,,,,,1,Clear,0,No,0000000,Not Applicable,99,Unknown,99,Unknown,99,Unknown EMS Scene Arrival Hour,99,Unknown EMS Scene Arrival Minutes,99,Unknown,99,Unknown EMS Hospital Arrival Time,,,,,,,1,
2023,4,40338,Arizona,2,2,0,0,0,2,2,5,COCONINO (5),528,TUBA CITY,17,17,5,May,2023,4,Wednesday,17,5:00pm-5:59pm,49,49,1,This Section IS ON the NHS,1,Rural,3,Other Principal Arterial,1,State Highway Agency,2,U.S. Highway,US-160,,55,55,36.10196944,36.10196944,-111.295408330,-111.29540833,0,No Special Jurisdiction,12,Motor Vehicle In-Transport,2,Front-to-Front,0,No,1,Non-Junction,1,Not an Intersection,0,None,,,4,On Roadside,1,Daylight,,,,,1,Clear,0,No,0000000,Not Applicable,17,5:00pm-5:59pm,51,51,17,5:00pm-5:59pm,57,57,88,"Not Applicable (Not Transported) ",88,Not Applicable (Not Transported),,,,,,,1,
2023,4,40339,Arizona,1,1,0,0,0,1,1,21,PINAL (21),70,CASA GRANDE,17,17,5,May,2023,4,Wednesday,18,6:00pm-6:59pm,4,4,0,This Section IS NOT on the NHS,2,Urban,4,Minor Arterial,4,City or Municipal Highway Agency,0,Not Signed,PEART RD,,0,None,32.92393333,32.92393333,-111.722419440,-111.72241944,0,No Special Jurisdiction,1,Rollover/Overturn,0,The First Harmful Event was Not a Collision with a Motor Vehicle in Transport,0,No,1,Non-Junction,1,Not an Intersection,0,None,,,5,Outside Trafficway,1,Daylight,,,,,1,Clear,0,No,0000000,Not Applicable,18,6:00pm-6:59pm,11,11,18,6:00pm-6:59pm,17,17,88,"Not Applicable (Not Transported) ",88,Not Applicable (Not Transported),,,,,,,1,
2023,4,40340,Arizona,3,3,0,4,4,1,1,21,PINAL (21),0,NOT APPLICABLE,26,26,3,March,2023,1,Sunday,21,9:00pm-9:59pm,58,58,1,This Section IS ON the NHS,1,Rural,3,Other Principal Arterial,1,State Highway Agency,3,State Highway,SR-347,,171,171,33.11860000,33.11860000,-112.020283330,-112.02028333,0,No Special Jurisdiction,12,Motor Vehicle In-Transport,1,Front-to-Rear,0,No,1,Non-Junction,1,Not an Intersection,0,None,,,1,On Roadway,2,Dark - Not Lighted,,,,,1,Clear,0,No,0000000,Not Applicable,21,9:00pm-9:59pm,58,58,22,10:00pm-10:59pm,10,10,22,10:00pm-10:59pm,50,50,,,,,,,1,
2023,4,40341,Arizona,2,2,0,1,1,1,1,13,MARICOPA (13),200,GLENDALE,18,18,2,February,2023,7,Saturday,23,11:00pm-11:59pm,13,13,0,This Section IS NOT on the NHS,2,Urban,4,Minor Arterial,4,City or Municipal Highway Agency,0,Not Signed,W CAMELBACK RD,N 55TH AVE,0,None,33.50953333,33.50953333,-112.177450000,-112.17745000,0,No Special Jurisdiction,8,Pedestrian,0,The First Harmful Event was Not a Collision with a Motor Vehicle in Transport,0,No,3,Intersection-Related,2,Four-Way Intersection,0,None,,,1,On Roadway,3,Dark - Lighted,,,,,1,Clear,0,No,0000000,Not Applicable,23,11:00pm-11:59pm,16,16,23,11:00pm-11:59pm,21,21,23,11:00pm-11:59pm,47,47,,,,,,,1,
2023,4,40342,Arizona,2,2,0,0,0,3,3,13,MARICOPA (13),476,SUN CITY WEST,24,24,3,March,2023,6,Friday,18,6:00pm-6:59pm,57,57,1,This Section IS ON the NHS,2,Urban,3,Other Principal Arterial,2,County Highway Agency,0,Not Signed,W BELL RD,N RH JOHNSON BLVD,0,None,33.63866111,33.63866111,-112.334483330,-112.33448333,0,No Special Jurisdiction,12,Motor Vehicle In-Transport,98,Not Reported,0,No,2,Intersection,2,Four-Way Intersection,0,None,,,1,On Roadway,3,Dark - Lighted,,,,,1,Clear,0,No,0000000,Not Applicable,99,Unknown,99,Unknown,99,Unknown EMS Scene Arrival Hour,99,Unknown EMS Scene Arrival Minutes,99,Unknown,99,Unknown EMS Hospital Arrival Time,,,,,,,1,
2023,4,40343,Arizona,3,3,0,0,0,4,4,9,GRAHAM (9),182,FORT THOMAS,28,28,3,March,2023,3,Tuesday,6,6:00am-6:59am,16,16,0,This Section IS NOT on the NHS,1,Rural,4,Minor Arterial,1,State Highway Agency,2,U.S. Highway,US-70,,539,539,33.04720833,33.04720833,-109.985855560,-109.98585556,0,No Special Jurisdiction,12,Motor Vehicle In-Transport,1,Front-to-Rear,0,No,1,Non-Junction,1,Not an Intersection,0,None,,,1,On Roadway,1,Daylight,,,,,1,Clear,0,No,0000000,Not Applicable,6,6:00am-6:59am,17,17,6,6:00am-6:59am,22,22,99,Unknown,99,Unknown EMS Hospital Arrival Time,,,,,,,1,
2023,4,40344,Arizona,2,2,0,0,0,3,3,13,MARICOPA (13),370,PHOENIX,1,1,1,January,2023,1,Sunday,0,0:00am-0:59am,32,32,0,This Section IS NOT on the NHS,2,Urban,4,Minor Arterial,4,City or Municipal Highway Agency,0,Not Signed,W PEORIA AVE,,0,None,33.58203333,33.58203333,-112.143508330,-112.14350833,0,No Special Jurisdiction,12,Motor Vehicle In-Transport,1,Front-to-Rear,0,No,1,Non-Junction,1,Not an Intersection,0,None,,,1,On Roadway,3,Dark - Lighted,,,,,5,"Fog, Smog, Smoke",0,No,0000000,Not Applicable,99,Unknown,99,Unknown,99,Unknown EMS Scene Arrival Hour,99,Unknown EMS Scene Arrival Minutes,99,Unknown,99,Unknown EMS Hospital Arrival Time,,,,,,,1,
2023,4,40345,Arizona,2,2,0,0,0,2,2,13,MARICOPA (13),370,PHOENIX,29,29,3,March,2023,4,Wednesday,14,2:00pm-2:59pm,29,29,1,This Section IS ON the NHS,2,Urban,3,Other Principal Arterial,1,State Highway Agency,0,Not Signed,N 51ST AVE,W GROVERS AVE,0,None,33.64731944,33.64731944,-112.169025000,-112.16902500,0,No Special Jurisdiction,12,Motor Vehicle In-Transport,6,Angle,0,No,2,Intersection,2,Four-Way Intersection,0,None,,,1,On Roadway,1,Daylight,,,,,1,Clear,0,No,0000000,Not Applicable,99,Unknown,99,Unknown,99,Unknown EMS Scene Arrival Hour,99,Unknown EMS Scene Arrival Minutes,99,Unknown,99,Unknown EMS Hospital Arrival Time,,,,,,,1,