caseyear,state,st_case,statename,ve_total,ve_forms,pvh_invl,peds,pernotmvit,permvit,persons,county,countyname,city,cityname,day,dayname,month,monthname,year,day_week,day_weekname,hour,hourname,minute,minutename,nhs,nhsname,rur_urb,rur_urbname,func_sys,func_sysname,rd_owner,rd_ownername,route,routename,tway_id,tway_id2,milept,mileptname,latitude,latitudename,longitud,longitudname,sp_jur,sp_jurname,harm_ev,harm_evname,man_coll,man_collname,reljct1,reljct1name,reljct2,reljct2name,typ_int,typ_intname,wrk_zone,wrk_zonename,road_fnc,road_fncname,rel_road,rel_roadname,lgt_cond,lgt_condname,weather1,weather1name,weather2,weather2name,weather,weathername,sch_bus,sch_busname,rail,railname,not_hour,not_hourname,not_min,not_minname,arr_hour,arr_hourname,arr_min,arr_minname,hosp_hr,hosp_hrname,hosp_mn,hosp_mnname,cf1,cf1name,cf2,cf2name,cf3,cf3name,fatals,drunk_dr
2023,4,40387,Arizona,1,1,0,1,1,1,1,19,PIMA (19),530,TUCSON,13,13,4,April,2023,5,Thursday,19,7:00pm-7:59pm,15,15,0,This Section IS NOT on the NHS,2,Urban,6,Minor Collector,1,State Highway Agency,3,State Highway,SR-19,W 27TH ST,0,None,32.20155556,32.20155556,-110.968541670,-110.96854167,0,No Special Jurisdiction,8,Pedestrian,0,The First Harmful Event was Not a Collision with a Motor Vehicle in Transport,0,No,3,Intersection-Related,2,Four-Way Intersection,0,None,,,1,On Roadway,3,Dark - Lighted,,,,,1,Clear,0,No,0000000,Not Applicable,99,Unknown,99,Unknown,99,Unknown EMS Scene Arrival Hour,99,Unknown EMS Scene Arrival Minutes,88,"Not Applicable (Not Transported) ",88,Not Applicable (Not Transported),,,,,,,1,
2023,4,40388,Arizona,2,2,0,0,0,2,2,13,MARICOPA (13),370,PHOENIX,29,29,4,April,2023,7,Saturday,0,0:00am-0:59am,32,32,0,This Section IS NOT on the NHS,2,Urban,4,Minor Arterial,4,City or Municipal Highway Agency,0,Not Signed,N CENTRAL AVE,W GLENDALE AVE,0,None,33.53834167,33.53834167,-112.073780560,-112.07378056,0,No Special Jurisdiction,12,Motor Vehicle In-Transport,6,Angle,0,No,2,Intersection,2,Four-Way Intersection,0,None,,,1,On Roadway,3,Dark - Lighted,,,,,1,Clear,0,No,0000000,Not Applicable,99,Unknown,99,Unknown,99,Unknown EMS Scene Arrival Hour,99,Unknown EMS Scene Arrival Minutes,99,Unknown,99,Unknown EMS Hospital Arrival Time,,,,,,,1,
2023,4,40389,Arizona,1,1,0,0,0,2,2,25,YAVAPAI (25),90,CLARKDALE,8,8,6,June,2023,5,Thursday,18,6:00pm-6:59pm,2,2,0,This Section IS NOT on the NHS,1,Rural,4,Minor Arterial,1,State Highway Agency,3,State Highway,SR-89A,,304,304,34.75952778,34.75952778,-112.080863890,-112.08086389,0,No Special Jurisdiction,1,Rollover/Overturn,0,The First Harmful Event was Not a Collision with a Motor Vehicle in Transport,0,No,1,Non-Junction,1,Not an Intersection,0,None,,,4,On Roadside,1,Daylight,,,,,1,Clear,0,No,0000000,Not Applicable,18,6:00pm-6:59pm,9,9,18,6:00pm-6:59pm,20,20,99,Unknown,99,Unknown EMS Hospital Arrival Time,,,,,,,1,
2023,4,40390,Arizona,1,1,0,0,0,3,3,13,MARICOPA (13),370,PHOENIX,1,1,4,April,2023,7,Saturday,3,3:00am-3:59am,15,15,0,This Section IS NOT on the NHS,2,Urban,4,Minor Arterial,4,City or Municipal Highway Agency,0,Not Signed,W THOMAS RD,,0,None,33.48046667,33.48046667,-112.155044440,-112.15504444,0,No Special Jurisdiction,30,Utility Pole/Light Support,0,The First Harmful Event was Not a Collision with a Motor Vehicle in Transport,0,No,1,Non-Junction,1,Not an Intersection,0,None,,,4,On Roadside,3,Dark - Lighted,,,,,1,Clear,0,No,0000000,Not Applicable,3,3:00am-3:59am,13,13,3,3:00am-3:59am,18,18,3,3:00am-3:59am,41,41,,,,,,,1,
2023,4,40391,Arizona,1,1,0,0,0,2,2,19,PIMA (19),530,TUCSON,5,5,4,April,2023,4,Wednesday,11,11:00am-11:59am,39,39,0,This Section IS NOT on the NHS,2,Urban,4,Minor Arterial,4,City or Municipal Highway Agency,0,Not Signed,PANTANO RD,,0,None,32.25350278,32.25350278,-110.823241670,-110.82324167,0,No Special Jurisdiction,39,Wall,0,The First Harmful Event was Not a Collision with a Motor Vehicle in Transport,0,No,1,Non-Junction,1,Not an Intersection,0,None,,,4,On Roadside,1,Daylight,,,,,1,Clear,0,No,0000000,Not Applicable,11,11:00am-11:59am,39,39,11,11:00am-11:59am,41,41,99,Unknown,99,Unknown EMS Hospital Arrival Time,,,,,,,2,
2023,4,40393,Arizona,1,1,0,1,1,1,1,13,MARICOPA (13),370,PHOENIX,8,8,1,January,2023,1,Sunday,18,6:00pm-6:59pm,57,57,0,This Section IS NOT on the NHS,2,Urban,4,Minor Arterial,4,City or Municipal Highway Agency,0,Not Signed,W THOMAS RD,N 46TH DR,0,None,33.48050556,33.48050556,-112.158300000,-112.15830000,0,No Special Jurisdiction,8,Pedestrian,0,The First Harmful Event was Not a Collision with a Motor Vehicle in Transport,0,No,3,Intersection-Related,3,T-Intersection,0,None,,,1,On Roadway,9,Reported as Unknown,,,,,99,Reported as Unknown,0,No,0000000,Not Applicable,99,Unknown,99,Unknown,99,Unknown EMS Scene Arrival Hour,99,Unknown EMS Scene Arrival Minutes,99,Unknown,99,Unknown EMS Hospital Arrival Time,,,,,,,1,
2023,4,40394,Arizona,1,1,0,1,1,1,1,25,YAVAPAI (25),28,ASH FORK,8,8,4,April,2023,7,Saturday,23,11:00pm-11:59pm,30,30,1,This Section IS ON the NHS,1,Rural,3,Other Principal Arterial,1,State Highway Agency,1,Interstate,I-40,,1425,1425,35.22115556,35.22115556,-112.524355560,-112.52435556,0,No Special Jurisdiction,8,Pedestrian,0,The First Harmful Event was Not a Collision with a Motor Vehicle in Transport,0,No,1,Non-Junction,1,Not an Intersection,0,None,,,1,On Roadway,2,Dark - Not Lighted,,,,,1,Clear,0,No,0000000,Not Applicable,22,10:00pm-10:59pm,30,30,22,10:00pm-10:59pm,52,52,88,"Not Applicable (Not Transported) ",88,Not Applicable (Not Transported),,,,,,,1,
2023,4,40395,Arizona,4,4,0,0,0,5,5,13,MARICOPA (13),266,LAVEEN,11,11,1,January,2023,4,Wednesday,5,5:00am-5:59am,41,41,0,This Section IS NOT on the NHS,2,Urban,4,Minor Arterial,4,City or Municipal Highway Agency,0,Not Signed,W SOUTHERN AVE,51ST AVE,0,None,33.39193611,33.39193611,-112.169002780,-112.16900278,0,No Special Jurisdiction,12,Motor Vehicle In-Transport,1,Front-to-Rear,0,No,3,Intersection-Related,2,Four-Way Intersection,0,None,,,1,On Roadway,3,Dark - Lighted,,,,,1,Clear,0,No,0000000,Not Applicable,99,Unknown,99,Unknown,99,Unknown EMS Scene Arrival Hour,99,Unknown EMS Scene Arrival Minutes,99,Unknown,99,Unknown EMS Hospital Arrival Time,,,,,,,1,
2023,4,40396,Arizona,2,2,0,0,0,3,3,13,MARICOPA (13),220,GOODYEAR,17,17,4,April,2023,2,Monday,13,1:00pm-1:59pm,3,3,0,This Section IS NOT on the NHS,2,Urban,4,Minor Arterial,4,City or Municipal Highway Agency,0,Not Signed,ESTRELLA PKWY,VINEYARD RD,0,None,33.38784722,33.38784722,-112.392427780,-112.39242778,0,No Special Jurisdiction,12,Motor Vehicle In-Transport,6,Angle,0,No,2,Intersection,3,T-Intersection,0,None,,,1,On Roadway,1,Daylight,,,,,1,Clear,0,No,0000000,Not Applicable,13,1:00pm-1:59pm,4,4,13,1:00pm-1:59pm,10,10,13,1:00pm-1:59pm,30,30,,,,,,,1,
2023,4,40397,Arizona,2,2,0,0,0,2,2,13,MARICOPA (13),370,PHOENIX,14,14,1,January,2023,7,Saturday,3,3:00am-3:59am,1,1,1,This Section IS ON the NHS,2,Urban,3,Other Principal Arterial,4,City or Municipal Highway Agency,0,Not Signed,W INDIAN SCHOOL RD,N 47TH AVE,0,None,33.49488333,33.49488333,-112.160297220,-112.16029722,0,No Special Jurisdiction,12,Motor Vehicle In-Transport,6,Angle,0,No,2,Intersection,2,Four-Way Intersection,0,None,,,1,On Roadway,3,Dark - Lighted,,,,,1,Clear,0,No,0000000,Not Applicable,3,3:00am-3:59am,4,4,3,3:00am-3:59am,7,7,99,Unknown,99,Unknown EMS Hospital Arrival Time,,,,,,,1,
2023,4,40398,Arizona,2,2,0,0,0,2,2,13,MARICOPA (13),370,PHOENIX,22,22,5,May,2023,2,Monday,16,4:00pm-4:59pm,6,6,1,This Section IS ON the NHS,2,Urban,3,Other Principal Arterial,1,State Highway Agency,3,State Highway,SR-202,,99999,Unknown,33.42953333,33.42953333,-112.186475000,-112.18647500,0,No Special Jurisdiction,1,Rollover/Overturn,0,The First Harmful Event was Not a Collision with a Motor Vehicle in Transport,0,No,1,Non-Junction,1,Not an Intersection,0,None,,,1,On Roadway,1,Daylight,,,,,1,Clear,0,No,0000000,Not Applicable,16,4:00pm-4:59pm,6,6,16,4:00pm-4:59pm,13,13,16,4:00pm-4:59pm,30,30,,,,,,,1,
2023,4,40399,Arizona,1,1,0,1,1,1,1,13,MARICOPA (13),370,PHOENIX,30,30,5,May,2023,3,Tuesday,3,3:00am-3:59am,5,5,1,This Section IS ON the NHS,2,Urban,3,Other Principal Arterial,1,State Highway Agency,1,Interstate,I-17,,59,59,33.46662222,33.46662222,-112.110283330,-112.11028333,0,No Special Jurisdiction,8,Pedestrian,0,The First Harmful Event was Not a Collision with a Motor Vehicle in Transport,0,No,1,Non-Junction,1,Not an Intersection,0,None,,,1,On Roadway,3,Dark - Lighted,,,,,1,Clear,0,No,0000000,Not Applicable,3,3:00am-3:59am,16,16,3,3:00am-3:59am,22,22,3,3:00am-3:59am,33,33,,,,,,,1,
2023,4,40400,Arizona,1,1,0,1,1,1,1,13,MARICOPA (13),525,TONOPAH,31,31,5,May,2023,4,Wednesday,7,7:00am-7:59am,49,49,1,This Section IS ON the NHS,1,Rural,3,Other Principal Arterial,1,State Highway Agency,1,Interstate,I-10 EXIT 103 G-RAMP,,1030,1030,33.46310278,33.46310278,-112.785022220,-112.78502222,0,No Special Jurisdiction,8,Pedestrian,0,The First Harmful Event was Not a Collision with a Motor Vehicle in Transport,1,Yes,20,Entrance/Exit Ramp,1,Not an Intersection,0,None,,,1,On Roadway,1,Daylight,,,,,1,Clear,0,No,0000000,Not Applicable,7,7:00am-7:59am,51,51,8,8:00am-8:59am,5,5,8,8:00am-8:59am,33,33,,,,,,,1,
2023,4,40401,Arizona,2,2,0,0,0,2,2,13,MARICOPA (13),370,PHOENIX,16,16,1,January,2023,2,Monday,8,8:00am-8:59am,33,33,1,This Section IS ON the NHS,2,Urban,3,Other Principal Arterial,4,City or Municipal Highway Agency,0,Not Signed,W INDIAN SCHOOL RD,,0,None,99.99990000,99.99990000,999.999900000,999.99990000,0,No Special Jurisdiction,33,Curb,0,The First Harmful Event was Not a Collision with a Motor Vehicle in Transport,0,No,1,Non-Junction,1,Not an Intersection,0,None,,,4,On Roadside,6,Dark - Unknown Lighting,,,,,99,Reported as Unknown,0,No,0000000,Not Applicable,99,Unknown,99,Unknown,99,Unknown EMS Scene Arrival Hour,99,Unknown EMS Scene Arrival Minutes,99,Unknown,99,Unknown EMS Hospital Arrival Time,,,,,,,1,
2023,4,40402,Arizona,1,1,0,1,1,1,1,13,MARICOPA (13),370,PHOENIX,16,16,1,January,2023,2,Monday,20,8:00pm-8:59pm,36,36,0,This Section IS NOT on the NHS,2,Urban,3,Other Principal Arterial,4,City or Municipal Highway Agency,0,Not Signed,W NORTHERN AVE,,0,None,99.99990000,99.99990000,999.999900000,999.99990000,0,No Special Jurisdiction,8,Pedestrian,0,The First Harmful Event was Not a Collision with a Motor Vehicle in Transport,0,No,1,Non-Junction,1,Not an Intersection,0,None,,,1,On Roadway,3,Dark - Lighted,,,,,2,Rain,0,No,0000000,Not Applicable,99,Unknown,99,Unknown,99,Unknown EMS Scene Arrival Hour,99,Unknown EMS Scene Arrival Minutes,99,Unknown,99,Unknown EMS Hospital Arrival Time,,,,,,,1,
2023,4,40403,Arizona,1,1,0,1,1,1,1,13,MARICOPA (13),370,PHOENIX,19,19,1,January,2023,5,Thursday,4,4:00am-4:59am,44,44,0,This Section IS NOT on the NHS,2,Urban,4,Minor Arterial,4,City or Municipal Highway Agency,0,Not Signed,W BETHANY HOME RD,,0,None,99.99990000,99.99990000,999.999900000,999.99990000,0,No Special Jurisdiction,8,Pedestrian,0,The First Harmful Event was Not a Collision with a Motor Vehicle in Transport,0,No,1,Non-Junction,1,Not an Intersection,0,None,,,1,On Roadway,3,Dark - Lighted,,,,,98,Not Reported,0,No,0000000,Not Applicable,99,Unknown,99,Unknown,99,Unknown EMS Scene Arrival Hour,99,Unknown EMS Scene Arrival Minutes,99,Unknown,99,Unknown EMS Hospital Arrival Time,,,,,,,1,
2023,4,40404,Arizona,1,1,0,1,1,1,1,13,MARICOPA (13),370,PHOENIX,19,19,1,January,2023,5,Thursday,23,11:00pm-11:59pm,34,34,0,This Section IS NOT on the NHS,2,Urban,4,Minor Arterial,4,City or Municipal Highway Agency,0,Not Signed,E THOMAS RD,27TH ST,0,None,33.48043889,33.48043889,-112.023602780,-112.02360278,0,No Special Jurisdiction,8,Pedestrian,0,The First Harmful Event was Not a Collision with a Motor Vehicle in Transport,0,No,3,Intersection-Related,2,Four-Way Intersection,0,None,,,1,On Roadway,3,Dark - Lighted,,,,,99,Reported as Unknown,0,No,0000000,Not Applicable,99,Unknown,99,Unknown,99,Unknown EMS Scene Arrival Hour,99,Unknown EMS Scene Arrival Minutes,88,"Not Applicable (Not Transported) ",88,Not Applicable (Not Transported),,,,,,,1,
2023,4,40405,Arizona,1,1,0,0,0,2,2,13,MARICOPA (13),290,MESA,22,22,1,January,2023,1,Sunday,99,Unknown Hours,99,Unknown Minutes,9,Unknown if This Section Is on the NHS,9,Unknown,99,Unknown,99,Unknown,99,Unknown/Not Reported,UNKNOWN,,0,None,99.99990000,99.99990000,999.999900000,999.99990000,9,Unknown,99,Reported as Unknown,99,Reported as Unknown,9,Reported as Unknown,99,Reported as Unknown,99,Reported as Unknown,0,None,,,99,Reported as Unknown,9,Reported as Unknown,,,,,99,Reported as Unknown,0,No,0000000,Not Applicable,99,Unknown,99,Unknown,99,Unknown EMS Scene Arrival Hour,99,Unknown EMS Scene Arrival Minutes,99,Unknown,99,Unknown EMS Hospital Arrival Time,,,,,,,1,
2023,4,40406,Arizona,2,2,0,0,0,3,3,13,MARICOPA (13),370,PHOENIX,5,5,4,April,2023,4,Wednesday,18,6:00pm-6:59pm,17,17,0,This Section IS NOT on the NHS,2,Urban,4,Minor Arterial,4,City or Municipal Highway Agency,0,Not Signed,S 48TH ST,E BASELINE RD,0,None,33.37826389,33.37826389,-111.978383330,-111.97838333,0,No Special Jurisdiction,12,Motor Vehicle In-Transport,6,Angle,0,No,2,Intersection,2,Four-Way Intersection,0,None,,,1,On Roadway,1,Daylight,,,,,1,Clear,0,No,0000000,Not Applicable,99,Unknown,99,Unknown,99,Unknown EMS Scene Arrival Hour,99,Unknown EMS Scene Arrival Minutes,99,Unknown,99,Unknown EMS Hospital Arrival Time,,,,,,,1,
2023,4,40407,Arizona,3,3,0,0,0,6,6,13,MARICOPA (13),370,PHOENIX,24,24,1,January,2023,3,Tuesday,16,4:00pm-4:59pm,54,54,0,This Section IS NOT on the NHS,2,Urban,4,Minor Arterial,4,City or Municipal Highway Agency,0,Not Signed,N 48TH ST,E APOLLO RD,0,None,33.38741667,33.38741667,-111.978452780,-111.97845278,0,No Special Jurisdiction,12,Motor Vehicle In-Transport,6,Angle,0,No,2,Intersection,3,T-Intersection,0,None,,,1,On Roadway,1,Daylight,,,,,99,Reported as Unknown,0,No,0000000,Not Applicable,99,Unknown,99,Unknown,99,Unknown EMS Scene Arrival Hour,99,Unknown EMS Scene Arrival Minutes,99,Unknown,99,Unknown EMS Hospital Arrival Time,,,,,,,1,
2023,4,40408,Arizona,1,1,0,1,1,1,1,13,MARICOPA (13),370,PHOENIX,8,8,4,April,2023,7,Saturday,21,9:00pm-9:59pm,11,11,0,This Section IS NOT on the NHS,2,Urban,4,Minor Arterial,4,City or Municipal Highway Agency,0,Not Signed,W MCDOWELL RD,,0,None,33.46593611,33.46593611,-112.149083330,-112.14908333,0,No Special Jurisdiction,8,Pedestrian,0,The First Harmful Event was Not a Collision with a Motor Vehicle in Transport,0,No,1,Non-Junction,1,Not an Intersection,0,None,,,1,On Roadway,3,Dark - Lighted,,,,,1,Clear,0,No,0000000,Not Applicable,99,Unknown,99,Unknown,99,Unknown EMS Scene Arrival Hour,99,Unknown EMS Scene Arrival Minutes,99,Unknown,99,Unknown EMS Hospital Arrival Time,,,,,,,1,
2023,4,40409,Arizona,2,2,0,0,0,2,2,13,MARICOPA (13),370,PHOENIX,1,1,2,February,2023,4,Wednesday,17,5:00pm-5:59pm,9,9,0,This Section IS NOT on the NHS,2,Urban,4,Minor Arterial,4,City or Municipal Highway Agency,0,Not Signed,N 19TH AVE,,0,None,33.64138056,33.64138056,-112.099655560,-112.09965556,0,No Special Jurisdiction,12,Motor Vehicle In-Transport,6,Angle,0,No,8,Driveway Access Related,1,Not an Intersection,0,None,,,1,On Roadway,1,Daylight,,,,,99,Reported as Unknown,0,No,0000000,Not Applicable,99,Unknown,99,Unknown,99,Unknown EMS Scene Arrival Hour,99,Unknown EMS Scene Arrival Minutes,88,"Not Applicable (Not Transported) ",88,Not Applicable (Not Transported),,,,,,,1,
2023,4,40410,Arizona,2,2,0,1,1,2,2,13,MARICOPA (13),30,AVONDALE,2,2,2,February,2023,5,Thursday,11,11:00am-11:59am,50,50,0,This Section IS NOT on the NHS,2,Urban,6,Minor Collector,4,City or Municipal Highway Agency,0,Not Signed,111TH AVE,W VAN BUREN ST,0,None,77.77770000,77.77770000,777.777700000,777.77770000,0,No Special Jurisdiction,12,Motor Vehicle In-Transport,6,Angle,0,No,2,Intersection,3,T-Intersection,1,Construction,,,1,On Roadway,1,Daylight,,,,,1,Clear,0,No,0000000,Not Applicable,11,11:00am-11:59am,52,52,11,11:00am-11:59am,57,57,12,12:00pm-12:59pm,15,15,,,,,,,1,
2023,4,40411,Arizona,2,2,0,0,0,2,2,13,MARICOPA (13),370,PHOENIX,2,2,6,June,2023,6,Friday,1,1:00am-1:59am,20,20,0,This Section IS NOT on the NHS,2,Urban,3,Other Principal Arterial,4,City or Municipal Highway Agency,0,Not Signed,"W NORTHERN AVE ",N 29TH AVE,0,None,33.55310556,33.55310556,-112.119552780,-112.11955278,0,No Special Jurisdiction,12,Motor Vehicle In-Transport,6,Angle,0,No,2,Intersection,2,Four-Way Intersection,0,None,,,1,On Roadway,3,Dark - Lighted,,,,,1,Clear,0,No,0000000,Not Applicable,99,Unknown,99,Unknown,99,Unknown EMS Scene Arrival Hour,99,Unknown EMS Scene Arrival Minutes,88,"Not Applicable (Not Transported) ",88,Not Applicable (Not Transported),,,,,,,1,
2023,4,40412,Arizona,1,1,0,0,0,1,1,13,MARICOPA (13),370,PHOENIX,2,2,2,February,2023,5,Thursday,21,9:00pm-9:59pm,6,6,0,This Section IS NOT on the NHS,2,Urban,4,Minor Arterial,4,City or Municipal Highway Agency,0,Not Signed,E SOUTHERN AVE,,0,None,33.39387500,33.39387500,-112.016577780,-112.01657778,0,No Special Jurisdiction,42,Tree (Standing Only),0,The First Harmful Event was Not a Collision with a Motor Vehicle in Transport,0,No,1,Non-Junction,1,Not an Intersection,0,None,,,4,On Roadside,3,Dark - Lighted,,,,,99,Reported as Unknown,0,No,0000000,Not Applicable,99,Unknown,99,Unknown,99,Unknown EMS Scene Arrival Hour,99,Unknown EMS Scene Arrival Minutes,88,"Not Applicable (Not Transported) ",88,Not Applicable (Not Transported),,,,,,,1,
2023,4,40413,Arizona,1,1,0,0,0,1,1,13,MARICOPA (13),322,MORRISTOWN,3,3,2,February,2023,6,Friday,16,4:00pm-4:59pm,13,13,1,This Section IS ON the NHS,1,Rural,3,Other Principal Arterial,1,State Highway Agency,2,U.S. Highway,US-60,,883,883,77.77770000,77.77770000,777.777700000,777.77770000,0,No Special Jurisdiction,1,Rollover/Overturn,0,The First Harmful Event was Not a Collision with a Motor Vehicle in Transport,0,No,1,Non-Junction,1,Not an Intersection,0,None,,,4,On Roadside,9,Reported as Unknown,,,,,99,Reported as Unknown,0,No,0000000,Not Applicable,99,Unknown,99,Unknown,99,Unknown EMS Scene Arrival Hour,99,Unknown EMS Scene Arrival Minutes,88,"Not Applicable (Not Transported) ",88,Not Applicable (Not Transported),,,,,,,1,
2023,4,40415,Arizona,2,1,1,0,0,2,2,19,PIMA (19),0,NOT APPLICABLE,6,6,6,June,2023,3,Tuesday,22,10:00pm-10:59pm,46,46,0,This Section IS NOT on the NHS,1,Rural,5,Major Collector,2,County Highway Agency,0,Not Signed,DE LA CANOA DR,,0,None,31.73062778,31.73062778,-111.063650000,-111.06365000,0,No Special Jurisdiction,14,Parked Motor Vehicle,0,The First Harmful Event was Not a Collision with a Motor Vehicle in Transport,0,No,1,Non-Junction,1,Not an Intersection,0,None,,,7,In Parking Lane/Zone,2,Dark - Not Lighted,,,,,1,Clear,0,No,0000000,Not Applicable,22,10:00pm-10:59pm,49,49,22,10:00pm-10:59pm,55,55,22,10:00pm-10:59pm,55,55,,,,,,,1,
2023,4,40416,Arizona,2,2,0,0,0,5,5,13,MARICOPA (13),486,SURPRISE,4,4,2,February,2023,7,Saturday,21,9:00pm-9:59pm,35,35,0,This Section IS NOT on the NHS,2,Urban,4,Minor Arterial,4,City or Municipal Highway Agency,0,Not Signed,W WADDEL RD,N LITCHFIELD RD,0,None,33.60922222,33.60922222,-112.359283330,-112.35928333,0,No Special Jurisdiction,12,Motor Vehicle In-Transport,6,Angle,0,No,2,Intersection,2,Four-Way Intersection,0,None,,,1,On Roadway,3,Dark - Lighted,,,,,1,Clear,0,No,0000000,Not Applicable,99,Unknown,99,Unknown,99,Unknown EMS Scene Arrival Hour,99,Unknown EMS Scene Arrival Minutes,99,Unknown,99,Unknown EMS Hospital Arrival Time,,,,,,,1,
2023,4,40417,Arizona,2,2,0,0,0,2,2,5,COCONINO (5),170,FLAGSTAFF,8,8,6,June,2023,5,Thursday,17,5:00pm-5:59pm,30,30,0,This Section IS NOT on the NHS,1,Rural,4,Minor Arterial,2,County Highway Agency,4,County,CR-LAKE MARY RD,,0,None,35.05849722,35.05849722,-111.469372220,-111.46937222,0,No Special Jurisdiction,12,Motor Vehicle In-Transport,2,Front-to-Front,0,No,1,Non-Junction,1,Not an Intersection,0,None,,,1,On Roadway,1,Daylight,,,,,1,Clear,0,No,0000000,Not Applicable,18,6:00pm-6:59pm,28,28,18,6:00pm-6:59pm,50,50,88,"Not Applicable (Not Transported) ",88,Not Applicable (Not Transported),,,,,,,2,
2023,4,40418,Arizona,2,2,0,0,0,2,2,13,MARICOPA (13),510,TOLLESON,8,8,6,June,2023,5,Thursday,23,11:00pm-11:59pm,11,11,1,This Section IS ON the NHS,2,Urban,3,Other Principal Arterial,1,State Highway Agency,1,Interstate,I-10,,1350,1350,33.46217222,33.46217222,-112.248952780,-112.24895278,0,No Special Jurisdiction,12,Motor Vehicle In-Transport,1,Front-to-Rear,0,No,1,Non-Junction,1,Not an Intersection,0,None,,,1,On Roadway,3,Dark - Lighted,,,,,1,Clear,0,No,0000000,Not Applicable,23,11:00pm-11:59pm,13,13,23,11:00pm-11:59pm,24,24,88,"Not Applicable (Not Transported) ",88,Not Applicable (Not Transported),,,,,,,1,
2023,4,40419,Arizona,1,1,0,1,1,1,1,13,MARICOPA (13),290,MESA,9,9,6,June,2023,6,Friday,22,10:00pm-10:59pm,15,15,0,This Section IS NOT on the NHS,2,Urban,4,Minor Arterial,2,County Highway Agency,0,Not Signed,BROADWAY RD,,0,None,33.40782222,33.40782222,-111.626975000,-111.62697500,0,No Special Jurisdiction,8,Pedestrian,0,The First Harmful Event was Not a Collision with a Motor Vehicle in Transport,0,No,1,Non-Junction,1,Not an Intersection,0,None,,,1,On Roadway,3,Dark - Lighted,,,,,1,Clear,0,No,0000000,Not Applicable,22,10:00pm-10:59pm,15,15,22,10:00pm-10:59pm,22,22,88,"Not Applicable (Not Transported) ",88,Not Applicable (Not Transported),,,,,,,1,
2023,4,40420,Arizona,2,2,0,0,0,2,2,19,PIMA (19),530,TUCSON,9,9,6,June,2023,6,Friday,17,5:00pm-5:59pm,11,11,0,This Section IS NOT on the NHS,2,Urban,4,Minor Arterial,2,County Highway Agency,0,Not Signed,S PALO VERDE RD,E DREXEL RD,0,None,32.14887778,32.14887778,-110.917863890,-110.91786389,0,No Special Jurisdiction,12,Motor Vehicle In-Transport,6,Angle,0,No,2,Intersection,2,Four-Way Intersection,0,None,,,1,On Roadway,1,Daylight,,,,,1,Clear,0,No,0000000,Not Applicable,17,5:00pm-5:59pm,11,11,17,5:00pm-5:59pm,18,18,17,5:00pm-5:59pm,36,36,,,,,,,1,
2023,4,40421,Arizona,2,2,0,0,0,3,3,13,MARICOPA (13),475,SUN CITY,9,9,6,June,2023,6,Friday,19,7:00pm-7:59pm,57,57,0,This Section IS NOT on the NHS,2,Urban,4,Minor Arterial,2,County Highway Agency,0,Not Signed,OLIVE AVE,103RD AVE,0,None,33.56578056,33.56578056,-112.281119440,-112.28111944,0,No Special Jurisdiction,12,Motor Vehicle In-Transport,6,Angle,0,No,2,Intersection,2,Four-Way Intersection,0,None,,,1,On Roadway,5,Dusk,,,,,1,Clear,0,No,0000000,Not Applicable,19,7:00pm-7:59pm,59,59,20,8:00pm-8:59pm,6,6,20,8:00pm-8:59pm,33,33,,,,,,,1,
2023,4,40422,Arizona,1,1,0,1,1,1,1,13,MARICOPA (13),370,PHOENIX,9,9,6,June,2023,6,Friday,23,11:00pm-11:59pm,1,1,0,This Section IS NOT on the NHS,2,Urban,4,Minor Arterial,4,City or Municipal Highway Agency,0,Not Signed,N 27TH AVE,,0,None,33.49071944,33.49071944,-112.117158330,-112.11715833,0,No Special Jurisdiction,8,Pedestrian,0,The First Harmful Event was Not a Collision with a Motor Vehicle in Transport,0,No,1,Non-Junction,1,Not an Intersection,0,None,,,1,On Roadway,3,Dark - Lighted,,,,,1,Clear,0,No,0000000,Not Applicable,99,Unknown,99,Unknown,99,Unknown EMS Scene Arrival Hour,99,Unknown EMS Scene Arrival Minutes,99,Unknown,99,Unknown EMS Hospital Arrival Time,,,,,,,1,
2023,4,40423,Arizona,2,2,0,0,0,5,5,13,MARICOPA (13),370,PHOENIX,10,10,6,June,2023,7,Saturday,15,3:00pm-3:59pm,3,3,1,This Section IS ON the NHS,2,Urban,3,Other Principal Arterial,1,State Highway Agency,3,State Highway,SR-202,,99999,Unknown,33.29114444,33.29114444,-112.051836110,-112.05183611,0,No Special Jurisdiction,12,Motor Vehicle In-Transport,7,Sideswipe - Same Direction,0,No,1,Non-Junction,1,Not an Intersection,0,None,,,1,On Roadway,1,Daylight,,,,,1,Clear,0,No,0000000,Not Applicable,15,3:00pm-3:59pm,1,1,15,3:00pm-3:59pm,13,13,15,3:00pm-3:59pm,37,37,,,,,,,1,
2023,4,40424,Arizona,1,1,0,1,1,2,2,13,MARICOPA (13),370,PHOENIX,10,10,6,June,2023,7,Saturday,21,9:00pm-9:59pm,40,40,0,This Section IS NOT on the NHS,2,Urban,4,Minor Arterial,4,City or Municipal Highway Agency,0,Not Signed,W GLENDALE AVE,,0,None,33.53841389,33.53841389,-112.149325000,-112.14932500,0,No Special Jurisdiction,8,Pedestrian,0,The First Harmful Event was Not a Collision with a Motor Vehicle in Transport,0,No,1,Non-Junction,1,Not an Intersection,0,None,,,1,On Roadway,3,Dark - Lighted,,,,,1,Clear,0,No,0000000,Not Applicable,99,Unknown,99,Unknown,99,Unknown EMS Scene Arrival Hour,99,Unknown EMS Scene Arrival Minutes,99,Unknown,99,Unknown EMS Hospital Arrival Time,,,,,,,1,