caseyear,state,st_case,statename,ve_total,ve_forms,pvh_invl,peds,pernotmvit,permvit,persons,county,countyname,city,cityname,day,dayname,month,monthname,year,day_week,day_weekname,hour,hourname,minute,minutename,nhs,nhsname,rur_urb,rur_urbname,func_sys,func_sysname,rd_owner,rd_ownername,route,routename,tway_id,tway_id2,milept,mileptname,latitude,latitudename,longitud,longitudname,sp_jur,sp_jurname,harm_ev,harm_evname,man_coll,man_collname,reljct1,reljct1name,reljct2,reljct2name,typ_int,typ_intname,wrk_zone,wrk_zonename,road_fnc,road_fncname,rel_road,rel_roadname,lgt_cond,lgt_condname,weather1,weather1name,weather2,weather2name,weather,weathername,sch_bus,sch_busname,rail,railname,not_hour,not_hourname,not_min,not_minname,arr_hour,arr_hourname,arr_min,arr_minname,hosp_hr,hosp_hrname,hosp_mn,hosp_mnname,cf1,cf1name,cf2,cf2name,cf3,cf3name,fatals,drunk_dr
2023,4,40465,Arizona,2,2,0,0,0,4,4,13,MARICOPA (13),370,PHOENIX,22,22,2,February,2023,4,Wednesday,17,5:00pm-5:59pm,30,30,0,This Section IS NOT on the NHS,2,Urban,4,Minor Arterial,4,City or Municipal Highway Agency,0,Not Signed,N 19TH AVE,W OLNEY AVE,0,None,33.35591111,33.35591111,-112.100494440,-112.10049444,0,No Special Jurisdiction,12,Motor Vehicle In-Transport,6,Angle,0,No,2,Intersection,2,Four-Way Intersection,0,None,,,1,On Roadway,9,Reported as Unknown,,,,,99,Reported as Unknown,0,No,0000000,Not Applicable,99,Unknown,99,Unknown,99,Unknown EMS Scene Arrival Hour,99,Unknown EMS Scene Arrival Minutes,99,Unknown,99,Unknown EMS Hospital Arrival Time,,,,,,,1,
2023,4,40466,Arizona,1,1,0,0,0,1,1,13,MARICOPA (13),80,CHANDLER,25,25,2,February,2023,7,Saturday,19,7:00pm-7:59pm,2,2,0,This Section IS NOT on the NHS,2,Urban,5,Major Collector,4,City or Municipal Highway Agency,0,Not Signed,N GILA SPRINGS BLVD,W OAKLAND ST,0,None,33.30979444,33.30979444,-111.940330560,-111.94033056,0,No Special Jurisdiction,33,Curb,0,The First Harmful Event was Not a Collision with a Motor Vehicle in Transport,0,No,3,Intersection-Related,3,T-Intersection,0,None,,,4,On Roadside,8,Not Reported,,,,,98,Not Reported,0,No,0000000,Not Applicable,99,Unknown,99,Unknown,99,Unknown EMS Scene Arrival Hour,99,Unknown EMS Scene Arrival Minutes,99,Unknown,99,Unknown EMS Hospital Arrival Time,,,,,,,1,
2023,4,40467,Arizona,2,2,0,1,1,2,2,13,MARICOPA (13),80,CHANDLER,28,28,2,February,2023,3,Tuesday,21,9:00pm-9:59pm,22,22,0,This Section IS NOT on the NHS,2,Urban,3,Other Principal Arterial,4,City or Municipal Highway Agency,0,Not Signed,N CAVE CREK RD,,0,None,33.57213611,33.57213611,-112.059747220,-112.05974722,0,No Special Jurisdiction,9,Pedalcyclist,0,The First Harmful Event was Not a Collision with a Motor Vehicle in Transport,0,No,1,Non-Junction,1,Not an Intersection,0,None,,,1,On Roadway,3,Dark - Lighted,,,,,1,Clear,0,No,0000000,Not Applicable,99,Unknown,99,Unknown,99,Unknown EMS Scene Arrival Hour,99,Unknown EMS Scene Arrival Minutes,99,Unknown,99,Unknown EMS Hospital Arrival Time,,,,,,,1,
2023,4,40468,Arizona,1,1,0,1,1,1,1,13,MARICOPA (13),200,GLENDALE,27,27,6,June,2023,3,Tuesday,2,2:00am-2:59am,30,30,0,This Section IS NOT on the NHS,2,Urban,3,Other Principal Arterial,4,City or Municipal Highway Agency,0,Not Signed,W NORTHERN AVE,N 51ST AVE,0,None,33.55304722,33.55304722,-112.169044440,-112.16904444,0,No Special Jurisdiction,8,Pedestrian,0,The First Harmful Event was Not a Collision with a Motor Vehicle in Transport,0,No,3,Intersection-Related,2,Four-Way Intersection,0,None,,,1,On Roadway,3,Dark - Lighted,,,,,1,Clear,0,No,0000000,Not Applicable,2,2:00am-2:59am,26,26,2,2:00am-2:59am,31,31,2,2:00am-2:59am,47,47,,,,,,,1,
2023,4,40469,Arizona,1,1,0,0,0,2,2,25,YAVAPAI (25),362,PAULDEN,17,17,3,March,2023,6,Friday,20,8:00pm-8:59pm,41,41,0,This Section IS NOT on the NHS,1,Rural,5,Major Collector,2,County Highway Agency,0,Not Signed,BIG CHINO RD,,0,None,34.89543611,34.89543611,-112.477611110,-112.47761111,0,No Special Jurisdiction,53,Mail Box,0,The First Harmful Event was Not a Collision with a Motor Vehicle in Transport,0,No,1,Non-Junction,1,Not an Intersection,0,None,,,4,On Roadside,3,Dark - Lighted,,,,,1,Clear,0,No,0000000,Not Applicable,99,Unknown,99,Unknown,99,Unknown EMS Scene Arrival Hour,99,Unknown EMS Scene Arrival Minutes,99,Unknown,99,Unknown EMS Hospital Arrival Time,,,,,,,1,
2023,4,40470,Arizona,2,2,0,0,0,3,3,19,PIMA (19),530,TUCSON,27,27,5,May,2023,7,Saturday,21,9:00pm-9:59pm,53,53,0,This Section IS NOT on the NHS,2,Urban,3,Other Principal Arterial,4,City or Municipal Highway Agency,0,Not Signed,GRANT RD,ROSEMONT BLVD,0,None,32.25072500,32.25072500,-110.884002780,-110.88400278,0,No Special Jurisdiction,12,Motor Vehicle In-Transport,6,Angle,0,No,2,Intersection,2,Four-Way Intersection,0,None,,,1,On Roadway,3,Dark - Lighted,,,,,1,Clear,0,No,0000000,Not Applicable,21,9:00pm-9:59pm,55,55,22,10:00pm-10:59pm,17,17,88,"Not Applicable (Not Transported) ",88,Not Applicable (Not Transported),,,,,,,1,
2023,4,40472,Arizona,2,2,0,0,0,2,2,13,MARICOPA (13),490,TEMPE,3,3,3,March,2023,6,Friday,17,5:00pm-5:59pm,30,30,0,This Section IS NOT on the NHS,2,Urban,4,Minor Arterial,4,City or Municipal Highway Agency,0,Not Signed,E UNIVERSITY DR,S DORSEY LN,0,None,33.42203333,33.42203333,-111.917647220,-111.91764722,0,No Special Jurisdiction,12,Motor Vehicle In-Transport,6,Angle,0,No,2,Intersection,2,Four-Way Intersection,0,None,,,1,On Roadway,1,Daylight,,,,,1,Clear,0,No,0000000,Not Applicable,17,5:00pm-5:59pm,31,31,17,5:00pm-5:59pm,35,35,17,5:00pm-5:59pm,52,52,,,,,,,1,
2023,4,40473,Arizona,2,2,0,0,0,2,2,13,MARICOPA (13),370,PHOENIX,9,9,5,May,2023,3,Tuesday,5,5:00am-5:59am,30,30,0,This Section IS NOT on the NHS,2,Urban,4,Minor Arterial,4,City or Municipal Highway Agency,0,Not Signed,N 35TH AVE,W ACOME DR,0,None,33.61774444,33.61774444,-112.133863890,-112.13386389,0,No Special Jurisdiction,12,Motor Vehicle In-Transport,1,Front-to-Rear,0,No,2,Intersection,2,Four-Way Intersection,0,None,,,1,On Roadway,1,Daylight,,,,,1,Clear,0,No,0000000,Not Applicable,99,Unknown,99,Unknown,99,Unknown EMS Scene Arrival Hour,99,Unknown EMS Scene Arrival Minutes,99,Unknown,99,Unknown EMS Hospital Arrival Time,,,,,,,1,
2023,4,40474,Arizona,1,1,0,0,0,2,2,21,PINAL (21),295,MARANA,30,30,5,May,2023,3,Tuesday,6,6:00am-6:59am,52,52,1,This Section IS ON the NHS,1,Rural,3,Other Principal Arterial,1,State Highway Agency,1,Interstate,I-10,,2312,2312,32.52305556,32.52305556,-111.281127780,-111.28112778,0,No Special Jurisdiction,38,Fence,0,The First Harmful Event was Not a Collision with a Motor Vehicle in Transport,0,No,1,Non-Junction,1,Not an Intersection,0,None,,,5,Outside Trafficway,1,Daylight,,,,,1,Clear,0,No,0000000,Not Applicable,6,6:00am-6:59am,56,56,7,7:00am-7:59am,6,6,99,Unknown,99,Unknown EMS Hospital Arrival Time,,,,,,,1,
2023,4,40475,Arizona,1,1,0,1,1,2,2,19,PIMA (19),530,TUCSON,28,28,6,June,2023,4,Wednesday,22,10:00pm-10:59pm,53,53,0,This Section IS NOT on the NHS,2,Urban,4,Minor Arterial,4,City or Municipal Highway Agency,0,Not Signed,N STONE AVE,E HELEN ST,0,None,32.23726667,32.23726667,-110.971841670,-110.97184167,0,No Special Jurisdiction,9,Pedalcyclist,0,The First Harmful Event was Not a Collision with a Motor Vehicle in Transport,0,No,3,Intersection-Related,3,T-Intersection,0,None,,,1,On Roadway,3,Dark - Lighted,,,,,1,Clear,0,No,0000000,Not Applicable,22,10:00pm-10:59pm,53,53,23,11:00pm-11:59pm,1,1,88,"Not Applicable (Not Transported) ",88,Not Applicable (Not Transported),,,,,,,1,
2023,4,40476,Arizona,2,2,0,0,0,3,3,13,MARICOPA (13),370,PHOENIX,28,28,5,May,2023,1,Sunday,4,4:00am-4:59am,15,15,0,This Section IS NOT on the NHS,2,Urban,5,Major Collector,4,City or Municipal Highway Agency,0,Not Signed,W THOMAS RD,N 71ST AVE,0,None,33.48021944,33.48021944,-112.211883330,-112.21188333,0,No Special Jurisdiction,12,Motor Vehicle In-Transport,1,Front-to-Rear,0,No,2,Intersection,2,Four-Way Intersection,0,None,,,1,On Roadway,3,Dark - Lighted,,,,,1,Clear,0,No,0000000,Not Applicable,4,4:00am-4:59am,13,13,4,4:00am-4:59am,17,17,88,"Not Applicable (Not Transported) ",88,Not Applicable (Not Transported),,,,,,,1,
2023,4,40477,Arizona,3,3,0,0,0,5,5,13,MARICOPA (13),220,GOODYEAR,28,28,5,May,2023,1,Sunday,17,5:00pm-5:59pm,30,30,0,This Section IS NOT on the NHS,2,Urban,4,Minor Arterial,4,City or Municipal Highway Agency,0,Not Signed,INDIAN SCHOOL RD,155TH AVE,0,None,33.49373889,33.49373889,-112.392566670,-112.39256667,0,No Special Jurisdiction,12,Motor Vehicle In-Transport,6,Angle,0,No,2,Intersection,3,T-Intersection,0,None,,,1,On Roadway,1,Daylight,,,,,1,Clear,0,No,0000000,Not Applicable,17,5:00pm-5:59pm,39,39,17,5:00pm-5:59pm,43,43,99,Unknown,99,Unknown EMS Hospital Arrival Time,,,,,,,2,
2023,4,40479,Arizona,1,1,0,1,1,1,1,13,MARICOPA (13),370,PHOENIX,28,28,5,May,2023,1,Sunday,22,10:00pm-10:59pm,35,35,0,This Section IS NOT on the NHS,2,Urban,4,Minor Arterial,4,City or Municipal Highway Agency,0,Not Signed,N 27TH AVE,,0,None,33.51967500,33.51967500,-112.116850000,-112.11685000,0,No Special Jurisdiction,8,Pedestrian,0,The First Harmful Event was Not a Collision with a Motor Vehicle in Transport,0,No,1,Non-Junction,1,Not an Intersection,0,None,,,1,On Roadway,3,Dark - Lighted,,,,,1,Clear,0,No,0000000,Not Applicable,99,Unknown,99,Unknown,99,Unknown EMS Scene Arrival Hour,99,Unknown EMS Scene Arrival Minutes,88,"Not Applicable (Not Transported) ",88,Not Applicable (Not Transported),,,,,,,1,
2023,4,40480,Arizona,4,4,0,0,0,5,5,3,COCHISE (3),401,SAINT DAVID,7,7,6,June,2023,4,Wednesday,16,4:00pm-4:59pm,5,5,0,This Section IS NOT on the NHS,1,Rural,4,Minor Arterial,1,State Highway Agency,3,State Highway,SR-80,,107,107,31.84815000,31.84815000,-110.196533330,-110.19653333,0,No Special Jurisdiction,12,Motor Vehicle In-Transport,2,Front-to-Front,0,No,1,Non-Junction,1,Not an Intersection,0,None,,,1,On Roadway,1,Daylight,,,,,1,Clear,0,No,0000000,Not Applicable,16,4:00pm-4:59pm,5,5,16,4:00pm-4:59pm,12,12,99,Unknown,99,Unknown EMS Hospital Arrival Time,,,,,,,1,
2023,4,40481,Arizona,3,3,0,0,0,6,6,13,MARICOPA (13),370,PHOENIX,3,3,7,July,2023,2,Monday,23,11:00pm-11:59pm,6,6,1,This Section IS ON the NHS,2,Urban,3,Other Principal Arterial,1,State Highway Agency,0,Not Signed,W THUNDERBIRD RD,N BLACK CANYON HWY,0,None,33.61088333,33.61088333,-112.117319440,-112.11731944,0,No Special Jurisdiction,12,Motor Vehicle In-Transport,6,Angle,1,Yes,2,Intersection,4,Y-Intersection,0,None,,,1,On Roadway,3,Dark - Lighted,,,,,1,Clear,0,No,0000000,Not Applicable,23,11:00pm-11:59pm,7,7,23,11:00pm-11:59pm,25,25,23,11:00pm-11:59pm,52,52,,,,,,,3,
2023,4,40482,Arizona,1,1,0,0,0,1,1,13,MARICOPA (13),290,MESA,11,11,6,June,2023,1,Sunday,8,8:00am-8:59am,51,51,1,This Section IS ON the NHS,2,Urban,3,Other Principal Arterial,1,State Highway Agency,3,State Highway,SR-87,,616,616,33.45717500,33.45717500,-111.839527780,-111.83952778,0,No Special Jurisdiction,33,Curb,0,The First Harmful Event was Not a Collision with a Motor Vehicle in Transport,0,No,1,Non-Junction,1,Not an Intersection,0,None,,,4,On Roadside,1,Daylight,,,,,1,Clear,0,No,0000000,Not Applicable,8,8:00am-8:59am,53,53,8,8:00am-8:59am,53,53,88,"Not Applicable (Not Transported) ",88,Not Applicable (Not Transported),,,,,,,1,
2023,4,40483,Arizona,2,2,0,1,1,3,3,13,MARICOPA (13),490,TEMPE,16,16,6,June,2023,6,Friday,23,11:00pm-11:59pm,24,24,1,This Section IS ON the NHS,2,Urban,3,Other Principal Arterial,1,State Highway Agency,1,Interstate,I-10,,1539,1539,33.39992500,33.39992500,-111.967230560,-111.96723056,0,No Special Jurisdiction,8,Pedestrian,0,The First Harmful Event was Not a Collision with a Motor Vehicle in Transport,0,No,1,Non-Junction,1,Not an Intersection,1,Construction,,,1,On Roadway,2,Dark - Not Lighted,,,,,1,Clear,0,No,0000000,Not Applicable,23,11:00pm-11:59pm,30,30,23,11:00pm-11:59pm,40,40,88,"Not Applicable (Not Transported) ",88,Not Applicable (Not Transported),,,,,,,1,
2023,4,40484,Arizona,2,2,0,0,0,3,3,19,PIMA (19),530,TUCSON,4,4,7,July,2023,3,Tuesday,20,8:00pm-8:59pm,29,29,0,This Section IS NOT on the NHS,2,Urban,4,Minor Arterial,2,County Highway Agency,0,Not Signed,N LA CANADA DR,,0,None,32.30687500,32.30687500,-110.995230560,-110.99523056,0,No Special Jurisdiction,12,Motor Vehicle In-Transport,2,Front-to-Front,0,No,1,Non-Junction,1,Not an Intersection,0,None,,,1,On Roadway,2,Dark - Not Lighted,,,,,1,Clear,0,No,0000000,Not Applicable,20,8:00pm-8:59pm,32,32,20,8:00pm-8:59pm,35,35,20,8:00pm-8:59pm,54,54,,,,,,,1,
2023,4,40485,Arizona,1,1,0,0,0,1,1,13,MARICOPA (13),420,SCOTTSDALE,1,1,7,July,2023,7,Saturday,4,4:00am-4:59am,41,41,0,This Section IS NOT on the NHS,2,Urban,5,Major Collector,4,City or Municipal Highway Agency,0,Not Signed,N CAVE CREEK RD,N MIRABEL CLUB,0,None,33.81771111,33.81771111,-111.855097220,-111.85509722,0,No Special Jurisdiction,17,Boulder,0,The First Harmful Event was Not a Collision with a Motor Vehicle in Transport,0,No,3,Intersection-Related,3,T-Intersection,0,None,,,4,On Roadside,4,Dawn,,,,,1,Clear,0,No,0000000,Not Applicable,4,4:00am-4:59am,41,41,4,4:00am-4:59am,45,45,88,"Not Applicable (Not Transported) ",88,Not Applicable (Not Transported),,,,,,,1,
2023,4,40486,Arizona,2,2,0,0,0,5,5,19,PIMA (19),530,TUCSON,22,22,6,June,2023,5,Thursday,17,5:00pm-5:59pm,18,18,0,This Section IS NOT on the NHS,1,Rural,4,Minor Arterial,1,State Highway Agency,3,State Highway,SR-86,,1056,1056,32.13025278,32.13025278,-111.182850000,-111.18285000,0,No Special Jurisdiction,12,Motor Vehicle In-Transport,2,Front-to-Front,0,No,1,Non-Junction,1,Not an Intersection,0,None,,,1,On Roadway,1,Daylight,,,,,1,Clear,0,No,0000000,Not Applicable,17,5:00pm-5:59pm,23,23,17,5:00pm-5:59pm,20,20,18,6:00pm-6:59pm,28,28,,,,,,,1,
2023,4,40487,Arizona,1,1,0,0,0,3,3,25,YAVAPAI (25),105,CONGRESS,1,1,7,July,2023,7,Saturday,17,5:00pm-5:59pm,12,12,0,This Section IS NOT on the NHS,1,Rural,5,Major Collector,1,State Highway Agency,3,State Highway,SR-89,,89,89,34.10971944,34.10971944,-112.832900000,-112.83290000,0,No Special Jurisdiction,1,Rollover/Overturn,0,The First Harmful Event was Not a Collision with a Motor Vehicle in Transport,0,No,1,Non-Junction,1,Not an Intersection,0,None,,,4,On Roadside,1,Daylight,,,,,1,Clear,0,No,0000000,Not Applicable,17,5:00pm-5:59pm,14,14,17,5:00pm-5:59pm,20,20,99,Unknown,99,Unknown EMS Hospital Arrival Time,,,,,,,1,
2023,4,40488,Arizona,2,2,0,0,0,2,2,19,PIMA (19),530,TUCSON,2,2,7,July,2023,1,Sunday,2,2:00am-2:59am,27,27,0,This Section IS NOT on the NHS,2,Urban,4,Minor Arterial,4,City or Municipal Highway Agency,0,Not Signed,N HARRISON RD,,0,None,32.24194722,32.24194722,-110.789986110,-110.78998611,0,No Special Jurisdiction,12,Motor Vehicle In-Transport,1,Front-to-Rear,0,No,1,Non-Junction,1,Not an Intersection,0,None,,,1,On Roadway,3,Dark - Lighted,,,,,1,Clear,0,No,0000000,Not Applicable,2,2:00am-2:59am,27,27,2,2:00am-2:59am,30,30,88,"Not Applicable (Not Transported) ",88,Not Applicable (Not Transported),,,,,,,2,
2023,4,40489,Arizona,1,1,0,1,1,1,1,13,MARICOPA (13),290,MESA,29,29,6,June,2023,5,Thursday,1,1:00am-1:59am,1,1,0,This Section IS NOT on the NHS,2,Urban,4,Minor Arterial,4,City or Municipal Highway Agency,0,Not Signed,SOUTHERN AVE,97TH ST,0,None,33.39331667,33.39331667,-111.622013890,-111.62201389,0,No Special Jurisdiction,8,Pedestrian,0,The First Harmful Event was Not a Collision with a Motor Vehicle in Transport,0,No,3,Intersection-Related,2,Four-Way Intersection,0,None,,,1,On Roadway,3,Dark - Lighted,,,,,1,Clear,0,No,0000000,Not Applicable,1,1:00am-1:59am,1,1,1,1:00am-1:59am,5,5,1,1:00am-1:59am,20,20,,,,,,,1,
2023,4,40490,Arizona,1,1,0,0,0,1,1,13,MARICOPA (13),370,PHOENIX,2,2,7,July,2023,1,Sunday,5,5:00am-5:59am,42,42,0,This Section IS NOT on the NHS,2,Urban,5,Major Collector,1,State Highway Agency,0,Not Signed,N BLACK CANYON HWY FRONTAGE,,0,None,33.59948611,33.59948611,-112.117236110,-112.11723611,0,No Special Jurisdiction,33,Curb,0,The First Harmful Event was Not a Collision with a Motor Vehicle in Transport,1,Yes,19,Other location within Interchange Area,1,Not an Intersection,0,None,,,4,On Roadside,1,Daylight,,,,,1,Clear,0,No,0000000,Not Applicable,99,Unknown,99,Unknown,99,Unknown EMS Scene Arrival Hour,99,Unknown EMS Scene Arrival Minutes,99,Unknown,99,Unknown EMS Hospital Arrival Time,,,,,,,1,
2023,4,40491,Arizona,1,1,0,0,0,1,1,21,PINAL (21),487,SUPERIOR,29,29,6,June,2023,5,Thursday,19,7:00pm-7:59pm,50,50,1,This Section IS ON the NHS,1,Rural,3,Other Principal Arterial,1,State Highway Agency,2,U.S. Highway,US-60,,1966,1966,33.30372778,33.30372778,-111.087680560,-111.08768056,0,No Special Jurisdiction,35,Embankment,0,The First Harmful Event was Not a Collision with a Motor Vehicle in Transport,0,No,1,Non-Junction,1,Not an Intersection,0,None,,,4,On Roadside,5,Dusk,,,,,1,Clear,0,No,0000000,Not Applicable,20,8:00pm-8:59pm,1,1,20,8:00pm-8:59pm,35,35,88,"Not Applicable (Not Transported) ",88,Not Applicable (Not Transported),,,,,,,1,
2023,4,40492,Arizona,1,1,0,0,0,2,2,21,PINAL (21),0,NOT APPLICABLE,2,2,7,July,2023,1,Sunday,5,5:00am-5:59am,36,36,1,This Section IS ON the NHS,1,Rural,3,Other Principal Arterial,1,State Highway Agency,2,U.S. Highway,US-60,,2022,2022,33.34155278,33.34155278,-111.011580560,-111.01158056,0,No Special Jurisdiction,17,Boulder,0,The First Harmful Event was Not a Collision with a Motor Vehicle in Transport,0,No,1,Non-Junction,1,Not an Intersection,0,None,,,4,On Roadside,4,Dawn,,,,,1,Clear,0,No,0000000,Not Applicable,5,5:00am-5:59am,53,53,6,6:00am-6:59am,15,15,99,Unknown,99,Unknown EMS Hospital Arrival Time,,,,,,,1,
2023,4,40493,Arizona,1,1,0,1,1,1,1,13,MARICOPA (13),200,GLENDALE,29,29,6,June,2023,5,Thursday,21,9:00pm-9:59pm,12,12,0,This Section IS NOT on the NHS,2,Urban,4,Minor Arterial,4,City or Municipal Highway Agency,0,Not Signed,W OLIVE AVE,,0,None,33.56759722,33.56759722,-112.155369440,-112.15536944,0,No Special Jurisdiction,8,Pedestrian,0,The First Harmful Event was Not a Collision with a Motor Vehicle in Transport,0,No,1,Non-Junction,1,Not an Intersection,0,None,,,1,On Roadway,3,Dark - Lighted,,,,,1,Clear,0,No,0000000,Not Applicable,21,9:00pm-9:59pm,9,9,21,9:00pm-9:59pm,13,13,88,"Not Applicable (Not Transported) ",88,Not Applicable (Not Transported),,,,,,,1,
2023,4,40494,Arizona,2,2,0,0,0,4,4,19,PIMA (19),530,TUCSON,30,30,6,June,2023,6,Friday,22,10:00pm-10:59pm,33,33,1,This Section IS ON the NHS,2,Urban,3,Other Principal Arterial,4,City or Municipal Highway Agency,0,Not Signed,GOLF LINKS RD,SAHUARA AVE,0,None,32.19238333,32.19238333,-110.866352780,-110.86635278,0,No Special Jurisdiction,12,Motor Vehicle In-Transport,6,Angle,0,No,2,Intersection,3,T-Intersection,0,None,,,1,On Roadway,3,Dark - Lighted,,,,,1,Clear,0,No,0000000,Not Applicable,22,10:00pm-10:59pm,31,31,22,10:00pm-10:59pm,35,35,99,Unknown,99,Unknown EMS Hospital Arrival Time,,,,,,,1,
2023,4,40495,Arizona,1,1,0,0,0,5,5,5,COCONINO (5),0,NOT APPLICABLE,2,2,7,July,2023,1,Sunday,15,3:00pm-3:59pm,20,20,0,This Section IS NOT on the NHS,8,Not Reported,98,Not Reported,98,Not Reported,0,Not Signed,FS 169,,0,None,34.39749444,34.39749444,-110.934438890,-110.93443889,1,National Park Service,1,Rollover/Overturn,0,The First Harmful Event was Not a Collision with a Motor Vehicle in Transport,0,No,1,Non-Junction,1,Not an Intersection,0,None,,,4,On Roadside,1,Daylight,,,,,1,Clear,0,No,0000000,Not Applicable,15,3:00pm-3:59pm,23,23,15,3:00pm-3:59pm,48,48,99,Unknown,99,Unknown EMS Hospital Arrival Time,,,,,,,1,
2023,4,40497,Arizona,1,1,0,0,0,1,1,13,MARICOPA (13),80,CHANDLER,4,4,7,July,2023,3,Tuesday,3,3:00am-3:59am,58,58,0,This Section IS NOT on the NHS,2,Urban,4,Minor Arterial,4,City or Municipal Highway Agency,0,Not Signed,S PRICE RD,,0,None,33.28035000,33.28035000,-111.889433330,-111.88943333,0,No Special Jurisdiction,59,"Traffic Sign Support ",0,The First Harmful Event was Not a Collision with a Motor Vehicle in Transport,0,No,1,Non-Junction,1,Not an Intersection,0,None,,,4,On Roadside,3,Dark - Lighted,,,,,1,Clear,0,No,0000000,Not Applicable,4,4:00am-4:59am,0,0,4,4:00am-4:59am,5,5,88,"Not Applicable (Not Transported) ",88,Not Applicable (Not Transported),,,,,,,1,
2023,4,40498,Arizona,1,1,0,0,0,1,1,13,MARICOPA (13),370,PHOENIX,5,5,7,July,2023,4,Wednesday,0,0:00am-0:59am,23,23,1,This Section IS ON the NHS,2,Urban,2,Other Freeways and Expressways,1,State Highway Agency,3,State Highway,SR-101,,187,187,33.66932222,33.66932222,-112.158794440,-112.15879444,0,No Special Jurisdiction,1,Rollover/Overturn,0,The First Harmful Event was Not a Collision with a Motor Vehicle in Transport,0,No,1,Non-Junction,1,Not an Intersection,0,None,,,4,On Roadside,3,Dark - Lighted,,,,,1,Clear,0,No,0000000,Not Applicable,0,0:00am-0:59am,25,25,0,0:00am-0:59am,35,35,0,0:00am-0:59am,43,43,,,,,,,1,
2023,4,40499,Arizona,2,2,0,0,0,2,2,7,GILA (7),86,CLAYPOOL,8,8,7,July,2023,7,Saturday,16,4:00pm-4:59pm,10,10,1,This Section IS ON the NHS,2,Urban,3,Other Principal Arterial,1,State Highway Agency,2,U.S. Highway,US-60,S EL CAMINO,2142,2142,33.41121111,33.41121111,-110.843002780,-110.84300278,0,No Special Jurisdiction,12,Motor Vehicle In-Transport,6,Angle,0,No,2,Intersection,3,T-Intersection,0,None,,,1,On Roadway,1,Daylight,,,,,1,Clear,0,No,0000000,Not Applicable,16,4:00pm-4:59pm,11,11,16,4:00pm-4:59pm,13,13,16,4:00pm-4:59pm,33,33,,,,,,,1,
2023,4,40500,Arizona,3,3,0,0,0,3,3,13,MARICOPA (13),80,CHANDLER,29,29,5,May,2023,2,Monday,1,1:00am-1:59am,22,22,0,This Section IS NOT on the NHS,2,Urban,4,Minor Arterial,4,City or Municipal Highway Agency,0,Not Signed,W RAY RD,,0,None,33.32120278,33.32120278,-111.876330560,-111.87633056,0,No Special Jurisdiction,12,Motor Vehicle In-Transport,1,Front-to-Rear,0,No,1,Non-Junction,1,Not an Intersection,0,None,,,1,On Roadway,3,Dark - Lighted,,,,,1,Clear,0,No,0000000,Not Applicable,1,1:00am-1:59am,23,23,1,1:00am-1:59am,29,29,1,1:00am-1:59am,57,57,,,,,,,1,
2023,4,40501,Arizona,2,2,0,0,0,3,3,1,APACHE (1),106,CONCHO,9,9,7,July,2023,1,Sunday,21,9:00pm-9:59pm,23,23,0,This Section IS NOT on the NHS,1,Rural,4,Minor Arterial,1,State Highway Agency,3,State Highway,SR-61,,78,78,34.57595278,34.57595278,-109.335255560,-109.33525556,0,No Special Jurisdiction,12,Motor Vehicle In-Transport,2,Front-to-Front,0,No,1,Non-Junction,1,Not an Intersection,0,None,,,1,On Roadway,2,Dark - Not Lighted,,,,,10,Cloudy,0,No,0000000,Not Applicable,21,9:00pm-9:59pm,24,24,21,9:00pm-9:59pm,55,55,99,Unknown,99,Unknown EMS Hospital Arrival Time,,,,,,,1,
2023,4,40502,Arizona,1,1,0,0,0,6,6,1,APACHE (1),79,CHAMBERS,10,10,7,July,2023,2,Monday,0,0:00am-0:59am,57,57,1,This Section IS ON the NHS,1,Rural,3,Other Principal Arterial,1,State Highway Agency,1,Interstate,I-40,,3156,3156,35.08769722,35.08769722,-109.696855560,-109.69685556,0,No Special Jurisdiction,1,Rollover/Overturn,0,The First Harmful Event was Not a Collision with a Motor Vehicle in Transport,0,No,1,Non-Junction,1,Not an Intersection,0,None,,,5,Outside Trafficway,2,Dark - Not Lighted,,,,,1,Clear,0,No,0000000,Not Applicable,1,1:00am-1:59am,0,0,1,1:00am-1:59am,23,23,99,Unknown,99,Unknown EMS Hospital Arrival Time,,,,,,,1,
2023,4,40503,Arizona,2,2,0,0,0,2,2,21,PINAL (21),405,SACATON,15,15,6,June,2023,5,Thursday,17,5:00pm-5:59pm,36,36,1,This Section IS ON the NHS,1,Rural,3,Other Principal Arterial,1,State Highway Agency,1,Interstate,I-10,,1792,1792,33.06718611,33.06718611,-111.802786110,-111.80278611,0,No Special Jurisdiction,12,Motor Vehicle In-Transport,1,Front-to-Rear,0,No,1,Non-Junction,1,Not an Intersection,0,None,,,1,On Roadway,1,Daylight,,,,,1,Clear,0,No,0000000,Not Applicable,17,5:00pm-5:59pm,38,38,17,5:00pm-5:59pm,38,38,99,Unknown,99,Unknown EMS Hospital Arrival Time,,,,,,,1,
2023,4,40505,Arizona,1,1,0,0,0,1,1,3,COCHISE (3),56,BOWIE,3,3,7,July,2023,2,Monday,4,4:00am-4:59am,51,51,1,This Section IS ON the NHS,1,Rural,3,Other Principal Arterial,1,State Highway Agency,1,Interstate,I-10,,3577,3577,32.34847500,32.34847500,-109.603150000,-109.60315000,0,No Special Jurisdiction,42,Tree (Standing Only),0,The First Harmful Event was Not a Collision with a Motor Vehicle in Transport,0,No,1,Non-Junction,1,Not an Intersection,0,None,,,5,Outside Trafficway,4,Dawn,,,,,1,Clear,0,No,0000000,Not Applicable,4,4:00am-4:59am,53,53,5,5:00am-5:59am,5,5,6,6:00am-6:59am,6,6,,,,,,,1,
2023,4,40506,Arizona,1,1,0,0,0,1,1,19,PIMA (19),530,TUCSON,15,15,7,July,2023,7,Saturday,22,10:00pm-10:59pm,44,44,0,This Section IS NOT on the NHS,2,Urban,4,Minor Arterial,4,City or Municipal Highway Agency,0,Not Signed,22ND ST,,0,None,32.20711944,32.20711944,-110.859569440,-110.85956944,0,No Special Jurisdiction,33,Curb,0,The First Harmful Event was Not a Collision with a Motor Vehicle in Transport,0,No,1,Non-Junction,1,Not an Intersection,0,None,,,4,On Roadside,3,Dark - Lighted,,,,,1,Clear,0,No,0000000,Not Applicable,22,10:00pm-10:59pm,44,44,22,10:00pm-10:59pm,50,50,88,"Not Applicable (Not Transported) ",88,Not Applicable (Not Transported),,,,,,,1,