caseyear,state,st_case,statename,ve_total,ve_forms,pvh_invl,peds,pernotmvit,permvit,persons,county,countyname,city,cityname,day,dayname,month,monthname,year,day_week,day_weekname,hour,hourname,minute,minutename,nhs,nhsname,rur_urb,rur_urbname,func_sys,func_sysname,rd_owner,rd_ownername,route,routename,tway_id,tway_id2,milept,mileptname,latitude,latitudename,longitud,longitudname,sp_jur,sp_jurname,harm_ev,harm_evname,man_coll,man_collname,reljct1,reljct1name,reljct2,reljct2name,typ_int,typ_intname,wrk_zone,wrk_zonename,road_fnc,road_fncname,rel_road,rel_roadname,lgt_cond,lgt_condname,weather1,weather1name,weather2,weather2name,weather,weathername,sch_bus,sch_busname,rail,railname,not_hour,not_hourname,not_min,not_minname,arr_hour,arr_hourname,arr_min,arr_minname,hosp_hr,hosp_hrname,hosp_mn,hosp_mnname,cf1,cf1name,cf2,cf2name,cf3,cf3name,fatals,drunk_dr
2023,4,40552,Arizona,2,2,0,0,0,3,3,15,MOHAVE (15),226,HACKBERRY,3,3,9,September,2023,1,Sunday,18,6:00pm-6:59pm,34,34,0,This Section IS NOT on the NHS,1,Rural,5,Major Collector,1,State Highway Agency,3,State Highway,SR-66,,205,205,35.40357222,35.40357222,-113.764947220,-113.76494722,0,No Special Jurisdiction,12,Motor Vehicle In-Transport,1,Front-to-Rear,0,No,1,Non-Junction,1,Not an Intersection,0,None,,,1,On Roadway,1,Daylight,,,,,1,Clear,0,No,0000000,Not Applicable,18,6:00pm-6:59pm,34,34,18,6:00pm-6:59pm,41,41,88,"Not Applicable (Not Transported) ",88,Not Applicable (Not Transported),,,,,,,1,
2023,4,40553,Arizona,1,1,0,1,1,1,1,13,MARICOPA (13),290,MESA,5,5,9,September,2023,3,Tuesday,5,5:00am-5:59am,50,50,0,This Section IS NOT on the NHS,2,Urban,4,Minor Arterial,4,City or Municipal Highway Agency,0,Not Signed,E MAIN ST,N RECKER RD,0,None,33.41561667,33.41561667,-111.701922220,-111.70192222,0,No Special Jurisdiction,8,Pedestrian,0,The First Harmful Event was Not a Collision with a Motor Vehicle in Transport,0,No,3,Intersection-Related,2,Four-Way Intersection,0,None,,,1,On Roadway,1,Daylight,,,,,1,Clear,0,No,0000000,Not Applicable,99,Unknown,99,Unknown,99,Unknown EMS Scene Arrival Hour,99,Unknown EMS Scene Arrival Minutes,99,Unknown,99,Unknown EMS Hospital Arrival Time,,,,,,,1,
2023,4,40554,Arizona,1,1,0,0,0,1,1,5,COCONINO (5),170,FLAGSTAFF,5,5,9,September,2023,3,Tuesday,15,3:00pm-3:59pm,59,59,1,This Section IS ON the NHS,1,Rural,3,Other Principal Arterial,1,State Highway Agency,1,Interstate,I-17,,1276,1276,35.07147500,35.07147500,-111.682575000,-111.68257500,0,No Special Jurisdiction,34,Ditch,0,The First Harmful Event was Not a Collision with a Motor Vehicle in Transport,0,No,1,Non-Junction,1,Not an Intersection,1,Construction,,,4,On Roadside,1,Daylight,,,,,1,Clear,0,No,0000000,Not Applicable,16,4:00pm-4:59pm,2,2,16,4:00pm-4:59pm,8,8,16,4:00pm-4:59pm,20,20,,,,,,,1,
2023,4,40555,Arizona,2,2,0,1,1,3,3,5,COCONINO (5),590,WILLIAMS,6,6,9,September,2023,4,Wednesday,19,7:00pm-7:59pm,35,35,1,This Section IS ON the NHS,1,Rural,3,Other Principal Arterial,1,State Highway Agency,3,State Highway,SR-64,,5,5,35.27008611,35.27008611,-112.149027780,-112.14902778,0,No Special Jurisdiction,9,Pedalcyclist,0,The First Harmful Event was Not a Collision with a Motor Vehicle in Transport,0,No,1,Non-Junction,1,Not an Intersection,0,None,,,1,On Roadway,2,Dark - Not Lighted,,,,,1,Clear,0,No,0000000,Not Applicable,19,7:00pm-7:59pm,35,35,19,7:00pm-7:59pm,49,49,88,"Not Applicable (Not Transported) ",88,Not Applicable (Not Transported),,,,,,,1,
2023,4,40556,Arizona,2,2,0,0,0,2,2,1,APACHE (1),400,SAINT JOHNS,4,4,9,September,2023,2,Monday,23,11:00pm-11:59pm,35,35,0,This Section IS NOT on the NHS,1,Rural,4,Minor Arterial,1,State Highway Agency,96,Trafficway Not in State Inventory,WHITE MOUNTAIN DR,27TH PL S,0,None,34.47040556,34.47040556,-109.392761110,-109.39276111,0,No Special Jurisdiction,12,Motor Vehicle In-Transport,1,Front-to-Rear,0,No,3,Intersection-Related,3,T-Intersection,0,None,,,1,On Roadway,2,Dark - Not Lighted,,,,,1,Clear,0,No,0000000,Not Applicable,23,11:00pm-11:59pm,35,35,23,11:00pm-11:59pm,45,45,99,Unknown,99,Unknown EMS Hospital Arrival Time,,,,,,,1,
2023,4,40557,Arizona,1,1,0,0,0,1,1,21,PINAL (21),435,SAN TAN VALLEY,7,7,9,September,2023,5,Thursday,15,3:00pm-3:59pm,32,32,0,This Section IS NOT on the NHS,2,Urban,5,Major Collector,3,Town or Township Highway Agency,0,Not Signed,THOMPSON RD,,0,None,33.18869444,33.18869444,-111.616955560,-111.61695556,0,No Special Jurisdiction,33,Curb,0,The First Harmful Event was Not a Collision with a Motor Vehicle in Transport,0,No,1,Non-Junction,1,Not an Intersection,0,None,,,4,On Roadside,1,Daylight,,,,,1,Clear,0,No,0000000,Not Applicable,15,3:00pm-3:59pm,35,35,15,3:00pm-3:59pm,42,42,16,4:00pm-4:59pm,27,27,,,,,,,1,
2023,4,40558,Arizona,1,1,0,1,1,1,1,19,PIMA (19),530,TUCSON,8,8,9,September,2023,6,Friday,6,6:00am-6:59am,16,16,0,This Section IS NOT on the NHS,2,Urban,3,Other Principal Arterial,2,County Highway Agency,0,Not Signed,RIVER RD,VIA ENTRADA,0,None,32.29154722,32.29154722,-110.950025000,-110.95002500,0,No Special Jurisdiction,9,Pedalcyclist,0,The First Harmful Event was Not a Collision with a Motor Vehicle in Transport,0,No,2,Intersection,2,Four-Way Intersection,0,None,,,1,On Roadway,4,Dawn,,,,,1,Clear,0,No,0000000,Not Applicable,6,6:00am-6:59am,16,16,99,Unknown EMS Scene Arrival Hour,99,Unknown EMS Scene Arrival Minutes,88,"Not Applicable (Not Transported) ",88,Not Applicable (Not Transported),,,,,,,1,
2023,4,40559,Arizona,2,2,0,0,0,2,2,5,COCONINO (5),170,FLAGSTAFF,28,28,7,July,2023,6,Friday,22,10:00pm-10:59pm,36,36,1,This Section IS ON the NHS,2,Urban,3,Other Principal Arterial,4,City or Municipal Highway Agency,2,U.S. Highway,US-89,,16,16,35.23510556,35.23510556,-111.574805560,-111.57480556,0,No Special Jurisdiction,12,Motor Vehicle In-Transport,1,Front-to-Rear,0,No,1,Non-Junction,1,Not an Intersection,0,None,,,1,On Roadway,3,Dark - Lighted,,,,,1,Clear,0,No,0000000,Not Applicable,22,10:00pm-10:59pm,39,39,22,10:00pm-10:59pm,44,44,88,"Not Applicable (Not Transported) ",88,Not Applicable (Not Transported),,,,,,,1,
2023,4,40560,Arizona,2,2,0,0,0,3,3,13,MARICOPA (13),370,PHOENIX,29,29,7,July,2023,7,Saturday,0,0:00am-0:59am,32,32,1,This Section IS ON the NHS,2,Urban,3,Other Principal Arterial,4,City or Municipal Highway Agency,0,Not Signed,7TH ST,,0,None,33.64221111,33.64221111,-112.065433330,-112.06543333,0,No Special Jurisdiction,12,Motor Vehicle In-Transport,2,Front-to-Front,0,No,1,Non-Junction,1,Not an Intersection,0,None,,,1,On Roadway,3,Dark - Lighted,,,,,1,Clear,0,No,0000000,Not Applicable,0,0:00am-0:59am,33,33,0,0:00am-0:59am,36,36,0,0:00am-0:59am,49,49,,,,,,,1,
2023,4,40561,Arizona,2,2,0,0,0,3,3,13,MARICOPA (13),341,NEW RIVER,29,29,7,July,2023,7,Saturday,3,3:00am-3:59am,45,45,1,This Section IS ON the NHS,1,Rural,3,Other Principal Arterial,1,State Highway Agency,1,Interstate,I-17,,290,290,33.92753611,33.92753611,-112.141733330,-112.14173333,0,No Special Jurisdiction,12,Motor Vehicle In-Transport,1,Front-to-Rear,0,No,1,Non-Junction,1,Not an Intersection,1,Construction,,,1,On Roadway,2,Dark - Not Lighted,,,,,1,Clear,0,No,0000000,Not Applicable,3,3:00am-3:59am,51,51,4,4:00am-4:59am,0,0,88,"Not Applicable (Not Transported) ",88,Not Applicable (Not Transported),,,,,,,1,
2023,4,40562,Arizona,2,2,0,0,0,2,2,7,GILA (7),474,STRAWBERRY,29,29,7,July,2023,7,Saturday,10,10:00am-10:59am,8,8,0,This Section IS NOT on the NHS,1,Rural,4,Minor Arterial,1,State Highway Agency,3,State Highway,SR-87,,1541,1541,34.41990833,34.41990833,-111.501083330,-111.50108333,0,No Special Jurisdiction,12,Motor Vehicle In-Transport,8,Sideswipe - Opposite Direction,0,No,1,Non-Junction,1,Not an Intersection,0,None,,,1,On Roadway,1,Daylight,,,,,1,Clear,0,No,0000000,Not Applicable,10,10:00am-10:59am,8,8,10,10:00am-10:59am,18,18,11,11:00am-11:59am,38,38,,,,,,,1,
2023,4,40563,Arizona,1,1,0,1,1,1,1,13,MARICOPA (13),290,MESA,24,24,7,July,2023,2,Monday,14,2:00pm-2:59pm,18,18,0,This Section IS NOT on the NHS,2,Urban,4,Minor Arterial,4,City or Municipal Highway Agency,0,Not Signed,E SOUTHERN AVE,,0,None,33.39381389,33.39381389,-111.683563890,-111.68356389,0,No Special Jurisdiction,8,Pedestrian,0,The First Harmful Event was Not a Collision with a Motor Vehicle in Transport,0,No,1,Non-Junction,1,Not an Intersection,0,None,,,1,On Roadway,1,Daylight,,,,,10,Cloudy,0,No,0000000,Not Applicable,14,2:00pm-2:59pm,18,18,14,2:00pm-2:59pm,21,21,14,2:00pm-2:59pm,44,44,,,,,,,1,
2023,4,40564,Arizona,4,4,0,0,0,4,4,13,MARICOPA (13),290,MESA,26,26,7,July,2023,4,Wednesday,11,11:00am-11:59am,31,31,0,This Section IS NOT on the NHS,2,Urban,4,Minor Arterial,4,City or Municipal Highway Agency,0,Not Signed,N GREENFIELD RD,E MCKELLIPS RD,0,None,33.45185833,33.45185833,-111.736011110,-111.73601111,0,No Special Jurisdiction,12,Motor Vehicle In-Transport,1,Front-to-Rear,0,No,3,Intersection-Related,2,Four-Way Intersection,0,None,,,1,On Roadway,1,Daylight,,,,,1,Clear,0,No,0000000,Not Applicable,11,11:00am-11:59am,32,32,11,11:00am-11:59am,37,37,12,12:00pm-12:59pm,10,10,,,,,,,1,
2023,4,40565,Arizona,4,4,0,0,0,5,5,13,MARICOPA (13),290,MESA,1,1,8,August,2023,3,Tuesday,12,12:00pm-12:59pm,23,23,1,This Section IS ON the NHS,2,Urban,3,Other Principal Arterial,1,State Highway Agency,2,U.S. Highway,US-60,,1521,1521,33.38658333,33.38658333,-111.745222220,-111.74522222,0,No Special Jurisdiction,12,Motor Vehicle In-Transport,6,Angle,0,No,1,Non-Junction,1,Not an Intersection,0,None,,,1,On Roadway,1,Daylight,,,,,10,Cloudy,0,No,0000000,Not Applicable,12,12:00pm-12:59pm,26,26,12,12:00pm-12:59pm,29,29,12,12:00pm-12:59pm,41,41,,,,,,,1,
2023,4,40566,Arizona,2,2,0,0,0,7,7,19,PIMA (19),335,ORO VALLEY,2,2,8,August,2023,4,Wednesday,8,8:00am-8:59am,22,22,1,This Section IS ON the NHS,2,Urban,3,Other Principal Arterial,1,State Highway Agency,0,Not Signed,ORACLE RD,HARDY RD,0,None,32.36620556,32.36620556,-110.969555560,-110.96955556,0,No Special Jurisdiction,12,Motor Vehicle In-Transport,7,Sideswipe - Same Direction,0,No,3,Intersection-Related,2,Four-Way Intersection,0,None,,,1,On Roadway,1,Daylight,,,,,1,Clear,0,No,0000000,Not Applicable,8,8:00am-8:59am,23,23,8,8:00am-8:59am,27,27,8,8:00am-8:59am,50,50,,,,,,,2,
2023,4,40567,Arizona,2,2,0,0,0,3,3,13,MARICOPA (13),370,PHOENIX,2,2,8,August,2023,4,Wednesday,15,3:00pm-3:59pm,52,52,0,This Section IS NOT on the NHS,2,Urban,5,Major Collector,4,City or Municipal Highway Agency,0,Not Signed,E HATCHER RD,N 12TH ST,0,None,33.57137222,33.57137222,-112.056727780,-112.05672778,0,No Special Jurisdiction,12,Motor Vehicle In-Transport,6,Angle,0,No,2,Intersection,2,Four-Way Intersection,0,None,,,1,On Roadway,1,Daylight,,,,,1,Clear,0,No,0000000,Not Applicable,15,3:00pm-3:59pm,54,54,16,4:00pm-4:59pm,3,3,16,4:00pm-4:59pm,10,10,,,,,,,1,
2023,4,40568,Arizona,2,2,0,0,0,2,2,21,PINAL (21),216,GOLD CANYON,5,5,8,August,2023,7,Saturday,19,7:00pm-7:59pm,49,49,0,This Section IS NOT on the NHS,1,Rural,3,Other Principal Arterial,1,State Highway Agency,3,State Highway,SR-79,,531,531,33.19571111,33.19571111,-111.349541670,-111.34954167,0,No Special Jurisdiction,12,Motor Vehicle In-Transport,2,Front-to-Front,0,No,1,Non-Junction,1,Not an Intersection,0,None,,,1,On Roadway,2,Dark - Not Lighted,,,,,1,Clear,0,No,0000000,Not Applicable,20,8:00pm-8:59pm,1,1,20,8:00pm-8:59pm,40,40,88,"Not Applicable (Not Transported) ",88,Not Applicable (Not Transported),,,,,,,2,
2023,4,40569,Arizona,1,1,0,2,2,0,0,19,PIMA (19),530,TUCSON,6,6,8,August,2023,1,Sunday,5,5:00am-5:59am,2,2,1,This Section IS ON the NHS,2,Urban,3,Other Principal Arterial,4,City or Municipal Highway Agency,0,Not Signed,VALENCIA RD,,0,None,32.13408611,32.13408611,-110.965522220,-110.96552222,0,No Special Jurisdiction,8,Pedestrian,0,The First Harmful Event was Not a Collision with a Motor Vehicle in Transport,0,No,1,Non-Junction,1,Not an Intersection,0,None,,,1,On Roadway,3,Dark - Lighted,,,,,1,Clear,0,No,0000000,Not Applicable,5,5:00am-5:59am,2,2,5,5:00am-5:59am,10,10,99,Unknown,99,Unknown EMS Hospital Arrival Time,,,,,,,1,
2023,4,40570,Arizona,1,1,0,0,0,1,1,13,MARICOPA (13),263,LITCHFIELD PARK,6,6,8,August,2023,1,Sunday,7,7:00am-7:59am,41,41,1,This Section IS ON the NHS,2,Urban,3,Other Principal Arterial,1,State Highway Agency,3,State Highway,SR-303,,58,58,33.54832222,33.54832222,-112.417894440,-112.41789444,0,No Special Jurisdiction,59,"Traffic Sign Support ",0,The First Harmful Event was Not a Collision with a Motor Vehicle in Transport,0,No,1,Non-Junction,1,Not an Intersection,0,None,,,4,On Roadside,1,Daylight,,,,,1,Clear,0,No,0000000,Not Applicable,7,7:00am-7:59am,41,41,7,7:00am-7:59am,54,54,88,"Not Applicable (Not Transported) ",88,Not Applicable (Not Transported),,,,,,,1,
2023,4,40572,Arizona,2,2,0,0,0,2,2,13,MARICOPA (13),370,PHOENIX,9,9,6,June,2023,6,Friday,10,10:00am-10:59am,43,43,1,This Section IS ON the NHS,2,Urban,3,Other Principal Arterial,4,City or Municipal Highway Agency,0,Not Signed,E JOMAX RD,N CAVE CREEK,0,None,33.72668333,33.72668333,-112.008452780,-112.00845278,0,No Special Jurisdiction,12,Motor Vehicle In-Transport,1,Front-to-Rear,0,No,3,Intersection-Related,2,Four-Way Intersection,0,None,,,1,On Roadway,1,Daylight,,,,,1,Clear,0,No,0000000,Not Applicable,99,Unknown,99,Unknown,99,Unknown EMS Scene Arrival Hour,99,Unknown EMS Scene Arrival Minutes,99,Unknown,99,Unknown EMS Hospital Arrival Time,,,,,,,1,
2023,4,40573,Arizona,2,2,0,0,0,3,3,13,MARICOPA (13),370,PHOENIX,15,15,3,March,2023,4,Wednesday,20,8:00pm-8:59pm,35,35,0,This Section IS NOT on the NHS,2,Urban,4,Minor Arterial,4,City or Municipal Highway Agency,0,Not Signed,W VAN BUREN ST,N 29TH AVE,0,None,33.45123333,33.45123333,-112.121850000,-112.12185000,0,No Special Jurisdiction,12,Motor Vehicle In-Transport,6,Angle,0,No,2,Intersection,2,Four-Way Intersection,0,None,,,1,On Roadway,3,Dark - Lighted,,,,,2,Rain,0,No,0000000,Not Applicable,20,8:00pm-8:59pm,36,36,20,8:00pm-8:59pm,40,40,20,8:00pm-8:59pm,56,56,,,,,,,1,
2023,4,40574,Arizona,3,3,0,0,0,3,3,13,MARICOPA (13),370,PHOENIX,24,24,5,May,2023,4,Wednesday,16,4:00pm-4:59pm,53,53,0,This Section IS NOT on the NHS,2,Urban,4,Minor Arterial,4,City or Municipal Highway Agency,0,Not Signed,E BROADWAY RD,,0,None,33.40732778,33.40732778,-111.983797220,-111.98379722,0,No Special Jurisdiction,12,Motor Vehicle In-Transport,7,Sideswipe - Same Direction,0,No,4,Driveway Access,1,Not an Intersection,0,None,,,1,On Roadway,1,Daylight,,,,,1,Clear,0,No,0000000,Not Applicable,99,Unknown,99,Unknown,99,Unknown EMS Scene Arrival Hour,99,Unknown EMS Scene Arrival Minutes,88,"Not Applicable (Not Transported) ",88,Not Applicable (Not Transported),,,,,,,1,
2023,4,40575,Arizona,1,1,0,0,0,1,1,13,MARICOPA (13),220,GOODYEAR,30,30,5,May,2023,3,Tuesday,15,3:00pm-3:59pm,50,50,0,This Section IS NOT on the NHS,2,Urban,5,Major Collector,4,City or Municipal Highway Agency,0,Not Signed,167TH AVE,FILLMORE ST,0,None,33.45330278,33.45330278,-112.417100000,-112.41710000,0,No Special Jurisdiction,42,Tree (Standing Only),0,The First Harmful Event was Not a Collision with a Motor Vehicle in Transport,0,No,3,Intersection-Related,3,T-Intersection,0,None,,,5,Outside Trafficway,1,Daylight,,,,,1,Clear,0,No,0000000,Not Applicable,15,3:00pm-3:59pm,51,51,15,3:00pm-3:59pm,57,57,16,4:00pm-4:59pm,42,42,,,,,,,1,
2023,4,40576,Arizona,2,2,0,0,0,2,2,19,PIMA (19),530,TUCSON,28,28,6,June,2023,4,Wednesday,21,9:00pm-9:59pm,15,15,0,This Section IS NOT on the NHS,2,Urban,3,Other Principal Arterial,1,State Highway Agency,3,State Highway,SR-86,,1135,1135,32.17473611,32.17473611,-111.059616670,-111.05961667,0,No Special Jurisdiction,12,Motor Vehicle In-Transport,1,Front-to-Rear,0,No,1,Non-Junction,1,Not an Intersection,0,None,,,1,On Roadway,2,Dark - Not Lighted,,,,,1,Clear,0,No,0000000,Not Applicable,21,9:00pm-9:59pm,17,17,21,9:00pm-9:59pm,29,29,88,"Not Applicable (Not Transported) ",88,Not Applicable (Not Transported),,,,,,,1,
2023,4,40577,Arizona,1,1,0,0,0,1,1,7,GILA (7),365,PAYSON,6,6,8,August,2023,1,Sunday,21,9:00pm-9:59pm,45,45,1,This Section IS ON the NHS,1,Rural,3,Other Principal Arterial,1,State Highway Agency,3,State Highway,SR-87,,1295,1295,34.16883611,34.16883611,-111.335575000,-111.33557500,0,No Special Jurisdiction,59,"Traffic Sign Support ",0,The First Harmful Event was Not a Collision with a Motor Vehicle in Transport,0,No,1,Non-Junction,1,Not an Intersection,0,None,,,4,On Roadside,2,Dark - Not Lighted,,,,,1,Clear,0,No,0000000,Not Applicable,21,9:00pm-9:59pm,46,46,21,9:00pm-9:59pm,52,52,0,0:00am-0:59am,0,0,,,,,,,1,
2023,4,40578,Arizona,1,1,0,1,1,1,1,19,PIMA (19),530,TUCSON,7,7,8,August,2023,2,Monday,2,2:00am-2:59am,0,0,0,This Section IS NOT on the NHS,2,Urban,3,Other Principal Arterial,4,City or Municipal Highway Agency,0,Not Signed,ALVERNON WAY,,0,None,32.26434444,32.26434444,-110.909908330,-110.90990833,0,No Special Jurisdiction,8,Pedestrian,0,The First Harmful Event was Not a Collision with a Motor Vehicle in Transport,0,No,1,Non-Junction,1,Not an Intersection,0,None,,,1,On Roadway,2,Dark - Not Lighted,,,,,1,Clear,0,No,0000000,Not Applicable,1,1:00am-1:59am,55,55,2,2:00am-2:59am,0,0,2,2:00am-2:59am,13,13,,,,,,,1,
2023,4,40579,Arizona,1,1,0,1,1,1,1,13,MARICOPA (13),190,GILBERT,3,3,10,October,2023,3,Tuesday,7,7:00am-7:59am,16,16,0,This Section IS NOT on the NHS,2,Urban,6,Minor Collector,4,City or Municipal Highway Agency,0,Not Signed,LARKSPUR ST,WARNER RD,0,None,33.33565278,33.33565278,-111.783663890,-111.78366389,0,No Special Jurisdiction,8,Pedestrian,0,The First Harmful Event was Not a Collision with a Motor Vehicle in Transport,0,No,3,Intersection-Related,2,Four-Way Intersection,0,None,,,1,On Roadway,1,Daylight,,,,,1,Clear,0,No,0000000,Not Applicable,99,Unknown,99,Unknown,99,Unknown EMS Scene Arrival Hour,99,Unknown EMS Scene Arrival Minutes,99,Unknown,99,Unknown EMS Hospital Arrival Time,,,,,,,1,
2023,4,40580,Arizona,2,2,0,1,1,3,3,13,MARICOPA (13),370,PHOENIX,7,7,8,August,2023,2,Monday,8,8:00am-8:59am,44,44,0,This Section IS NOT on the NHS,2,Urban,4,Minor Arterial,4,City or Municipal Highway Agency,0,Not Signed,N 35TH AVE,W HARRISON ST,0,None,33.44490000,33.44490000,-112.134425000,-112.13442500,0,No Special Jurisdiction,8,Pedestrian,0,The First Harmful Event was Not a Collision with a Motor Vehicle in Transport,0,No,3,Intersection-Related,3,T-Intersection,0,None,,,5,Outside Trafficway,1,Daylight,,,,,1,Clear,0,No,0000000,Not Applicable,8,8:00am-8:59am,46,46,8,8:00am-8:59am,52,52,88,"Not Applicable (Not Transported) ",88,Not Applicable (Not Transported),,,,,,,1,
2023,4,40581,Arizona,2,2,0,0,0,3,3,13,MARICOPA (13),80,CHANDLER,7,7,8,August,2023,2,Monday,11,11:00am-11:59am,18,18,0,This Section IS NOT on the NHS,2,Urban,4,Minor Arterial,4,City or Municipal Highway Agency,0,Not Signed,W CHANDLER BLVD,N PENNINGTON DR,0,None,33.30606389,33.30606389,-111.872027780,-111.87202778,0,No Special Jurisdiction,12,Motor Vehicle In-Transport,6,Angle,0,No,2,Intersection,3,T-Intersection,0,None,,,1,On Roadway,1,Daylight,,,,,1,Clear,0,No,0000000,Not Applicable,11,11:00am-11:59am,19,19,11,11:00am-11:59am,21,21,11,11:00am-11:59am,29,29,,,,,,,1,
2023,4,40582,Arizona,2,2,0,0,0,3,3,13,MARICOPA (13),486,SURPRISE,8,8,8,August,2023,3,Tuesday,13,1:00pm-1:59pm,50,50,1,This Section IS ON the NHS,2,Urban,3,Other Principal Arterial,4,City or Municipal Highway Agency,0,Not Signed,BELL RD,DYSART RD,0,None,33.63864444,33.63864444,-112.342158330,-112.34215833,0,No Special Jurisdiction,12,Motor Vehicle In-Transport,6,Angle,0,No,2,Intersection,2,Four-Way Intersection,0,None,,,1,On Roadway,1,Daylight,,,,,1,Clear,0,No,0000000,Not Applicable,13,1:00pm-1:59pm,50,50,13,1:00pm-1:59pm,58,58,14,2:00pm-2:59pm,31,31,,,,,,,1,
2023,4,40584,Arizona,2,2,0,0,0,2,2,19,PIMA (19),295,MARANA,9,9,8,August,2023,4,Wednesday,21,9:00pm-9:59pm,19,19,0,This Section IS NOT on the NHS,6,Trafficway Not in State Inventory,96,Trafficway Not in State Inventory,96,Trafficway Not in State Inventory,0,Not Signed,TWIN PEAKS RD,,0,None,32.41818056,32.41818056,-111.080452780,-111.08045278,0,No Special Jurisdiction,12,Motor Vehicle In-Transport,2,Front-to-Front,0,No,1,Non-Junction,1,Not an Intersection,0,None,,,1,On Roadway,2,Dark - Not Lighted,,,,,1,Clear,0,No,0000000,Not Applicable,21,9:00pm-9:59pm,21,21,21,9:00pm-9:59pm,25,25,99,Unknown,99,Unknown EMS Hospital Arrival Time,,,,,,,1,
2023,4,40585,Arizona,2,2,0,0,0,2,2,7,GILA (7),365,PAYSON,11,11,8,August,2023,6,Friday,15,3:00pm-3:59pm,39,39,1,This Section IS ON the NHS,1,Rural,3,Other Principal Arterial,1,State Highway Agency,3,State Highway,SR-260,,966,966,34.30423611,34.30423611,-110.954025000,-110.95402500,0,No Special Jurisdiction,12,Motor Vehicle In-Transport,8,Sideswipe - Opposite Direction,0,No,1,Non-Junction,1,Not an Intersection,0,None,,,1,On Roadway,1,Daylight,,,,,10,Cloudy,0,No,0000000,Not Applicable,15,3:00pm-3:59pm,41,41,16,4:00pm-4:59pm,0,0,88,"Not Applicable (Not Transported) ",88,Not Applicable (Not Transported),,,,,,,1,
2023,4,40587,Arizona,1,1,0,0,0,1,1,21,PINAL (21),435,SAN TAN VALLEY,10,10,9,September,2023,1,Sunday,2,2:00am-2:59am,18,18,0,This Section IS NOT on the NHS,2,Urban,5,Major Collector,4,City or Municipal Highway Agency,0,Not Signed,N MINE SHAFT LANE,,0,None,33.13591389,33.13591389,-111.523533330,-111.52353333,0,No Special Jurisdiction,33,Curb,0,The First Harmful Event was Not a Collision with a Motor Vehicle in Transport,0,No,1,Non-Junction,1,Not an Intersection,0,None,,,3,On Median,2,Dark - Not Lighted,,,,,1,Clear,0,No,0000000,Not Applicable,2,2:00am-2:59am,19,19,2,2:00am-2:59am,23,23,2,2:00am-2:59am,48,48,,,,,,,1,
2023,4,40588,Arizona,1,1,0,0,0,1,1,21,PINAL (21),0,NOT APPLICABLE,10,10,9,September,2023,1,Sunday,12,12:00pm-12:59pm,55,55,0,This Section IS NOT on the NHS,2,Urban,4,Minor Arterial,4,City or Municipal Highway Agency,0,Not Signed,HONEYCUTT RD,,0,None,33.05806944,33.05806944,-111.957619440,-111.95761944,0,No Special Jurisdiction,33,Curb,0,The First Harmful Event was Not a Collision with a Motor Vehicle in Transport,0,No,1,Non-Junction,1,Not an Intersection,0,None,,,4,On Roadside,1,Daylight,,,,,1,Clear,0,No,0000000,Not Applicable,12,12:00pm-12:59pm,57,57,13,1:00pm-1:59pm,0,0,13,1:00pm-1:59pm,44,44,,,,,,,1,
2023,4,40589,Arizona,1,1,0,0,0,1,1,13,MARICOPA (13),192,FOUNTAIN HILLS,14,14,9,September,2023,5,Thursday,1,1:00am-1:59am,20,20,1,This Section IS ON the NHS,1,Rural,3,Other Principal Arterial,1,State Highway Agency,3,State Highway,SR-87,,886,886,33.69276667,33.69276667,-111.503152780,-111.50315278,0,No Special Jurisdiction,24,Guardrail Face,0,The First Harmful Event was Not a Collision with a Motor Vehicle in Transport,0,No,1,Non-Junction,1,Not an Intersection,0,None,,,4,On Roadside,2,Dark - Not Lighted,,,,,1,Clear,0,No,0000000,Not Applicable,1,1:00am-1:59am,24,24,1,1:00am-1:59am,53,53,88,"Not Applicable (Not Transported) ",88,Not Applicable (Not Transported),,,,,,,1,
2023,4,40590,Arizona,1,1,0,1,1,1,1,19,PIMA (19),295,MARANA,16,16,9,September,2023,7,Saturday,14,2:00pm-2:59pm,4,4,1,This Section IS ON the NHS,2,Urban,3,Other Principal Arterial,1,State Highway Agency,1,Interstate,I-10,,2442,2442,32.37942778,32.37942778,-111.110100000,-111.11010000,0,No Special Jurisdiction,8,Pedestrian,0,The First Harmful Event was Not a Collision with a Motor Vehicle in Transport,0,No,1,Non-Junction,1,Not an Intersection,0,None,,,1,On Roadway,1,Daylight,,,,,1,Clear,0,No,0000000,Not Applicable,14,2:00pm-2:59pm,11,11,14,2:00pm-2:59pm,18,18,88,"Not Applicable (Not Transported) ",88,Not Applicable (Not Transported),,,,,,,1,
2023,4,40591,Arizona,2,2,0,0,0,2,2,25,YAVAPAI (25),65,CAMP VERDE,18,18,9,September,2023,2,Monday,16,4:00pm-4:59pm,28,28,1,This Section IS ON the NHS,1,Rural,3,Other Principal Arterial,1,State Highway Agency,1,Interstate,I-17,,913,913,34.56954722,34.56954722,-111.893758330,-111.89375833,0,No Special Jurisdiction,12,Motor Vehicle In-Transport,1,Front-to-Rear,0,No,1,Non-Junction,1,Not an Intersection,0,None,,,1,On Roadway,1,Daylight,,,,,1,Clear,0,No,0000000,Not Applicable,16,4:00pm-4:59pm,31,31,16,4:00pm-4:59pm,34,34,17,5:00pm-5:59pm,26,26,,,,,,,1,
2023,4,40592,Arizona,1,1,0,0,0,1,1,13,MARICOPA (13),189,GILA BEND,18,18,9,September,2023,2,Monday,17,5:00pm-5:59pm,58,58,0,This Section IS NOT on the NHS,1,Rural,4,Minor Arterial,1,State Highway Agency,3,State Highway,SR-85,,20,20,32.91564722,32.91564722,-112.735422220,-112.73542222,0,No Special Jurisdiction,41,Shrubbery,0,The First Harmful Event was Not a Collision with a Motor Vehicle in Transport,0,No,1,Non-Junction,1,Not an Intersection,0,None,,,5,Outside Trafficway,1,Daylight,,,,,1,Clear,0,No,0000000,Not Applicable,18,6:00pm-6:59pm,0,0,18,6:00pm-6:59pm,7,7,88,"Not Applicable (Not Transported) ",88,Not Applicable (Not Transported),,,,,,,1,