caseyear,state,st_case,statename,ve_total,ve_forms,pvh_invl,peds,pernotmvit,permvit,persons,county,countyname,city,cityname,day,dayname,month,monthname,year,day_week,day_weekname,hour,hourname,minute,minutename,nhs,nhsname,rur_urb,rur_urbname,func_sys,func_sysname,rd_owner,rd_ownername,route,routename,tway_id,tway_id2,milept,mileptname,latitude,latitudename,longitud,longitudname,sp_jur,sp_jurname,harm_ev,harm_evname,man_coll,man_collname,reljct1,reljct1name,reljct2,reljct2name,typ_int,typ_intname,wrk_zone,wrk_zonename,road_fnc,road_fncname,rel_road,rel_roadname,lgt_cond,lgt_condname,weather1,weather1name,weather2,weather2name,weather,weathername,sch_bus,sch_busname,rail,railname,not_hour,not_hourname,not_min,not_minname,arr_hour,arr_hourname,arr_min,arr_minname,hosp_hr,hosp_hrname,hosp_mn,hosp_mnname,cf1,cf1name,cf2,cf2name,cf3,cf3name,fatals,drunk_dr
2023,4,40676,Arizona,1,1,0,0,0,1,1,5,COCONINO (5),170,FLAGSTAFF,24,24,8,August,2023,5,Thursday,9,9:00am-9:59am,15,15,1,This Section IS ON the NHS,1,Rural,3,Other Principal Arterial,1,State Highway Agency,1,Interstate,I-40,,1897,1897,35.19739722,35.19739722,-111.742552780,-111.74255278,0,No Special Jurisdiction,21,Bridge Pier or Support,0,The First Harmful Event was Not a Collision with a Motor Vehicle in Transport,0,No,1,Non-Junction,1,Not an Intersection,0,None,,,4,On Roadside,1,Daylight,,,,,8,Other,0,No,0000000,Not Applicable,9,9:00am-9:59am,18,18,9,9:00am-9:59am,27,27,88,"Not Applicable (Not Transported) ",88,Not Applicable (Not Transported),,,,,,,1,
2023,4,40677,Arizona,1,1,0,1,1,1,1,13,MARICOPA (13),290,MESA,24,24,8,August,2023,5,Thursday,22,10:00pm-10:59pm,0,0,0,This Section IS NOT on the NHS,2,Urban,4,Minor Arterial,4,City or Municipal Highway Agency,0,Not Signed,S DOBSON RD,,0,None,33.39520833,33.39520833,-111.874688890,-111.87468889,0,No Special Jurisdiction,8,Pedestrian,0,The First Harmful Event was Not a Collision with a Motor Vehicle in Transport,0,No,1,Non-Junction,1,Not an Intersection,0,None,,,1,On Roadway,3,Dark - Lighted,,,,,1,Clear,0,No,0000000,Not Applicable,22,10:00pm-10:59pm,1,1,22,10:00pm-10:59pm,12,12,22,10:00pm-10:59pm,35,35,,,,,,,1,
2023,4,40678,Arizona,1,1,0,0,0,2,2,17,NAVAJO (17),232,HEBER,25,25,8,August,2023,6,Friday,13,1:00pm-1:59pm,8,8,0,This Section IS NOT on the NHS,1,Rural,7,Local,11,"State Park, Forest, or Reservation Agency",0,Not Signed,BLACK CANYON RD,,0,None,34.30405556,34.30405556,-110.746227780,-110.74622778,0,No Special Jurisdiction,42,Tree (Standing Only),0,The First Harmful Event was Not a Collision with a Motor Vehicle in Transport,0,No,1,Non-Junction,1,Not an Intersection,0,None,,,5,Outside Trafficway,1,Daylight,,,,,1,Clear,0,No,0000000,Not Applicable,13,1:00pm-1:59pm,8,8,13,1:00pm-1:59pm,24,24,15,3:00pm-3:59pm,25,25,,,,,,,1,
2023,4,40679,Arizona,1,1,0,0,0,1,1,5,COCONINO (5),277,MARBLE CANYON,26,26,8,August,2023,7,Saturday,11,11:00am-11:59am,0,0,0,This Section IS NOT on the NHS,1,Rural,4,Minor Arterial,1,State Highway Agency,2,U.S. Highway,US-89A,,1230,1230,36.77814722,36.77814722,-111.694794440,-111.69479444,0,No Special Jurisdiction,1,Rollover/Overturn,0,The First Harmful Event was Not a Collision with a Motor Vehicle in Transport,0,No,1,Non-Junction,1,Not an Intersection,0,None,,,4,On Roadside,1,Daylight,,,,,1,Clear,0,No,0000000,Not Applicable,11,11:00am-11:59am,2,2,11,11:00am-11:59am,40,40,88,"Not Applicable (Not Transported) ",88,Not Applicable (Not Transported),,,,,,,1,
2023,4,40680,Arizona,2,2,0,0,0,2,2,13,MARICOPA (13),370,PHOENIX,27,27,8,August,2023,1,Sunday,5,5:00am-5:59am,34,34,0,This Section IS NOT on the NHS,2,Urban,4,Minor Arterial,4,City or Municipal Highway Agency,0,Not Signed,N 43RD AVE,,0,None,33.49363611,33.49363611,-112.151800000,-112.15180000,0,No Special Jurisdiction,12,Motor Vehicle In-Transport,6,Angle,0,No,8,Driveway Access Related,1,Not an Intersection,0,None,,,1,On Roadway,4,Dawn,,,,,1,Clear,0,No,0000000,Not Applicable,99,Unknown,99,Unknown,99,Unknown EMS Scene Arrival Hour,99,Unknown EMS Scene Arrival Minutes,99,Unknown,99,Unknown EMS Hospital Arrival Time,,,,,,,1,
2023,4,40681,Arizona,1,1,0,1,1,1,1,19,PIMA (19),530,TUCSON,16,16,9,September,2023,7,Saturday,23,11:00pm-11:59pm,53,53,0,This Section IS NOT on the NHS,2,Urban,4,Minor Arterial,4,City or Municipal Highway Agency,0,Not Signed,FORT LOWELL RD,,0,None,32.26467500,32.26467500,-110.976691670,-110.97669167,0,No Special Jurisdiction,8,Pedestrian,0,The First Harmful Event was Not a Collision with a Motor Vehicle in Transport,0,No,1,Non-Junction,1,Not an Intersection,0,None,,,1,On Roadway,2,Dark - Not Lighted,,,,,1,Clear,0,No,0000000,Not Applicable,23,11:00pm-11:59pm,52,52,23,11:00pm-11:59pm,57,57,0,0:00am-0:59am,18,18,,,,,,,1,
2023,4,40682,Arizona,1,1,0,1,1,2,2,1,APACHE (1),243,HOUCK,28,28,8,August,2023,2,Monday,0,0:00am-0:59am,29,29,1,This Section IS ON the NHS,1,Rural,3,Other Principal Arterial,1,State Highway Agency,1,Interstate,I-40,,3466,3466,35.28277778,35.28277778,-109.223741670,-109.22374167,0,No Special Jurisdiction,8,Pedestrian,0,The First Harmful Event was Not a Collision with a Motor Vehicle in Transport,0,No,1,Non-Junction,1,Not an Intersection,0,None,,,1,On Roadway,2,Dark - Not Lighted,,,,,1,Clear,0,No,0000000,Not Applicable,0,0:00am-0:59am,36,36,0,0:00am-0:59am,51,51,88,"Not Applicable (Not Transported) ",88,Not Applicable (Not Transported),,,,,,,1,
2023,4,40683,Arizona,2,2,0,0,0,2,2,19,PIMA (19),530,TUCSON,28,28,8,August,2023,2,Monday,8,8:00am-8:59am,52,52,0,This Section IS NOT on the NHS,2,Urban,3,Other Principal Arterial,4,City or Municipal Highway Agency,0,Not Signed,E AJO WAY,S 3RD AVE,0,None,32.17790278,32.17790278,-110.964380560,-110.96438056,0,No Special Jurisdiction,12,Motor Vehicle In-Transport,2,Front-to-Front,0,No,2,Intersection,2,Four-Way Intersection,0,None,,,1,On Roadway,1,Daylight,,,,,1,Clear,0,No,0000000,Not Applicable,8,8:00am-8:59am,53,53,8,8:00am-8:59am,58,58,9,9:00am-9:59am,25,25,,,,,,,1,
2023,4,40684,Arizona,2,2,0,0,0,2,2,13,MARICOPA (13),490,TEMPE,18,18,3,March,2023,7,Saturday,22,10:00pm-10:59pm,11,11,1,This Section IS ON the NHS,2,Urban,3,Other Principal Arterial,4,City or Municipal Highway Agency,0,Not Signed,S RURAL RD,,0,None,33.38133611,33.38133611,-111.927511110,-111.92751111,0,No Special Jurisdiction,12,Motor Vehicle In-Transport,1,Front-to-Rear,0,No,1,Non-Junction,1,Not an Intersection,0,None,,,1,On Roadway,6,Dark - Unknown Lighting,,,,,98,Not Reported,0,No,0000000,Not Applicable,99,Unknown,99,Unknown,99,Unknown EMS Scene Arrival Hour,99,Unknown EMS Scene Arrival Minutes,99,Unknown,99,Unknown EMS Hospital Arrival Time,,,,,,,1,
2023,4,40685,Arizona,2,2,0,1,1,2,2,13,MARICOPA (13),370,PHOENIX,23,23,3,March,2023,5,Thursday,6,6:00am-6:59am,0,0,1,This Section IS ON the NHS,2,Urban,3,Other Principal Arterial,1,State Highway Agency,1,Interstate,I-17 EXIT,W NORTHERN AVE,120,120,33.55299167,33.55299167,-112.111866670,-112.11186667,0,No Special Jurisdiction,12,Motor Vehicle In-Transport,99,Reported as Unknown,1,Yes,2,Intersection,2,Four-Way Intersection,0,None,,,1,On Roadway,8,Not Reported,,,,,98,Not Reported,0,No,0000000,Not Applicable,99,Unknown,99,Unknown,99,Unknown EMS Scene Arrival Hour,99,Unknown EMS Scene Arrival Minutes,99,Unknown,99,Unknown EMS Hospital Arrival Time,,,,,,,1,
2023,4,40686,Arizona,2,2,0,0,0,2,2,5,COCONINO (5),590,WILLIAMS,29,29,8,August,2023,3,Tuesday,7,7:00am-7:59am,24,24,0,This Section IS NOT on the NHS,1,Rural,5,Major Collector,4,City or Municipal Highway Agency,0,Not Signed,1733 W ROUTE 66,,0,None,35.24798056,35.24798056,-112.200630560,-112.20063056,0,No Special Jurisdiction,12,Motor Vehicle In-Transport,1,Front-to-Rear,0,No,8,Driveway Access Related,1,Not an Intersection,0,None,,,1,On Roadway,1,Daylight,,,,,1,Clear,0,No,0000000,Not Applicable,7,7:00am-7:59am,25,25,7,7:00am-7:59am,30,30,9,9:00am-9:59am,5,5,,,,,,,1,
2023,4,40687,Arizona,1,1,0,0,0,1,1,19,PIMA (19),295,MARANA,30,30,8,August,2023,4,Wednesday,8,8:00am-8:59am,22,22,1,This Section IS ON the NHS,2,Urban,3,Other Principal Arterial,1,State Highway Agency,1,Interstate,I-10,,2412,2412,32.41900000,32.41900000,-111.156472220,-111.15647222,0,No Special Jurisdiction,5,Fell/Jumped from Vehicle,0,The First Harmful Event was Not a Collision with a Motor Vehicle in Transport,0,No,1,Non-Junction,1,Not an Intersection,0,None,,,5,Outside Trafficway,1,Daylight,,,,,1,Clear,0,No,0000000,Not Applicable,8,8:00am-8:59am,22,22,8,8:00am-8:59am,29,29,99,Unknown,99,Unknown EMS Hospital Arrival Time,,,,,,,1,
2023,4,40688,Arizona,2,2,0,0,0,2,2,13,MARICOPA (13),370,PHOENIX,2,2,4,April,2023,1,Sunday,14,2:00pm-2:59pm,25,25,1,This Section IS ON the NHS,2,Urban,3,Other Principal Arterial,4,City or Municipal Highway Agency,0,Not Signed,S 7TH ST,,0,None,33.42020556,33.42020556,-112.064850000,-112.06485000,0,No Special Jurisdiction,12,Motor Vehicle In-Transport,2,Front-to-Front,0,No,1,Non-Junction,1,Not an Intersection,0,None,,,1,On Roadway,1,Daylight,,,,,1,Clear,0,No,0000000,Not Applicable,99,Unknown,99,Unknown,99,Unknown EMS Scene Arrival Hour,99,Unknown EMS Scene Arrival Minutes,99,Unknown,99,Unknown EMS Hospital Arrival Time,,,,,,,1,
2023,4,40689,Arizona,2,2,0,1,1,2,2,13,MARICOPA (13),370,PHOENIX,3,3,4,April,2023,2,Monday,11,11:00am-11:59am,0,0,0,This Section IS NOT on the NHS,2,Urban,4,Minor Arterial,4,City or Municipal Highway Agency,0,Not Signed,W THOMAS RD,N 43RD AVE,0,None,77.77770000,77.77770000,777.777700000,777.77770000,0,No Special Jurisdiction,8,Pedestrian,0,The First Harmful Event was Not a Collision with a Motor Vehicle in Transport,0,No,3,Intersection-Related,2,Four-Way Intersection,0,None,,,1,On Roadway,1,Daylight,,,,,98,Not Reported,0,No,0000000,Not Applicable,99,Unknown,99,Unknown,99,Unknown EMS Scene Arrival Hour,99,Unknown EMS Scene Arrival Minutes,88,"Not Applicable (Not Transported) ",88,Not Applicable (Not Transported),,,,,,,1,
2023,4,40690,Arizona,2,2,0,0,0,2,2,19,PIMA (19),530,TUCSON,21,21,9,September,2023,5,Thursday,7,7:00am-7:59am,10,10,0,This Section IS NOT on the NHS,2,Urban,3,Other Principal Arterial,4,City or Municipal Highway Agency,0,Not Signed,E SPEEDWAY BLVD,E DORADO BLVD,0,None,32.23564722,32.23564722,-110.844997220,-110.84499722,0,No Special Jurisdiction,12,Motor Vehicle In-Transport,6,Angle,0,No,2,Intersection,3,T-Intersection,0,None,,,1,On Roadway,1,Daylight,,,,,1,Clear,0,No,0000000,Not Applicable,7,7:00am-7:59am,10,10,7,7:00am-7:59am,10,10,7,7:00am-7:59am,43,43,,,,,,,1,
2023,4,40692,Arizona,2,2,0,0,0,4,4,13,MARICOPA (13),370,PHOENIX,9,9,4,April,2023,1,Sunday,3,3:00am-3:59am,7,7,0,This Section IS NOT on the NHS,2,Urban,5,Major Collector,4,City or Municipal Highway Agency,0,Not Signed,W PEORIA AVE,,0,None,33.58213611,33.58213611,-112.090930560,-112.09093056,0,No Special Jurisdiction,12,Motor Vehicle In-Transport,2,Front-to-Front,0,No,1,Non-Junction,1,Not an Intersection,0,None,,,1,On Roadway,3,Dark - Lighted,,,,,1,Clear,0,No,0000000,Not Applicable,99,Unknown,99,Unknown,99,Unknown EMS Scene Arrival Hour,99,Unknown EMS Scene Arrival Minutes,99,Unknown,99,Unknown EMS Hospital Arrival Time,,,,,,,1,
2023,4,40693,Arizona,2,2,0,0,0,2,2,13,MARICOPA (13),370,PHOENIX,14,14,4,April,2023,6,Friday,23,11:00pm-11:59pm,58,58,0,This Section IS NOT on the NHS,2,Urban,4,Minor Arterial,4,City or Municipal Highway Agency,0,Not Signed,N 16TH ST,E CLARENDON AVE,0,None,33.49065278,33.49065278,-112.047683330,-112.04768333,0,No Special Jurisdiction,12,Motor Vehicle In-Transport,6,Angle,0,No,2,Intersection,3,T-Intersection,0,None,,,1,On Roadway,6,Dark - Unknown Lighting,,,,,98,Not Reported,0,No,0000000,Not Applicable,99,Unknown,99,Unknown,99,Unknown EMS Scene Arrival Hour,99,Unknown EMS Scene Arrival Minutes,88,"Not Applicable (Not Transported) ",88,Not Applicable (Not Transported),,,,,,,1,
2023,4,40694,Arizona,4,4,0,0,0,5,5,13,MARICOPA (13),370,PHOENIX,16,16,4,April,2023,1,Sunday,2,2:00am-2:59am,30,30,1,This Section IS ON the NHS,2,Urban,3,Other Principal Arterial,1,State Highway Agency,1,Interstate,I-10,N 51ST AVE,1390,1390,33.46217500,33.46217500,-112.169252780,-112.16925278,0,No Special Jurisdiction,12,Motor Vehicle In-Transport,6,Angle,1,Yes,2,Intersection,2,Four-Way Intersection,0,None,,,1,On Roadway,6,Dark - Unknown Lighting,,,,,98,Not Reported,0,No,0000000,Not Applicable,99,Unknown,99,Unknown,99,Unknown EMS Scene Arrival Hour,99,Unknown EMS Scene Arrival Minutes,99,Unknown,99,Unknown EMS Hospital Arrival Time,,,,,,,1,
2023,4,40695,Arizona,1,1,0,1,1,1,1,13,MARICOPA (13),490,TEMPE,21,21,4,April,2023,6,Friday,18,6:00pm-6:59pm,0,0,0,This Section IS NOT on the NHS,2,Urban,4,Minor Arterial,2,County Highway Agency,0,Not Signed,N MCCLINTOCK DR,,0,None,33.43843056,33.43843056,-111.909733330,-111.90973333,0,No Special Jurisdiction,9,Pedalcyclist,0,The First Harmful Event was Not a Collision with a Motor Vehicle in Transport,0,No,8,Driveway Access Related,1,Not an Intersection,0,None,,,4,On Roadside,5,Dusk,,,,,1,Clear,0,No,0000000,Not Applicable,18,6:00pm-6:59pm,17,17,18,6:00pm-6:59pm,17,17,88,"Not Applicable (Not Transported) ",88,Not Applicable (Not Transported),,,,,,,1,
2023,4,40696,Arizona,3,3,0,0,0,3,3,13,MARICOPA (13),60,BUCKEYE,24,24,4,April,2023,2,Monday,6,6:00am-6:59am,30,30,0,This Section IS NOT on the NHS,1,Rural,4,Minor Arterial,2,County Highway Agency,0,Not Signed,E BASELINE RD,,0,None,33.37760556,33.37760556,-112.645805560,-112.64580556,0,No Special Jurisdiction,12,Motor Vehicle In-Transport,2,Front-to-Front,0,No,1,Non-Junction,1,Not an Intersection,0,None,,,1,On Roadway,8,Not Reported,,,,,98,Not Reported,0,No,0000000,Not Applicable,99,Unknown,99,Unknown,99,Unknown EMS Scene Arrival Hour,99,Unknown EMS Scene Arrival Minutes,99,Unknown,99,Unknown EMS Hospital Arrival Time,,,,,,,1,
2023,4,40698,Arizona,3,3,0,0,0,3,3,13,MARICOPA (13),370,PHOENIX,20,20,9,September,2023,4,Wednesday,10,10:00am-10:59am,17,17,0,This Section IS NOT on the NHS,2,Urban,4,Minor Arterial,2,County Highway Agency,0,Not Signed,CAMELBACK RD,,0,None,33.50759167,33.50759167,-112.316791670,-112.31679167,0,No Special Jurisdiction,12,Motor Vehicle In-Transport,6,Angle,0,No,1,Non-Junction,1,Not an Intersection,0,None,,,1,On Roadway,1,Daylight,,,,,1,Clear,0,No,0000000,Not Applicable,10,10:00am-10:59am,18,18,10,10:00am-10:59am,30,30,99,Unknown,99,Unknown EMS Hospital Arrival Time,,,,,,,1,
2023,4,40699,Arizona,2,2,0,0,0,2,2,25,YAVAPAI (25),28,ASH FORK,20,20,9,September,2023,4,Wednesday,12,12:00pm-12:59pm,5,5,1,This Section IS ON the NHS,1,Rural,3,Other Principal Arterial,1,State Highway Agency,1,Interstate,I-40,,1315,1315,35.25614167,35.25614167,-112.706488890,-112.70648889,0,No Special Jurisdiction,12,Motor Vehicle In-Transport,1,Front-to-Rear,0,No,1,Non-Junction,1,Not an Intersection,0,None,,,1,On Roadway,1,Daylight,,,,,1,Clear,0,No,0000000,Not Applicable,12,12:00pm-12:59pm,11,11,12,12:00pm-12:59pm,21,21,88,"Not Applicable (Not Transported) ",88,Not Applicable (Not Transported),,,,,,,1,
2023,4,40700,Arizona,1,1,0,0,0,2,2,13,MARICOPA (13),220,GOODYEAR,22,22,9,September,2023,6,Friday,20,8:00pm-8:59pm,26,26,0,This Section IS NOT on the NHS,1,Rural,5,Major Collector,4,City or Municipal Highway Agency,0,Not Signed,RAINBOW VALLEY RD,,0,None,33.29141944,33.29141944,-112.448300000,-112.44830000,0,No Special Jurisdiction,30,Utility Pole/Light Support,0,The First Harmful Event was Not a Collision with a Motor Vehicle in Transport,0,No,1,Non-Junction,1,Not an Intersection,0,None,,,4,On Roadside,2,Dark - Not Lighted,,,,,1,Clear,0,No,0000000,Not Applicable,20,8:00pm-8:59pm,26,26,20,8:00pm-8:59pm,35,35,88,"Not Applicable (Not Transported) ",88,Not Applicable (Not Transported),,,,,,,2,
2023,4,40702,Arizona,2,2,0,0,0,4,4,19,PIMA (19),530,TUCSON,26,26,9,September,2023,3,Tuesday,19,7:00pm-7:59pm,40,40,0,This Section IS NOT on the NHS,2,Urban,3,Other Principal Arterial,4,City or Municipal Highway Agency,0,Not Signed,BROADWAY BLVD,OLD SPANISH TRL,0,None,32.22090833,32.22090833,-110.812405560,-110.81240556,0,No Special Jurisdiction,12,Motor Vehicle In-Transport,6,Angle,0,No,2,Intersection,3,T-Intersection,0,None,,,1,On Roadway,5,Dusk,,,,,1,Clear,0,No,0000000,Not Applicable,19,7:00pm-7:59pm,40,40,19,7:00pm-7:59pm,45,45,20,8:00pm-8:59pm,6,6,,,,,,,1,
2023,4,40703,Arizona,2,2,0,0,0,2,2,25,YAVAPAI (25),362,PAULDEN,27,27,9,September,2023,4,Wednesday,5,5:00am-5:59am,47,47,1,This Section IS ON the NHS,1,Rural,3,Other Principal Arterial,1,State Highway Agency,3,State Highway,SR-89,,769,769,34.87058889,34.87058889,-112.469816670,-112.46981667,0,No Special Jurisdiction,12,Motor Vehicle In-Transport,2,Front-to-Front,0,No,1,Non-Junction,1,Not an Intersection,0,None,,,1,On Roadway,4,Dawn,,,,,1,Clear,0,No,0000000,Not Applicable,5,5:00am-5:59am,47,47,5,5:00am-5:59am,49,49,88,"Not Applicable (Not Transported) ",88,Not Applicable (Not Transported),,,,,,,1,
2023,4,40704,Arizona,2,2,0,0,0,2,2,13,MARICOPA (13),60,BUCKEYE,28,28,9,September,2023,5,Thursday,5,5:00am-5:59am,37,37,1,This Section IS ON the NHS,2,Urban,3,Other Principal Arterial,1,State Highway Agency,3,State Highway,SR-85,SOUTHERN AVE,1873,1873,33.39238611,33.39238611,-112.625363890,-112.62536389,0,No Special Jurisdiction,12,Motor Vehicle In-Transport,6,Angle,0,No,2,Intersection,2,Four-Way Intersection,0,None,,,1,On Roadway,4,Dawn,,,,,1,Clear,0,No,0000000,Not Applicable,5,5:00am-5:59am,42,42,5,5:00am-5:59am,51,51,88,"Not Applicable (Not Transported) ",88,Not Applicable (Not Transported),,,,,,,1,
2023,4,40705,Arizona,1,1,0,0,0,3,3,19,PIMA (19),0,NOT APPLICABLE,26,26,4,April,2023,4,Wednesday,99,Unknown Hours,99,Unknown Minutes,0,This Section IS NOT on the NHS,1,Rural,4,Minor Arterial,1,State Highway Agency,3,State Highway,SR-86,,299,299,32.17610556,32.17610556,-112.260969440,-112.26096944,3,Indian Reservation,1,Rollover/Overturn,0,The First Harmful Event was Not a Collision with a Motor Vehicle in Transport,0,No,1,Non-Junction,1,Not an Intersection,0,None,,,4,On Roadside,9,Reported as Unknown,,,,,98,Not Reported,0,No,0000000,Not Applicable,99,Unknown,99,Unknown,99,Unknown EMS Scene Arrival Hour,99,Unknown EMS Scene Arrival Minutes,99,Unknown,99,Unknown EMS Hospital Arrival Time,,,,,,,2,
2023,4,40707,Arizona,2,2,0,0,0,2,2,19,PIMA (19),530,TUCSON,30,30,9,September,2023,7,Saturday,21,9:00pm-9:59pm,26,26,0,This Section IS NOT on the NHS,1,Rural,6,Minor Collector,2,County Highway Agency,0,Not Signed,OLD SPANISH TRL,,0,None,32.08210556,32.08210556,-110.654016670,-110.65401667,0,No Special Jurisdiction,12,Motor Vehicle In-Transport,2,Front-to-Front,0,No,1,Non-Junction,1,Not an Intersection,0,None,,,1,On Roadway,2,Dark - Not Lighted,,,,,1,Clear,0,No,0000000,Not Applicable,19,7:00pm-7:59pm,46,46,19,7:00pm-7:59pm,58,58,99,Unknown,99,Unknown EMS Hospital Arrival Time,,,,,,,1,
2023,4,40708,Arizona,4,4,0,2,2,3,3,13,MARICOPA (13),370,PHOENIX,24,24,9,September,2023,1,Sunday,3,3:00am-3:59am,56,56,1,This Section IS ON the NHS,2,Urban,3,Other Principal Arterial,1,State Highway Agency,3,State Highway,SR-202,,9,9,33.46118333,33.46118333,-112.014800000,-112.01480000,0,No Special Jurisdiction,25,Concrete Traffic Barrier,0,The First Harmful Event was Not a Collision with a Motor Vehicle in Transport,1,Yes,19,Other location within Interchange Area,1,Not an Intersection,0,None,,,4,On Roadside,3,Dark - Lighted,,,,,1,Clear,0,No,0000000,Not Applicable,4,4:00am-4:59am,2,2,4,4:00am-4:59am,11,11,99,Unknown,99,Unknown EMS Hospital Arrival Time,,,,,,,1,
2023,4,40709,Arizona,1,1,0,0,0,2,2,13,MARICOPA (13),368,PEORIA,28,28,6,June,2023,4,Wednesday,19,7:00pm-7:59pm,47,47,0,This Section IS NOT on the NHS,2,Urban,6,Minor Collector,4,City or Municipal Highway Agency,0,Not Signed,N ARROWHEAD FOUNTAINS CENTER D,,0,None,33.62866111,33.62866111,-112.238497220,-112.23849722,0,No Special Jurisdiction,33,Curb,0,The First Harmful Event was Not a Collision with a Motor Vehicle in Transport,0,No,1,Non-Junction,1,Not an Intersection,0,None,,,4,On Roadside,3,Dark - Lighted,,,,,1,Clear,0,No,0000000,Not Applicable,99,Unknown,99,Unknown,99,Unknown EMS Scene Arrival Hour,99,Unknown EMS Scene Arrival Minutes,99,Unknown,99,Unknown EMS Hospital Arrival Time,,,,,,,1,
2023,4,40710,Arizona,2,2,0,0,0,3,3,13,MARICOPA (13),490,TEMPE,26,26,4,April,2023,4,Wednesday,3,3:00am-3:59am,4,4,0,This Section IS NOT on the NHS,2,Urban,5,Major Collector,4,City or Municipal Highway Agency,0,Not Signed,E RIO SALASO PKWY,,0,None,33.42938889,33.42938889,-111.922533330,-111.92253333,0,No Special Jurisdiction,12,Motor Vehicle In-Transport,7,Sideswipe - Same Direction,0,No,1,Non-Junction,1,Not an Intersection,0,None,,,1,On Roadway,6,Dark - Unknown Lighting,,,,,98,Not Reported,0,No,0000000,Not Applicable,99,Unknown,99,Unknown,99,Unknown EMS Scene Arrival Hour,99,Unknown EMS Scene Arrival Minutes,88,"Not Applicable (Not Transported) ",88,Not Applicable (Not Transported),,,,,,,1,
2023,4,40711,Arizona,3,3,0,0,0,4,4,13,MARICOPA (13),200,GLENDALE,30,30,6,June,2023,6,Friday,17,5:00pm-5:59pm,17,17,0,This Section IS NOT on the NHS,2,Urban,3,Other Principal Arterial,4,City or Municipal Highway Agency,0,Not Signed,W HAPPY VALLEY RD,N 35TH AVE,0,None,33.71274722,33.71274722,-112.135033330,-112.13503333,0,No Special Jurisdiction,12,Motor Vehicle In-Transport,6,Angle,0,No,2,Intersection,2,Four-Way Intersection,0,None,,,1,On Roadway,5,Dusk,,,,,1,Clear,0,No,0000000,Not Applicable,99,Unknown,99,Unknown,99,Unknown EMS Scene Arrival Hour,99,Unknown EMS Scene Arrival Minutes,99,Unknown,99,Unknown EMS Hospital Arrival Time,,,,,,,1,
2023,4,40712,Arizona,1,1,0,1,1,1,1,13,MARICOPA (13),370,PHOENIX,4,4,7,July,2023,3,Tuesday,22,10:00pm-10:59pm,44,44,0,This Section IS NOT on the NHS,2,Urban,4,Minor Arterial,4,City or Municipal Highway Agency,0,Not Signed,E MCDOWELL RD,,0,None,77.77770000,77.77770000,777.777700000,777.77770000,0,No Special Jurisdiction,8,Pedestrian,0,The First Harmful Event was Not a Collision with a Motor Vehicle in Transport,8,Not Reported,98,Not Reported,98,Not Reported,0,None,,,98,Not Reported,9,Reported as Unknown,,,,,99,Reported as Unknown,0,No,0000000,Not Applicable,99,Unknown,99,Unknown,99,Unknown EMS Scene Arrival Hour,99,Unknown EMS Scene Arrival Minutes,99,Unknown,99,Unknown EMS Hospital Arrival Time,,,,,,,1,
2023,4,40713,Arizona,1,1,0,3,3,1,1,13,MARICOPA (13),370,PHOENIX,5,5,7,July,2023,4,Wednesday,22,10:00pm-10:59pm,18,18,1,This Section IS ON the NHS,2,Urban,3,Other Principal Arterial,1,State Highway Agency,2,U.S. Highway,US-60,,1282,1282,33.49525556,33.49525556,-112.134502780,-112.13450278,0,No Special Jurisdiction,8,Pedestrian,0,The First Harmful Event was Not a Collision with a Motor Vehicle in Transport,1,Yes,19,Other location within Interchange Area,1,Not an Intersection,0,None,,,12,Pedestrian Refuge Island or Traffic Island,3,Dark - Lighted,,,,,1,Clear,0,No,0000000,Not Applicable,99,Unknown,99,Unknown,99,Unknown EMS Scene Arrival Hour,99,Unknown EMS Scene Arrival Minutes,99,Unknown,99,Unknown EMS Hospital Arrival Time,,,,,,,2,
2023,4,40714,Arizona,1,1,0,1,1,1,1,13,MARICOPA (13),200,GLENDALE,16,16,7,July,2023,1,Sunday,1,1:00am-1:59am,50,50,1,This Section IS ON the NHS,2,Urban,3,Other Principal Arterial,1,State Highway Agency,2,U.S. Highway,US-60,,1232,1232,33.54204167,33.54204167,-112.190038890,-112.19003889,0,No Special Jurisdiction,8,Pedestrian,0,The First Harmful Event was Not a Collision with a Motor Vehicle in Transport,0,No,1,Non-Junction,1,Not an Intersection,0,None,,,1,On Roadway,3,Dark - Lighted,,,,,1,Clear,0,No,0000000,Not Applicable,1,1:00am-1:59am,55,55,2,2:00am-2:59am,2,2,88,"Not Applicable (Not Transported) ",88,Not Applicable (Not Transported),,,,,,,1,
2023,4,40715,Arizona,1,1,0,1,1,1,1,13,MARICOPA (13),290,MESA,6,6,11,November,2023,2,Monday,16,4:00pm-4:59pm,41,41,0,This Section IS NOT on the NHS,2,Urban,4,Minor Arterial,4,City or Municipal Highway Agency,0,Not Signed,N ALMA SCHOOL RD,W UNIVERSITY DR,0,None,33.42228333,33.42228333,-111.856472220,-111.85647222,0,No Special Jurisdiction,9,Pedalcyclist,0,The First Harmful Event was Not a Collision with a Motor Vehicle in Transport,0,No,2,Intersection,2,Four-Way Intersection,0,None,,,1,On Roadway,1,Daylight,,,,,1,Clear,0,No,0000000,Not Applicable,16,4:00pm-4:59pm,42,42,16,4:00pm-4:59pm,53,53,17,5:00pm-5:59pm,3,3,,,,,,,1,
2023,4,40717,Arizona,1,1,0,0,0,2,2,19,PIMA (19),530,TUCSON,26,26,9,September,2023,3,Tuesday,14,2:00pm-2:59pm,0,0,0,This Section IS NOT on the NHS,2,Urban,4,Minor Arterial,2,County Highway Agency,0,Not Signed,S ALVERNON WAY,,0,None,32.12017222,32.12017222,-110.909325000,-110.90932500,0,No Special Jurisdiction,1,Rollover/Overturn,0,The First Harmful Event was Not a Collision with a Motor Vehicle in Transport,0,No,1,Non-Junction,1,Not an Intersection,0,None,,,1,On Roadway,1,Daylight,,,,,1,Clear,0,No,0000000,Not Applicable,14,2:00pm-2:59pm,12,12,14,2:00pm-2:59pm,15,15,99,Unknown,99,Unknown EMS Hospital Arrival Time,,,,,,,1,