caseyear,state,st_case,statename,ve_total,ve_forms,pvh_invl,peds,pernotmvit,permvit,persons,county,countyname,city,cityname,day,dayname,month,monthname,year,day_week,day_weekname,hour,hourname,minute,minutename,nhs,nhsname,rur_urb,rur_urbname,func_sys,func_sysname,rd_owner,rd_ownername,route,routename,tway_id,tway_id2,milept,mileptname,latitude,latitudename,longitud,longitudname,sp_jur,sp_jurname,harm_ev,harm_evname,man_coll,man_collname,reljct1,reljct1name,reljct2,reljct2name,typ_int,typ_intname,wrk_zone,wrk_zonename,road_fnc,road_fncname,rel_road,rel_roadname,lgt_cond,lgt_condname,weather1,weather1name,weather2,weather2name,weather,weathername,sch_bus,sch_busname,rail,railname,not_hour,not_hourname,not_min,not_minname,arr_hour,arr_hourname,arr_min,arr_minname,hosp_hr,hosp_hrname,hosp_mn,hosp_mnname,cf1,cf1name,cf2,cf2name,cf3,cf3name,fatals,drunk_dr
2023,4,40763,Arizona,1,1,0,0,0,2,2,13,MARICOPA (13),370,PHOENIX,4,4,11,November,2023,7,Saturday,8,8:00am-8:59am,26,26,0,This Section IS NOT on the NHS,2,Urban,4,Minor Arterial,4,City or Municipal Highway Agency,0,Not Signed,M 83RD AVE,,0,None,33.46865556,33.46865556,-112.237980560,-112.23798056,0,No Special Jurisdiction,25,Concrete Traffic Barrier,0,The First Harmful Event was Not a Collision with a Motor Vehicle in Transport,0,No,1,Non-Junction,1,Not an Intersection,0,None,,,3,On Median,1,Daylight,,,,,1,Clear,0,No,0000000,Not Applicable,99,Unknown,99,Unknown,99,Unknown EMS Scene Arrival Hour,99,Unknown EMS Scene Arrival Minutes,99,Unknown,99,Unknown EMS Hospital Arrival Time,,,,,,,1,
2023,4,40765,Arizona,2,2,0,0,0,2,2,25,YAVAPAI (25),299,MAYER,8,8,10,October,2023,1,Sunday,11,11:00am-11:59am,34,34,1,This Section IS ON the NHS,1,Rural,3,Other Principal Arterial,1,State Highway Agency,3,State Highway,SR-69,,119,119,34.44358611,34.44358611,-112.265466670,-112.26546667,0,No Special Jurisdiction,1,Rollover/Overturn,0,The First Harmful Event was Not a Collision with a Motor Vehicle in Transport,0,No,1,Non-Junction,1,Not an Intersection,0,None,,,1,On Roadway,1,Daylight,,,,,2,Rain,0,No,0000000,Not Applicable,11,11:00am-11:59am,34,34,11,11:00am-11:59am,40,40,99,Unknown,99,Unknown EMS Hospital Arrival Time,,,,,,,1,
2023,4,40766,Arizona,1,1,0,0,0,1,1,19,PIMA (19),530,TUCSON,8,8,11,November,2023,4,Wednesday,8,8:00am-8:59am,6,6,1,This Section IS ON the NHS,2,Urban,3,Other Principal Arterial,1,State Highway Agency,1,Interstate,I-10,,2732,2732,32.08047778,32.08047778,-110.803688890,-110.80368889,0,No Special Jurisdiction,42,Tree (Standing Only),0,The First Harmful Event was Not a Collision with a Motor Vehicle in Transport,1,Yes,19,Other location within Interchange Area,1,Not an Intersection,0,None,,,5,Outside Trafficway,1,Daylight,,,,,1,Clear,0,No,0000000,Not Applicable,8,8:00am-8:59am,1,1,8,8:00am-8:59am,22,22,88,"Not Applicable (Not Transported) ",88,Not Applicable (Not Transported),,,,,,,1,
2023,4,40767,Arizona,1,1,0,1,1,1,1,13,MARICOPA (13),370,PHOENIX,8,8,11,November,2023,4,Wednesday,20,8:00pm-8:59pm,45,45,1,This Section IS ON the NHS,2,Urban,3,Other Principal Arterial,4,City or Municipal Highway Agency,0,Not Signed,W BELL RD,N 33RD AVE,0,None,33.63973611,33.63973611,-112.130077780,-112.13007778,0,No Special Jurisdiction,8,Pedestrian,0,The First Harmful Event was Not a Collision with a Motor Vehicle in Transport,0,No,3,Intersection-Related,2,Four-Way Intersection,0,None,,,1,On Roadway,3,Dark - Lighted,,,,,1,Clear,0,No,0000000,Not Applicable,99,Unknown,99,Unknown,99,Unknown EMS Scene Arrival Hour,99,Unknown EMS Scene Arrival Minutes,99,Unknown,99,Unknown EMS Hospital Arrival Time,,,,,,,1,
2023,4,40768,Arizona,1,1,0,1,1,1,1,13,MARICOPA (13),370,PHOENIX,8,8,11,November,2023,4,Wednesday,16,4:00pm-4:59pm,16,16,1,This Section IS ON the NHS,2,Urban,6,Minor Collector,1,State Highway Agency,1,Interstate,I-17- FRONTAGE,THOMAS RD,0,None,33.48042222,33.48042222,-112.112638890,-112.11263889,0,No Special Jurisdiction,8,Pedestrian,0,The First Harmful Event was Not a Collision with a Motor Vehicle in Transport,1,Yes,3,Intersection-Related,2,Four-Way Intersection,0,None,,,1,On Roadway,1,Daylight,,,,,10,Cloudy,0,No,0000000,Not Applicable,16,4:00pm-4:59pm,15,15,16,4:00pm-4:59pm,25,25,16,4:00pm-4:59pm,36,36,,,,,,,1,
2023,4,40769,Arizona,2,2,0,0,0,3,3,13,MARICOPA (13),370,PHOENIX,9,9,11,November,2023,5,Thursday,11,11:00am-11:59am,29,29,1,This Section IS ON the NHS,2,Urban,3,Other Principal Arterial,4,City or Municipal Highway Agency,0,Not Signed,N TATUM BLVD,E KELTON LN,0,None,33.63879444,33.63879444,-111.977836110,-111.97783611,0,No Special Jurisdiction,12,Motor Vehicle In-Transport,6,Angle,0,No,3,Intersection-Related,2,Four-Way Intersection,0,None,,,1,On Roadway,1,Daylight,,,,,1,Clear,0,No,0000000,Not Applicable,99,Unknown,99,Unknown,99,Unknown EMS Scene Arrival Hour,99,Unknown EMS Scene Arrival Minutes,99,Unknown,99,Unknown EMS Hospital Arrival Time,,,,,,,1,
2023,4,40770,Arizona,1,1,0,1,1,1,1,13,MARICOPA (13),370,PHOENIX,10,10,11,November,2023,6,Friday,23,11:00pm-11:59pm,55,55,1,This Section IS ON the NHS,2,Urban,3,Other Principal Arterial,1,State Highway Agency,1,Interstate,I-17,,170,170,33.62391667,33.62391667,-112.116461110,-112.11646111,0,No Special Jurisdiction,8,Pedestrian,0,The First Harmful Event was Not a Collision with a Motor Vehicle in Transport,0,No,1,Non-Junction,1,Not an Intersection,0,None,,,1,On Roadway,3,Dark - Lighted,,,,,1,Clear,0,No,0000000,Not Applicable,23,11:00pm-11:59pm,48,48,23,11:00pm-11:59pm,52,52,88,"Not Applicable (Not Transported) ",88,Not Applicable (Not Transported),,,,,,,1,
2023,4,40771,Arizona,2,2,0,0,0,5,5,5,COCONINO (5),254,KAIBITO,8,8,10,October,2023,1,Sunday,11,11:00am-11:59am,46,46,1,This Section IS ON the NHS,1,Rural,3,Other Principal Arterial,1,State Highway Agency,2,U.S. Highway,US-160,,464,464,36.43976944,36.43976944,-110.751650000,-110.75165000,0,No Special Jurisdiction,12,Motor Vehicle In-Transport,2,Front-to-Front,0,No,1,Non-Junction,1,Not an Intersection,0,None,,,1,On Roadway,1,Daylight,,,,,1,Clear,0,No,0000000,Not Applicable,11,11:00am-11:59am,46,46,12,12:00pm-12:59pm,15,15,12,12:00pm-12:59pm,58,58,,,,,,,2,
2023,4,40772,Arizona,1,1,0,0,0,1,1,19,PIMA (19),530,TUCSON,11,11,11,November,2023,7,Saturday,10,10:00am-10:59am,34,34,1,This Section IS ON the NHS,2,Urban,3,Other Principal Arterial,4,City or Municipal Highway Agency,0,Not Signed,GOLF LINKS RD,LANGLEY AVE,0,None,32.19194444,32.19194444,-110.845172220,-110.84517222,0,No Special Jurisdiction,33,Curb,0,The First Harmful Event was Not a Collision with a Motor Vehicle in Transport,0,No,3,Intersection-Related,3,T-Intersection,0,None,,,3,On Median,1,Daylight,,,,,1,Clear,0,No,0000000,Not Applicable,10,10:00am-10:59am,34,34,10,10:00am-10:59am,41,41,88,"Not Applicable (Not Transported) ",88,Not Applicable (Not Transported),,,,,,,1,
2023,4,40773,Arizona,1,1,0,0,0,1,1,25,YAVAPAI (25),65,CAMP VERDE,11,11,11,November,2023,7,Saturday,15,3:00pm-3:59pm,47,47,1,This Section IS ON the NHS,1,Rural,3,Other Principal Arterial,1,State Highway Agency,1,Interstate,I-17,,893,893,34.53895833,34.53895833,-111.922477780,-111.92247778,0,No Special Jurisdiction,20,Impact Attenuator/Crash Cushion,0,The First Harmful Event was Not a Collision with a Motor Vehicle in Transport,0,No,1,Non-Junction,1,Not an Intersection,0,None,,,4,On Roadside,1,Daylight,,,,,1,Clear,0,No,0000000,Not Applicable,15,3:00pm-3:59pm,48,48,15,3:00pm-3:59pm,55,55,88,"Not Applicable (Not Transported) ",88,Not Applicable (Not Transported),,,,,,,1,
2023,4,40774,Arizona,1,1,0,0,0,1,1,25,YAVAPAI (25),257,KIRKLAND,12,12,11,November,2023,1,Sunday,0,0:00am-0:59am,6,6,0,This Section IS NOT on the NHS,1,Rural,4,Minor Arterial,1,State Highway Agency,3,State Highway,SR-89,,308,308,34.37624722,34.37624722,-112.660697220,-112.66069722,0,No Special Jurisdiction,59,"Traffic Sign Support ",0,The First Harmful Event was Not a Collision with a Motor Vehicle in Transport,0,No,1,Non-Junction,1,Not an Intersection,0,None,,,4,On Roadside,2,Dark - Not Lighted,,,,,1,Clear,0,No,0000000,Not Applicable,0,0:00am-0:59am,10,10,0,0:00am-0:59am,25,25,88,"Not Applicable (Not Transported) ",88,Not Applicable (Not Transported),,,,,,,1,
2023,4,40776,Arizona,3,3,0,0,0,4,4,13,MARICOPA (13),370,PHOENIX,13,13,11,November,2023,2,Monday,20,8:00pm-8:59pm,11,11,1,This Section IS ON the NHS,2,Urban,3,Other Principal Arterial,2,County Highway Agency,1,Interstate,I-10,,1460,1460,33.46181389,33.46181389,-112.054550000,-112.05455000,0,No Special Jurisdiction,12,Motor Vehicle In-Transport,7,Sideswipe - Same Direction,0,No,1,Non-Junction,1,Not an Intersection,0,None,,,1,On Roadway,3,Dark - Lighted,,,,,1,Clear,0,No,0000000,Not Applicable,20,8:00pm-8:59pm,11,11,20,8:00pm-8:59pm,18,18,20,8:00pm-8:59pm,35,35,,,,,,,2,
2023,4,40779,Arizona,2,2,0,0,0,2,2,7,GILA (7),416,SAN CARLOS,15,15,11,November,2023,4,Wednesday,9,9:00am-9:59am,26,26,0,This Section IS NOT on the NHS,1,Rural,4,Minor Arterial,1,State Highway Agency,2,U.S. Highway,US-60,,2555,2555,33.78773889,33.78773889,-110.493733330,-110.49373333,0,No Special Jurisdiction,24,Guardrail Face,0,The First Harmful Event was Not a Collision with a Motor Vehicle in Transport,0,No,1,Non-Junction,1,Not an Intersection,0,None,,,4,On Roadside,1,Daylight,,,,,1,Clear,0,No,0000000,Not Applicable,9,9:00am-9:59am,36,36,10,10:00am-10:59am,20,20,88,"Not Applicable (Not Transported) ",88,Not Applicable (Not Transported),,,,,,,1,
2023,4,40780,Arizona,1,1,0,0,0,1,1,13,MARICOPA (13),220,GOODYEAR,17,17,11,November,2023,6,Friday,4,4:00am-4:59am,14,14,1,This Section IS ON the NHS,2,Urban,4,Minor Arterial,62,Bureau of Indian Affairs,0,Not Signed,LITCHFIELD RD,,0,None,33.46923889,33.46923889,-112.358000000,-112.35800000,0,No Special Jurisdiction,33,Curb,0,The First Harmful Event was Not a Collision with a Motor Vehicle in Transport,0,No,1,Non-Junction,1,Not an Intersection,0,None,,,4,On Roadside,3,Dark - Lighted,,,,,1,Clear,0,No,0000000,Not Applicable,4,4:00am-4:59am,14,14,4,4:00am-4:59am,18,18,4,4:00am-4:59am,36,36,,,,,,,1,
2023,4,40781,Arizona,1,1,0,0,0,1,1,21,PINAL (21),70,CASA GRANDE,10,10,10,October,2023,3,Tuesday,14,2:00pm-2:59pm,50,50,0,This Section IS NOT on the NHS,2,Urban,4,Minor Arterial,1,State Highway Agency,0,Not Signed,E SELMA HWY,,0,None,32.85037778,32.85037778,-111.680294440,-111.68029444,0,No Special Jurisdiction,1,Rollover/Overturn,0,The First Harmful Event was Not a Collision with a Motor Vehicle in Transport,0,No,1,Non-Junction,1,Not an Intersection,0,None,,,4,On Roadside,1,Daylight,,,,,1,Clear,0,No,0000000,Not Applicable,14,2:00pm-2:59pm,57,57,15,3:00pm-3:59pm,3,3,88,"Not Applicable (Not Transported) ",88,Not Applicable (Not Transported),,,,,,,1,
2023,4,40782,Arizona,1,1,0,1,1,1,1,13,MARICOPA (13),200,GLENDALE,21,21,11,November,2023,3,Tuesday,9,9:00am-9:59am,34,34,0,This Section IS NOT on the NHS,2,Urban,4,Minor Arterial,4,City or Municipal Highway Agency,0,Not Signed,W PEORIA AVE,,0,None,33.58192222,33.58192222,-112.156891670,-112.15689167,0,No Special Jurisdiction,8,Pedestrian,0,The First Harmful Event was Not a Collision with a Motor Vehicle in Transport,0,No,1,Non-Junction,1,Not an Intersection,0,None,,,1,On Roadway,1,Daylight,,,,,1,Clear,0,No,0000000,Not Applicable,9,9:00am-9:59am,35,35,9,9:00am-9:59am,37,37,10,10:00am-10:59am,31,31,,,,,,,1,
2023,4,40783,Arizona,2,2,0,0,0,2,2,13,MARICOPA (13),420,SCOTTSDALE,22,22,11,November,2023,4,Wednesday,15,3:00pm-3:59pm,56,56,1,This Section IS ON the NHS,2,Urban,3,Other Principal Arterial,4,City or Municipal Highway Agency,0,Not Signed,SHEA BLVD,,0,None,33.58222222,33.58222222,-111.932200000,-111.93220000,0,No Special Jurisdiction,33,Curb,0,The First Harmful Event was Not a Collision with a Motor Vehicle in Transport,0,No,1,Non-Junction,1,Not an Intersection,0,None,,,3,On Median,1,Daylight,,,,,1,Clear,0,No,0000000,Not Applicable,15,3:00pm-3:59pm,57,57,16,4:00pm-4:59pm,1,1,16,4:00pm-4:59pm,36,36,,,,,,,1,
2023,4,40784,Arizona,1,1,0,0,0,1,1,7,GILA (7),210,GLOBE,23,23,11,November,2023,5,Thursday,16,4:00pm-4:59pm,39,39,0,This Section IS NOT on the NHS,1,Rural,4,Minor Arterial,1,State Highway Agency,3,State Highway,SR-77,,806,806,33.15034444,33.15034444,-110.803102780,-110.80310278,0,No Special Jurisdiction,1,Rollover/Overturn,0,The First Harmful Event was Not a Collision with a Motor Vehicle in Transport,0,No,1,Non-Junction,1,Not an Intersection,0,None,,,5,Outside Trafficway,1,Daylight,,,,,1,Clear,0,No,0000000,Not Applicable,16,4:00pm-4:59pm,50,50,17,5:00pm-5:59pm,21,21,88,"Not Applicable (Not Transported) ",88,Not Applicable (Not Transported),,,,,,,1,
2023,4,40785,Arizona,2,2,0,0,0,3,3,19,PIMA (19),530,TUCSON,25,25,11,November,2023,7,Saturday,11,11:00am-11:59am,25,25,0,This Section IS NOT on the NHS,2,Urban,4,Minor Arterial,2,County Highway Agency,0,Not Signed,RUTHRAUFF RD,,0,None,32.29436944,32.29436944,-111.018594440,-111.01859444,0,No Special Jurisdiction,12,Motor Vehicle In-Transport,8,Sideswipe - Opposite Direction,0,No,1,Non-Junction,1,Not an Intersection,0,None,,,1,On Roadway,1,Daylight,,,,,1,Clear,0,No,0000000,Not Applicable,11,11:00am-11:59am,25,25,11,11:00am-11:59am,37,37,99,Unknown,99,Unknown EMS Hospital Arrival Time,,,,,,,1,
2023,4,40786,Arizona,1,1,0,1,1,1,1,13,MARICOPA (13),290,MESA,4,4,12,December,2023,2,Monday,18,6:00pm-6:59pm,0,0,0,This Section IS NOT on the NHS,2,Urban,4,Minor Arterial,4,City or Municipal Highway Agency,0,Not Signed,W BROADWAY RD,S COUNTRY CLUB DR,0,None,33.40757500,33.40757500,-111.900644440,-111.90064444,0,No Special Jurisdiction,8,Pedestrian,0,The First Harmful Event was Not a Collision with a Motor Vehicle in Transport,0,No,3,Intersection-Related,2,Four-Way Intersection,0,None,,,1,On Roadway,5,Dusk,,,,,1,Clear,0,No,0000000,Not Applicable,18,6:00pm-6:59pm,1,1,18,6:00pm-6:59pm,5,5,18,6:00pm-6:59pm,15,15,,,,,,,1,
2023,4,40788,Arizona,2,2,0,0,0,2,2,13,MARICOPA (13),290,MESA,6,6,12,December,2023,4,Wednesday,19,7:00pm-7:59pm,17,17,0,This Section IS NOT on the NHS,2,Urban,4,Minor Arterial,4,City or Municipal Highway Agency,0,Not Signed,2401 E BASELINE  RD,,0,None,33.37901944,33.37901944,-111.778663890,-111.77866389,0,No Special Jurisdiction,12,Motor Vehicle In-Transport,6,Angle,0,No,8,Driveway Access Related,1,Not an Intersection,0,None,,,1,On Roadway,3,Dark - Lighted,,,,,1,Clear,0,No,0000000,Not Applicable,19,7:00pm-7:59pm,17,17,19,7:00pm-7:59pm,17,17,88,"Not Applicable (Not Transported) ",88,Not Applicable (Not Transported),,,,,,,1,
2023,4,40789,Arizona,1,1,0,0,0,1,1,15,MOHAVE (15),260,KINGMAN,8,8,12,December,2023,6,Friday,19,7:00pm-7:59pm,21,21,0,This Section IS NOT on the NHS,2,Urban,7,Local,4,City or Municipal Highway Agency,0,Not Signed,CLAY SPRINGS AVE,,0,None,35.21033333,35.21033333,-113.970344440,-113.97034444,0,No Special Jurisdiction,59,"Traffic Sign Support ",0,The First Harmful Event was Not a Collision with a Motor Vehicle in Transport,0,No,1,Non-Junction,1,Not an Intersection,0,None,,,4,On Roadside,2,Dark - Not Lighted,,,,,1,Clear,0,No,0000000,Not Applicable,19,7:00pm-7:59pm,21,21,19,7:00pm-7:59pm,45,45,88,"Not Applicable (Not Transported) ",88,Not Applicable (Not Transported),,,,,,,1,
2023,4,40790,Arizona,2,2,0,0,0,2,2,13,MARICOPA (13),615,WITTMANN,9,9,12,December,2023,7,Saturday,21,9:00pm-9:59pm,25,25,0,This Section IS NOT on the NHS,6,Trafficway Not in State Inventory,96,Trafficway Not in State Inventory,96,Trafficway Not in State Inventory,0,Not Signed,W GRAND AVE,,0,None,33.76860833,33.76860833,-112.517338890,-112.51733889,0,No Special Jurisdiction,12,Motor Vehicle In-Transport,99,Reported as Unknown,0,No,1,Non-Junction,1,Not an Intersection,0,None,,,4,On Roadside,2,Dark - Not Lighted,,,,,1,Clear,0,No,0000000,Not Applicable,18,6:00pm-6:59pm,27,27,18,6:00pm-6:59pm,27,27,19,7:00pm-7:59pm,28,28,,,,,,,1,
2023,4,40791,Arizona,2,2,0,0,0,3,3,13,MARICOPA (13),370,PHOENIX,13,13,12,December,2023,4,Wednesday,14,2:00pm-2:59pm,34,34,0,This Section IS NOT on the NHS,2,Urban,4,Minor Arterial,4,City or Municipal Highway Agency,0,Not Signed,N 43RD AVE,W RUTH AVE,0,None,33.56284444,33.56284444,-112.151525000,-112.15152500,0,No Special Jurisdiction,12,Motor Vehicle In-Transport,6,Angle,0,No,2,Intersection,2,Four-Way Intersection,0,None,,,1,On Roadway,1,Daylight,,,,,1,Clear,0,No,0000000,Not Applicable,99,Unknown,99,Unknown,99,Unknown EMS Scene Arrival Hour,99,Unknown EMS Scene Arrival Minutes,99,Unknown,99,Unknown EMS Hospital Arrival Time,,,,,,,2,
2023,4,40792,Arizona,1,1,0,0,0,1,1,5,COCONINO (5),64,CAMERON,10,10,10,October,2023,3,Tuesday,17,5:00pm-5:59pm,7,7,1,This Section IS ON the NHS,1,Rural,3,Other Principal Arterial,1,State Highway Agency,2,U.S. Highway,US-89,,546,546,35.97566111,35.97566111,-111.395233330,-111.39523333,0,No Special Jurisdiction,18,Other Object (not fixed),0,The First Harmful Event was Not a Collision with a Motor Vehicle in Transport,0,No,1,Non-Junction,1,Not an Intersection,0,None,,,4,On Roadside,1,Daylight,,,,,1,Clear,0,No,0000000,Not Applicable,17,5:00pm-5:59pm,10,10,17,5:00pm-5:59pm,21,21,88,"Not Applicable (Not Transported) ",88,Not Applicable (Not Transported),,,,,,,1,
2023,4,40793,Arizona,1,1,0,0,0,2,2,13,MARICOPA (13),618,YOUNGTOWN,13,13,12,December,2023,4,Wednesday,17,5:00pm-5:59pm,25,25,0,This Section IS NOT on the NHS,2,Urban,6,Minor Collector,2,County Highway Agency,0,Not Signed,SUN CITY BLVD,,0,None,33.58919722,33.58919722,-112.295936110,-112.29593611,0,No Special Jurisdiction,33,Curb,0,The First Harmful Event was Not a Collision with a Motor Vehicle in Transport,0,No,1,Non-Junction,1,Not an Intersection,0,None,,,4,On Roadside,5,Dusk,,,,,1,Clear,0,No,0000000,Not Applicable,17,5:00pm-5:59pm,26,26,17,5:00pm-5:59pm,38,38,99,Unknown,99,Unknown EMS Hospital Arrival Time,,,,,,,1,
2023,4,40794,Arizona,4,4,0,0,0,7,7,13,MARICOPA (13),80,CHANDLER,16,16,12,December,2023,7,Saturday,20,8:00pm-8:59pm,23,23,1,This Section IS ON the NHS,2,Urban,3,Other Principal Arterial,4,City or Municipal Highway Agency,0,Not Signed,N ARIZONA AVE,W IVANHOE PL,0,None,33.31750278,33.31750278,-111.841627780,-111.84162778,0,No Special Jurisdiction,12,Motor Vehicle In-Transport,6,Angle,0,No,3,Intersection-Related,3,T-Intersection,0,None,,,1,On Roadway,3,Dark - Lighted,,,,,1,Clear,0,No,0000000,Not Applicable,20,8:00pm-8:59pm,26,26,20,8:00pm-8:59pm,30,30,88,"Not Applicable (Not Transported) ",88,Not Applicable (Not Transported),,,,,,,1,
2023,4,40795,Arizona,1,1,0,0,0,2,2,13,MARICOPA (13),368,PEORIA,26,26,11,November,2023,1,Sunday,16,4:00pm-4:59pm,12,12,0,This Section IS NOT on the NHS,2,Urban,5,Major Collector,4,City or Municipal Highway Agency,0,Not Signed,W LONE MOUNTAIN RD,,0,None,33.76405000,33.76405000,-112.349250000,-112.34925000,0,No Special Jurisdiction,7,Other Non-Collision,0,The First Harmful Event was Not a Collision with a Motor Vehicle in Transport,0,No,1,Non-Junction,1,Not an Intersection,0,None,,,1,On Roadway,3,Dark - Lighted,,,,,1,Clear,0,No,0000000,Not Applicable,16,4:00pm-4:59pm,13,13,16,4:00pm-4:59pm,22,22,16,4:00pm-4:59pm,55,55,,,,,,,1,
2023,4,40796,Arizona,2,2,0,1,1,4,4,13,MARICOPA (13),80,CHANDLER,27,27,11,November,2023,2,Monday,7,7:00am-7:59am,2,2,0,This Section IS NOT on the NHS,2,Urban,4,Minor Arterial,4,City or Municipal Highway Agency,0,Not Signed,E OCOTILLO RD,S KERBY WAY,0,None,33.24776944,33.24776944,-111.829241670,-111.82924167,0,No Special Jurisdiction,8,Pedestrian,0,The First Harmful Event was Not a Collision with a Motor Vehicle in Transport,0,No,3,Intersection-Related,3,T-Intersection,0,None,,,1,On Roadway,1,Daylight,,,,,1,Clear,0,No,0000000,Not Applicable,99,Unknown,99,Unknown,99,Unknown EMS Scene Arrival Hour,99,Unknown EMS Scene Arrival Minutes,88,"Not Applicable (Not Transported) ",88,Not Applicable (Not Transported),,,,,,,1,
2023,4,40797,Arizona,2,2,0,1,1,2,2,5,COCONINO (5),170,FLAGSTAFF,20,20,11,November,2023,2,Monday,19,7:00pm-7:59pm,20,20,0,This Section IS NOT on the NHS,2,Urban,4,Minor Arterial,1,State Highway Agency,3,State Highway,SR-66,RIORDAN RD,0,None,35.19168333,35.19168333,-111.663108330,-111.66310833,0,No Special Jurisdiction,12,Motor Vehicle In-Transport,6,Angle,0,No,2,Intersection,3,T-Intersection,0,None,,,1,On Roadway,3,Dark - Lighted,,,,,1,Clear,0,No,0000000,Not Applicable,18,6:00pm-6:59pm,6,6,18,6:00pm-6:59pm,7,7,18,6:00pm-6:59pm,26,26,,,,,,,1,
2023,4,40798,Arizona,1,1,0,0,0,1,1,13,MARICOPA (13),9997,Other,9,9,10,October,2023,2,Monday,14,2:00pm-2:59pm,50,50,0,This Section IS NOT on the NHS,1,Rural,5,Major Collector,1,State Highway Agency,3,State Highway,SR-88,,119,119,33.51669444,33.51669444,-111.457569440,-111.45756944,0,No Special Jurisdiction,1,Rollover/Overturn,0,The First Harmful Event was Not a Collision with a Motor Vehicle in Transport,0,No,1,Non-Junction,1,Not an Intersection,0,None,,,2,On Shoulder,1,Daylight,,,,,1,Clear,0,No,0000000,Not Applicable,14,2:00pm-2:59pm,35,35,15,3:00pm-3:59pm,6,6,15,3:00pm-3:59pm,40,40,,,,,,,1,
2023,4,40799,Arizona,2,2,0,0,0,6,6,3,COCHISE (3),130,DOUGLAS,7,7,9,September,2023,5,Thursday,10,10:00am-10:59am,5,5,0,This Section IS NOT on the NHS,2,Urban,4,Minor Arterial,4,City or Municipal Highway Agency,0,Not Signed,A AVENUE,15TH ST,0,None,31.34960556,31.34960556,-109.545475000,-109.54547500,0,No Special Jurisdiction,12,Motor Vehicle In-Transport,6,Angle,0,No,2,Intersection,2,Four-Way Intersection,0,None,,,1,On Roadway,1,Daylight,,,,,1,Clear,0,No,0000000,Not Applicable,10,10:00am-10:59am,5,5,10,10:00am-10:59am,9,9,10,10:00am-10:59am,27,27,,,,,,,2,
2023,4,40800,Arizona,2,2,0,1,1,3,3,19,PIMA (19),295,MARANA,9,9,9,September,2023,7,Saturday,2,2:00am-2:59am,16,16,1,This Section IS ON the NHS,2,Urban,3,Other Principal Arterial,1,State Highway Agency,1,Interstate,I-10,,2362,2362,32.46024444,32.46024444,-111.214305560,-111.21430556,0,No Special Jurisdiction,8,Pedestrian,0,The First Harmful Event was Not a Collision with a Motor Vehicle in Transport,0,No,1,Non-Junction,1,Not an Intersection,0,None,,,1,On Roadway,2,Dark - Not Lighted,,,,,1,Clear,0,No,0000000,Not Applicable,2,2:00am-2:59am,16,16,2,2:00am-2:59am,30,30,88,"Not Applicable (Not Transported) ",88,Not Applicable (Not Transported),,,,,,,1,
2023,4,40801,Arizona,2,2,0,0,0,2,2,21,PINAL (21),70,CASA GRANDE,6,6,10,October,2023,6,Friday,18,6:00pm-6:59pm,7,7,1,This Section IS ON the NHS,1,Rural,3,Other Principal Arterial,1,State Highway Agency,1,Interstate,I-10,,1632,1632,32.82839167,32.82839167,-111.921630560,-111.92163056,0,No Special Jurisdiction,12,Motor Vehicle In-Transport,7,Sideswipe - Same Direction,0,No,1,Non-Junction,1,Not an Intersection,0,None,,,1,On Roadway,5,Dusk,,,,,1,Clear,0,No,0000000,Not Applicable,18,6:00pm-6:59pm,9,9,18,6:00pm-6:59pm,32,32,88,"Not Applicable (Not Transported) ",88,Not Applicable (Not Transported),,,,,,,1,
2023,4,40802,Arizona,2,2,0,0,0,3,3,21,PINAL (21),0,NOT APPLICABLE,9,9,10,October,2023,2,Monday,16,4:00pm-4:59pm,55,55,0,This Section IS NOT on the NHS,6,Trafficway Not in State Inventory,96,Trafficway Not in State Inventory,96,Trafficway Not in State Inventory,0,Not Signed,E ARIZONA FARMS RD,N MITCHELL TRAIL,0,None,33.11829722,33.11829722,-111.495130560,-111.49513056,0,No Special Jurisdiction,12,Motor Vehicle In-Transport,6,Angle,0,No,2,Intersection,3,T-Intersection,0,None,,,1,On Roadway,1,Daylight,,,,,1,Clear,0,No,0000000,Not Applicable,99,Unknown,99,Unknown,99,Unknown EMS Scene Arrival Hour,99,Unknown EMS Scene Arrival Minutes,18,6:00pm-6:59pm,15,15,,,,,,,2,
2023,4,40804,Arizona,2,2,0,0,0,6,6,17,NAVAJO (17),253,KAYENTA,10,10,10,October,2023,3,Tuesday,20,8:00pm-8:59pm,38,38,1,This Section IS ON the NHS,1,Rural,3,Other Principal Arterial,1,State Highway Agency,2,U.S. Highway,US-160,,755,755,36.69395278,36.69395278,-110.361244440,-110.36124444,0,No Special Jurisdiction,12,Motor Vehicle In-Transport,2,Front-to-Front,0,No,1,Non-Junction,1,Not an Intersection,0,None,,,1,On Roadway,2,Dark - Not Lighted,,,,,1,Clear,0,No,0000000,Not Applicable,20,8:00pm-8:59pm,39,39,20,8:00pm-8:59pm,49,49,99,Unknown,99,Unknown EMS Hospital Arrival Time,,,,,,,2,
2023,4,40805,Arizona,2,2,0,0,0,5,5,13,MARICOPA (13),486,SURPRISE,14,14,10,October,2023,7,Saturday,2,2:00am-2:59am,11,11,0,This Section IS NOT on the NHS,2,Urban,6,Minor Collector,4,City or Municipal Highway Agency,0,Not Signed,W DEER VALLEY RD,W WILLIAMS RD,0,None,33.68882778,33.68882778,-112.431100000,-112.43110000,0,No Special Jurisdiction,12,Motor Vehicle In-Transport,6,Angle,0,No,2,Intersection,3,T-Intersection,0,None,,,1,On Roadway,2,Dark - Not Lighted,,,,,1,Clear,0,No,0000000,Not Applicable,2,2:00am-2:59am,15,15,2,2:00am-2:59am,21,21,88,"Not Applicable (Not Transported) ",88,Not Applicable (Not Transported),,,,,,,2,