caseyear,state,st_case,statename,ve_total,ve_forms,pvh_invl,peds,pernotmvit,permvit,persons,county,countyname,city,cityname,day,dayname,month,monthname,year,day_week,day_weekname,hour,hourname,minute,minutename,nhs,nhsname,rur_urb,rur_urbname,func_sys,func_sysname,rd_owner,rd_ownername,route,routename,tway_id,tway_id2,milept,mileptname,latitude,latitudename,longitud,longitudname,sp_jur,sp_jurname,harm_ev,harm_evname,man_coll,man_collname,reljct1,reljct1name,reljct2,reljct2name,typ_int,typ_intname,wrk_zone,wrk_zonename,road_fnc,road_fncname,rel_road,rel_roadname,lgt_cond,lgt_condname,weather1,weather1name,weather2,weather2name,weather,weathername,sch_bus,sch_busname,rail,railname,not_hour,not_hourname,not_min,not_minname,arr_hour,arr_hourname,arr_min,arr_minname,hosp_hr,hosp_hrname,hosp_mn,hosp_mnname,cf1,cf1name,cf2,cf2name,cf3,cf3name,fatals,drunk_dr
2023,4,40806,Arizona,1,1,0,0,0,1,1,19,PIMA (19),530,TUCSON,15,15,10,October,2023,1,Sunday,20,8:00pm-8:59pm,47,47,0,This Section IS NOT on the NHS,2,Urban,4,Minor Arterial,4,City or Municipal Highway Agency,0,Not Signed,S MISSION RD,,0,None,32.20065833,32.20065833,-110.995794440,-110.99579444,0,No Special Jurisdiction,33,Curb,0,The First Harmful Event was Not a Collision with a Motor Vehicle in Transport,0,No,1,Non-Junction,1,Not an Intersection,0,None,,,4,On Roadside,5,Dusk,,,,,1,Clear,0,No,0000000,Not Applicable,20,8:00pm-8:59pm,46,46,20,8:00pm-8:59pm,50,50,99,Unknown,99,Unknown EMS Hospital Arrival Time,,,,,,,1,
2023,4,40808,Arizona,1,1,0,1,1,1,1,19,PIMA (19),530,TUCSON,20,20,11,November,2023,2,Monday,20,8:00pm-8:59pm,29,29,0,This Section IS NOT on the NHS,2,Urban,4,Minor Arterial,4,City or Municipal Highway Agency,0,Not Signed,CASTRO AVE,FORT LOWELL RD,0,None,32.26481389,32.26481389,-110.974158330,-110.97415833,0,No Special Jurisdiction,8,Pedestrian,0,The First Harmful Event was Not a Collision with a Motor Vehicle in Transport,0,No,3,Intersection-Related,3,T-Intersection,0,None,,,1,On Roadway,2,Dark - Not Lighted,,,,,1,Clear,0,No,0000000,Not Applicable,20,8:00pm-8:59pm,29,29,20,8:00pm-8:59pm,33,33,20,8:00pm-8:59pm,50,50,,,,,,,1,
2023,4,40809,Arizona,2,2,0,0,0,3,3,5,COCONINO (5),170,FLAGSTAFF,14,14,11,November,2023,3,Tuesday,18,6:00pm-6:59pm,16,16,1,This Section IS ON the NHS,1,Rural,3,Other Principal Arterial,1,State Highway Agency,2,U.S. Highway,US-89,,206,206,35.50429722,35.50429722,-111.549258330,-111.54925833,0,No Special Jurisdiction,12,Motor Vehicle In-Transport,1,Front-to-Rear,0,No,1,Non-Junction,1,Not an Intersection,0,None,,,4,On Roadside,2,Dark - Not Lighted,,,,,1,Clear,0,No,0000000,Not Applicable,18,6:00pm-6:59pm,24,24,18,6:00pm-6:59pm,41,41,99,Unknown,99,Unknown EMS Hospital Arrival Time,,,,,,,1,
2023,4,40810,Arizona,1,1,0,1,1,1,1,19,PIMA (19),530,TUCSON,5,5,10,October,2023,5,Thursday,6,6:00am-6:59am,21,21,1,This Section IS ON the NHS,2,Urban,3,Other Principal Arterial,4,City or Municipal Highway Agency,0,Not Signed,E SPEEDWAY BLVD,N DODGE BLVD,0,None,32.23627778,32.23627778,-110.913536110,-110.91353611,0,No Special Jurisdiction,8,Pedestrian,0,The First Harmful Event was Not a Collision with a Motor Vehicle in Transport,0,No,3,Intersection-Related,3,T-Intersection,0,None,,,1,On Roadway,1,Daylight,,,,,1,Clear,0,No,0000000,Not Applicable,6,6:00am-6:59am,23,23,6,6:00am-6:59am,23,23,88,"Not Applicable (Not Transported) ",88,Not Applicable (Not Transported),,,,,,,1,
2023,4,40811,Arizona,1,1,0,0,0,8,8,13,MARICOPA (13),420,SCOTTSDALE,2,2,12,December,2023,7,Saturday,0,0:00am-0:59am,55,55,0,This Section IS NOT on the NHS,2,Urban,5,Major Collector,4,City or Municipal Highway Agency,0,Not Signed,HAYDEN RD,JOMAX RD,0,None,33.72695278,33.72695278,-111.908680560,-111.90868056,0,No Special Jurisdiction,1,Rollover/Overturn,0,The First Harmful Event was Not a Collision with a Motor Vehicle in Transport,0,No,3,Intersection-Related,2,Four-Way Intersection,0,None,,,5,Outside Trafficway,2,Dark - Not Lighted,,,,,1,Clear,0,No,0000000,Not Applicable,0,0:00am-0:59am,55,55,1,1:00am-1:59am,0,0,1,1:00am-1:59am,30,30,,,,,,,1,
2023,4,40812,Arizona,1,1,0,1,1,1,1,1,APACHE (1),278,MANY FARMS,7,7,1,January,2023,7,Saturday,19,7:00pm-7:59pm,53,53,0,This Section IS NOT on the NHS,1,Rural,4,Minor Arterial,1,State Highway Agency,2,U.S. Highway,US-191,,4617,4617,36.37287778,36.37287778,-109.612822220,-109.61282222,0,No Special Jurisdiction,8,Pedestrian,0,The First Harmful Event was Not a Collision with a Motor Vehicle in Transport,0,No,1,Non-Junction,1,Not an Intersection,0,None,,,1,On Roadway,9,Reported as Unknown,,,,,99,Reported as Unknown,0,No,0000000,Not Applicable,99,Unknown,99,Unknown,99,Unknown EMS Scene Arrival Hour,99,Unknown EMS Scene Arrival Minutes,0,0:00am-0:59am,0,0,,,,,,,1,
2023,4,40813,Arizona,2,2,0,0,0,3,3,17,NAVAJO (17),610,WINSLOW,2,2,12,December,2023,7,Saturday,21,9:00pm-9:59pm,23,23,0,This Section IS NOT on the NHS,1,Rural,5,Major Collector,1,State Highway Agency,3,State Highway,SR-87,,2365,2365,35.11234722,35.11234722,-110.519536110,-110.51953611,0,No Special Jurisdiction,12,Motor Vehicle In-Transport,2,Front-to-Front,0,No,1,Non-Junction,1,Not an Intersection,0,None,,,1,On Roadway,2,Dark - Not Lighted,,,,,10,Cloudy,0,No,0000000,Not Applicable,21,9:00pm-9:59pm,31,31,21,9:00pm-9:59pm,50,50,99,Unknown,99,Unknown EMS Hospital Arrival Time,,,,,,,2,
2023,4,40814,Arizona,1,1,0,0,0,2,2,21,PINAL (21),426,SAN MANUEL,11,11,1,January,2023,4,Wednesday,9,9:00am-9:59am,23,23,0,This Section IS NOT on the NHS,1,Rural,98,Not Reported,2,County Highway Agency,0,Not Signed,ERICKSON AVE,,0,None,32.59732500,32.59732500,-110.631933330,-110.63193333,0,No Special Jurisdiction,5,Fell/Jumped from Vehicle,0,The First Harmful Event was Not a Collision with a Motor Vehicle in Transport,0,No,1,Non-Junction,1,Not an Intersection,0,None,,,1,On Roadway,1,Daylight,,,,,99,Reported as Unknown,0,No,0000000,Not Applicable,99,Unknown,99,Unknown,99,Unknown EMS Scene Arrival Hour,99,Unknown EMS Scene Arrival Minutes,88,"Not Applicable (Not Transported) ",88,Not Applicable (Not Transported),,,,,,,1,
2023,4,40815,Arizona,1,1,0,0,0,1,1,13,MARICOPA (13),388,QUEEN CREEK,3,3,12,December,2023,1,Sunday,17,5:00pm-5:59pm,26,26,0,This Section IS NOT on the NHS,2,Urban,4,Minor Arterial,4,City or Municipal Highway Agency,0,Not Signed,E RITTENHOUSE RD,,0,None,33.23726111,33.23726111,-111.604669440,-111.60466944,0,No Special Jurisdiction,33,Curb,0,The First Harmful Event was Not a Collision with a Motor Vehicle in Transport,0,No,1,Non-Junction,1,Not an Intersection,0,None,,,4,On Roadside,5,Dusk,,,,,1,Clear,0,No,0000000,Not Applicable,17,5:00pm-5:59pm,26,26,17,5:00pm-5:59pm,37,37,88,"Not Applicable (Not Transported) ",88,Not Applicable (Not Transported),,,,,,,1,
2023,4,40818,Arizona,1,1,0,1,1,1,1,25,YAVAPAI (25),386,PRESCOTT,10,10,12,December,2023,1,Sunday,1,1:00am-1:59am,25,25,0,This Section IS NOT on the NHS,2,Urban,4,Minor Arterial,4,City or Municipal Highway Agency,0,Not Signed,E GURLEY ST,S RUSH ST,0,None,34.54244444,34.54244444,-112.456894440,-112.45689444,0,No Special Jurisdiction,8,Pedestrian,0,The First Harmful Event was Not a Collision with a Motor Vehicle in Transport,0,No,3,Intersection-Related,3,T-Intersection,0,None,,,1,On Roadway,3,Dark - Lighted,,,,,1,Clear,0,No,0000000,Not Applicable,1,1:00am-1:59am,25,25,1,1:00am-1:59am,32,32,2,2:00am-2:59am,27,27,,,,,,,1,
2023,4,40819,Arizona,1,1,0,0,0,1,1,13,MARICOPA (13),220,GOODYEAR,12,12,12,December,2023,3,Tuesday,8,8:00am-8:59am,38,38,0,This Section IS NOT on the NHS,6,Trafficway Not in State Inventory,96,Trafficway Not in State Inventory,96,Trafficway Not in State Inventory,0,Not Signed,PATTERSON RD,,0,None,33.18781111,33.18781111,-112.376172220,-112.37617222,0,No Special Jurisdiction,1,Rollover/Overturn,0,The First Harmful Event was Not a Collision with a Motor Vehicle in Transport,0,No,1,Non-Junction,1,Not an Intersection,0,None,,,5,Outside Trafficway,1,Daylight,,,,,1,Clear,0,No,0000000,Not Applicable,8,8:00am-8:59am,38,38,9,9:00am-9:59am,1,1,10,10:00am-10:59am,21,21,,,,,,,1,
2023,4,40820,Arizona,2,2,0,0,0,3,3,13,MARICOPA (13),190,GILBERT,13,13,12,December,2023,4,Wednesday,18,6:00pm-6:59pm,5,5,0,This Section IS NOT on the NHS,2,Urban,4,Minor Arterial,4,City or Municipal Highway Agency,0,Not Signed,S COOPER RD,W WARNER RD,0,None,33.33366389,33.33366389,-111.807061110,-111.80706111,0,No Special Jurisdiction,12,Motor Vehicle In-Transport,6,Angle,0,No,2,Intersection,2,Four-Way Intersection,0,None,,,1,On Roadway,3,Dark - Lighted,,,,,1,Clear,0,No,0000000,Not Applicable,18,6:00pm-6:59pm,5,5,18,6:00pm-6:59pm,8,8,99,Unknown,99,Unknown EMS Hospital Arrival Time,,,,,,,1,
2023,4,40821,Arizona,3,3,0,0,0,3,3,13,MARICOPA (13),370,PHOENIX,14,14,12,December,2023,5,Thursday,21,9:00pm-9:59pm,5,5,0,This Section IS NOT on the NHS,2,Urban,5,Major Collector,4,City or Municipal Highway Agency,0,Not Signed,N 48TH ST,E WILLETTA ST,0,None,33.46381111,33.46381111,-111.978444440,-111.97844444,0,No Special Jurisdiction,12,Motor Vehicle In-Transport,6,Angle,0,No,2,Intersection,3,T-Intersection,0,None,,,1,On Roadway,3,Dark - Lighted,,,,,1,Clear,0,No,0000000,Not Applicable,99,Unknown,99,Unknown,99,Unknown EMS Scene Arrival Hour,99,Unknown EMS Scene Arrival Minutes,99,Unknown,99,Unknown EMS Hospital Arrival Time,,,,,,,1,
2023,4,40822,Arizona,2,2,0,0,0,5,5,13,MARICOPA (13),200,GLENDALE,6,6,10,October,2023,6,Friday,19,7:00pm-7:59pm,32,32,0,This Section IS NOT on the NHS,2,Urban,4,Minor Arterial,4,City or Municipal Highway Agency,0,Not Signed,W CACTUS RD,N 59TH AVE,0,None,33.59640278,33.59640278,-112.185969440,-112.18596944,0,No Special Jurisdiction,12,Motor Vehicle In-Transport,6,Angle,0,No,2,Intersection,2,Four-Way Intersection,0,None,,,1,On Roadway,3,Dark - Lighted,,,,,1,Clear,0,No,0000000,Not Applicable,19,7:00pm-7:59pm,32,32,19,7:00pm-7:59pm,35,35,19,7:00pm-7:59pm,44,44,,,,,,,1,
2023,4,40823,Arizona,1,1,0,1,1,1,1,13,MARICOPA (13),30,AVONDALE,16,16,12,December,2023,7,Saturday,12,12:00pm-12:59pm,43,43,0,This Section IS NOT on the NHS,2,Urban,5,Major Collector,4,City or Municipal Highway Agency,0,Not Signed,N 111TH AVE,,0,None,33.49272222,33.49272222,-112.298508330,-112.29850833,0,No Special Jurisdiction,8,Pedestrian,0,The First Harmful Event was Not a Collision with a Motor Vehicle in Transport,0,No,1,Non-Junction,1,Not an Intersection,0,None,,,1,On Roadway,1,Daylight,,,,,1,Clear,0,No,0000000,Not Applicable,99,Unknown,99,Unknown,99,Unknown EMS Scene Arrival Hour,99,Unknown EMS Scene Arrival Minutes,99,Unknown,99,Unknown EMS Hospital Arrival Time,,,,,,,1,
2023,4,40824,Arizona,2,2,0,0,0,2,2,13,MARICOPA (13),290,MESA,23,23,12,December,2023,7,Saturday,5,5:00am-5:59am,32,32,0,This Section IS NOT on the NHS,2,Urban,4,Minor Arterial,2,County Highway Agency,0,Not Signed,E UNIVERSITY DR,N KEITH ST,0,None,33.42231389,33.42231389,-111.596400000,-111.59640000,0,No Special Jurisdiction,12,Motor Vehicle In-Transport,8,Sideswipe - Opposite Direction,0,No,2,Intersection,3,T-Intersection,0,None,,,1,On Roadway,2,Dark - Not Lighted,,,,,2,Rain,0,No,0000000,Not Applicable,5,5:00am-5:59am,32,32,5,5:00am-5:59am,39,39,88,"Not Applicable (Not Transported) ",88,Not Applicable (Not Transported),,,,,,,1,
2023,4,40825,Arizona,2,2,0,0,0,2,2,13,MARICOPA (13),368,PEORIA,25,25,12,December,2023,2,Monday,12,12:00pm-12:59pm,27,27,0,This Section IS NOT on the NHS,2,Urban,4,Minor Arterial,2,County Highway Agency,0,Not Signed,N 91ST AVE,W NORTHERN AVE,0,None,33.55183611,33.55183611,-112.255052780,-112.25505278,0,No Special Jurisdiction,12,Motor Vehicle In-Transport,6,Angle,0,No,2,Intersection,3,T-Intersection,0,None,,,1,On Roadway,1,Daylight,,,,,1,Clear,0,No,0000000,Not Applicable,12,12:00pm-12:59pm,27,27,99,Unknown EMS Scene Arrival Hour,99,Unknown EMS Scene Arrival Minutes,99,Unknown,99,Unknown EMS Hospital Arrival Time,,,,,,,1,
2023,4,40826,Arizona,1,1,0,0,0,1,1,1,APACHE (1),0,NOT APPLICABLE,15,15,1,January,2023,1,Sunday,8,8:00am-8:59am,12,12,0,This Section IS NOT on the NHS,1,Rural,5,Major Collector,2,County Highway Agency,0,Not Signed,CR-8235,,0,None,34.35252500,34.35252500,-109.830669440,-109.83066944,0,No Special Jurisdiction,99,Reported as Unknown,99,Reported as Unknown,8,Not Reported,98,Not Reported,98,Not Reported,0,None,,,98,Not Reported,8,Not Reported,,,,,98,Not Reported,0,No,0000000,Not Applicable,99,Unknown,99,Unknown,99,Unknown EMS Scene Arrival Hour,99,Unknown EMS Scene Arrival Minutes,88,"Not Applicable (Not Transported) ",88,Not Applicable (Not Transported),,,,,,,1,
2023,4,40827,Arizona,1,1,0,0,0,2,2,21,PINAL (21),110,COOLIDGE,15,15,1,January,2023,1,Sunday,6,6:00am-6:59am,27,27,0,This Section IS NOT on the NHS,1,Rural,4,Minor Arterial,4,City or Municipal Highway Agency,0,Not Signed,N SIGNAL PEAK RD,,0,None,32.99666667,32.99666667,-111.618486110,-111.61848611,0,No Special Jurisdiction,1,Rollover/Overturn,0,The First Harmful Event was Not a Collision with a Motor Vehicle in Transport,0,No,1,Non-Junction,1,Not an Intersection,0,None,,,4,On Roadside,4,Dawn,,,,,10,Cloudy,0,No,0000000,Not Applicable,6,6:00am-6:59am,27,27,6,6:00am-6:59am,31,31,99,Unknown,99,Unknown EMS Hospital Arrival Time,,,,,,,1,
2023,4,40828,Arizona,2,2,0,0,0,6,6,19,PIMA (19),425,SELLS,2,2,3,March,2023,5,Thursday,23,11:00pm-11:59pm,21,21,0,This Section IS NOT on the NHS,1,Rural,4,Minor Arterial,1,State Highway Agency,3,State Highway,SR-86,INDIAN RTE 1,99998,Not Reported,32.18377222,32.18377222,-112.357691670,-112.35769167,3,Indian Reservation,12,Motor Vehicle In-Transport,98,Not Reported,0,No,2,Intersection,3,T-Intersection,0,None,,,1,On Roadway,6,Dark - Unknown Lighting,,,,,98,Not Reported,0,No,0000000,Not Applicable,99,Unknown,99,Unknown,99,Unknown EMS Scene Arrival Hour,99,Unknown EMS Scene Arrival Minutes,99,Unknown,99,Unknown EMS Hospital Arrival Time,,,,,,,4,
2023,4,40829,Arizona,3,3,0,1,1,2,2,25,YAVAPAI (25),394,RIMROCK,27,27,11,November,2023,2,Monday,17,5:00pm-5:59pm,4,4,1,This Section IS ON the NHS,1,Rural,3,Other Principal Arterial,1,State Highway Agency,1,Interstate,I-17 NONCARD,,974,974,34.63739444,34.63739444,-111.822355560,-111.82235556,0,No Special Jurisdiction,12,Motor Vehicle In-Transport,7,Sideswipe - Same Direction,1,Yes,18,Through Roadway,1,Not an Intersection,0,None,,,1,On Roadway,5,Dusk,,,,,1,Clear,0,No,0000000,Not Applicable,17,5:00pm-5:59pm,8,8,17,5:00pm-5:59pm,9,9,88,"Not Applicable (Not Transported) ",88,Not Applicable (Not Transported),,,,,,,1,
2023,4,40830,Arizona,2,2,0,0,0,2,2,13,MARICOPA (13),370,PHOENIX,27,27,11,November,2023,2,Monday,18,6:00pm-6:59pm,52,52,1,This Section IS ON the NHS,2,Urban,3,Other Principal Arterial,4,City or Municipal Highway Agency,0,Not Signed,E BELL RD,N 56TH ST,0,None,33.64047778,33.64047778,-111.960013890,-111.96001389,0,No Special Jurisdiction,12,Motor Vehicle In-Transport,6,Angle,0,No,2,Intersection,2,Four-Way Intersection,0,None,,,1,On Roadway,3,Dark - Lighted,,,,,1,Clear,0,No,0000000,Not Applicable,99,Unknown,99,Unknown,99,Unknown EMS Scene Arrival Hour,99,Unknown EMS Scene Arrival Minutes,99,Unknown,99,Unknown EMS Hospital Arrival Time,,,,,,,1,
2023,4,40832,Arizona,1,1,0,1,1,1,1,13,MARICOPA (13),60,BUCKEYE,21,21,9,September,2023,5,Thursday,6,6:00am-6:59am,30,30,0,This Section IS NOT on the NHS,1,Rural,4,Minor Arterial,2,County Highway Agency,0,Not Signed,SUN VALLEY PARKWAY,CANYON SPRINGS BLVD,0,None,33.66053611,33.66053611,-112.616341670,-112.61634167,0,No Special Jurisdiction,8,Pedestrian,0,The First Harmful Event was Not a Collision with a Motor Vehicle in Transport,0,No,3,Intersection-Related,2,Four-Way Intersection,0,None,,,1,On Roadway,4,Dawn,,,,,1,Clear,0,No,0000000,Not Applicable,6,6:00am-6:59am,30,30,6,6:00am-6:59am,45,45,7,7:00am-7:59am,15,15,,,,,,,1,
2023,4,40833,Arizona,3,3,0,0,0,5,5,13,MARICOPA (13),341,NEW RIVER,17,17,12,December,2023,1,Sunday,16,4:00pm-4:59pm,48,48,1,This Section IS ON the NHS,2,Urban,3,Other Principal Arterial,1,State Highway Agency,1,Interstate,I-17,,360,360,33.87280278,33.87280278,-112.146400000,-112.14640000,0,No Special Jurisdiction,1,Rollover/Overturn,0,The First Harmful Event was Not a Collision with a Motor Vehicle in Transport,0,No,1,Non-Junction,1,Not an Intersection,1,Construction,,,3,On Median,1,Daylight,,,,,1,Clear,0,No,0000000,Not Applicable,16,4:00pm-4:59pm,48,48,16,4:00pm-4:59pm,56,56,17,5:00pm-5:59pm,32,32,,,,,,,1,
2023,4,40834,Arizona,1,1,0,1,1,1,1,13,MARICOPA (13),266,LAVEEN,26,26,1,January,2023,5,Thursday,21,9:00pm-9:59pm,42,42,0,This Section IS NOT on the NHS,2,Urban,4,Minor Arterial,2,County Highway Agency,0,Not Signed,S 51ST AVE,,0,None,33.32722778,33.32722778,-112.169150000,-112.16915000,0,No Special Jurisdiction,8,Pedestrian,0,The First Harmful Event was Not a Collision with a Motor Vehicle in Transport,0,No,1,Non-Junction,1,Not an Intersection,2,Maintenance,,,1,On Roadway,3,Dark - Lighted,,,,,1,Clear,0,No,0000000,Not Applicable,21,9:00pm-9:59pm,42,42,21,9:00pm-9:59pm,46,46,88,"Not Applicable (Not Transported) ",88,Not Applicable (Not Transported),,,,,,,1,
2023,4,40835,Arizona,1,1,0,1,1,1,1,13,MARICOPA (13),370,PHOENIX,17,17,5,May,2023,4,Wednesday,7,7:00am-7:59am,19,19,0,This Section IS NOT on the NHS,2,Urban,4,Minor Arterial,4,City or Municipal Highway Agency,0,Not Signed,E SKY HARBOR BLVD,,0,None,33.43510833,33.43510833,-111.999852780,-111.99985278,0,No Special Jurisdiction,8,Pedestrian,0,The First Harmful Event was Not a Collision with a Motor Vehicle in Transport,0,No,1,Non-Junction,1,Not an Intersection,0,None,,,1,On Roadway,3,Dark - Lighted,,,,,1,Clear,0,No,0000000,Not Applicable,7,7:00am-7:59am,20,20,7,7:00am-7:59am,37,37,7,7:00am-7:59am,51,51,,,,,,,1,
2023,4,40836,Arizona,1,1,0,0,0,3,3,25,YAVAPAI (25),53,BLACK CANYON CITY,28,28,7,July,2023,6,Friday,20,8:00pm-8:59pm,29,29,1,This Section IS ON the NHS,1,Rural,3,Other Principal Arterial,1,State Highway Agency,1,Interstate,I-17,,500,500,34.09038333,34.09038333,-112.143725000,-112.14372500,0,No Special Jurisdiction,1,Rollover/Overturn,0,The First Harmful Event was Not a Collision with a Motor Vehicle in Transport,0,No,1,Non-Junction,1,Not an Intersection,0,None,,,3,On Median,2,Dark - Not Lighted,,,,,1,Clear,0,No,0000000,Not Applicable,20,8:00pm-8:59pm,32,32,20,8:00pm-8:59pm,37,37,21,9:00pm-9:59pm,23,23,,,,,,,1,
2023,4,40837,Arizona,2,2,0,0,0,3,3,13,MARICOPA (13),370,PHOENIX,11,11,10,October,2023,4,Wednesday,18,6:00pm-6:59pm,41,41,0,This Section IS NOT on the NHS,2,Urban,4,Minor Arterial,4,City or Municipal Highway Agency,0,Not Signed,W CAMELBACK RD,,0,None,33.50952500,33.50952500,-112.117538890,-112.11753889,0,No Special Jurisdiction,12,Motor Vehicle In-Transport,2,Front-to-Front,0,No,8,Driveway Access Related,1,Not an Intersection,0,None,,,1,On Roadway,3,Dark - Lighted,,,,,1,Clear,0,No,0000000,Not Applicable,18,6:00pm-6:59pm,44,44,18,6:00pm-6:59pm,48,48,19,7:00pm-7:59pm,6,6,,,,,,,1,
2023,4,40838,Arizona,2,2,0,0,0,3,3,13,MARICOPA (13),475,SUN CITY,29,29,7,July,2023,7,Saturday,10,10:00am-10:59am,30,30,0,This Section IS NOT on the NHS,2,Urban,5,Major Collector,2,County Highway Agency,0,Not Signed,103RD AVE,CHERRY HILLS DR,0,None,33.59230000,33.59230000,-112.281275000,-112.28127500,0,No Special Jurisdiction,12,Motor Vehicle In-Transport,2,Front-to-Front,0,No,3,Intersection-Related,3,T-Intersection,0,None,,,1,On Roadway,1,Daylight,,,,,1,Clear,0,No,0000000,Not Applicable,10,10:00am-10:59am,30,30,10,10:00am-10:59am,40,40,88,"Not Applicable (Not Transported) ",88,Not Applicable (Not Transported),,,,,,,1,
2023,4,40840,Arizona,1,1,0,0,0,1,1,13,MARICOPA (13),370,PHOENIX,3,3,3,March,2023,6,Friday,2,2:00am-2:59am,10,10,0,This Section IS NOT on the NHS,8,Not Reported,98,Not Reported,98,Not Reported,0,Not Signed,W HOLLY ST,,0,None,33.47081944,33.47081944,-112.168619440,-112.16861944,0,No Special Jurisdiction,99,Reported as Unknown,99,Reported as Unknown,8,Not Reported,98,Not Reported,98,Not Reported,0,None,,,98,Not Reported,6,Dark - Unknown Lighting,,,,,98,Not Reported,0,No,0000000,Not Applicable,99,Unknown,99,Unknown,99,Unknown EMS Scene Arrival Hour,99,Unknown EMS Scene Arrival Minutes,99,Unknown,99,Unknown EMS Hospital Arrival Time,,,,,,,1,
2023,4,40841,Arizona,2,2,0,0,0,6,6,13,MARICOPA (13),290,MESA,15,15,4,April,2023,7,Saturday,13,1:00pm-1:59pm,40,40,0,This Section IS NOT on the NHS,1,Rural,4,Minor Arterial,2,County Highway Agency,0,Not Signed,BUSH HIGHWAY,SAGUARO LAKE RD,0,None,33.57568056,33.57568056,-111.541580560,-111.54158056,0,No Special Jurisdiction,12,Motor Vehicle In-Transport,6,Angle,0,No,2,Intersection,3,T-Intersection,0,None,,,1,On Roadway,1,Daylight,,,,,1,Clear,0,No,0000000,Not Applicable,13,1:00pm-1:59pm,40,40,13,1:00pm-1:59pm,55,55,14,2:00pm-2:59pm,20,20,,,,,,,2,
2023,4,40842,Arizona,3,3,0,0,0,4,4,13,MARICOPA (13),490,TEMPE,29,29,3,March,2023,4,Wednesday,14,2:00pm-2:59pm,30,30,0,This Section IS NOT on the NHS,2,Urban,4,Minor Arterial,4,City or Municipal Highway Agency,0,Not Signed,W SOUTHERN AVE,,0,None,99.99990000,99.99990000,999.999900000,999.99990000,0,No Special Jurisdiction,12,Motor Vehicle In-Transport,2,Front-to-Front,8,Not Reported,98,Not Reported,98,Not Reported,0,None,,,1,On Roadway,1,Daylight,,,,,98,Not Reported,0,No,0000000,Not Applicable,99,Unknown,99,Unknown,99,Unknown EMS Scene Arrival Hour,99,Unknown EMS Scene Arrival Minutes,99,Unknown,99,Unknown EMS Hospital Arrival Time,,,,,,,1,
2023,4,40843,Arizona,1,1,0,1,1,1,1,13,MARICOPA (13),370,PHOENIX,15,15,8,August,2023,3,Tuesday,20,8:00pm-8:59pm,8,8,0,This Section IS NOT on the NHS,2,Urban,4,Minor Arterial,4,City or Municipal Highway Agency,0,Not Signed,W MCDOWELL RD,,0,None,33.46605278,33.46605278,-112.172327780,-112.17232778,0,No Special Jurisdiction,8,Pedestrian,0,The First Harmful Event was Not a Collision with a Motor Vehicle in Transport,0,No,1,Non-Junction,1,Not an Intersection,0,None,,,1,On Roadway,3,Dark - Lighted,,,,,1,Clear,0,No,0000000,Not Applicable,99,Unknown,99,Unknown,99,Unknown EMS Scene Arrival Hour,99,Unknown EMS Scene Arrival Minutes,99,Unknown,99,Unknown EMS Hospital Arrival Time,,,,,,,1,
2023,4,40844,Arizona,2,2,0,1,1,3,3,13,MARICOPA (13),370,PHOENIX,31,31,8,August,2023,5,Thursday,23,11:00pm-11:59pm,53,53,1,This Section IS ON the NHS,2,Urban,3,Other Principal Arterial,4,City or Municipal Highway Agency,0,Not Signed,W BELL RD,N 15TH AVE,0,None,33.64026111,33.64026111,-112.091275000,-112.09127500,0,No Special Jurisdiction,8,Pedestrian,0,The First Harmful Event was Not a Collision with a Motor Vehicle in Transport,0,No,3,Intersection-Related,2,Four-Way Intersection,0,None,,,1,On Roadway,3,Dark - Lighted,,,,,2,Rain,0,No,0000000,Not Applicable,23,11:00pm-11:59pm,55,55,1,1:00am-1:59am,0,0,88,"Not Applicable (Not Transported) ",88,Not Applicable (Not Transported),,,,,,,1,
2023,4,40845,Arizona,3,3,0,0,0,5,5,13,MARICOPA (13),200,GLENDALE,18,18,4,April,2023,3,Tuesday,17,5:00pm-5:59pm,42,42,1,This Section IS ON the NHS,2,Urban,3,Other Principal Arterial,4,City or Municipal Highway Agency,0,Not Signed,S 51ST AVE,,0,None,33.65986111,33.65986111,-112.169008330,-112.16900833,0,No Special Jurisdiction,12,Motor Vehicle In-Transport,6,Angle,0,No,1,Non-Junction,1,Not an Intersection,0,None,,,1,On Roadway,1,Daylight,,,,,1,Clear,0,No,0000000,Not Applicable,99,Unknown,99,Unknown,99,Unknown EMS Scene Arrival Hour,99,Unknown EMS Scene Arrival Minutes,99,Unknown,99,Unknown EMS Hospital Arrival Time,,,,,,,1,
2023,4,40846,Arizona,1,1,0,1,1,1,1,13,MARICOPA (13),30,AVONDALE,11,11,10,October,2023,4,Wednesday,19,7:00pm-7:59pm,56,56,0,This Section IS NOT on the NHS,2,Urban,4,Minor Arterial,4,City or Municipal Highway Agency,0,Not Signed,W BUCKEYE RD,,0,None,33.43551389,33.43551389,-112.293986110,-112.29398611,0,No Special Jurisdiction,9,Pedalcyclist,0,The First Harmful Event was Not a Collision with a Motor Vehicle in Transport,0,No,1,Non-Junction,1,Not an Intersection,0,None,,,1,On Roadway,3,Dark - Lighted,,,,,1,Clear,0,No,0000000,Not Applicable,19,7:00pm-7:59pm,59,59,20,8:00pm-8:59pm,1,1,88,"Not Applicable (Not Transported) ",88,Not Applicable (Not Transported),,,,,,,1,
2023,4,40847,Arizona,3,3,0,0,0,3,3,13,MARICOPA (13),490,TEMPE,2,2,9,September,2023,7,Saturday,21,9:00pm-9:59pm,32,32,1,This Section IS ON the NHS,2,Urban,3,Other Principal Arterial,1,State Highway Agency,3,State Highway,SR-202,,79,79,33.43617500,33.43617500,-111.919213890,-111.91921389,0,No Special Jurisdiction,12,Motor Vehicle In-Transport,1,Front-to-Rear,0,No,1,Non-Junction,1,Not an Intersection,0,None,,,1,On Roadway,3,Dark - Lighted,,,,,1,Clear,0,No,0000000,Not Applicable,21,9:00pm-9:59pm,40,40,21,9:00pm-9:59pm,45,45,22,10:00pm-10:59pm,3,3,,,,,,,1,