caseyear,state,st_case,statename,ve_total,ve_forms,pvh_invl,peds,pernotmvit,permvit,persons,county,countyname,city,cityname,day,dayname,month,monthname,year,day_week,day_weekname,hour,hourname,minute,minutename,nhs,nhsname,rur_urb,rur_urbname,func_sys,func_sysname,rd_owner,rd_ownername,route,routename,tway_id,tway_id2,milept,mileptname,latitude,latitudename,longitud,longitudname,sp_jur,sp_jurname,harm_ev,harm_evname,man_coll,man_collname,reljct1,reljct1name,reljct2,reljct2name,typ_int,typ_intname,wrk_zone,wrk_zonename,road_fnc,road_fncname,rel_road,rel_roadname,lgt_cond,lgt_condname,weather1,weather1name,weather2,weather2name,weather,weathername,sch_bus,sch_busname,rail,railname,not_hour,not_hourname,not_min,not_minname,arr_hour,arr_hourname,arr_min,arr_minname,hosp_hr,hosp_hrname,hosp_mn,hosp_mnname,cf1,cf1name,cf2,cf2name,cf3,cf3name,fatals,drunk_dr
2023,4,40888,Arizona,1,1,0,0,0,1,1,13,MARICOPA (13),370,PHOENIX,19,19,12,December,2023,3,Tuesday,15,3:00pm-3:59pm,7,7,0,This Section IS NOT on the NHS,2,Urban,4,Minor Arterial,4,City or Municipal Highway Agency,0,Not Signed,N 75TH AVE,W 76TH AVE,0,None,33.47846389,33.47846389,-112.220769440,-112.22076944,0,No Special Jurisdiction,1,Rollover/Overturn,0,The First Harmful Event was Not a Collision with a Motor Vehicle in Transport,0,No,2,Intersection,2,Four-Way Intersection,0,None,,,1,On Roadway,1,Daylight,,,,,1,Clear,0,No,0000000,Not Applicable,15,3:00pm-3:59pm,9,9,15,3:00pm-3:59pm,9,9,15,3:00pm-3:59pm,32,32,,,,,,,1,
2023,4,40889,Arizona,2,2,0,0,0,3,3,19,PIMA (19),530,TUCSON,23,23,12,December,2023,7,Saturday,22,10:00pm-10:59pm,41,41,0,This Section IS NOT on the NHS,2,Urban,5,Major Collector,4,City or Municipal Highway Agency,0,Not Signed,BENSON HWY,COUNTRY CLUB RD,0,None,32.15761667,32.15761667,-110.926350000,-110.92635000,0,No Special Jurisdiction,12,Motor Vehicle In-Transport,6,Angle,0,No,2,Intersection,2,Four-Way Intersection,0,None,,,1,On Roadway,3,Dark - Lighted,,,,,1,Clear,0,No,0000000,Not Applicable,22,10:00pm-10:59pm,43,43,22,10:00pm-10:59pm,57,57,99,Unknown,99,Unknown EMS Hospital Arrival Time,,,,,,,1,
2023,4,40890,Arizona,1,1,0,1,1,2,2,7,GILA (7),210,GLOBE,24,24,12,December,2023,1,Sunday,20,8:00pm-8:59pm,4,4,1,This Section IS ON the NHS,2,Urban,3,Other Principal Arterial,1,State Highway Agency,2,U.S. Highway,US-60,,2148,2148,33.41900000,33.41900000,-110.815211110,-110.81521111,0,No Special Jurisdiction,8,Pedestrian,0,The First Harmful Event was Not a Collision with a Motor Vehicle in Transport,0,No,1,Non-Junction,1,Not an Intersection,0,None,,,1,On Roadway,2,Dark - Not Lighted,,,,,1,Clear,0,No,0000000,Not Applicable,20,8:00pm-8:59pm,4,4,20,8:00pm-8:59pm,11,11,88,"Not Applicable (Not Transported) ",88,Not Applicable (Not Transported),,,,,,,1,
2023,4,40891,Arizona,1,1,0,1,1,1,1,19,PIMA (19),530,TUCSON,27,27,12,December,2023,4,Wednesday,18,6:00pm-6:59pm,47,47,0,This Section IS NOT on the NHS,2,Urban,4,Minor Arterial,4,City or Municipal Highway Agency,0,Not Signed,W 22ND ST,S 11TH AVE,0,None,32.20674722,32.20674722,-110.976194440,-110.97619444,0,No Special Jurisdiction,9,Pedalcyclist,0,The First Harmful Event was Not a Collision with a Motor Vehicle in Transport,0,No,3,Intersection-Related,2,Four-Way Intersection,0,None,,,1,On Roadway,2,Dark - Not Lighted,,,,,1,Clear,0,No,0000000,Not Applicable,18,6:00pm-6:59pm,47,47,18,6:00pm-6:59pm,54,54,19,7:00pm-7:59pm,5,5,,,,,,,1,
2023,4,40892,Arizona,2,2,0,0,0,3,3,13,MARICOPA (13),370,PHOENIX,13,13,10,October,2023,6,Friday,11,11:00am-11:59am,57,57,0,This Section IS NOT on the NHS,2,Urban,4,Minor Arterial,4,City or Municipal Highway Agency,0,Not Signed,E BROADWAY RD,S 16TH ST,0,None,33.40682500,33.40682500,-112.047186110,-112.04718611,0,No Special Jurisdiction,12,Motor Vehicle In-Transport,6,Angle,0,No,2,Intersection,2,Four-Way Intersection,0,None,,,1,On Roadway,1,Daylight,,,,,1,Clear,0,No,0000000,Not Applicable,99,Unknown,99,Unknown,99,Unknown EMS Scene Arrival Hour,99,Unknown EMS Scene Arrival Minutes,99,Unknown,99,Unknown EMS Hospital Arrival Time,,,,,,,1,
2023,4,40893,Arizona,1,1,0,1,1,1,1,13,MARICOPA (13),370,PHOENIX,14,14,10,October,2023,7,Saturday,18,6:00pm-6:59pm,37,37,0,This Section IS NOT on the NHS,2,Urban,4,Minor Arterial,4,City or Municipal Highway Agency,0,Not Signed,19TH AVE,,0,None,33.59471389,33.59471389,-112.099600000,-112.09960000,0,No Special Jurisdiction,8,Pedestrian,0,The First Harmful Event was Not a Collision with a Motor Vehicle in Transport,0,No,1,Non-Junction,1,Not an Intersection,0,None,,,1,On Roadway,3,Dark - Lighted,,,,,1,Clear,0,No,0000000,Not Applicable,99,Unknown,99,Unknown,99,Unknown EMS Scene Arrival Hour,99,Unknown EMS Scene Arrival Minutes,99,Unknown,99,Unknown EMS Hospital Arrival Time,,,,,,,1,
2023,4,40894,Arizona,1,1,0,1,1,1,1,13,MARICOPA (13),370,PHOENIX,22,22,9,September,2023,6,Friday,1,1:00am-1:59am,15,15,1,This Section IS ON the NHS,2,Urban,3,Other Principal Arterial,4,City or Municipal Highway Agency,0,Not Signed,W INDIAN SCHOOL RD,,0,None,33.49433056,33.49433056,-112.255697220,-112.25569722,0,No Special Jurisdiction,8,Pedestrian,0,The First Harmful Event was Not a Collision with a Motor Vehicle in Transport,0,No,1,Non-Junction,1,Not an Intersection,0,None,,,1,On Roadway,3,Dark - Lighted,,,,,1,Clear,0,No,0000000,Not Applicable,99,Unknown,99,Unknown,99,Unknown EMS Scene Arrival Hour,99,Unknown EMS Scene Arrival Minutes,99,Unknown,99,Unknown EMS Hospital Arrival Time,,,,,,,1,
2023,4,40895,Arizona,1,1,0,1,1,1,1,13,MARICOPA (13),370,PHOENIX,5,5,11,November,2023,1,Sunday,18,6:00pm-6:59pm,32,32,0,This Section IS NOT on the NHS,2,Urban,4,Minor Arterial,4,City or Municipal Highway Agency,0,Not Signed,E THOMAS RD,,0,None,33.48021667,33.48021667,-111.981219440,-111.98121944,0,No Special Jurisdiction,8,Pedestrian,0,The First Harmful Event was Not a Collision with a Motor Vehicle in Transport,0,No,1,Non-Junction,1,Not an Intersection,0,None,,,1,On Roadway,3,Dark - Lighted,,,,,1,Clear,0,No,0000000,Not Applicable,99,Unknown,99,Unknown,99,Unknown EMS Scene Arrival Hour,99,Unknown EMS Scene Arrival Minutes,88,"Not Applicable (Not Transported) ",88,Not Applicable (Not Transported),,,,,,,1,
2023,4,40896,Arizona,2,2,0,0,0,2,2,5,COCONINO (5),170,FLAGSTAFF,15,15,10,October,2023,1,Sunday,7,7:00am-7:59am,18,18,0,This Section IS NOT on the NHS,2,Urban,4,Minor Arterial,2,County Highway Agency,0,Not Signed,TOWNSEND WINONA RD,,0,None,35.24989167,35.24989167,-111.531169440,-111.53116944,0,No Special Jurisdiction,12,Motor Vehicle In-Transport,2,Front-to-Front,0,No,1,Non-Junction,1,Not an Intersection,0,None,,,1,On Roadway,1,Daylight,,,,,1,Clear,0,No,0000000,Not Applicable,7,7:00am-7:59am,18,18,7,7:00am-7:59am,22,22,7,7:00am-7:59am,34,34,,,,,,,1,
2023,4,40897,Arizona,3,3,0,0,0,4,4,13,MARICOPA (13),290,MESA,31,31,1,January,2023,3,Tuesday,16,4:00pm-4:59pm,45,45,1,This Section IS ON the NHS,2,Urban,3,Other Principal Arterial,4,City or Municipal Highway Agency,0,Not Signed,POWER RD,GUADALUPE RD,0,None,33.36507778,33.36507778,-111.687769440,-111.68776944,0,No Special Jurisdiction,12,Motor Vehicle In-Transport,6,Angle,0,No,2,Intersection,2,Four-Way Intersection,0,None,,,1,On Roadway,1,Daylight,,,,,1,Clear,0,No,0000000,Not Applicable,16,4:00pm-4:59pm,45,45,16,4:00pm-4:59pm,55,55,17,5:00pm-5:59pm,10,10,,,,,,,1,
2023,4,40898,Arizona,2,2,0,0,0,2,2,13,MARICOPA (13),200,GLENDALE,30,30,3,March,2023,5,Thursday,2,2:00am-2:59am,57,57,0,This Section IS NOT on the NHS,2,Urban,4,Minor Arterial,4,City or Municipal Highway Agency,0,Not Signed,E GLENDALE AVE,N 7TH ST,0,None,33.53845000,33.53845000,-112.082350000,-112.08235000,0,No Special Jurisdiction,12,Motor Vehicle In-Transport,6,Angle,0,No,2,Intersection,2,Four-Way Intersection,0,None,,,1,On Roadway,3,Dark - Lighted,,,,,10,Cloudy,0,No,0000000,Not Applicable,2,2:00am-2:59am,59,59,3,3:00am-3:59am,3,3,3,3:00am-3:59am,20,20,,,,,,,1,
2023,4,40899,Arizona,1,1,0,1,1,1,1,13,MARICOPA (13),200,GLENDALE,28,28,5,May,2023,1,Sunday,5,5:00am-5:59am,37,37,0,This Section IS NOT on the NHS,2,Urban,4,Minor Arterial,4,City or Municipal Highway Agency,0,Not Signed,7400 W CAMELBACK RD,,0,None,33.50915278,33.50915278,-112.217933330,-112.21793333,0,No Special Jurisdiction,9,Pedalcyclist,0,The First Harmful Event was Not a Collision with a Motor Vehicle in Transport,0,No,1,Non-Junction,1,Not an Intersection,4,"Work Zone, Type Unknown",,,1,On Roadway,6,Dark - Unknown Lighting,,,,,1,Clear,0,No,0000000,Not Applicable,5,5:00am-5:59am,39,39,5,5:00am-5:59am,45,45,88,"Not Applicable (Not Transported) ",88,Not Applicable (Not Transported),,,,,,,1,
2023,4,40900,Arizona,2,2,0,1,1,2,2,13,MARICOPA (13),200,GLENDALE,2,2,6,June,2023,6,Friday,4,4:00am-4:59am,28,28,0,This Section IS NOT on the NHS,2,Urban,4,Minor Arterial,4,City or Municipal Highway Agency,0,Not Signed,W CAMELBACK RD,,0,None,33.50956389,33.50956389,-112.173938890,-112.17393889,0,No Special Jurisdiction,8,Pedestrian,0,The First Harmful Event was Not a Collision with a Motor Vehicle in Transport,0,No,1,Non-Junction,1,Not an Intersection,0,None,,,1,On Roadway,3,Dark - Lighted,,,,,1,Clear,0,No,0000000,Not Applicable,4,4:00am-4:59am,29,29,4,4:00am-4:59am,41,41,5,5:00am-5:59am,5,5,,,,,,,1,
2023,4,40901,Arizona,1,1,0,0,0,1,1,13,MARICOPA (13),370,PHOENIX,15,15,10,October,2023,1,Sunday,17,5:00pm-5:59pm,27,27,9,Unknown if This Section Is on the NHS,9,Unknown,99,Unknown,99,Unknown,0,Not Signed,N 44TH AVE,,0,None,33.50550833,33.50550833,-112.154183330,-112.15418333,0,No Special Jurisdiction,1,Rollover/Overturn,0,The First Harmful Event was Not a Collision with a Motor Vehicle in Transport,0,No,1,Non-Junction,1,Not an Intersection,0,None,,,1,On Roadway,3,Dark - Lighted,,,,,1,Clear,0,No,0000000,Not Applicable,99,Unknown,99,Unknown,99,Unknown EMS Scene Arrival Hour,99,Unknown EMS Scene Arrival Minutes,99,Unknown,99,Unknown EMS Hospital Arrival Time,,,,,,,1,
2023,4,40903,Arizona,2,2,0,0,0,3,3,13,MARICOPA (13),200,GLENDALE,26,26,9,September,2023,3,Tuesday,4,4:00am-4:59am,9,9,0,This Section IS NOT on the NHS,2,Urban,5,Major Collector,4,City or Municipal Highway Agency,0,Not Signed,N 47TH AVE,W NORTHERN AVE,0,None,33.55314722,33.55314722,-112.160191670,-112.16019167,0,No Special Jurisdiction,12,Motor Vehicle In-Transport,6,Angle,0,No,2,Intersection,2,Four-Way Intersection,0,None,,,1,On Roadway,3,Dark - Lighted,,,,,1,Clear,0,No,0000000,Not Applicable,4,4:00am-4:59am,9,9,4,4:00am-4:59am,15,15,4,4:00am-4:59am,43,43,,,,,,,2,
2023,4,40904,Arizona,1,1,0,0,0,2,2,19,PIMA (19),530,TUCSON,1,1,10,October,2023,1,Sunday,1,1:00am-1:59am,0,0,0,This Section IS NOT on the NHS,1,Rural,4,Minor Arterial,1,State Highway Agency,3,State Highway,SR-86,,966,966,32.07631111,32.07631111,-111.316091670,-111.31609167,0,No Special Jurisdiction,32,Culvert,0,The First Harmful Event was Not a Collision with a Motor Vehicle in Transport,0,No,1,Non-Junction,1,Not an Intersection,0,None,,,4,On Roadside,2,Dark - Not Lighted,,,,,1,Clear,0,No,0000000,Not Applicable,1,1:00am-1:59am,2,2,1,1:00am-1:59am,14,14,99,Unknown,99,Unknown EMS Hospital Arrival Time,,,,,,,1,
2023,4,40905,Arizona,2,2,0,0,0,2,2,13,MARICOPA (13),370,PHOENIX,8,8,10,October,2023,1,Sunday,7,7:00am-7:59am,7,7,1,This Section IS ON the NHS,2,Urban,3,Other Principal Arterial,4,City or Municipal Highway Agency,0,Not Signed,N 7TH ST,,0,None,33.64173889,33.64173889,-112.065444440,-112.06544444,0,No Special Jurisdiction,12,Motor Vehicle In-Transport,6,Angle,0,No,8,Driveway Access Related,1,Not an Intersection,0,None,,,1,On Roadway,1,Daylight,,,,,1,Clear,0,No,0000000,Not Applicable,7,7:00am-7:59am,9,9,7,7:00am-7:59am,14,14,7,7:00am-7:59am,28,28,,,,,,,1,
2023,4,40906,Arizona,2,2,0,0,0,2,2,13,MARICOPA (13),388,QUEEN CREEK,12,12,10,October,2023,5,Thursday,8,8:00am-8:59am,20,20,0,This Section IS NOT on the NHS,2,Urban,5,Major Collector,4,City or Municipal Highway Agency,0,Not Signed,SAN TAN BLVD,LIME DR,0,None,33.21213056,33.21213056,-111.681708330,-111.68170833,0,No Special Jurisdiction,12,Motor Vehicle In-Transport,6,Angle,0,No,2,Intersection,2,Four-Way Intersection,0,None,,,1,On Roadway,1,Daylight,,,,,1,Clear,0,No,0000000,Not Applicable,8,8:00am-8:59am,21,21,8,8:00am-8:59am,28,28,9,9:00am-9:59am,17,17,,,,,,,1,
2023,4,40907,Arizona,3,3,0,0,0,3,3,13,MARICOPA (13),475,SUN CITY,16,16,10,October,2023,2,Monday,3,3:00am-3:59am,16,16,1,This Section IS ON the NHS,2,Urban,3,Other Principal Arterial,1,State Highway Agency,2,U.S. Highway,US-60,103RD AVE,0,None,33.60010833,33.60010833,-112.281269440,-112.28126944,0,No Special Jurisdiction,12,Motor Vehicle In-Transport,6,Angle,0,No,2,Intersection,2,Four-Way Intersection,0,None,,,1,On Roadway,3,Dark - Lighted,,,,,1,Clear,0,No,0000000,Not Applicable,3,3:00am-3:59am,19,19,3,3:00am-3:59am,23,23,88,"Not Applicable (Not Transported) ",88,Not Applicable (Not Transported),,,,,,,1,
2023,4,40908,Arizona,1,1,0,1,1,1,1,13,MARICOPA (13),370,PHOENIX,23,23,10,October,2023,2,Monday,20,8:00pm-8:59pm,2,2,1,This Section IS ON the NHS,2,Urban,3,Other Principal Arterial,4,City or Municipal Highway Agency,0,Not Signed,E BASELINE RD,,0,None,33.37818333,33.37818333,-111.992241670,-111.99224167,0,No Special Jurisdiction,8,Pedestrian,0,The First Harmful Event was Not a Collision with a Motor Vehicle in Transport,0,No,1,Non-Junction,1,Not an Intersection,0,None,,,1,On Roadway,3,Dark - Lighted,,,,,1,Clear,0,No,0000000,Not Applicable,99,Unknown,99,Unknown,99,Unknown EMS Scene Arrival Hour,99,Unknown EMS Scene Arrival Minutes,88,"Not Applicable (Not Transported) ",88,Not Applicable (Not Transported),,,,,,,1,
2023,4,40909,Arizona,2,2,0,0,0,2,2,13,MARICOPA (13),370,PHOENIX,28,28,10,October,2023,7,Saturday,4,4:00am-4:59am,36,36,0,This Section IS NOT on the NHS,2,Urban,4,Minor Arterial,4,City or Municipal Highway Agency,0,Not Signed,S 35TH AVE,,0,None,33.42506667,33.42506667,-112.134458330,-112.13445833,0,No Special Jurisdiction,12,Motor Vehicle In-Transport,2,Front-to-Front,0,No,1,Non-Junction,1,Not an Intersection,0,None,,,1,On Roadway,3,Dark - Lighted,,,,,1,Clear,0,No,0000000,Not Applicable,4,4:00am-4:59am,42,42,4,4:00am-4:59am,45,45,88,"Not Applicable (Not Transported) ",88,Not Applicable (Not Transported),,,,,,,1,
2023,4,40910,Arizona,1,1,0,1,1,3,3,13,MARICOPA (13),370,PHOENIX,10,10,11,November,2023,6,Friday,18,6:00pm-6:59pm,7,7,0,This Section IS NOT on the NHS,2,Urban,4,Minor Arterial,4,City or Municipal Highway Agency,0,Not Signed,N 83RD AVE,W OSBORN RD,0,None,33.48707500,33.48707500,-112.237758330,-112.23775833,0,No Special Jurisdiction,8,Pedestrian,0,The First Harmful Event was Not a Collision with a Motor Vehicle in Transport,0,No,3,Intersection-Related,2,Four-Way Intersection,0,None,,,1,On Roadway,5,Dusk,,,,,1,Clear,0,No,0000000,Not Applicable,99,Unknown,99,Unknown,99,Unknown EMS Scene Arrival Hour,99,Unknown EMS Scene Arrival Minutes,88,"Not Applicable (Not Transported) ",88,Not Applicable (Not Transported),,,,,,,1,
2023,4,40911,Arizona,1,1,0,0,0,1,1,13,MARICOPA (13),370,PHOENIX,12,12,11,November,2023,1,Sunday,2,2:00am-2:59am,45,45,1,This Section IS ON the NHS,2,Urban,3,Other Principal Arterial,1,State Highway Agency,1,Interstate,I-10 NONCARD,,1399,1399,33.46217778,33.46217778,-112.154416670,-112.15441667,0,No Special Jurisdiction,25,Concrete Traffic Barrier,0,The First Harmful Event was Not a Collision with a Motor Vehicle in Transport,0,No,1,Non-Junction,1,Not an Intersection,0,None,,,3,On Median,3,Dark - Lighted,,,,,1,Clear,0,No,0000000,Not Applicable,2,2:00am-2:59am,48,48,2,2:00am-2:59am,54,54,3,3:00am-3:59am,12,12,,,,,,,1,
2023,4,40912,Arizona,3,3,0,0,0,7,7,21,PINAL (21),435,SAN TAN VALLEY,12,12,11,November,2023,1,Sunday,14,2:00pm-2:59pm,49,49,0,This Section IS NOT on the NHS,2,Urban,4,Minor Arterial,4,City or Municipal Highway Agency,0,Not Signed,HUNT HWY,PASO FINO WAY,0,None,33.16753611,33.16753611,-111.568633330,-111.56863333,0,No Special Jurisdiction,12,Motor Vehicle In-Transport,2,Front-to-Front,0,No,2,Intersection,3,T-Intersection,0,None,,,1,On Roadway,1,Daylight,,,,,1,Clear,0,No,0000000,Not Applicable,14,2:00pm-2:59pm,51,51,14,2:00pm-2:59pm,57,57,99,Unknown,99,Unknown EMS Hospital Arrival Time,,,,,,,1,
2023,4,40913,Arizona,1,1,0,1,1,1,1,13,MARICOPA (13),370,PHOENIX,17,17,11,November,2023,6,Friday,1,1:00am-1:59am,21,21,0,This Section IS NOT on the NHS,2,Urban,4,Minor Arterial,4,City or Municipal Highway Agency,0,Not Signed,N 27TH AVE,,0,None,33.51021944,33.51021944,-112.117069440,-112.11706944,0,No Special Jurisdiction,8,Pedestrian,0,The First Harmful Event was Not a Collision with a Motor Vehicle in Transport,0,No,1,Non-Junction,1,Not an Intersection,0,None,,,1,On Roadway,3,Dark - Lighted,,,,,1,Clear,0,No,0000000,Not Applicable,1,1:00am-1:59am,26,26,1,1:00am-1:59am,31,31,1,1:00am-1:59am,41,41,,,,,,,1,
2023,4,40914,Arizona,1,1,0,1,1,1,1,21,PINAL (21),160,ELOY,17,17,11,November,2023,6,Friday,18,6:00pm-6:59pm,29,29,0,This Section IS NOT on the NHS,1,Rural,5,Major Collector,4,City or Municipal Highway Agency,0,Not Signed,ELEVEN MILE CORNER RD,,0,None,32.78644722,32.78644722,-111.567622220,-111.56762222,0,No Special Jurisdiction,8,Pedestrian,0,The First Harmful Event was Not a Collision with a Motor Vehicle in Transport,0,No,1,Non-Junction,1,Not an Intersection,0,None,,,1,On Roadway,2,Dark - Not Lighted,,,,,10,Cloudy,0,No,0000000,Not Applicable,18,6:00pm-6:59pm,29,29,18,6:00pm-6:59pm,35,35,88,"Not Applicable (Not Transported) ",88,Not Applicable (Not Transported),,,,,,,1,
2023,4,40915,Arizona,2,2,0,0,0,2,2,13,MARICOPA (13),370,PHOENIX,18,18,11,November,2023,7,Saturday,17,5:00pm-5:59pm,31,31,1,This Section IS ON the NHS,2,Urban,3,Other Principal Arterial,4,City or Municipal Highway Agency,0,Not Signed,N CAVE CREEK RD,,0,None,33.62253889,33.62253889,-112.030777780,-112.03077778,0,No Special Jurisdiction,12,Motor Vehicle In-Transport,6,Angle,0,No,8,Driveway Access Related,1,Not an Intersection,0,None,,,1,On Roadway,1,Daylight,,,,,1,Clear,0,No,0000000,Not Applicable,99,Unknown,99,Unknown,99,Unknown EMS Scene Arrival Hour,99,Unknown EMS Scene Arrival Minutes,99,Unknown,99,Unknown EMS Hospital Arrival Time,,,,,,,1,
2023,4,40916,Arizona,1,1,0,0,0,1,1,21,PINAL (21),435,SAN TAN VALLEY,27,27,11,November,2023,2,Monday,3,3:00am-3:59am,26,26,0,This Section IS NOT on the NHS,2,Urban,5,Major Collector,25,Other Local Agency,0,Not Signed,MAGMA RD,INDIGO SKY BLVD,0,None,33.13283611,33.13283611,-111.551911110,-111.55191111,0,No Special Jurisdiction,1,Rollover/Overturn,0,The First Harmful Event was Not a Collision with a Motor Vehicle in Transport,0,No,3,Intersection-Related,5,Traffic Circle,0,None,,,4,On Roadside,2,Dark - Not Lighted,,,,,1,Clear,0,No,0000000,Not Applicable,3,3:00am-3:59am,34,34,3,3:00am-3:59am,43,43,88,"Not Applicable (Not Transported) ",88,Not Applicable (Not Transported),,,,,,,1,
2023,4,40917,Arizona,3,2,1,0,0,2,2,13,MARICOPA (13),475,SUN CITY,30,30,11,November,2023,5,Thursday,9,9:00am-9:59am,14,14,0,This Section IS NOT on the NHS,2,Urban,4,Minor Arterial,2,County Highway Agency,0,Not Signed,W PEORIA AVE,N 99TH DR,0,None,33.58040833,33.58040833,-112.273180560,-112.27318056,0,No Special Jurisdiction,12,Motor Vehicle In-Transport,1,Front-to-Rear,0,No,3,Intersection-Related,3,T-Intersection,0,None,,,1,On Roadway,1,Daylight,,,,,10,Cloudy,0,No,0000000,Not Applicable,9,9:00am-9:59am,17,17,9,9:00am-9:59am,24,24,88,"Not Applicable (Not Transported) ",88,Not Applicable (Not Transported),,,,,,,1,
2023,4,40918,Arizona,2,2,0,0,0,2,2,19,PIMA (19),530,TUCSON,2,2,12,December,2023,7,Saturday,16,4:00pm-4:59pm,30,30,0,This Section IS NOT on the NHS,2,Urban,5,Major Collector,2,County Highway Agency,0,Not Signed,TANQUE VERDE,SOLDIER TRAIL,0,None,32.25105000,32.25105000,-110.739533330,-110.73953333,0,No Special Jurisdiction,12,Motor Vehicle In-Transport,6,Angle,0,No,2,Intersection,3,T-Intersection,0,None,,,1,On Roadway,1,Daylight,,,,,1,Clear,0,No,0000000,Not Applicable,16,4:00pm-4:59pm,33,33,16,4:00pm-4:59pm,37,37,88,"Not Applicable (Not Transported) ",88,Not Applicable (Not Transported),,,,,,,1,
2023,4,40919,Arizona,2,2,0,1,1,2,2,13,MARICOPA (13),370,PHOENIX,16,16,10,October,2023,2,Monday,5,5:00am-5:59am,20,20,0,This Section IS NOT on the NHS,2,Urban,5,Major Collector,4,City or Municipal Highway Agency,0,Not Signed,W CAMPBELL AVE,N 26TH AVE,0,None,33.50225000,33.50225000,-112.115925000,-112.11592500,0,No Special Jurisdiction,9,Pedalcyclist,0,The First Harmful Event was Not a Collision with a Motor Vehicle in Transport,0,No,2,Intersection,3,T-Intersection,0,None,,,1,On Roadway,3,Dark - Lighted,,,,,1,Clear,0,No,0000000,Not Applicable,99,Unknown,99,Unknown,99,Unknown EMS Scene Arrival Hour,99,Unknown EMS Scene Arrival Minutes,99,Unknown,99,Unknown EMS Hospital Arrival Time,,,,,,,1,
2023,4,40920,Arizona,2,2,0,0,0,2,2,13,MARICOPA (13),30,AVONDALE,4,4,12,December,2023,2,Monday,7,7:00am-7:59am,10,10,0,This Section IS NOT on the NHS,2,Urban,5,Major Collector,4,City or Municipal Highway Agency,0,Not Signed,S CENTRAL AVE,E WESTERN AVE,0,None,33.43540000,33.43540000,-112.349636110,-112.34963611,0,No Special Jurisdiction,12,Motor Vehicle In-Transport,6,Angle,0,No,2,Intersection,2,Four-Way Intersection,0,None,,,1,On Roadway,1,Daylight,,,,,1,Clear,0,No,0000000,Not Applicable,7,7:00am-7:59am,11,11,7,7:00am-7:59am,18,18,7,7:00am-7:59am,39,39,,,,,,,1,
2023,4,40921,Arizona,2,2,0,0,0,5,5,25,YAVAPAI (25),105,CONGRESS,8,8,12,December,2023,6,Friday,19,7:00pm-7:59pm,10,10,1,This Section IS ON the NHS,1,Rural,3,Other Principal Arterial,1,State Highway Agency,2,U.S. Highway,US-93,,1731,1731,34.24941111,34.24941111,-113.081394440,-113.08139444,0,No Special Jurisdiction,12,Motor Vehicle In-Transport,2,Front-to-Front,0,No,1,Non-Junction,1,Not an Intersection,0,None,,,1,On Roadway,2,Dark - Not Lighted,,,,,1,Clear,0,No,0000000,Not Applicable,19,7:00pm-7:59pm,10,10,19,7:00pm-7:59pm,56,56,88,"Not Applicable (Not Transported) ",88,Not Applicable (Not Transported),,,,,,,1,
2023,4,40922,Arizona,1,1,0,0,0,1,1,13,MARICOPA (13),220,GOODYEAR,12,12,12,December,2023,3,Tuesday,21,9:00pm-9:59pm,19,19,1,This Section IS ON the NHS,2,Urban,2,Other Freeways and Expressways,1,State Highway Agency,3,State Highway,SR-303,,17,17,33.48749444,33.48749444,-112.421533330,-112.42153333,0,No Special Jurisdiction,30,Utility Pole/Light Support,0,The First Harmful Event was Not a Collision with a Motor Vehicle in Transport,0,No,1,Non-Junction,1,Not an Intersection,0,None,,,4,On Roadside,2,Dark - Not Lighted,,,,,1,Clear,0,No,0000000,Not Applicable,21,9:00pm-9:59pm,19,19,21,9:00pm-9:59pm,28,28,21,9:00pm-9:59pm,43,43,,,,,,,1,
2023,4,40923,Arizona,2,2,0,0,0,3,3,21,PINAL (21),70,CASA GRANDE,13,13,12,December,2023,4,Wednesday,16,4:00pm-4:59pm,30,30,0,This Section IS NOT on the NHS,1,Rural,5,Major Collector,2,County Highway Agency,0,Not Signed,N OVERFIELD RD,E OVERFIELD DR,0,None,32.91631389,32.91631389,-111.653302780,-111.65330278,0,No Special Jurisdiction,12,Motor Vehicle In-Transport,6,Angle,0,No,2,Intersection,2,Four-Way Intersection,0,None,,,1,On Roadway,1,Daylight,,,,,1,Clear,0,No,0000000,Not Applicable,16,4:00pm-4:59pm,32,32,16,4:00pm-4:59pm,47,47,99,Unknown,99,Unknown EMS Hospital Arrival Time,,,,,,,1,
2023,4,40924,Arizona,1,1,0,1,1,1,1,13,MARICOPA (13),200,GLENDALE,16,16,12,December,2023,7,Saturday,10,10:00am-10:59am,40,40,0,This Section IS NOT on the NHS,2,Urban,5,Major Collector,4,City or Municipal Highway Agency,0,Not Signed,W OLIVE AVE,N 55TH AVE,0,None,33.56750000,33.56750000,-112.177538890,-112.17753889,0,No Special Jurisdiction,9,Pedalcyclist,0,The First Harmful Event was Not a Collision with a Motor Vehicle in Transport,0,No,3,Intersection-Related,2,Four-Way Intersection,0,None,,,1,On Roadway,1,Daylight,,,,,1,Clear,0,No,0000000,Not Applicable,10,10:00am-10:59am,41,41,10,10:00am-10:59am,46,46,11,11:00am-11:59am,3,3,,,,,,,1,
2023,4,40925,Arizona,4,4,0,0,0,4,4,13,MARICOPA (13),341,NEW RIVER,20,20,12,December,2023,4,Wednesday,15,3:00pm-3:59pm,2,2,1,This Section IS ON the NHS,2,Urban,3,Other Principal Arterial,1,State Highway Agency,1,Interstate,I-17,,340,340,33.86237500,33.86237500,-112.144969440,-112.14496944,0,No Special Jurisdiction,12,Motor Vehicle In-Transport,1,Front-to-Rear,0,No,1,Non-Junction,1,Not an Intersection,0,None,,,1,On Roadway,1,Daylight,,,,,1,Clear,0,No,0000000,Not Applicable,15,3:00pm-3:59pm,8,8,15,3:00pm-3:59pm,15,15,15,3:00pm-3:59pm,40,40,,,,,,,1,
2023,4,40926,Arizona,2,2,0,0,0,2,2,13,MARICOPA (13),388,QUEEN CREEK,26,26,12,December,2023,3,Tuesday,20,8:00pm-8:59pm,5,5,0,This Section IS NOT on the NHS,2,Urban,3,Other Principal Arterial,4,City or Municipal Highway Agency,0,Not Signed,E QUEEN CREEK RD,S ELLSWORTH RD,0,None,33.26332222,33.26332222,-111.634750000,-111.63475000,0,No Special Jurisdiction,12,Motor Vehicle In-Transport,6,Angle,0,No,2,Intersection,2,Four-Way Intersection,0,None,,,1,On Roadway,3,Dark - Lighted,,,,,1,Clear,0,No,0000000,Not Applicable,99,Unknown,99,Unknown,99,Unknown EMS Scene Arrival Hour,99,Unknown EMS Scene Arrival Minutes,88,"Not Applicable (Not Transported) ",88,Not Applicable (Not Transported),,,,,,,1,