caseyear,state,st_case,statename,ve_total,ve_forms,pvh_invl,peds,pernotmvit,permvit,persons,county,countyname,city,cityname,day,dayname,month,monthname,year,day_week,day_weekname,hour,hourname,minute,minutename,nhs,nhsname,rur_urb,rur_urbname,func_sys,func_sysname,rd_owner,rd_ownername,route,routename,tway_id,tway_id2,milept,mileptname,latitude,latitudename,longitud,longitudname,sp_jur,sp_jurname,harm_ev,harm_evname,man_coll,man_collname,reljct1,reljct1name,reljct2,reljct2name,typ_int,typ_intname,wrk_zone,wrk_zonename,road_fnc,road_fncname,rel_road,rel_roadname,lgt_cond,lgt_condname,weather1,weather1name,weather2,weather2name,weather,weathername,sch_bus,sch_busname,rail,railname,not_hour,not_hourname,not_min,not_minname,arr_hour,arr_hourname,arr_min,arr_minname,hosp_hr,hosp_hrname,hosp_mn,hosp_mnname,cf1,cf1name,cf2,cf2name,cf3,cf3name,fatals,drunk_dr
2023,4,41056,Arizona,2,2,0,0,0,2,2,13,MARICOPA (13),370,PHOENIX,20,20,5,May,2023,7,Saturday,10,10:00am-10:59am,17,17,0,This Section IS NOT on the NHS,2,Urban,5,Major Collector,4,City or Municipal Highway Agency,0,Not Signed,N 36TH ST,E CAMBRIDGE AVE,0,None,33.47771111,33.47771111,-112.004236110,-112.00423611,0,No Special Jurisdiction,12,Motor Vehicle In-Transport,6,Angle,0,No,2,Intersection,3,T-Intersection,0,None,,,1,On Roadway,1,Daylight,,,,,1,Clear,0,No,0000000,Not Applicable,99,Unknown,99,Unknown,99,Unknown EMS Scene Arrival Hour,99,Unknown EMS Scene Arrival Minutes,99,Unknown,99,Unknown EMS Hospital Arrival Time,,,,,,,1,
2023,4,41057,Arizona,1,1,0,0,0,1,1,15,MOHAVE (15),269,LITTLEFIELD,5,5,8,August,2023,7,Saturday,14,2:00pm-2:59pm,57,57,1,This Section IS ON the NHS,1,Rural,3,Other Principal Arterial,1,State Highway Agency,1,Interstate,I-15,,140,140,36.91522500,36.91522500,-113.841786110,-113.84178611,0,No Special Jurisdiction,18,Other Object (not fixed),0,The First Harmful Event was Not a Collision with a Motor Vehicle in Transport,0,No,1,Non-Junction,1,Not an Intersection,1,Construction,,,4,On Roadside,1,Daylight,,,,,1,Clear,0,No,0000000,Not Applicable,15,3:00pm-3:59pm,2,2,15,3:00pm-3:59pm,21,21,88,"Not Applicable (Not Transported) ",88,Not Applicable (Not Transported),,,,,,,1,
2023,4,41058,Arizona,2,2,0,0,0,3,3,3,COCHISE (3),580,WILLCOX,10,10,10,October,2023,3,Tuesday,7,7:00am-7:59am,12,12,1,This Section IS ON the NHS,1,Rural,3,Other Principal Arterial,1,State Highway Agency,1,Interstate,I-10,,3547,3547,32.36280833,32.36280833,-109.638358330,-109.63835833,0,No Special Jurisdiction,12,Motor Vehicle In-Transport,2,Front-to-Front,0,No,1,Non-Junction,1,Not an Intersection,0,None,,,1,On Roadway,1,Daylight,,,,,1,Clear,0,No,0000000,Not Applicable,7,7:00am-7:59am,15,15,7,7:00am-7:59am,28,28,99,Unknown,99,Unknown EMS Hospital Arrival Time,,,,,,,1,
2023,4,41059,Arizona,1,1,0,0,0,1,1,5,COCONINO (5),590,WILLIAMS,18,18,10,October,2023,4,Wednesday,16,4:00pm-4:59pm,34,34,1,This Section IS ON the NHS,1,Rural,3,Other Principal Arterial,1,State Highway Agency,1,Interstate,I-10,,1498,1498,35.21674167,35.21674167,-112.393591670,-112.39359167,0,No Special Jurisdiction,24,Guardrail Face,0,The First Harmful Event was Not a Collision with a Motor Vehicle in Transport,0,No,1,Non-Junction,1,Not an Intersection,0,None,,,4,On Roadside,1,Daylight,,,,,1,Clear,0,No,0000000,Not Applicable,16,4:00pm-4:59pm,38,38,16,4:00pm-4:59pm,57,57,19,7:00pm-7:59pm,50,50,,,,,,,1,
2023,4,41060,Arizona,2,2,0,0,0,4,4,1,APACHE (1),150,EAGAR,27,27,10,October,2023,6,Friday,18,6:00pm-6:59pm,56,56,0,This Section IS NOT on the NHS,2,Urban,5,Major Collector,1,State Highway Agency,0,Not Signed,CENTRAL AVE,,0,None,34.11101944,34.11101944,-109.264908330,-109.26490833,0,No Special Jurisdiction,12,Motor Vehicle In-Transport,2,Front-to-Front,0,No,1,Non-Junction,1,Not an Intersection,0,None,,,1,On Roadway,2,Dark - Not Lighted,,,,,1,Clear,0,No,0000000,Not Applicable,18,6:00pm-6:59pm,55,55,19,7:00pm-7:59pm,4,4,19,7:00pm-7:59pm,24,24,,,,,,,1,
2023,4,41061,Arizona,3,3,0,0,0,3,3,13,MARICOPA (13),370,PHOENIX,28,28,10,October,2023,7,Saturday,18,6:00pm-6:59pm,10,10,0,This Section IS NOT on the NHS,2,Urban,4,Minor Arterial,4,City or Municipal Highway Agency,0,Not Signed,N 91ST AVE,W HOLLY ST,0,None,33.46993056,33.46993056,-112.255286110,-112.25528611,0,No Special Jurisdiction,12,Motor Vehicle In-Transport,6,Angle,0,No,2,Intersection,3,T-Intersection,0,None,,,1,On Roadway,3,Dark - Lighted,,,,,1,Clear,0,No,0000000,Not Applicable,99,Unknown,99,Unknown,99,Unknown EMS Scene Arrival Hour,99,Unknown EMS Scene Arrival Minutes,88,"Not Applicable (Not Transported) ",88,Not Applicable (Not Transported),,,,,,,1,
2023,4,41062,Arizona,3,3,0,0,0,7,7,13,MARICOPA (13),525,TONOPAH,4,4,6,June,2023,1,Sunday,17,5:00pm-5:59pm,59,59,0,This Section IS NOT on the NHS,1,Rural,5,Major Collector,2,County Highway Agency,0,Not Signed,S 339TH AVE,W LOWER BUCKEYE RD,0,None,33.42106944,33.42106944,-112.781413890,-112.78141389,0,No Special Jurisdiction,12,Motor Vehicle In-Transport,6,Angle,0,No,2,Intersection,2,Four-Way Intersection,0,None,,,1,On Roadway,1,Daylight,,,,,1,Clear,0,No,0000000,Not Applicable,17,5:00pm-5:59pm,7,7,17,5:00pm-5:59pm,20,20,17,5:00pm-5:59pm,48,48,,,,,,,1,
2023,4,41063,Arizona,1,1,0,1,1,1,1,17,NAVAJO (17),262,PINETOP-LAKESIDE,23,23,11,November,2023,5,Thursday,3,3:00am-3:59am,30,30,0,This Section IS NOT on the NHS,1,Rural,4,Minor Arterial,1,State Highway Agency,3,State Highway,SR-73,,441,441,34.05308333,34.05308333,-109.918663890,-109.91866389,3,Indian Reservation,8,Pedestrian,0,The First Harmful Event was Not a Collision with a Motor Vehicle in Transport,0,No,1,Non-Junction,1,Not an Intersection,0,None,,,1,On Roadway,2,Dark - Not Lighted,,,,,1,Clear,0,No,0000000,Not Applicable,3,3:00am-3:59am,37,37,3,3:00am-3:59am,45,45,88,"Not Applicable (Not Transported) ",88,Not Applicable (Not Transported),,,,,,,1,
2023,4,41064,Arizona,1,1,0,0,0,1,1,19,PIMA (19),530,TUCSON,30,30,11,November,2023,5,Thursday,23,11:00pm-11:59pm,33,33,0,This Section IS NOT on the NHS,2,Urban,5,Major Collector,4,City or Municipal Highway Agency,0,Not Signed,COUNTRY CLUB RD,IOWA ST,0,None,32.16127222,32.16127222,-110.926358330,-110.92635833,0,No Special Jurisdiction,1,Rollover/Overturn,0,The First Harmful Event was Not a Collision with a Motor Vehicle in Transport,0,No,3,Intersection-Related,3,T-Intersection,0,None,,,5,Outside Trafficway,3,Dark - Lighted,,,,,1,Clear,0,No,0000000,Not Applicable,23,11:00pm-11:59pm,45,45,23,11:00pm-11:59pm,45,45,88,"Not Applicable (Not Transported) ",88,Not Applicable (Not Transported),,,,,,,1,
2023,4,41065,Arizona,1,1,0,0,0,2,2,19,PIMA (19),530,TUCSON,29,29,12,December,2023,6,Friday,14,2:00pm-2:59pm,58,58,0,This Section IS NOT on the NHS,2,Urban,4,Minor Arterial,4,City or Municipal Highway Agency,0,Not Signed,PRINCE RD,,0,None,32.27206944,32.27206944,-110.988955560,-110.98895556,0,No Special Jurisdiction,1,Rollover/Overturn,0,The First Harmful Event was Not a Collision with a Motor Vehicle in Transport,0,No,1,Non-Junction,1,Not an Intersection,0,None,,,1,On Roadway,1,Daylight,,,,,1,Clear,0,No,0000000,Not Applicable,14,2:00pm-2:59pm,57,57,14,2:00pm-2:59pm,58,58,15,3:00pm-3:59pm,15,15,,,,,,,1,
2023,4,41066,Arizona,1,1,0,1,1,2,2,19,PIMA (19),530,TUCSON,5,5,11,November,2023,1,Sunday,22,10:00pm-10:59pm,5,5,0,This Section IS NOT on the NHS,2,Urban,5,Major Collector,4,City or Municipal Highway Agency,0,Not Signed,12TH AVE,,0,None,32.13311944,32.13311944,-110.977863890,-110.97786389,0,No Special Jurisdiction,8,Pedestrian,0,The First Harmful Event was Not a Collision with a Motor Vehicle in Transport,0,No,1,Non-Junction,1,Not an Intersection,0,None,,,1,On Roadway,3,Dark - Lighted,,,,,1,Clear,0,No,0000000,Not Applicable,99,Unknown,99,Unknown,99,Unknown EMS Scene Arrival Hour,99,Unknown EMS Scene Arrival Minutes,99,Unknown,99,Unknown EMS Hospital Arrival Time,,,,,,,1,
2023,4,41067,Arizona,1,1,0,1,1,1,1,13,MARICOPA (13),370,PHOENIX,31,31,10,October,2023,3,Tuesday,4,4:00am-4:59am,52,52,0,This Section IS NOT on the NHS,2,Urban,4,Minor Arterial,4,City or Municipal Highway Agency,0,Not Signed,W BUCKEYE RD,,0,None,33.43686389,33.43686389,-112.083369440,-112.08336944,0,No Special Jurisdiction,8,Pedestrian,0,The First Harmful Event was Not a Collision with a Motor Vehicle in Transport,0,No,1,Non-Junction,1,Not an Intersection,0,None,,,1,On Roadway,3,Dark - Lighted,,,,,1,Clear,0,No,0000000,Not Applicable,99,Unknown,99,Unknown,99,Unknown EMS Scene Arrival Hour,99,Unknown EMS Scene Arrival Minutes,99,Unknown,99,Unknown EMS Hospital Arrival Time,,,,,,,1,
2023,4,41068,Arizona,1,1,0,0,0,2,2,13,MARICOPA (13),290,MESA,10,10,12,December,2023,1,Sunday,19,7:00pm-7:59pm,1,1,1,This Section IS ON the NHS,2,Urban,3,Other Principal Arterial,1,State Highway Agency,2,U.S. Highway,US-60 EXIT RAMP 187 A-RAMP,SUPERSTITION SPRINGS BLVD 01,0,None,33.38615556,33.38615556,-111.693563890,-111.69356389,0,No Special Jurisdiction,25,Concrete Traffic Barrier,0,The First Harmful Event was Not a Collision with a Motor Vehicle in Transport,1,Yes,3,Intersection-Related,3,T-Intersection,0,None,,,4,On Roadside,3,Dark - Lighted,,,,,1,Clear,0,No,0000000,Not Applicable,19,7:00pm-7:59pm,4,4,19,7:00pm-7:59pm,13,13,88,"Not Applicable (Not Transported) ",88,Not Applicable (Not Transported),,,,,,,2,
2023,4,41069,Arizona,2,2,0,0,0,3,3,13,MARICOPA (13),370,PHOENIX,13,13,12,December,2023,4,Wednesday,20,8:00pm-8:59pm,40,40,1,This Section IS ON the NHS,2,Urban,3,Other Principal Arterial,4,City or Municipal Highway Agency,0,Not Signed,E SHEA BLVD,,0,None,33.58265833,33.58265833,-112.000394440,-112.00039444,0,No Special Jurisdiction,12,Motor Vehicle In-Transport,2,Front-to-Front,0,No,1,Non-Junction,1,Not an Intersection,0,None,,,1,On Roadway,3,Dark - Lighted,,,,,1,Clear,0,No,0000000,Not Applicable,99,Unknown,99,Unknown,99,Unknown EMS Scene Arrival Hour,99,Unknown EMS Scene Arrival Minutes,99,Unknown,99,Unknown EMS Hospital Arrival Time,,,,,,,1,
2023,4,41070,Arizona,3,3,0,0,0,5,5,13,MARICOPA (13),370,PHOENIX,30,30,12,December,2023,7,Saturday,18,6:00pm-6:59pm,0,0,0,This Section IS NOT on the NHS,2,Urban,4,Minor Arterial,4,City or Municipal Highway Agency,0,Not Signed,N 43RD AVE,W HUBBELL ST,0,None,33.46958611,33.46958611,-112.151772220,-112.15177222,0,No Special Jurisdiction,12,Motor Vehicle In-Transport,2,Front-to-Front,0,No,2,Intersection,3,T-Intersection,0,None,,,1,On Roadway,2,Dark - Not Lighted,,,,,1,Clear,0,No,0000000,Not Applicable,99,Unknown,99,Unknown,99,Unknown EMS Scene Arrival Hour,99,Unknown EMS Scene Arrival Minutes,99,Unknown,99,Unknown EMS Hospital Arrival Time,,,,,,,1,
2023,4,41071,Arizona,2,2,0,0,0,3,3,13,MARICOPA (13),68,CAREFREE,10,10,12,December,2023,1,Sunday,12,12:00pm-12:59pm,54,54,0,This Section IS NOT on the NHS,2,Urban,5,Major Collector,4,City or Municipal Highway Agency,0,Not Signed,CAVE CREEK RD,PIMA RD,0,None,33.81828889,33.81828889,-111.891233330,-111.89123333,0,No Special Jurisdiction,12,Motor Vehicle In-Transport,1,Front-to-Rear,0,No,2,Intersection,2,Four-Way Intersection,0,None,,,1,On Roadway,1,Daylight,,,,,1,Clear,0,No,0000000,Not Applicable,12,12:00pm-12:59pm,54,54,13,1:00pm-1:59pm,2,2,13,1:00pm-1:59pm,27,27,,,,,,,1,
2023,4,41073,Arizona,2,2,0,0,0,4,4,13,MARICOPA (13),184,FORT MCDOWELL,1,1,9,September,2023,6,Friday,23,11:00pm-11:59pm,26,26,0,This Section IS NOT on the NHS,1,Rural,4,Minor Arterial,2,County Highway Agency,0,Not Signed,BUSH HIGHWAY,,0,None,33.55290833,33.55290833,-111.579675000,-111.57967500,1,National Park Service,12,Motor Vehicle In-Transport,2,Front-to-Front,0,No,1,Non-Junction,1,Not an Intersection,0,None,,,1,On Roadway,2,Dark - Not Lighted,,,,,10,Cloudy,0,No,0000000,Not Applicable,23,11:00pm-11:59pm,26,26,23,11:00pm-11:59pm,40,40,99,Unknown,99,Unknown EMS Hospital Arrival Time,,,,,,,2,
2023,4,41074,Arizona,2,2,0,0,0,3,3,13,MARICOPA (13),370,PHOENIX,14,14,9,September,2023,5,Thursday,8,8:00am-8:59am,1,1,0,This Section IS NOT on the NHS,2,Urban,4,Minor Arterial,4,City or Municipal Highway Agency,0,Not Signed,W LOWER BUCKEYE RD,,0,None,33.42300000,33.42300000,-112.227430560,-112.22743056,0,No Special Jurisdiction,12,Motor Vehicle In-Transport,6,Angle,0,No,8,Driveway Access Related,1,Not an Intersection,0,None,,,1,On Roadway,1,Daylight,,,,,1,Clear,0,No,0000000,Not Applicable,99,Unknown,99,Unknown,99,Unknown EMS Scene Arrival Hour,99,Unknown EMS Scene Arrival Minutes,99,Unknown,99,Unknown EMS Hospital Arrival Time,,,,,,,1,
2023,4,41075,Arizona,2,2,0,0,0,2,2,13,MARICOPA (13),370,PHOENIX,5,5,10,October,2023,5,Thursday,18,6:00pm-6:59pm,54,54,0,This Section IS NOT on the NHS,2,Urban,4,Minor Arterial,4,City or Municipal Highway Agency,0,Not Signed,EAST UNIVERSITY DR,SOUTH 44TH ST,0,None,33.42182778,33.42182778,-111.986775000,-111.98677500,0,No Special Jurisdiction,12,Motor Vehicle In-Transport,6,Angle,0,No,2,Intersection,3,T-Intersection,0,None,,,1,On Roadway,2,Dark - Not Lighted,,,,,1,Clear,0,No,0000000,Not Applicable,99,Unknown,99,Unknown,99,Unknown EMS Scene Arrival Hour,99,Unknown EMS Scene Arrival Minutes,99,Unknown,99,Unknown EMS Hospital Arrival Time,,,,,,,1,
2023,4,41076,Arizona,3,3,0,0,0,4,4,13,MARICOPA (13),80,CHANDLER,20,20,10,October,2023,6,Friday,14,2:00pm-2:59pm,20,20,1,This Section IS ON the NHS,2,Urban,3,Other Principal Arterial,1,State Highway Agency,1,Interstate,I-10,,1682,1682,33.22520556,33.22520556,-111.924583330,-111.92458333,0,No Special Jurisdiction,12,Motor Vehicle In-Transport,8,Sideswipe - Opposite Direction,0,No,1,Non-Junction,1,Not an Intersection,0,None,,,1,On Roadway,1,Daylight,,,,,1,Clear,0,No,0000000,Not Applicable,14,2:00pm-2:59pm,22,22,14,2:00pm-2:59pm,43,43,15,3:00pm-3:59pm,11,11,,,,,,,1,
2023,4,41077,Arizona,1,1,0,0,0,2,2,19,PIMA (19),530,TUCSON,27,27,10,October,2023,6,Friday,13,1:00pm-1:59pm,13,13,0,This Section IS NOT on the NHS,2,Urban,6,Minor Collector,2,County Highway Agency,0,Not Signed,S WESTOVER AVE,,0,None,32.12987222,32.12987222,-111.024630560,-111.02463056,0,No Special Jurisdiction,33,Curb,0,The First Harmful Event was Not a Collision with a Motor Vehicle in Transport,0,No,1,Non-Junction,1,Not an Intersection,0,None,,,4,On Roadside,1,Daylight,,,,,1,Clear,0,No,0000000,Not Applicable,13,1:00pm-1:59pm,14,14,13,1:00pm-1:59pm,20,20,99,Unknown,99,Unknown EMS Hospital Arrival Time,,,,,,,1,
2023,4,41078,Arizona,2,2,0,0,0,3,3,13,MARICOPA (13),370,PHOENIX,3,3,11,November,2023,6,Friday,21,9:00pm-9:59pm,53,53,0,This Section IS NOT on the NHS,2,Urban,6,Minor Collector,1,State Highway Agency,0,Not Signed,W BEARDSLEY RD,N 7TH AVE,0,None,33.66807500,33.66807500,-112.082816670,-112.08281667,0,No Special Jurisdiction,33,Curb,0,The First Harmful Event was Not a Collision with a Motor Vehicle in Transport,1,Yes,3,Intersection-Related,2,Four-Way Intersection,0,None,,,3,On Median,3,Dark - Lighted,,,,,1,Clear,0,No,0000000,Not Applicable,99,Unknown,99,Unknown,99,Unknown EMS Scene Arrival Hour,99,Unknown EMS Scene Arrival Minutes,88,"Not Applicable (Not Transported) ",88,Not Applicable (Not Transported),,,,,,,1,
2023,4,41079,Arizona,1,1,0,1,1,1,1,13,MARICOPA (13),60,BUCKEYE,16,16,11,November,2023,5,Thursday,1,1:00am-1:59am,28,28,1,This Section IS ON the NHS,2,Urban,3,Other Principal Arterial,1,State Highway Agency,1,Interstate,I-10,,1190,1190,33.45854444,33.45854444,-112.512888890,-112.51288889,0,No Special Jurisdiction,8,Pedestrian,0,The First Harmful Event was Not a Collision with a Motor Vehicle in Transport,0,No,1,Non-Junction,1,Not an Intersection,0,None,,,2,On Shoulder,3,Dark - Lighted,,,,,2,Rain,0,No,0000000,Not Applicable,1,1:00am-1:59am,42,42,1,1:00am-1:59am,52,52,88,"Not Applicable (Not Transported) ",88,Not Applicable (Not Transported),,,,,,,1,
2023,4,41080,Arizona,1,1,0,1,1,1,1,13,MARICOPA (13),370,PHOENIX,22,22,11,November,2023,4,Wednesday,5,5:00am-5:59am,32,32,0,This Section IS NOT on the NHS,2,Urban,6,Minor Collector,4,City or Municipal Highway Agency,0,Not Signed,N 27TH AVE,,0,None,33.45149167,33.45149167,-112.117602780,-112.11760278,0,No Special Jurisdiction,8,Pedestrian,0,The First Harmful Event was Not a Collision with a Motor Vehicle in Transport,0,No,1,Non-Junction,1,Not an Intersection,0,None,,,1,On Roadway,3,Dark - Lighted,,,,,1,Clear,0,No,0000000,Not Applicable,99,Unknown,99,Unknown,99,Unknown EMS Scene Arrival Hour,99,Unknown EMS Scene Arrival Minutes,99,Unknown,99,Unknown EMS Hospital Arrival Time,,,,,,,1,
2023,4,41081,Arizona,3,3,0,0,0,4,4,13,MARICOPA (13),490,TEMPE,15,15,12,December,2023,6,Friday,14,2:00pm-2:59pm,8,8,1,This Section IS ON the NHS,2,Urban,3,Other Principal Arterial,1,State Highway Agency,3,State Highway,SR-202 NONCARD,,79,79,33.43596389,33.43596389,-111.904622220,-111.90462222,0,No Special Jurisdiction,12,Motor Vehicle In-Transport,1,Front-to-Rear,0,No,1,Non-Junction,1,Not an Intersection,0,None,,,1,On Roadway,1,Daylight,,,,,1,Clear,0,No,0000000,Not Applicable,14,2:00pm-2:59pm,10,10,14,2:00pm-2:59pm,15,15,14,2:00pm-2:59pm,33,33,,,,,,,2,
2023,4,41082,Arizona,1,1,0,1,1,1,1,13,MARICOPA (13),370,PHOENIX,19,19,12,December,2023,3,Tuesday,21,9:00pm-9:59pm,49,49,0,This Section IS NOT on the NHS,2,Urban,4,Minor Arterial,4,City or Municipal Highway Agency,0,Not Signed,E SOUTHERN AVE,,0,None,33.39269167,33.39269167,-111.982672220,-111.98267222,0,No Special Jurisdiction,8,Pedestrian,0,The First Harmful Event was Not a Collision with a Motor Vehicle in Transport,0,No,1,Non-Junction,1,Not an Intersection,0,None,,,1,On Roadway,3,Dark - Lighted,,,,,2,Rain,0,No,0000000,Not Applicable,99,Unknown,99,Unknown,99,Unknown EMS Scene Arrival Hour,99,Unknown EMS Scene Arrival Minutes,99,Unknown,99,Unknown EMS Hospital Arrival Time,,,,,,,1,
2023,4,41083,Arizona,1,1,0,1,1,1,1,13,MARICOPA (13),370,PHOENIX,31,31,12,December,2023,1,Sunday,23,11:00pm-11:59pm,38,38,0,This Section IS NOT on the NHS,2,Urban,4,Minor Arterial,2,County Highway Agency,0,Not Signed,W MCDOWELL RD,,0,None,33.46533889,33.46533889,-112.243655560,-112.24365556,0,No Special Jurisdiction,8,Pedestrian,0,The First Harmful Event was Not a Collision with a Motor Vehicle in Transport,0,No,1,Non-Junction,1,Not an Intersection,0,None,,,1,On Roadway,3,Dark - Lighted,,,,,1,Clear,0,No,0000000,Not Applicable,23,11:00pm-11:59pm,38,38,23,11:00pm-11:59pm,45,45,0,0:00am-0:59am,5,5,,,,,,,1,
2023,4,41084,Arizona,1,1,0,1,1,1,1,12,LA PAZ (12),340,PARKER,23,23,8,August,2023,4,Wednesday,20,8:00pm-8:59pm,21,21,0,This Section IS NOT on the NHS,1,Rural,5,Major Collector,1,State Highway Agency,3,State Highway,SR-95,,99998,Not Reported,77.77770000,77.77770000,777.777700000,777.77770000,0,No Special Jurisdiction,8,Pedestrian,0,The First Harmful Event was Not a Collision with a Motor Vehicle in Transport,8,Not Reported,98,Not Reported,98,Not Reported,0,None,,,1,On Roadway,8,Not Reported,,,,,98,Not Reported,0,No,0000000,Not Applicable,99,Unknown,99,Unknown,99,Unknown EMS Scene Arrival Hour,99,Unknown EMS Scene Arrival Minutes,88,"Not Applicable (Not Transported) ",88,Not Applicable (Not Transported),,,,,,,1,
2023,4,41085,Arizona,1,1,0,0,0,1,1,13,MARICOPA (13),370,PHOENIX,24,24,8,August,2023,5,Thursday,18,6:00pm-6:59pm,53,53,1,This Section IS ON the NHS,2,Urban,1,Interstate,1,State Highway Agency,1,Interstate,I-17 ACCESS RD,,0,None,33.65104444,33.65104444,-112.114363890,-112.11436389,0,No Special Jurisdiction,30,Utility Pole/Light Support,0,The First Harmful Event was Not a Collision with a Motor Vehicle in Transport,0,No,1,Non-Junction,1,Not an Intersection,0,None,,,4,On Roadside,9,Reported as Unknown,,,,,99,Reported as Unknown,0,No,0000000,Not Applicable,99,Unknown,99,Unknown,99,Unknown EMS Scene Arrival Hour,99,Unknown EMS Scene Arrival Minutes,99,Unknown,99,Unknown EMS Hospital Arrival Time,,,,,,,1,
2023,4,41086,Arizona,2,2,0,0,0,2,2,13,MARICOPA (13),370,PHOENIX,8,8,7,July,2023,7,Saturday,4,4:00am-4:59am,36,36,0,This Section IS NOT on the NHS,2,Urban,4,Minor Arterial,4,City or Municipal Highway Agency,0,Not Signed,N 19TH AVE,W NORTHERN AVE,0,None,77.77770000,77.77770000,777.777700000,777.77770000,0,No Special Jurisdiction,12,Motor Vehicle In-Transport,98,Not Reported,0,No,2,Intersection,2,Four-Way Intersection,0,None,,,1,On Roadway,8,Not Reported,,,,,98,Not Reported,0,No,0000000,Not Applicable,99,Unknown,99,Unknown,99,Unknown EMS Scene Arrival Hour,99,Unknown EMS Scene Arrival Minutes,99,Unknown,99,Unknown EMS Hospital Arrival Time,,,,,,,1,
2023,4,41087,Arizona,1,1,0,2,2,1,1,13,MARICOPA (13),370,PHOENIX,11,11,7,July,2023,3,Tuesday,4,4:00am-4:59am,45,45,0,This Section IS NOT on the NHS,2,Urban,3,Other Principal Arterial,4,City or Municipal Highway Agency,0,Not Signed,51 ST AVE,,0,None,77.77770000,77.77770000,777.777700000,777.77770000,0,No Special Jurisdiction,8,Pedestrian,0,The First Harmful Event was Not a Collision with a Motor Vehicle in Transport,0,No,1,Non-Junction,1,Not an Intersection,0,None,,,1,On Roadway,8,Not Reported,,,,,98,Not Reported,0,No,0000000,Not Applicable,99,Unknown,99,Unknown,99,Unknown EMS Scene Arrival Hour,99,Unknown EMS Scene Arrival Minutes,99,Unknown,99,Unknown EMS Hospital Arrival Time,,,,,,,1,
2023,4,41088,Arizona,1,1,0,1,1,1,1,13,MARICOPA (13),370,PHOENIX,22,22,8,August,2023,3,Tuesday,5,5:00am-5:59am,10,10,0,This Section IS NOT on the NHS,2,Urban,4,Minor Arterial,4,City or Municipal Highway Agency,0,Not Signed,W AUGUSTA AVE,,0,None,33.55128056,33.55128056,-112.116966670,-112.11696667,0,No Special Jurisdiction,8,Pedestrian,0,The First Harmful Event was Not a Collision with a Motor Vehicle in Transport,0,No,98,Not Reported,98,Not Reported,0,None,,,98,Not Reported,4,Dawn,,,,,98,Not Reported,0,No,0000000,Not Applicable,99,Unknown,99,Unknown,99,Unknown EMS Scene Arrival Hour,99,Unknown EMS Scene Arrival Minutes,99,Unknown,99,Unknown EMS Hospital Arrival Time,,,,,,,1,
2023,4,41091,Arizona,1,1,0,0,0,2,2,25,YAVAPAI (25),386,PRESCOTT,26,26,8,August,2023,7,Saturday,99,Unknown Hours,99,Unknown Minutes,0,This Section IS NOT on the NHS,2,Urban,5,Major Collector,2,County Highway Agency,0,Not Signed,W MERRILL DR,,0,None,34.62761111,34.62761111,-112.495977780,-112.49597778,0,No Special Jurisdiction,1,Rollover/Overturn,0,The First Harmful Event was Not a Collision with a Motor Vehicle in Transport,8,Not Reported,98,Not Reported,98,Not Reported,0,None,,,5,Outside Trafficway,8,Not Reported,,,,,98,Not Reported,0,No,0000000,Not Applicable,99,Unknown,99,Unknown,99,Unknown EMS Scene Arrival Hour,99,Unknown EMS Scene Arrival Minutes,99,Unknown,99,Unknown EMS Hospital Arrival Time,,,,,,,1,
2023,4,41092,Arizona,1,1,0,0,0,1,1,21,PINAL (21),70,CASA GRANDE,27,27,8,August,2023,1,Sunday,2,2:00am-2:59am,30,30,0,This Section IS NOT on the NHS,2,Urban,3,Other Principal Arterial,1,State Highway Agency,3,State Highway,SR-387,,0,None,32.94764722,32.94764722,-111.756569440,-111.75656944,0,No Special Jurisdiction,99,Reported as Unknown,98,Not Reported,8,Not Reported,98,Not Reported,98,Not Reported,0,None,,,98,Not Reported,6,Dark - Unknown Lighting,,,,,98,Not Reported,0,No,0000000,Not Applicable,99,Unknown,99,Unknown,99,Unknown EMS Scene Arrival Hour,99,Unknown EMS Scene Arrival Minutes,88,"Not Applicable (Not Transported) ",88,Not Applicable (Not Transported),,,,,,,1,
2023,4,41093,Arizona,1,1,0,1,1,1,1,13,MARICOPA (13),370,PHOENIX,19,19,7,July,2023,4,Wednesday,2,2:00am-2:59am,0,0,1,This Section IS ON the NHS,2,Urban,3,Other Principal Arterial,4,City or Municipal Highway Agency,0,Not Signed,BASELINE RD,,0,None,77.77770000,77.77770000,777.777700000,777.77770000,0,No Special Jurisdiction,8,Pedestrian,0,The First Harmful Event was Not a Collision with a Motor Vehicle in Transport,0,No,1,Non-Junction,1,Not an Intersection,0,None,,,1,On Roadway,8,Not Reported,,,,,98,Not Reported,0,No,0000000,Not Applicable,99,Unknown,99,Unknown,99,Unknown EMS Scene Arrival Hour,99,Unknown EMS Scene Arrival Minutes,99,Unknown,99,Unknown EMS Hospital Arrival Time,,,,,,,1,
2023,4,41094,Arizona,1,1,0,1,1,1,1,13,MARICOPA (13),420,SCOTTSDALE,29,29,8,August,2023,3,Tuesday,21,9:00pm-9:59pm,46,46,1,This Section IS ON the NHS,2,Urban,3,Other Principal Arterial,1,State Highway Agency,3,State Highway,SR-101,,99998,Not Reported,33.46620278,33.46620278,-111.888669440,-111.88866944,0,No Special Jurisdiction,8,Pedestrian,0,The First Harmful Event was Not a Collision with a Motor Vehicle in Transport,0,No,1,Non-Junction,1,Not an Intersection,0,None,,,1,On Roadway,6,Dark - Unknown Lighting,,,,,98,Not Reported,0,No,0000000,Not Applicable,99,Unknown,99,Unknown,99,Unknown EMS Scene Arrival Hour,99,Unknown EMS Scene Arrival Minutes,88,"Not Applicable (Not Transported) ",88,Not Applicable (Not Transported),,,,,,,1,