caseyear,state,st_case,statename,ve_total,ve_forms,pvh_invl,peds,pernotmvit,permvit,persons,county,countyname,city,cityname,day,dayname,month,monthname,year,day_week,day_weekname,hour,hourname,minute,minutename,nhs,nhsname,rur_urb,rur_urbname,func_sys,func_sysname,rd_owner,rd_ownername,route,routename,tway_id,tway_id2,milept,mileptname,latitude,latitudename,longitud,longitudname,sp_jur,sp_jurname,harm_ev,harm_evname,man_coll,man_collname,reljct1,reljct1name,reljct2,reljct2name,typ_int,typ_intname,wrk_zone,wrk_zonename,road_fnc,road_fncname,rel_road,rel_roadname,lgt_cond,lgt_condname,weather1,weather1name,weather2,weather2name,weather,weathername,sch_bus,sch_busname,rail,railname,not_hour,not_hourname,not_min,not_minname,arr_hour,arr_hourname,arr_min,arr_minname,hosp_hr,hosp_hrname,hosp_mn,hosp_mnname,cf1,cf1name,cf2,cf2name,cf3,cf3name,fatals,drunk_dr
2023,4,41095,Arizona,1,1,0,0,0,2,2,19,PIMA (19),530,TUCSON,30,30,8,August,2023,4,Wednesday,99,Unknown Hours,99,Unknown Minutes,0,This Section IS NOT on the NHS,2,Urban,4,Minor Arterial,4,City or Municipal Highway Agency,0,Not Signed,E SPEEDWAY BLVD,,0,None,77.77770000,77.77770000,777.777700000,777.77770000,0,No Special Jurisdiction,99,Reported as Unknown,99,Reported as Unknown,8,Not Reported,98,Not Reported,98,Not Reported,0,None,,,98,Not Reported,8,Not Reported,,,,,98,Not Reported,0,No,0000000,Not Applicable,99,Unknown,99,Unknown,99,Unknown EMS Scene Arrival Hour,99,Unknown EMS Scene Arrival Minutes,99,Unknown,99,Unknown EMS Hospital Arrival Time,,,,,,,1,
2023,4,41096,Arizona,2,2,0,0,0,6,6,13,MARICOPA (13),370,PHOENIX,9,9,9,September,2023,7,Saturday,2,2:00am-2:59am,0,0,1,This Section IS ON the NHS,2,Urban,3,Other Principal Arterial,4,City or Municipal Highway Agency,0,Not Signed,E SHEA BLVD,,0,None,33.58276944,33.58276944,-111.978022220,-111.97802222,0,No Special Jurisdiction,12,Motor Vehicle In-Transport,98,Not Reported,0,No,98,Not Reported,98,Not Reported,0,None,,,1,On Roadway,6,Dark - Unknown Lighting,,,,,98,Not Reported,0,No,0000000,Not Applicable,99,Unknown,99,Unknown,99,Unknown EMS Scene Arrival Hour,99,Unknown EMS Scene Arrival Minutes,99,Unknown,99,Unknown EMS Hospital Arrival Time,,,,,,,1,
2023,4,41097,Arizona,1,1,0,1,1,1,1,13,MARICOPA (13),370,PHOENIX,10,10,9,September,2023,1,Sunday,19,7:00pm-7:59pm,30,30,1,This Section IS ON the NHS,2,Urban,3,Other Principal Arterial,4,City or Municipal Highway Agency,0,Not Signed,7TH ST,E MCDOWELL RD,0,None,33.46576389,33.46576389,-112.065166670,-112.06516667,0,No Special Jurisdiction,8,Pedestrian,0,The First Harmful Event was Not a Collision with a Motor Vehicle in Transport,0,No,2,Intersection,2,Four-Way Intersection,0,None,,,1,On Roadway,8,Not Reported,,,,,98,Not Reported,0,No,0000000,Not Applicable,99,Unknown,99,Unknown,99,Unknown EMS Scene Arrival Hour,99,Unknown EMS Scene Arrival Minutes,99,Unknown,99,Unknown EMS Hospital Arrival Time,,,,,,,1,
2023,4,41099,Arizona,2,2,0,0,0,3,3,13,MARICOPA (13),290,MESA,17,17,9,September,2023,1,Sunday,7,7:00am-7:59am,51,51,0,This Section IS NOT on the NHS,2,Urban,4,Minor Arterial,4,City or Municipal Highway Agency,0,Not Signed,S SIGNAL BUTTE RD,E ELLIOT RD,0,None,33.35001111,33.35001111,-111.601144440,-111.60114444,0,No Special Jurisdiction,12,Motor Vehicle In-Transport,98,Not Reported,0,No,2,Intersection,2,Four-Way Intersection,0,None,,,1,On Roadway,1,Daylight,,,,,1,Clear,0,No,0000000,Not Applicable,99,Unknown,99,Unknown,99,Unknown EMS Scene Arrival Hour,99,Unknown EMS Scene Arrival Minutes,99,Unknown,99,Unknown EMS Hospital Arrival Time,,,,,,,1,
2023,4,41100,Arizona,1,1,0,0,0,2,2,15,MOHAVE (15),366,PEACH SPRINGS,21,21,1,January,2023,7,Saturday,6,6:00am-6:59am,0,0,0,This Section IS NOT on the NHS,1,Rural,5,Major Collector,1,State Highway Agency,3,State Highway,SR-66,,456,456,35.52268056,35.52268056,-113.463641670,-113.46364167,0,No Special Jurisdiction,5,Fell/Jumped from Vehicle,0,The First Harmful Event was Not a Collision with a Motor Vehicle in Transport,0,No,98,Not Reported,98,Not Reported,0,None,,,1,On Roadway,9,Reported as Unknown,,,,,98,Not Reported,0,No,0000000,Not Applicable,99,Unknown,99,Unknown,99,Unknown EMS Scene Arrival Hour,99,Unknown EMS Scene Arrival Minutes,99,Unknown,99,Unknown EMS Hospital Arrival Time,,,,,,,1,
2023,4,41101,Arizona,1,1,0,1,1,1,1,13,MARICOPA (13),370,PHOENIX,21,21,9,September,2023,5,Thursday,19,7:00pm-7:59pm,31,31,1,This Section IS ON the NHS,2,Urban,3,Other Principal Arterial,4,City or Municipal Highway Agency,0,Not Signed,1400 S 7TH ST,,0,None,33.43463333,33.43463333,-112.065025000,-112.06502500,0,No Special Jurisdiction,8,Pedestrian,0,The First Harmful Event was Not a Collision with a Motor Vehicle in Transport,0,No,1,Non-Junction,1,Not an Intersection,0,None,,,1,On Roadway,2,Dark - Not Lighted,,,,,98,Not Reported,0,No,0000000,Not Applicable,99,Unknown,99,Unknown,99,Unknown EMS Scene Arrival Hour,99,Unknown EMS Scene Arrival Minutes,88,"Not Applicable (Not Transported) ",88,Not Applicable (Not Transported),,,,,,,1,
2023,4,41102,Arizona,1,1,0,1,1,1,1,13,MARICOPA (13),370,PHOENIX,1,1,5,May,2023,2,Monday,5,5:00am-5:59am,0,0,0,This Section IS NOT on the NHS,2,Urban,4,Minor Arterial,4,City or Municipal Highway Agency,0,Not Signed,N 19TH AVE,,0,None,77.77770000,77.77770000,777.777700000,777.77770000,0,No Special Jurisdiction,8,Pedestrian,0,The First Harmful Event was Not a Collision with a Motor Vehicle in Transport,0,No,1,Non-Junction,1,Not an Intersection,0,None,,,1,On Roadway,8,Not Reported,,,,,98,Not Reported,0,No,0000000,Not Applicable,99,Unknown,99,Unknown,99,Unknown EMS Scene Arrival Hour,99,Unknown EMS Scene Arrival Minutes,88,"Not Applicable (Not Transported) ",88,Not Applicable (Not Transported),,,,,,,1,
2023,4,41104,Arizona,1,1,0,1,1,1,1,17,NAVAJO (17),253,KAYENTA,1,1,5,May,2023,2,Monday,21,9:00pm-9:59pm,18,18,0,This Section IS NOT on the NHS,1,Rural,5,Major Collector,1,State Highway Agency,2,U.S. Highway,US-163,,174,174,36.92700278,36.92700278,-110.223633330,-110.22363333,0,No Special Jurisdiction,8,Pedestrian,0,The First Harmful Event was Not a Collision with a Motor Vehicle in Transport,0,No,1,Non-Junction,1,Not an Intersection,0,None,,,1,On Roadway,8,Not Reported,,,,,98,Not Reported,0,No,0000000,Not Applicable,99,Unknown,99,Unknown,99,Unknown EMS Scene Arrival Hour,99,Unknown EMS Scene Arrival Minutes,99,Unknown,98,Unknown if Transported,,,,,,,1,
2023,4,41105,Arizona,2,2,0,0,0,2,2,5,COCONINO (5),170,FLAGSTAFF,1,1,5,May,2023,2,Monday,14,2:00pm-2:59pm,15,15,1,This Section IS ON the NHS,2,Urban,3,Other Principal Arterial,1,State Highway Agency,2,U.S. Highway,US-89,N SMOKERISE DR,0,None,35.23321667,35.23321667,-111.575908330,-111.57590833,0,No Special Jurisdiction,12,Motor Vehicle In-Transport,6,Angle,0,No,2,Intersection,3,T-Intersection,0,None,,,1,On Roadway,1,Daylight,,,,,1,Clear,0,No,0000000,Not Applicable,99,Unknown,99,Unknown,99,Unknown EMS Scene Arrival Hour,99,Unknown EMS Scene Arrival Minutes,99,Unknown,99,Unknown EMS Hospital Arrival Time,,,,,,,1,
2023,4,41106,Arizona,1,1,0,1,1,1,1,13,MARICOPA (13),370,PHOENIX,25,25,9,September,2023,2,Monday,7,7:00am-7:59am,23,23,1,This Section IS ON the NHS,2,Urban,3,Other Principal Arterial,4,City or Municipal Highway Agency,0,Not Signed,N 7TH ST,,0,None,33.63796389,33.63796389,-112.065405560,-112.06540556,0,No Special Jurisdiction,8,Pedestrian,0,The First Harmful Event was Not a Collision with a Motor Vehicle in Transport,0,No,1,Non-Junction,1,Not an Intersection,0,None,,,1,On Roadway,1,Daylight,,,,,1,Clear,0,No,0000000,Not Applicable,99,Unknown,99,Unknown,99,Unknown EMS Scene Arrival Hour,99,Unknown EMS Scene Arrival Minutes,99,Unknown,99,Unknown EMS Hospital Arrival Time,,,,,,,1,
2023,4,41107,Arizona,1,1,0,0,0,1,1,19,PIMA (19),425,SELLS,2,2,7,July,2023,1,Sunday,18,6:00pm-6:59pm,10,10,9,Unknown if This Section Is on the NHS,1,Rural,98,Not Reported,1,State Highway Agency,99,Unknown/Not Reported,RT-21,,0,None,77.77770000,77.77770000,777.777700000,777.77770000,0,No Special Jurisdiction,1,Rollover/Overturn,0,The First Harmful Event was Not a Collision with a Motor Vehicle in Transport,8,Not Reported,98,Not Reported,98,Not Reported,0,None,,,98,Not Reported,1,Daylight,,,,,98,Not Reported,0,No,0000000,Not Applicable,99,Unknown,99,Unknown,99,Unknown EMS Scene Arrival Hour,99,Unknown EMS Scene Arrival Minutes,88,"Not Applicable (Not Transported) ",88,Not Applicable (Not Transported),,,,,,,1,
2023,4,41108,Arizona,2,2,0,0,0,2,2,3,COCHISE (3),431,SIERRA VISTA,24,24,6,June,2023,7,Saturday,18,6:00pm-6:59pm,54,54,0,This Section IS NOT on the NHS,2,Urban,4,Minor Arterial,4,City or Municipal Highway Agency,3,State Highway,SR-92,AVENIDA COCHISE,0,None,31.53287778,31.53287778,-110.257697220,-110.25769722,0,No Special Jurisdiction,12,Motor Vehicle In-Transport,98,Not Reported,0,No,2,Intersection,2,Four-Way Intersection,0,None,,,1,On Roadway,1,Daylight,,,,,10,Cloudy,0,No,0000000,Not Applicable,99,Unknown,99,Unknown,99,Unknown EMS Scene Arrival Hour,99,Unknown EMS Scene Arrival Minutes,99,Unknown,99,Unknown EMS Hospital Arrival Time,,,,,,,1,
2023,4,41109,Arizona,1,1,0,1,1,1,1,19,PIMA (19),117,CORONA DE TUCSON,2,2,5,May,2023,3,Tuesday,10,10:00am-10:59am,48,48,0,This Section IS NOT on the NHS,2,Urban,4,Minor Arterial,4,City or Municipal Highway Agency,0,Not Signed,S PALO VERDE RD,,0,None,77.77770000,77.77770000,777.777700000,777.77770000,0,No Special Jurisdiction,8,Pedestrian,0,The First Harmful Event was Not a Collision with a Motor Vehicle in Transport,0,No,1,Non-Junction,1,Not an Intersection,0,None,,,1,On Roadway,8,Not Reported,,,,,98,Not Reported,0,No,0000000,Not Applicable,99,Unknown,99,Unknown,99,Unknown EMS Scene Arrival Hour,99,Unknown EMS Scene Arrival Minutes,88,"Not Applicable (Not Transported) ",88,Not Applicable (Not Transported),,,,,,,1,
2023,4,41110,Arizona,2,2,0,1,1,2,2,13,MARICOPA (13),370,PHOENIX,6,6,8,August,2023,1,Sunday,21,9:00pm-9:59pm,4,4,1,This Section IS ON the NHS,2,Urban,3,Other Principal Arterial,4,City or Municipal Highway Agency,0,Not Signed,W BASELINE RD,,0,None,77.77770000,77.77770000,777.777700000,777.77770000,0,No Special Jurisdiction,8,Pedestrian,0,The First Harmful Event was Not a Collision with a Motor Vehicle in Transport,0,No,1,Non-Junction,1,Not an Intersection,0,None,,,1,On Roadway,3,Dark - Lighted,,,,,98,Not Reported,0,No,0000000,Not Applicable,99,Unknown,99,Unknown,99,Unknown EMS Scene Arrival Hour,99,Unknown EMS Scene Arrival Minutes,88,"Not Applicable (Not Transported) ",88,Not Applicable (Not Transported),,,,,,,1,
2023,4,41111,Arizona,1,1,0,0,0,1,1,17,NAVAJO (17),255,KEAMS CANYON,6,6,5,May,2023,7,Saturday,1,1:00am-1:59am,36,36,0,This Section IS NOT on the NHS,1,Rural,4,Minor Arterial,1,State Highway Agency,3,State Highway,SR-264,,792,792,35.82520833,35.82520833,-110.220613890,-110.22061389,0,No Special Jurisdiction,1,Rollover/Overturn,0,The First Harmful Event was Not a Collision with a Motor Vehicle in Transport,0,No,1,Non-Junction,1,Not an Intersection,0,None,,,4,On Roadside,6,Dark - Unknown Lighting,,,,,98,Not Reported,0,No,0000000,Not Applicable,99,Unknown,99,Unknown,99,Unknown EMS Scene Arrival Hour,99,Unknown EMS Scene Arrival Minutes,99,Unknown,98,Unknown if Transported,,,,,,,1,
2023,4,41112,Arizona,1,1,0,1,1,1,1,998,Not Reported,9898,Not Reported,16,16,11,November,2023,5,Thursday,99,Unknown Hours,99,Unknown Minutes,9,Unknown if This Section Is on the NHS,9,Unknown,99,Unknown,99,Unknown,99,Unknown/Not Reported,UNKNOWN,,99998,Not Reported,77.77770000,77.77770000,777.777700000,777.77770000,9,Unknown,8,Pedestrian,0,The First Harmful Event was Not a Collision with a Motor Vehicle in Transport,8,Not Reported,98,Not Reported,98,Not Reported,0,None,,,98,Not Reported,8,Not Reported,,,,,98,Not Reported,0,No,0000000,Not Applicable,99,Unknown,99,Unknown,99,Unknown EMS Scene Arrival Hour,99,Unknown EMS Scene Arrival Minutes,99,Unknown,99,Unknown EMS Hospital Arrival Time,,,,,,,1,
2023,4,41113,Arizona,1,1,0,0,0,1,1,19,PIMA (19),425,SELLS,18,18,7,July,2023,3,Tuesday,11,11:00am-11:59am,38,38,0,This Section IS NOT on the NHS,1,Rural,4,Minor Arterial,1,State Highway Agency,3,State Highway,SR-86,,0,None,77.77770000,77.77770000,777.777700000,777.77770000,0,No Special Jurisdiction,1,Rollover/Overturn,0,The First Harmful Event was Not a Collision with a Motor Vehicle in Transport,8,Not Reported,98,Not Reported,98,Not Reported,0,None,,,98,Not Reported,1,Daylight,,,,,98,Not Reported,0,No,0000000,Not Applicable,99,Unknown,99,Unknown,99,Unknown EMS Scene Arrival Hour,99,Unknown EMS Scene Arrival Minutes,99,Unknown,99,Unknown EMS Hospital Arrival Time,,,,,,,1,
2023,4,41114,Arizona,1,1,0,1,1,2,2,19,PIMA (19),530,TUCSON,24,24,7,July,2023,2,Monday,22,10:00pm-10:59pm,39,39,0,This Section IS NOT on the NHS,2,Urban,5,Major Collector,2,County Highway Agency,0,Not Signed,N LA CHOLLA BLVD,,0,None,32.28728056,32.28728056,-111.011997220,-111.01199722,0,No Special Jurisdiction,8,Pedestrian,0,The First Harmful Event was Not a Collision with a Motor Vehicle in Transport,8,Not Reported,98,Not Reported,98,Not Reported,0,None,,,98,Not Reported,8,Not Reported,,,,,98,Not Reported,0,No,0000000,Not Applicable,99,Unknown,99,Unknown,99,Unknown EMS Scene Arrival Hour,99,Unknown EMS Scene Arrival Minutes,99,Unknown,99,Unknown EMS Hospital Arrival Time,,,,,,,1,
2023,4,41115,Arizona,1,1,0,0,0,2,2,19,PIMA (19),425,SELLS,18,18,9,September,2023,2,Monday,99,Unknown Hours,99,Unknown Minutes,0,This Section IS NOT on the NHS,1,Rural,4,Minor Arterial,1,State Highway Agency,3,State Highway,SR-86,,228,228,32.18643333,32.18643333,-112.379483330,-112.37948333,0,No Special Jurisdiction,1,Rollover/Overturn,0,The First Harmful Event was Not a Collision with a Motor Vehicle in Transport,0,No,1,Non-Junction,1,Not an Intersection,0,None,,,1,On Roadway,8,Not Reported,,,,,98,Not Reported,0,No,0000000,Not Applicable,99,Unknown,99,Unknown,99,Unknown EMS Scene Arrival Hour,99,Unknown EMS Scene Arrival Minutes,88,"Not Applicable (Not Transported) ",88,Not Applicable (Not Transported),,,,,,,2,
2023,4,41117,Arizona,1,1,0,1,1,1,1,17,NAVAJO (17),181,FORT APACHE,21,21,12,December,2023,5,Thursday,1,1:00am-1:59am,1,1,0,This Section IS NOT on the NHS,1,Rural,5,Major Collector,1,State Highway Agency,3,State Highway,SR-260,,1781,1781,34.07987222,34.07987222,-109.880727780,-109.88072778,0,No Special Jurisdiction,8,Pedestrian,0,The First Harmful Event was Not a Collision with a Motor Vehicle in Transport,0,No,1,Non-Junction,1,Not an Intersection,0,None,,,1,On Roadway,6,Dark - Unknown Lighting,,,,,98,Not Reported,0,No,0000000,Not Applicable,99,Unknown,99,Unknown,99,Unknown EMS Scene Arrival Hour,99,Unknown EMS Scene Arrival Minutes,88,"Not Applicable (Not Transported) ",88,Not Applicable (Not Transported),,,,,,,1,
2023,4,41118,Arizona,1,1,0,0,0,1,1,9,GRAHAM (9),410,SAFFORD,23,23,12,December,2023,7,Saturday,1,1:00am-1:59am,10,10,0,This Section IS NOT on the NHS,2,Urban,5,Major Collector,2,County Highway Agency,0,Not Signed,E SOLOMON RD,,0,None,32.80209167,32.80209167,-109.639888890,-109.63988889,0,No Special Jurisdiction,1,Rollover/Overturn,0,The First Harmful Event was Not a Collision with a Motor Vehicle in Transport,0,No,1,Non-Junction,1,Not an Intersection,0,None,,,5,Outside Trafficway,6,Dark - Unknown Lighting,,,,,98,Not Reported,0,No,0000000,Not Applicable,99,Unknown,99,Unknown,99,Unknown EMS Scene Arrival Hour,99,Unknown EMS Scene Arrival Minutes,88,"Not Applicable (Not Transported) ",88,Not Applicable (Not Transported),,,,,,,1,
2023,4,41119,Arizona,1,1,0,0,0,2,2,12,LA PAZ (12),413,SALOME,23,23,12,December,2023,7,Saturday,17,5:00pm-5:59pm,15,15,0,This Section IS NOT on the NHS,6,Trafficway Not in State Inventory,96,Trafficway Not in State Inventory,96,Trafficway Not in State Inventory,0,Not Signed,HOVATTER RD,,0,None,33.72530833,33.72530833,-113.600813890,-113.60081389,0,No Special Jurisdiction,99,Reported as Unknown,99,Reported as Unknown,8,Not Reported,98,Not Reported,98,Not Reported,0,None,,,98,Not Reported,8,Not Reported,,,,,98,Not Reported,0,No,0000000,Not Applicable,99,Unknown,99,Unknown,99,Unknown EMS Scene Arrival Hour,99,Unknown EMS Scene Arrival Minutes,88,"Not Applicable (Not Transported) ",88,Not Applicable (Not Transported),,,,,,,1,
2023,4,41120,Arizona,2,2,0,0,0,2,2,13,MARICOPA (13),370,PHOENIX,7,7,5,May,2023,1,Sunday,3,3:00am-3:59am,0,0,0,This Section IS NOT on the NHS,2,Urban,4,Minor Arterial,4,City or Municipal Highway Agency,0,Not Signed,N 43RD AVE,W FILLMORE ST,0,None,33.45488889,33.45488889,-112.151800000,-112.15180000,0,No Special Jurisdiction,12,Motor Vehicle In-Transport,98,Not Reported,0,No,2,Intersection,2,Four-Way Intersection,0,None,,,1,On Roadway,6,Dark - Unknown Lighting,,,,,98,Not Reported,0,No,0000000,Not Applicable,99,Unknown,99,Unknown,99,Unknown EMS Scene Arrival Hour,99,Unknown EMS Scene Arrival Minutes,99,Unknown,99,Unknown EMS Hospital Arrival Time,,,,,,,1,
2023,4,41121,Arizona,1,1,0,0,0,1,1,13,MARICOPA (13),370,PHOENIX,13,13,5,May,2023,7,Saturday,17,5:00pm-5:59pm,26,26,0,This Section IS NOT on the NHS,2,Urban,4,Minor Arterial,4,City or Municipal Highway Agency,0,Not Signed,N 7TH AVE,,0,None,77.77770000,77.77770000,777.777700000,777.77770000,0,No Special Jurisdiction,99,Reported as Unknown,99,Reported as Unknown,8,Not Reported,98,Not Reported,98,Not Reported,0,None,,,98,Not Reported,8,Not Reported,,,,,98,Not Reported,0,No,0000000,Not Applicable,99,Unknown,99,Unknown,99,Unknown EMS Scene Arrival Hour,99,Unknown EMS Scene Arrival Minutes,99,Unknown,99,Unknown EMS Hospital Arrival Time,,,,,,,1,
2023,4,41122,Arizona,2,2,0,0,0,3,3,13,MARICOPA (13),370,PHOENIX,14,14,5,May,2023,1,Sunday,2,2:00am-2:59am,56,56,0,This Section IS NOT on the NHS,2,Urban,4,Minor Arterial,4,City or Municipal Highway Agency,0,Not Signed,N 40TH ST,,0,None,33.48851389,33.48851389,-111.995536110,-111.99553611,0,No Special Jurisdiction,12,Motor Vehicle In-Transport,98,Not Reported,0,No,1,Non-Junction,1,Not an Intersection,0,None,,,1,On Roadway,3,Dark - Lighted,,,,,1,Clear,0,No,0000000,Not Applicable,99,Unknown,99,Unknown,99,Unknown EMS Scene Arrival Hour,99,Unknown EMS Scene Arrival Minutes,99,Unknown,99,Unknown EMS Hospital Arrival Time,,,,,,,1,
2023,4,41123,Arizona,1,1,0,1,1,1,1,13,MARICOPA (13),370,PHOENIX,16,16,5,May,2023,3,Tuesday,21,9:00pm-9:59pm,30,30,0,This Section IS NOT on the NHS,2,Urban,4,Minor Arterial,4,City or Municipal Highway Agency,0,Not Signed,W CAMELBACK RD,,0,None,77.77770000,77.77770000,777.777700000,777.77770000,0,No Special Jurisdiction,8,Pedestrian,0,The First Harmful Event was Not a Collision with a Motor Vehicle in Transport,8,Not Reported,98,Not Reported,98,Not Reported,0,None,,,1,On Roadway,8,Not Reported,,,,,98,Not Reported,0,No,0000000,Not Applicable,99,Unknown,99,Unknown,99,Unknown EMS Scene Arrival Hour,99,Unknown EMS Scene Arrival Minutes,99,Unknown,99,Unknown EMS Hospital Arrival Time,,,,,,,1,
2023,4,41124,Arizona,1,1,0,1,1,1,1,13,MARICOPA (13),370,PHOENIX,2,2,6,June,2023,6,Friday,4,4:00am-4:59am,26,26,0,This Section IS NOT on the NHS,2,Urban,4,Minor Arterial,4,City or Municipal Highway Agency,0,Not Signed,W BASELINE RD,,0,None,33.37759444,33.37759444,-112.171769440,-112.17176944,0,No Special Jurisdiction,8,Pedestrian,0,The First Harmful Event was Not a Collision with a Motor Vehicle in Transport,0,No,1,Non-Junction,1,Not an Intersection,0,None,,,1,On Roadway,3,Dark - Lighted,,,,,1,Clear,0,No,0000000,Not Applicable,99,Unknown,99,Unknown,99,Unknown EMS Scene Arrival Hour,99,Unknown EMS Scene Arrival Minutes,99,Unknown,99,Unknown EMS Hospital Arrival Time,,,,,,,1,
2023,4,41126,Arizona,2,2,0,0,0,2,2,13,MARICOPA (13),370,PHOENIX,3,3,6,June,2023,7,Saturday,14,2:00pm-2:59pm,47,47,1,This Section IS ON the NHS,2,Urban,3,Other Principal Arterial,4,City or Municipal Highway Agency,0,Not Signed,N CAVE CREEK RD,E GREENWAY RD,0,None,33.62628611,33.62628611,-112.030794440,-112.03079444,0,No Special Jurisdiction,12,Motor Vehicle In-Transport,6,Angle,0,No,2,Intersection,2,Four-Way Intersection,0,None,,,1,On Roadway,1,Daylight,,,,,98,Not Reported,0,No,0000000,Not Applicable,99,Unknown,99,Unknown,99,Unknown EMS Scene Arrival Hour,99,Unknown EMS Scene Arrival Minutes,99,Unknown,99,Unknown EMS Hospital Arrival Time,,,,,,,1,
2023,4,41127,Arizona,1,1,0,1,1,1,1,13,MARICOPA (13),388,QUEEN CREEK,5,5,6,June,2023,2,Monday,21,9:00pm-9:59pm,0,0,0,This Section IS NOT on the NHS,8,Not Reported,98,Not Reported,98,Not Reported,99,Unknown/Not Reported,S 195TH ST,,0,None,77.77770000,77.77770000,777.777700000,777.77770000,0,No Special Jurisdiction,8,Pedestrian,0,The First Harmful Event was Not a Collision with a Motor Vehicle in Transport,0,No,98,Not Reported,98,Not Reported,0,None,,,1,On Roadway,6,Dark - Unknown Lighting,,,,,98,Not Reported,0,No,0000000,Not Applicable,99,Unknown,99,Unknown,99,Unknown EMS Scene Arrival Hour,99,Unknown EMS Scene Arrival Minutes,99,Unknown,98,Unknown if Transported,,,,,,,1,
2023,4,41128,Arizona,1,1,0,0,0,2,2,3,COCHISE (3),0,NOT APPLICABLE,11,11,6,June,2023,1,Sunday,9,9:00am-9:59am,23,23,0,This Section IS NOT on the NHS,1,Rural,7,Local,99,Unknown,0,Not Signed,KIL RANCH RD,,0,None,77.77770000,77.77770000,777.777700000,777.77770000,0,No Special Jurisdiction,99,Reported as Unknown,99,Reported as Unknown,8,Not Reported,98,Not Reported,98,Not Reported,0,None,,,98,Not Reported,1,Daylight,,,,,98,Not Reported,0,No,0000000,Not Applicable,99,Unknown,99,Unknown,99,Unknown EMS Scene Arrival Hour,99,Unknown EMS Scene Arrival Minutes,99,Unknown,99,Unknown EMS Hospital Arrival Time,,,,,,,1,
2023,4,41129,Arizona,1,1,0,0,0,2,2,19,PIMA (19),407,SAHUARITA,14,14,6,June,2023,4,Wednesday,14,2:00pm-2:59pm,0,0,0,This Section IS NOT on the NHS,9,Unknown,99,Unknown,99,Unknown,0,Not Signed,W MCGEE RANCH RD,,0,None,31.88967778,31.88967778,-111.190011110,-111.19001111,0,No Special Jurisdiction,11,Live Animal,0,The First Harmful Event was Not a Collision with a Motor Vehicle in Transport,0,No,1,Non-Junction,1,Not an Intersection,0,None,,,1,On Roadway,1,Daylight,,,,,98,Not Reported,0,No,0000000,Not Applicable,99,Unknown,99,Unknown,99,Unknown EMS Scene Arrival Hour,99,Unknown EMS Scene Arrival Minutes,99,Unknown,99,Unknown EMS Hospital Arrival Time,,,,,,,1,
2023,4,41130,Arizona,1,1,0,1,1,1,1,13,MARICOPA (13),370,PHOENIX,22,22,6,June,2023,5,Thursday,21,9:00pm-9:59pm,33,33,0,This Section IS NOT on the NHS,2,Urban,4,Minor Arterial,4,City or Municipal Highway Agency,0,Not Signed,E THOMAS RD,,0,None,33.48041389,33.48041389,-112.006205560,-112.00620556,0,No Special Jurisdiction,8,Pedestrian,0,The First Harmful Event was Not a Collision with a Motor Vehicle in Transport,0,No,1,Non-Junction,1,Not an Intersection,0,None,,,1,On Roadway,3,Dark - Lighted,,,,,98,Not Reported,0,No,0000000,Not Applicable,99,Unknown,99,Unknown,99,Unknown EMS Scene Arrival Hour,99,Unknown EMS Scene Arrival Minutes,99,Unknown,99,Unknown EMS Hospital Arrival Time,,,,,,,1,
2023,4,41131,Arizona,1,1,0,1,1,1,1,13,MARICOPA (13),370,PHOENIX,23,23,6,June,2023,6,Friday,21,9:00pm-9:59pm,38,38,0,This Section IS NOT on the NHS,2,Urban,4,Minor Arterial,4,City or Municipal Highway Agency,0,Not Signed,N 19TH AVE,,0,None,33.62494444,33.62494444,-112.099758330,-112.09975833,0,No Special Jurisdiction,9,Pedalcyclist,0,The First Harmful Event was Not a Collision with a Motor Vehicle in Transport,0,No,1,Non-Junction,1,Not an Intersection,0,None,,,1,On Roadway,3,Dark - Lighted,,,,,1,Clear,0,No,0000000,Not Applicable,99,Unknown,99,Unknown,99,Unknown EMS Scene Arrival Hour,99,Unknown EMS Scene Arrival Minutes,99,Unknown,99,Unknown EMS Hospital Arrival Time,,,,,,,1,
2023,4,41132,Arizona,1,1,0,1,1,1,1,13,MARICOPA (13),370,PHOENIX,25,25,6,June,2023,1,Sunday,3,3:00am-3:59am,18,18,0,This Section IS NOT on the NHS,2,Urban,4,Minor Arterial,4,City or Municipal Highway Agency,0,Not Signed,N 7TH AVE,,0,None,33.51354444,33.51354444,-112.082569440,-112.08256944,0,No Special Jurisdiction,9,Pedalcyclist,0,The First Harmful Event was Not a Collision with a Motor Vehicle in Transport,0,No,1,Non-Junction,1,Not an Intersection,0,None,,,1,On Roadway,3,Dark - Lighted,,,,,98,Not Reported,0,No,0000000,Not Applicable,99,Unknown,99,Unknown,99,Unknown EMS Scene Arrival Hour,99,Unknown EMS Scene Arrival Minutes,99,Unknown,99,Unknown EMS Hospital Arrival Time,,,,,,,1,
2023,4,41133,Arizona,1,1,0,1,1,1,1,13,MARICOPA (13),370,PHOENIX,29,29,6,June,2023,5,Thursday,21,9:00pm-9:59pm,8,8,0,This Section IS NOT on the NHS,2,Urban,4,Minor Arterial,4,City or Municipal Highway Agency,0,Not Signed,W JEFFERSON ST,,0,None,33.44715000,33.44715000,-112.087055560,-112.08705556,0,No Special Jurisdiction,8,Pedestrian,0,The First Harmful Event was Not a Collision with a Motor Vehicle in Transport,0,No,1,Non-Junction,1,Not an Intersection,0,None,,,1,On Roadway,3,Dark - Lighted,,,,,98,Not Reported,0,No,0000000,Not Applicable,99,Unknown,99,Unknown,99,Unknown EMS Scene Arrival Hour,99,Unknown EMS Scene Arrival Minutes,88,"Not Applicable (Not Transported) ",88,Not Applicable (Not Transported),,,,,,,1,