caseyear,state,st_case,statename,ve_total,ve_forms,pvh_invl,peds,pernotmvit,permvit,persons,county,countyname,city,cityname,day,dayname,month,monthname,year,day_week,day_weekname,hour,hourname,minute,minutename,nhs,nhsname,rur_urb,rur_urbname,func_sys,func_sysname,rd_owner,rd_ownername,route,routename,tway_id,tway_id2,milept,mileptname,latitude,latitudename,longitud,longitudname,sp_jur,sp_jurname,harm_ev,harm_evname,man_coll,man_collname,reljct1,reljct1name,reljct2,reljct2name,typ_int,typ_intname,wrk_zone,wrk_zonename,road_fnc,road_fncname,rel_road,rel_roadname,lgt_cond,lgt_condname,weather1,weather1name,weather2,weather2name,weather,weathername,sch_bus,sch_busname,rail,railname,not_hour,not_hourname,not_min,not_minname,arr_hour,arr_hourname,arr_min,arr_minname,hosp_hr,hosp_hrname,hosp_mn,hosp_mnname,cf1,cf1name,cf2,cf2name,cf3,cf3name,fatals,drunk_dr
2023,4,41134,Arizona,2,2,0,0,0,2,2,13,MARICOPA (13),370,PHOENIX,29,29,9,September,2023,6,Friday,21,9:00pm-9:59pm,35,35,0,This Section IS NOT on the NHS,2,Urban,4,Minor Arterial,4,City or Municipal Highway Agency,0,Not Signed,6800 W THOMAS RD,,0,None,33.48034167,33.48034167,-112.205130560,-112.20513056,0,No Special Jurisdiction,12,Motor Vehicle In-Transport,6,Angle,0,No,8,Driveway Access Related,1,Not an Intersection,0,None,,,1,On Roadway,3,Dark - Lighted,,,,,1,Clear,0,No,0000000,Not Applicable,99,Unknown,99,Unknown,99,Unknown EMS Scene Arrival Hour,99,Unknown EMS Scene Arrival Minutes,88,"Not Applicable (Not Transported) ",88,Not Applicable (Not Transported),,,,,,,1,
2023,4,41135,Arizona,1,1,0,1,1,1,1,13,MARICOPA (13),370,PHOENIX,18,18,1,January,2023,4,Wednesday,8,8:00am-8:59am,39,39,0,This Section IS NOT on the NHS,2,Urban,4,Minor Arterial,1,State Highway Agency,0,Not Signed,BLACK CANYON HWY ACCESS,W CAMELBACK RD,0,None,33.50923889,33.50923889,-112.112933330,-112.11293333,0,No Special Jurisdiction,9,Pedalcyclist,0,The First Harmful Event was Not a Collision with a Motor Vehicle in Transport,1,Yes,3,Intersection-Related,7,"Five Point, or More",0,None,,,1,On Roadway,1,Daylight,,,,,1,Clear,0,No,0000000,Not Applicable,99,Unknown,99,Unknown,99,Unknown EMS Scene Arrival Hour,99,Unknown EMS Scene Arrival Minutes,99,Unknown,99,Unknown EMS Hospital Arrival Time,,,,,,,1,
2023,4,41136,Arizona,1,1,0,0,0,1,1,3,COCHISE (3),130,DOUGLAS,1,1,8,August,2023,3,Tuesday,7,7:00am-7:59am,8,8,0,This Section IS NOT on the NHS,1,Rural,5,Major Collector,1,State Highway Agency,3,State Highway,SR-80,,848,848,31.49056389,31.49056389,-109.423788890,-109.42378889,0,No Special Jurisdiction,42,Tree (Standing Only),0,The First Harmful Event was Not a Collision with a Motor Vehicle in Transport,0,No,1,Non-Junction,1,Not an Intersection,0,None,,,4,On Roadside,1,Daylight,,,,,10,Cloudy,0,No,0000000,Not Applicable,99,Unknown,99,Unknown,99,Unknown EMS Scene Arrival Hour,99,Unknown EMS Scene Arrival Minutes,99,Unknown,99,Unknown EMS Hospital Arrival Time,,,,,,,1,
2023,4,41137,Arizona,2,2,0,0,0,2,2,19,PIMA (19),530,TUCSON,23,23,5,May,2023,3,Tuesday,1,1:00am-1:59am,23,23,0,This Section IS NOT on the NHS,2,Urban,3,Other Principal Arterial,2,County Highway Agency,0,Not Signed,N LA CHOLLA BLVD,W ORANGE GROVE RD,0,None,32.32329444,32.32329444,-111.012066670,-111.01206667,0,No Special Jurisdiction,12,Motor Vehicle In-Transport,6,Angle,0,No,2,Intersection,2,Four-Way Intersection,0,None,,,1,On Roadway,3,Dark - Lighted,,,,,1,Clear,0,No,0000000,Not Applicable,99,Unknown,99,Unknown,99,Unknown EMS Scene Arrival Hour,99,Unknown EMS Scene Arrival Minutes,99,Unknown,99,Unknown EMS Hospital Arrival Time,,,,,,,1,
2023,4,41138,Arizona,1,1,0,0,0,1,1,13,MARICOPA (13),370,PHOENIX,11,11,7,July,2023,3,Tuesday,10,10:00am-10:59am,27,27,1,This Section IS ON the NHS,2,Urban,2,Other Freeways and Expressways,1,State Highway Agency,3,State Highway,SR-202,,39,39,33.45136111,33.45136111,-111.968800000,-111.96880000,0,No Special Jurisdiction,25,Concrete Traffic Barrier,0,The First Harmful Event was Not a Collision with a Motor Vehicle in Transport,1,Yes,19,Other location within Interchange Area,1,Not an Intersection,0,None,,,4,On Roadside,1,Daylight,,,,,1,Clear,0,No,0000000,Not Applicable,10,10:00am-10:59am,28,28,10,10:00am-10:59am,41,41,99,Unknown,99,Unknown EMS Hospital Arrival Time,,,,,,,1,
2023,4,41139,Arizona,1,1,0,1,1,1,1,13,MARICOPA (13),290,MESA,9,9,8,August,2023,4,Wednesday,12,12:00pm-12:59pm,56,56,0,This Section IS NOT on the NHS,2,Urban,5,Major Collector,4,City or Municipal Highway Agency,0,Not Signed,W HAMPTON AVE,,0,None,33.38893611,33.38893611,-111.838097220,-111.83809722,0,No Special Jurisdiction,9,Pedalcyclist,0,The First Harmful Event was Not a Collision with a Motor Vehicle in Transport,0,No,1,Non-Junction,1,Not an Intersection,0,None,,,1,On Roadway,1,Daylight,,,,,1,Clear,0,No,0000000,Not Applicable,99,Unknown,99,Unknown,99,Unknown EMS Scene Arrival Hour,99,Unknown EMS Scene Arrival Minutes,99,Unknown,99,Unknown EMS Hospital Arrival Time,,,,,,,1,
2023,4,41140,Arizona,2,2,0,0,0,2,2,7,GILA (7),369,PERIDOT,7,7,8,August,2023,2,Monday,9,9:00am-9:59am,6,6,0,This Section IS NOT on the NHS,1,Rural,4,Minor Arterial,1,State Highway Agency,2,U.S. Highway,US-70,,99998,Not Reported,77.77770000,77.77770000,777.777700000,777.77770000,0,No Special Jurisdiction,12,Motor Vehicle In-Transport,2,Front-to-Front,0,No,1,Non-Junction,1,Not an Intersection,0,None,,,1,On Roadway,8,Not Reported,,,,,98,Not Reported,0,No,0000000,Not Applicable,99,Unknown,99,Unknown,99,Unknown EMS Scene Arrival Hour,99,Unknown EMS Scene Arrival Minutes,99,Unknown,99,Unknown EMS Hospital Arrival Time,,,,,,,1,
2023,4,41141,Arizona,1,1,0,0,0,3,3,9,GRAHAM (9),182,FORT THOMAS,27,27,5,May,2023,7,Saturday,13,1:00pm-1:59pm,40,40,0,This Section IS NOT on the NHS,1,Rural,5,Major Collector,2,County Highway Agency,0,Not Signed,N BLACK ROCK RD,,0,None,33.03452222,33.03452222,-109.970616670,-109.97061667,0,No Special Jurisdiction,1,Rollover/Overturn,0,The First Harmful Event was Not a Collision with a Motor Vehicle in Transport,0,No,1,Non-Junction,1,Not an Intersection,0,None,,,1,On Roadway,1,Daylight,,,,,98,Not Reported,0,No,0000000,Not Applicable,99,Unknown,99,Unknown,99,Unknown EMS Scene Arrival Hour,99,Unknown EMS Scene Arrival Minutes,99,Unknown,99,Unknown EMS Hospital Arrival Time,,,,,,,1,
2023,4,41142,Arizona,1,1,0,0,0,1,1,19,PIMA (19),530,TUCSON,27,27,5,May,2023,7,Saturday,17,5:00pm-5:59pm,41,41,0,This Section IS NOT on the NHS,1,Rural,5,Major Collector,62,Bureau of Indian Affairs,0,Not Signed,S MISSION RD,,0,None,32.01836111,32.01836111,-111.074558330,-111.07455833,0,No Special Jurisdiction,99,Reported as Unknown,99,Reported as Unknown,8,Not Reported,98,Not Reported,98,Not Reported,0,None,,,98,Not Reported,8,Not Reported,,,,,98,Not Reported,0,No,0000000,Not Applicable,99,Unknown,99,Unknown,99,Unknown EMS Scene Arrival Hour,99,Unknown EMS Scene Arrival Minutes,99,Unknown,99,Unknown EMS Hospital Arrival Time,,,,,,,1,
2023,4,41143,Arizona,1,1,0,0,0,2,2,19,PIMA (19),425,SELLS,10,10,8,August,2023,5,Thursday,14,2:00pm-2:59pm,37,37,0,This Section IS NOT on the NHS,8,Not Reported,98,Not Reported,98,Not Reported,0,Not Signed,INDIAN RTE 29 B,,99998,Not Reported,77.77770000,77.77770000,777.777700000,777.77770000,9,Unknown,1,Rollover/Overturn,0,The First Harmful Event was Not a Collision with a Motor Vehicle in Transport,0,No,98,Not Reported,98,Not Reported,0,None,,,98,Not Reported,8,Not Reported,,,,,98,Not Reported,0,No,0000000,Not Applicable,99,Unknown,99,Unknown,99,Unknown EMS Scene Arrival Hour,99,Unknown EMS Scene Arrival Minutes,99,Unknown,98,Unknown if Transported,,,,,,,1,
2023,4,41144,Arizona,1,1,0,1,1,1,1,13,MARICOPA (13),370,PHOENIX,3,3,10,October,2023,3,Tuesday,99,Unknown Hours,99,Unknown Minutes,0,This Section IS NOT on the NHS,2,Urban,4,Minor Arterial,4,City or Municipal Highway Agency,0,Not Signed,S 40TH ST,,0,None,77.77770000,77.77770000,777.777700000,777.77770000,0,No Special Jurisdiction,9,Pedalcyclist,0,The First Harmful Event was Not a Collision with a Motor Vehicle in Transport,8,Not Reported,98,Not Reported,98,Not Reported,0,None,,,98,Not Reported,8,Not Reported,,,,,98,Not Reported,0,No,0000000,Not Applicable,99,Unknown,99,Unknown,99,Unknown EMS Scene Arrival Hour,99,Unknown EMS Scene Arrival Minutes,99,Unknown,99,Unknown EMS Hospital Arrival Time,,,,,,,1,
2023,4,41145,Arizona,2,2,0,0,0,2,2,13,MARICOPA (13),290,MESA,5,5,10,October,2023,5,Thursday,15,3:00pm-3:59pm,48,48,0,This Section IS NOT on the NHS,2,Urban,4,Minor Arterial,4,City or Municipal Highway Agency,0,Not Signed,N HIGLEY RD,,0,None,33.43733333,33.43733333,-111.718075000,-111.71807500,0,No Special Jurisdiction,12,Motor Vehicle In-Transport,6,Angle,0,No,4,Driveway Access,1,Not an Intersection,0,None,,,1,On Roadway,1,Daylight,,,,,1,Clear,0,No,0000000,Not Applicable,99,Unknown,99,Unknown,99,Unknown EMS Scene Arrival Hour,99,Unknown EMS Scene Arrival Minutes,99,Unknown,99,Unknown EMS Hospital Arrival Time,,,,,,,1,
2023,4,41146,Arizona,1,1,0,1,1,1,1,13,MARICOPA (13),190,GILBERT,14,14,6,June,2023,4,Wednesday,18,6:00pm-6:59pm,7,7,1,This Section IS ON the NHS,2,Urban,3,Other Principal Arterial,1,State Highway Agency,3,State Highway,SR-202,,389,389,33.32793889,33.32793889,-111.727713890,-111.72771389,0,No Special Jurisdiction,8,Pedestrian,0,The First Harmful Event was Not a Collision with a Motor Vehicle in Transport,0,No,1,Non-Junction,1,Not an Intersection,0,None,,,1,On Roadway,1,Daylight,,,,,98,Not Reported,0,No,0000000,Not Applicable,99,Unknown,99,Unknown,99,Unknown EMS Scene Arrival Hour,99,Unknown EMS Scene Arrival Minutes,99,Unknown,99,Unknown EMS Hospital Arrival Time,,,,,,,1,
2023,4,41147,Arizona,1,1,0,0,0,1,1,13,MARICOPA (13),370,PHOENIX,8,8,10,October,2023,1,Sunday,1,1:00am-1:59am,33,33,1,This Section IS ON the NHS,2,Urban,3,Other Principal Arterial,4,City or Municipal Highway Agency,0,Not Signed,N CAVE CREEK RD,,0,None,33.65209444,33.65209444,-112.031077780,-112.03107778,0,No Special Jurisdiction,42,Tree (Standing Only),0,The First Harmful Event was Not a Collision with a Motor Vehicle in Transport,0,No,1,Non-Junction,1,Not an Intersection,0,None,,,4,On Roadside,3,Dark - Lighted,,,,,1,Clear,0,No,0000000,Not Applicable,99,Unknown,99,Unknown,99,Unknown EMS Scene Arrival Hour,99,Unknown EMS Scene Arrival Minutes,88,"Not Applicable (Not Transported) ",88,Not Applicable (Not Transported),,,,,,,1,
2023,4,41148,Arizona,1,1,0,0,0,2,2,17,NAVAJO (17),85,CIBECUE,18,18,6,June,2023,1,Sunday,99,Unknown Hours,99,Unknown Minutes,0,This Section IS NOT on the NHS,1,Rural,5,Major Collector,62,Bureau of Indian Affairs,13,Bureau of Indian Affairs,BIA-12,,55,55,34.03574444,34.03574444,-110.478952780,-110.47895278,0,No Special Jurisdiction,1,Rollover/Overturn,0,The First Harmful Event was Not a Collision with a Motor Vehicle in Transport,0,No,1,Non-Junction,1,Not an Intersection,0,None,,,1,On Roadway,8,Not Reported,,,,,98,Not Reported,0,No,0000000,Not Applicable,99,Unknown,99,Unknown,99,Unknown EMS Scene Arrival Hour,99,Unknown EMS Scene Arrival Minutes,88,"Not Applicable (Not Transported) ",88,Not Applicable (Not Transported),,,,,,,1,
2023,4,41149,Arizona,1,1,0,1,1,1,1,1,APACHE (1),0,NOT APPLICABLE,9,9,10,October,2023,2,Monday,22,10:00pm-10:59pm,14,14,1,This Section IS ON the NHS,1,Rural,3,Other Principal Arterial,1,State Highway Agency,2,U.S. Highway,US-160,,1485,1485,36.92704167,36.92704167,-109.169563890,-109.16956389,3,Indian Reservation,8,Pedestrian,0,The First Harmful Event was Not a Collision with a Motor Vehicle in Transport,8,Not Reported,98,Not Reported,98,Not Reported,0,None,,,98,Not Reported,6,Dark - Unknown Lighting,,,,,98,Not Reported,0,No,0000000,Not Applicable,99,Unknown,99,Unknown,99,Unknown EMS Scene Arrival Hour,99,Unknown EMS Scene Arrival Minutes,88,"Not Applicable (Not Transported) ",88,Not Applicable (Not Transported),,,,,,,1,
2023,4,41150,Arizona,1,1,0,0,0,1,1,13,MARICOPA (13),370,PHOENIX,14,14,10,October,2023,7,Saturday,99,Unknown Hours,99,Unknown Minutes,9,Unknown if This Section Is on the NHS,9,Unknown,99,Unknown,99,Unknown,99,Unknown/Not Reported,UNK,,0,None,99.99990000,99.99990000,999.999900000,999.99990000,9,Unknown,99,Reported as Unknown,99,Reported as Unknown,8,Not Reported,98,Not Reported,98,Not Reported,0,None,,,98,Not Reported,8,Not Reported,,,,,98,Not Reported,0,No,0000000,Not Applicable,99,Unknown,99,Unknown,99,Unknown EMS Scene Arrival Hour,99,Unknown EMS Scene Arrival Minutes,99,Unknown,99,Unknown EMS Hospital Arrival Time,,,,,,,1,
2023,4,41151,Arizona,1,1,0,1,1,1,1,19,PIMA (19),425,SELLS,28,28,6,June,2023,4,Wednesday,99,Unknown Hours,99,Unknown Minutes,0,This Section IS NOT on the NHS,1,Rural,7,Local,62,Bureau of Indian Affairs,13,Bureau of Indian Affairs,BIA-1,,0,None,32.09550278,32.09550278,-112.579708330,-112.57970833,0,No Special Jurisdiction,8,Pedestrian,0,The First Harmful Event was Not a Collision with a Motor Vehicle in Transport,0,No,1,Non-Junction,1,Not an Intersection,0,None,,,1,On Roadway,8,Not Reported,,,,,98,Not Reported,0,No,0000000,Not Applicable,99,Unknown,99,Unknown,99,Unknown EMS Scene Arrival Hour,99,Unknown EMS Scene Arrival Minutes,88,"Not Applicable (Not Transported) ",88,Not Applicable (Not Transported),,,,,,,1,
2023,4,41152,Arizona,1,1,0,0,0,2,2,1,APACHE (1),278,MANY FARMS,14,14,10,October,2023,7,Saturday,17,5:00pm-5:59pm,46,46,0,This Section IS NOT on the NHS,1,Rural,4,Minor Arterial,1,State Highway Agency,2,U.S. Highway,US-191,,4586,4586,36.33656944,36.33656944,-109.624547220,-109.62454722,0,No Special Jurisdiction,1,Rollover/Overturn,0,The First Harmful Event was Not a Collision with a Motor Vehicle in Transport,8,Not Reported,98,Not Reported,98,Not Reported,0,None,,,98,Not Reported,8,Not Reported,,,,,98,Not Reported,0,No,0000000,Not Applicable,99,Unknown,99,Unknown,99,Unknown EMS Scene Arrival Hour,99,Unknown EMS Scene Arrival Minutes,99,Unknown,98,Unknown if Transported,,,,,,,1,
2023,4,41153,Arizona,1,1,0,0,0,1,1,1,APACHE (1),0,NOT APPLICABLE,16,16,10,October,2023,2,Monday,22,10:00pm-10:59pm,11,11,0,This Section IS NOT on the NHS,1,Rural,4,Minor Arterial,1,State Highway Agency,2,U.S. Highway,US-191,,4827,4827,36.57376667,36.57376667,-109.549761110,-109.54976111,0,No Special Jurisdiction,1,Rollover/Overturn,0,The First Harmful Event was Not a Collision with a Motor Vehicle in Transport,8,Not Reported,98,Not Reported,98,Not Reported,0,None,,,98,Not Reported,6,Dark - Unknown Lighting,,,,,98,Not Reported,0,No,0000000,Not Applicable,99,Unknown,99,Unknown,99,Unknown EMS Scene Arrival Hour,99,Unknown EMS Scene Arrival Minutes,88,"Not Applicable (Not Transported) ",88,Not Applicable (Not Transported),,,,,,,1,
2023,4,41154,Arizona,1,1,0,1,1,1,1,19,PIMA (19),425,SELLS,21,21,7,July,2023,6,Friday,99,Unknown Hours,99,Unknown Minutes,0,This Section IS NOT on the NHS,1,Rural,4,Minor Arterial,1,State Highway Agency,3,State Highway,SR-86,,0,None,32.22132222,32.22132222,-112.665733330,-112.66573333,0,No Special Jurisdiction,8,Pedestrian,0,The First Harmful Event was Not a Collision with a Motor Vehicle in Transport,0,No,1,Non-Junction,1,Not an Intersection,0,None,,,1,On Roadway,8,Not Reported,,,,,98,Not Reported,0,No,0000000,Not Applicable,99,Unknown,99,Unknown,99,Unknown EMS Scene Arrival Hour,99,Unknown EMS Scene Arrival Minutes,88,"Not Applicable (Not Transported) ",88,Not Applicable (Not Transported),,,,,,,1,
2023,4,41155,Arizona,1,1,0,1,1,1,1,23,SANTA CRUZ (23),17,AMADO,6,6,8,August,2023,1,Sunday,99,Unknown Hours,99,Unknown Minutes,0,This Section IS NOT on the NHS,6,Trafficway Not in State Inventory,96,Trafficway Not in State Inventory,96,Trafficway Not in State Inventory,96,Trafficway Not in State Inventory,27900 S OLD NOGALES HWY,,99998,Not Reported,77.77770000,77.77770000,777.777700000,777.77770000,9,Unknown,8,Pedestrian,0,The First Harmful Event was Not a Collision with a Motor Vehicle in Transport,8,Not Reported,98,Not Reported,98,Not Reported,0,None,,,98,Not Reported,8,Not Reported,,,,,98,Not Reported,0,No,0000000,Not Applicable,99,Unknown,99,Unknown,99,Unknown EMS Scene Arrival Hour,99,Unknown EMS Scene Arrival Minutes,99,Unknown,99,Unknown EMS Hospital Arrival Time,,,,,,,1,
2023,4,41156,Arizona,4,4,0,0,0,8,8,13,MARICOPA (13),80,CHANDLER,21,21,10,October,2023,7,Saturday,17,5:00pm-5:59pm,21,21,1,This Section IS ON the NHS,2,Urban,2,Other Freeways and Expressways,1,State Highway Agency,3,State Highway,SR-101,,587,587,33.30312500,33.30312500,-111.894408330,-111.89440833,0,No Special Jurisdiction,12,Motor Vehicle In-Transport,1,Front-to-Rear,1,Yes,18,Through Roadway,1,Not an Intersection,0,None,,,1,On Roadway,1,Daylight,,,,,1,Clear,0,No,0000000,Not Applicable,99,Unknown,99,Unknown,99,Unknown EMS Scene Arrival Hour,99,Unknown EMS Scene Arrival Minutes,99,Unknown,99,Unknown EMS Hospital Arrival Time,,,,,,,1,
2023,4,41157,Arizona,2,2,0,0,0,2,2,19,PIMA (19),295,MARANA,28,28,9,September,2023,5,Thursday,8,8:00am-8:59am,27,27,0,This Section IS NOT on the NHS,2,Urban,5,Major Collector,4,City or Municipal Highway Agency,0,Not Signed,N COACHLINE BLVD,W TWIN PEAKS RD,1,1,32.37518611,32.37518611,-111.127411110,-111.12741111,0,No Special Jurisdiction,12,Motor Vehicle In-Transport,6,Angle,0,No,2,Intersection,2,Four-Way Intersection,0,None,,,1,On Roadway,1,Daylight,,,,,98,Not Reported,0,No,0000000,Not Applicable,99,Unknown,99,Unknown,99,Unknown EMS Scene Arrival Hour,99,Unknown EMS Scene Arrival Minutes,99,Unknown,99,Unknown EMS Hospital Arrival Time,,,,,,,1,
2023,4,41158,Arizona,2,2,0,0,0,2,2,13,MARICOPA (13),370,PHOENIX,28,28,9,September,2023,5,Thursday,22,10:00pm-10:59pm,0,0,0,This Section IS NOT on the NHS,2,Urban,4,Minor Arterial,4,City or Municipal Highway Agency,0,Not Signed,N 19TH AVE,W INDIAN SCHOOL RD,0,None,33.49507778,33.49507778,-112.099947220,-112.09994722,0,No Special Jurisdiction,12,Motor Vehicle In-Transport,99,Reported as Unknown,0,No,2,Intersection,2,Four-Way Intersection,0,None,,,1,On Roadway,6,Dark - Unknown Lighting,,,,,98,Not Reported,0,No,0000000,Not Applicable,99,Unknown,99,Unknown,99,Unknown EMS Scene Arrival Hour,99,Unknown EMS Scene Arrival Minutes,99,Unknown,99,Unknown EMS Hospital Arrival Time,,,,,,,1,
2023,4,41159,Arizona,2,2,0,0,0,2,2,1,APACHE (1),0,NOT APPLICABLE,24,24,10,October,2023,3,Tuesday,11,11:00am-11:59am,20,20,0,This Section IS NOT on the NHS,1,Rural,4,Minor Arterial,62,Bureau of Indian Affairs,13,Bureau of Indian Affairs,BIA-12,,0,None,77.77770000,77.77770000,777.777700000,777.77770000,0,No Special Jurisdiction,12,Motor Vehicle In-Transport,2,Front-to-Front,8,Not Reported,98,Not Reported,98,Not Reported,0,None,,,98,Not Reported,1,Daylight,,,,,98,Not Reported,0,No,0000000,Not Applicable,99,Unknown,99,Unknown,99,Unknown EMS Scene Arrival Hour,99,Unknown EMS Scene Arrival Minutes,99,Unknown,98,Unknown if Transported,,,,,,,1,
2023,4,41160,Arizona,1,1,0,1,1,1,1,13,MARICOPA (13),370,PHOENIX,27,27,10,October,2023,6,Friday,99,Unknown Hours,99,Unknown Minutes,0,This Section IS NOT on the NHS,2,Urban,4,Minor Arterial,4,City or Municipal Highway Agency,0,Not Signed,W MCDOWELL RD,,0,None,77.77770000,77.77770000,777.777700000,777.77770000,0,No Special Jurisdiction,8,Pedestrian,0,The First Harmful Event was Not a Collision with a Motor Vehicle in Transport,8,Not Reported,98,Not Reported,98,Not Reported,0,None,,,98,Not Reported,8,Not Reported,,,,,98,Not Reported,0,No,0000000,Not Applicable,99,Unknown,99,Unknown,99,Unknown EMS Scene Arrival Hour,99,Unknown EMS Scene Arrival Minutes,99,Unknown,99,Unknown EMS Hospital Arrival Time,,,,,,,1,
2023,4,41162,Arizona,1,1,0,0,0,1,1,13,MARICOPA (13),420,SCOTTSDALE,17,17,11,November,2023,6,Friday,11,11:00am-11:59am,0,0,0,This Section IS NOT on the NHS,2,Urban,5,Major Collector,62,Bureau of Indian Affairs,0,Not Signed,E THOMAS RD,,0,None,33.48062222,33.48062222,-111.845850000,-111.84585000,0,No Special Jurisdiction,99,Reported as Unknown,99,Reported as Unknown,8,Not Reported,98,Not Reported,98,Not Reported,0,None,,,98,Not Reported,8,Not Reported,,,,,98,Not Reported,0,No,0000000,Not Applicable,99,Unknown,99,Unknown,99,Unknown EMS Scene Arrival Hour,99,Unknown EMS Scene Arrival Minutes,99,Unknown,99,Unknown EMS Hospital Arrival Time,,,,,,,1,
2023,4,41163,Arizona,1,1,0,0,0,1,1,999,UNKNOWN (999),9999,Unknown,8,8,12,December,2023,6,Friday,22,10:00pm-10:59pm,0,0,9,Unknown if This Section Is on the NHS,9,Unknown,99,Unknown,99,Unknown,99,Unknown/Not Reported,UNKNOWN,,0,None,99.99990000,99.99990000,999.999900000,999.99990000,9,Unknown,99,Reported as Unknown,99,Reported as Unknown,9,Reported as Unknown,99,Reported as Unknown,99,Reported as Unknown,0,None,,,99,Reported as Unknown,6,Dark - Unknown Lighting,,,,,98,Not Reported,0,No,0000000,Not Applicable,99,Unknown,99,Unknown,99,Unknown EMS Scene Arrival Hour,99,Unknown EMS Scene Arrival Minutes,99,Unknown,99,Unknown EMS Hospital Arrival Time,,,,,,,1,
2023,4,41164,Arizona,1,1,0,0,0,2,2,13,MARICOPA (13),370,PHOENIX,24,24,12,December,2023,1,Sunday,0,0:00am-0:59am,5,5,1,This Section IS ON the NHS,2,Urban,3,Other Principal Arterial,4,City or Municipal Highway Agency,0,Not Signed,E BASELINE RD,,0,None,33.37793889,33.37793889,-112.005311110,-112.00531111,0,No Special Jurisdiction,30,Utility Pole/Light Support,0,The First Harmful Event was Not a Collision with a Motor Vehicle in Transport,0,No,1,Non-Junction,1,Not an Intersection,0,None,,,4,On Roadside,3,Dark - Lighted,,,,,1,Clear,0,No,0000000,Not Applicable,99,Unknown,99,Unknown,99,Unknown EMS Scene Arrival Hour,99,Unknown EMS Scene Arrival Minutes,99,Unknown,99,Unknown EMS Hospital Arrival Time,,,,,,,1,
2023,4,41165,Arizona,3,3,0,0,0,4,4,13,MARICOPA (13),370,PHOENIX,3,3,10,October,2023,3,Tuesday,18,6:00pm-6:59pm,19,19,0,This Section IS NOT on the NHS,2,Urban,4,Minor Arterial,4,City or Municipal Highway Agency,0,Not Signed,6900 W THOMAS RD,N 69TH AVE,0,None,33.48019722,33.48019722,-112.207522220,-112.20752222,0,No Special Jurisdiction,12,Motor Vehicle In-Transport,6,Angle,0,No,3,Intersection-Related,2,Four-Way Intersection,0,None,,,1,On Roadway,1,Daylight,,,,,98,Not Reported,0,No,0000000,Not Applicable,99,Unknown,99,Unknown,99,Unknown EMS Scene Arrival Hour,99,Unknown EMS Scene Arrival Minutes,99,Unknown,99,Unknown EMS Hospital Arrival Time,,,,,,,1,
2023,4,41166,Arizona,3,3,0,0,0,3,3,13,MARICOPA (13),370,PHOENIX,1,1,7,July,2023,7,Saturday,19,7:00pm-7:59pm,2,2,1,This Section IS ON the NHS,2,Urban,3,Other Principal Arterial,4,City or Municipal Highway Agency,0,Not Signed,N 51ST AVE,,0,None,33.61721389,33.61721389,-112.168544440,-112.16854444,0,No Special Jurisdiction,12,Motor Vehicle In-Transport,1,Front-to-Rear,0,No,1,Non-Junction,1,Not an Intersection,0,None,,,1,On Roadway,1,Daylight,,,,,1,Clear,0,No,0000000,Not Applicable,99,Unknown,99,Unknown,99,Unknown EMS Scene Arrival Hour,99,Unknown EMS Scene Arrival Minutes,99,Unknown,99,Unknown EMS Hospital Arrival Time,,,,,,,1,
2023,4,41167,Arizona,2,2,0,1,1,2,2,13,MARICOPA (13),370,PHOENIX,3,3,10,October,2023,3,Tuesday,19,7:00pm-7:59pm,14,14,0,This Section IS NOT on the NHS,2,Urban,4,Minor Arterial,4,City or Municipal Highway Agency,0,Not Signed,N 43RD AVE,,0,None,33.53803056,33.53803056,-112.151425000,-112.15142500,0,No Special Jurisdiction,8,Pedestrian,0,The First Harmful Event was Not a Collision with a Motor Vehicle in Transport,0,No,1,Non-Junction,1,Not an Intersection,0,None,,,1,On Roadway,1,Daylight,,,,,98,Not Reported,0,No,0000000,Not Applicable,99,Unknown,99,Unknown,99,Unknown EMS Scene Arrival Hour,99,Unknown EMS Scene Arrival Minutes,88,"Not Applicable (Not Transported) ",88,Not Applicable (Not Transported),,,,,,,1,
2023,4,41168,Arizona,1,1,0,1,1,1,1,19,PIMA (19),425,SELLS,14,14,10,October,2023,7,Saturday,4,4:00am-4:59am,54,54,0,This Section IS NOT on the NHS,1,Rural,4,Minor Arterial,1,State Highway Agency,3,State Highway,SR-86,,429,429,32.10852778,32.10852778,-112.072275000,-112.07227500,0,No Special Jurisdiction,8,Pedestrian,0,The First Harmful Event was Not a Collision with a Motor Vehicle in Transport,0,No,1,Non-Junction,1,Not an Intersection,0,None,,,1,On Roadway,6,Dark - Unknown Lighting,,,,,98,Not Reported,0,No,0000000,Not Applicable,99,Unknown,99,Unknown,99,Unknown EMS Scene Arrival Hour,99,Unknown EMS Scene Arrival Minutes,88,"Not Applicable (Not Transported) ",88,Not Applicable (Not Transported),,,,,,,1,