caseyear,state,st_case,statename,ve_total,ve_forms,pvh_invl,peds,pernotmvit,permvit,persons,county,countyname,city,cityname,day,dayname,month,monthname,year,day_week,day_weekname,hour,hourname,minute,minutename,nhs,nhsname,rur_urb,rur_urbname,func_sys,func_sysname,rd_owner,rd_ownername,route,routename,tway_id,tway_id2,milept,mileptname,latitude,latitudename,longitud,longitudname,sp_jur,sp_jurname,harm_ev,harm_evname,man_coll,man_collname,reljct1,reljct1name,reljct2,reljct2name,typ_int,typ_intname,wrk_zone,wrk_zonename,road_fnc,road_fncname,rel_road,rel_roadname,lgt_cond,lgt_condname,weather1,weather1name,weather2,weather2name,weather,weathername,sch_bus,sch_busname,rail,railname,not_hour,not_hourname,not_min,not_minname,arr_hour,arr_hourname,arr_min,arr_minname,hosp_hr,hosp_hrname,hosp_mn,hosp_mnname,cf1,cf1name,cf2,cf2name,cf3,cf3name,fatals,drunk_dr
2018,4,40417,Arizona,1,1,0,0,0,2,2,15,MOHAVE (15),268,LAKE HAVASU CITY,3,3,6,June,2018,1,Sunday,18,6:00pm-6:59pm,57,57,0,This section IS NOT on the NHS,2,Urban,4,Minor Arterial,4,City or Municipal Highway Agency,6,Local Street - Municipality,MCCULLOCH BLVD,,0,None,34.47718056,34.47718056,-114.338577800,-114.33857778,0,No Special Jurisdiction,1,Rollover/Overturn,0,Not a Collision with Motor Vehicle In-Transport,0,No,1,Non-Junction,1,Not an Intersection,0,None,,,1,On Roadway,1,Daylight,1,Clear,0,No Additional Atmospheric Conditions,1,Clear,0,No,0000000,Not Applicable,18,6:00pm-6:59pm,59,59,19,7:00pm-7:59pm,3,3,19,7:00pm-7:59pm,25,25,0,None,0,None,0,None,1,1
2018,4,40462,Arizona,1,1,0,0,0,2,2,27,YUMA (27),0,NOT APPLICABLE,9,9,5,May,2018,4,Wednesday,5,5:00am-5:59am,43,43,1,This section IS ON the NHS,1,Rural,1,Interstate,1,State Highway Agency,1,Interstate,I-8,,240,240,32.65752778,32.65752778,-114.244308300,-114.24430833,0,No Special Jurisdiction,1,Rollover/Overturn,0,Not a Collision with Motor Vehicle In-Transport,0,No,1,Non-Junction,1,Not an Intersection,0,None,,,4,On Roadside,4,Dawn,1,Clear,0,No Additional Atmospheric Conditions,1,Clear,0,No,0000000,Not Applicable,99,Unknown,99,Unknown,99,Unknown EMS Scene Arrival Hour,99,Unknown EMS Scene Arrival Minutes,99,Unknown,99,Unknown EMS Hospital Arrival Time,0,None,0,None,0,None,1,0
2018,4,40500,Arizona,2,2,0,0,0,3,3,15,MOHAVE (15),0,NOT APPLICABLE,4,4,7,July,2018,4,Wednesday,5,5:00am-5:59am,33,33,1,This section IS ON the NHS,1,Rural,3,Principal Arterial - Other,1,State Highway Agency,3,State Highway,SR-95,,859,859,34.63682222,34.63682222,-114.325202800,-114.32520278,0,No Special Jurisdiction,12,Motor Vehicle In-Transport,2,Front-to-Front,0,No,1,Non-Junction,1,Not an Intersection,0,None,,,1,On Roadway,1,Daylight,1,Clear,0,No Additional Atmospheric Conditions,1,Clear,0,No,0000000,Not Applicable,5,5:00am-5:59am,33,33,5,5:00am-5:59am,37,37,99,Unknown,99,Unknown EMS Hospital Arrival Time,0,None,0,None,0,None,1,0
2018,4,40503,Arizona,2,2,0,0,0,5,5,27,YUMA (27),620,YUMA,6,6,7,July,2018,6,Friday,21,9:00pm-9:59pm,33,33,1,This section IS ON the NHS,1,Rural,2,Principal Arterial - Other Freeways and Expressways,1,State Highway Agency,3,State Highway,SR-195,,94,94,32.50796389,32.50796389,-114.558686100,-114.55868611,0,No Special Jurisdiction,12,Motor Vehicle In-Transport,2,Front-to-Front,0,No,1,Non-Junction,1,Not an Intersection,0,None,,,1,On Roadway,2,Dark - Not Lighted,1,Clear,0,No Additional Atmospheric Conditions,1,Clear,0,No,0000000,Not Applicable,21,9:00pm-9:59pm,33,33,21,9:00pm-9:59pm,49,49,22,10:00pm-10:59pm,30,30,0,None,0,None,0,None,2,0
2018,4,40543,Arizona,1,1,0,0,0,1,1,15,MOHAVE (15),59,BULLHEAD CITY,14,14,7,July,2018,7,Saturday,19,7:00pm-7:59pm,32,32,1,This section IS ON the NHS,2,Urban,3,Principal Arterial - Other,1,State Highway Agency,3,State Highway,SR-95,RAINBOW DR,1314,1314,35.06974444,35.06974444,-114.589300000,-114.589300000,0,No Special Jurisdiction,33,Curb,0,Not a Collision with Motor Vehicle In-Transport,0,No,3,Intersection-Related,2,Four-Way Intersection,0,None,,,4,On Roadside,5,Dusk,1,Clear,0,No Additional Atmospheric Conditions,1,Clear,0,No,0000000,Not Applicable,19,7:00pm-7:59pm,33,33,19,7:00pm-7:59pm,38,38,19,7:00pm-7:59pm,59,59,0,None,0,None,0,None,1,0
2018,4,40551,Arizona,1,1,0,0,0,1,1,27,YUMA (27),0,NOT APPLICABLE,4,4,7,July,2018,4,Wednesday,3,3:00am-3:59am,45,45,0,This section IS NOT on the NHS,1,Rural,7,Local,2,County Highway Agency,5,Local Street - Township,CR-COUNTY 10TH ST,,0,None,32.68376111,32.68376111,-114.693322200,-114.69332222,0,No Special Jurisdiction,35,Embankment,0,Not a Collision with Motor Vehicle In-Transport,0,No,1,Non-Junction,1,Not an Intersection,0,None,,,4,On Roadside,2,Dark - Not Lighted,1,Clear,0,No Additional Atmospheric Conditions,1,Clear,0,No,0000000,Not Applicable,3,3:00am-3:59am,47,47,3,3:00am-3:59am,57,57,88,Not Applicable (Not Transported),88,Not Applicable (Not Transported),0,None,0,None,0,None,1,0
2018,4,40604,Arizona,1,1,0,1,1,1,1,27,YUMA (27),0,NOT APPLICABLE,7,7,8,August,2018,3,Tuesday,9,9:00am-9:59am,41,41,0,This section IS NOT on the NHS,2,Urban,4,Minor Arterial,2,County Highway Agency,4,County Road,CR-W 8TH ST,,0,None,32.71305833,32.71305833,-114.648786100,-114.64878611,0,No Special Jurisdiction,9,Pedalcyclist,0,Not a Collision with Motor Vehicle In-Transport,0,No,1,Non-Junction,1,Not an Intersection,0,None,,,1,On Roadway,1,Daylight,1,Clear,0,No Additional Atmospheric Conditions,1,Clear,0,No,0000000,Not Applicable,9,9:00am-9:59am,41,41,9,9:00am-9:59am,45,45,99,Unknown,99,Unknown EMS Hospital Arrival Time,0,None,0,None,0,None,1,0
2018,4,40643,Arizona,1,1,0,1,1,1,1,15,MOHAVE (15),260,KINGMAN,12,12,9,September,2018,4,Wednesday,17,5:00pm-5:59pm,20,20,0,This section IS NOT on the NHS,2,Urban,4,Minor Arterial,1,State Highway Agency,3,State Highway,SR-66 E ANDY DEVINE AVE,,99998,Not Reported,35.22133056,35.22133056,-114.006833300,-114.00683333,0,No Special Jurisdiction,8,Pedestrian,0,Not a Collision with Motor Vehicle In-Transport,0,No,8,Driveway Access Related,1,Not an Intersection,0,None,,,1,On Roadway,1,Daylight,1,Clear,0,No Additional Atmospheric Conditions,1,Clear,0,No,0000000,Not Applicable,17,5:00pm-5:59pm,21,21,17,5:00pm-5:59pm,28,28,17,5:00pm-5:59pm,36,36,0,None,0,None,0,None,1,0
2018,4,40658,Arizona,2,2,0,0,0,4,4,27,YUMA (27),620,YUMA,17,17,9,September,2018,2,Monday,18,6:00pm-6:59pm,21,21,0,This section IS NOT on the NHS,2,Urban,4,Minor Arterial,4,City or Municipal Highway Agency,6,Local Street - Municipality,W 24TH ST,S AVE A,0,None,32.68395556,32.68395556,-114.633244400,-114.63324444,0,No Special Jurisdiction,12,Motor Vehicle In-Transport,6,Angle,1,Yes,2,Intersection,2,Four-Way Intersection,0,None,,,1,On Roadway,5,Dusk,1,Clear,0,No Additional Atmospheric Conditions,1,Clear,0,No,0000000,Not Applicable,99,Unknown,99,Unknown,99,Unknown EMS Scene Arrival Hour,99,Unknown EMS Scene Arrival Minutes,99,Unknown,99,Unknown EMS Hospital Arrival Time,0,None,0,None,0,None,1,0
2018,4,40659,Arizona,1,1,0,1,1,1,1,15,MOHAVE (15),0,NOT APPLICABLE,19,19,9,September,2018,4,Wednesday,0,0:00am-0:59am,28,28,1,This section IS ON the NHS,2,Urban,1,Interstate,1,State Highway Agency,1,Interstate,I-40,,496,496,35.20095556,35.20095556,-114.065447200,-114.06544722,0,No Special Jurisdiction,8,Pedestrian,0,Not a Collision with Motor Vehicle In-Transport,0,No,1,Non-Junction,1,Not an Intersection,0,None,,,4,On Roadside,2,Dark - Not Lighted,1,Clear,0,No Additional Atmospheric Conditions,1,Clear,0,No,0000000,Not Applicable,0,0:00am-0:59am,28,28,0,0:00am-0:59am,35,35,0,0:00am-0:59am,46,46,23,Indication of a Stalled/Disabled Vehicle,0,None,0,None,1,0
2018,4,40667,Arizona,1,1,0,0,0,1,1,27,YUMA (27),620,YUMA,22,22,9,September,2018,7,Saturday,1,1:00am-1:59am,46,46,0,This section IS NOT on the NHS,2,Urban,7,Local,4,City or Municipal Highway Agency,6,Local Street - Municipality,S REDONDO CENTER DR,,0,None,32.71684722,32.71684722,-114.613972200,-114.61397222,0,No Special Jurisdiction,33,Curb,0,Not a Collision with Motor Vehicle In-Transport,0,No,1,Non-Junction,1,Not an Intersection,0,None,,,4,On Roadside,2,Dark - Not Lighted,1,Clear,0,No Additional Atmospheric Conditions,1,Clear,0,No,0000000,Not Applicable,1,1:00am-1:59am,49,49,1,1:00am-1:59am,53,53,88,Not Applicable (Not Transported),88,Not Applicable (Not Transported),0,None,0,None,0,None,1,1
2018,4,40671,Arizona,1,1,0,1,1,1,1,27,YUMA (27),0,NOT APPLICABLE,22,22,9,September,2018,7,Saturday,23,11:00pm-11:59pm,39,39,1,This section IS ON the NHS,1,Rural,3,Principal Arterial - Other,1,State Highway Agency,2,U.S. Highway,US-95,,99998,Not Reported,32.60830833,32.60830833,-114.653522200,-114.65352222,3,Indian Reservation,8,Pedestrian,0,Not a Collision with Motor Vehicle In-Transport,0,No,8,Driveway Access Related,1,Not an Intersection,0,None,,,1,On Roadway,2,Dark - Not Lighted,1,Clear,0,No Additional Atmospheric Conditions,1,Clear,0,No,0000000,Not Applicable,99,Unknown,99,Unknown,99,Unknown EMS Scene Arrival Hour,99,Unknown EMS Scene Arrival Minutes,99,Unknown,99,Unknown EMS Hospital Arrival Time,0,None,0,None,0,None,1,0
2018,4,40681,Arizona,1,1,0,1,1,1,1,27,YUMA (27),9997,Other,26,26,9,September,2018,4,Wednesday,19,7:00pm-7:59pm,28,28,0,This section IS NOT on the NHS,2,Urban,7,Local,4,City or Municipal Highway Agency,6,Local Street - Municipality,E 44TH ST,,0,None,32.64883889,32.64883889,-114.407158300,-114.40715833,0,No Special Jurisdiction,8,Pedestrian,0,Not a Collision with Motor Vehicle In-Transport,0,No,1,Non-Junction,1,Not an Intersection,0,None,,,1,On Roadway,2,Dark - Not Lighted,1,Clear,0,No Additional Atmospheric Conditions,1,Clear,0,No,0000000,Not Applicable,99,Unknown,99,Unknown,99,Unknown EMS Scene Arrival Hour,99,Unknown EMS Scene Arrival Minutes,99,Unknown,99,Unknown EMS Hospital Arrival Time,0,None,0,None,0,None,1,0
2018,4,40700,Arizona,2,2,0,0,0,3,3,15,MOHAVE (15),59,BULLHEAD CITY,20,20,9,September,2018,5,Thursday,12,12:00pm-12:59pm,10,10,1,This section IS ON the NHS,2,Urban,3,Principal Arterial - Other,1,State Highway Agency,3,State Highway,SR-95,HAVASUPAI DR,1327,1327,35.09140833,35.09140833,-114.598091700,-114.59809167,0,No Special Jurisdiction,12,Motor Vehicle In-Transport,6,Angle,1,Yes,2,Intersection,3,T-Intersection,0,None,,,1,On Roadway,1,Daylight,1,Clear,0,No Additional Atmospheric Conditions,1,Clear,0,No,0000000,Not Applicable,12,12:00pm-12:59pm,10,10,12,12:00pm-12:59pm,31,31,12,12:00pm-12:59pm,38,38,0,None,0,None,0,None,1,0
2018,4,40712,Arizona,1,1,0,0,0,1,1,15,MOHAVE (15),0,NOT APPLICABLE,4,4,10,October,2018,5,Thursday,0,0:00am-0:59am,57,57,0,This section IS NOT on the NHS,1,Rural,5,Major Collector,2,County Highway Agency,4,County Road,CR-10 OATMAN HWY,,0,None,34.78373889,34.78373889,-114.481319400,-114.48131944,0,No Special Jurisdiction,1,Rollover/Overturn,0,Not a Collision with Motor Vehicle In-Transport,0,No,1,Non-Junction,1,Not an Intersection,0,None,,,1,On Roadway,2,Dark - Not Lighted,1,Clear,0,No Additional Atmospheric Conditions,1,Clear,0,No,0000000,Not Applicable,1,1:00am-1:59am,2,2,1,1:00am-1:59am,6,6,1,1:00am-1:59am,50,50,0,None,0,None,0,None,1,0
2018,4,40750,Arizona,1,1,0,0,0,1,1,15,MOHAVE (15),0,NOT APPLICABLE,21,21,10,October,2018,1,Sunday,15,3:00pm-3:59pm,34,34,1,This section IS ON the NHS,1,Rural,1,Interstate,1,State Highway Agency,1,Interstate,I-40 US-95,,49,49,34.72588611,34.72588611,-114.402500000,-114.402500000,0,No Special Jurisdiction,24,Guardrail Face,0,Not a Collision with Motor Vehicle In-Transport,0,No,1,Non-Junction,1,Not an Intersection,0,None,,,4,On Roadside,1,Daylight,1,Clear,0,No Additional Atmospheric Conditions,1,Clear,0,No,0000000,Not Applicable,15,3:00pm-3:59pm,34,34,15,3:00pm-3:59pm,49,49,17,5:00pm-5:59pm,30,30,0,None,0,None,0,None,1,0
2018,4,40757,Arizona,1,1,0,1,1,1,1,27,YUMA (27),620,YUMA,25,25,10,October,2018,5,Thursday,18,6:00pm-6:59pm,19,19,0,This section IS NOT on the NHS,2,Urban,4,Minor Arterial,4,City or Municipal Highway Agency,6,Local Street - Municipality,W 16TH ST,S ARCADIA LN,0,None,32.69845833,32.69845833,-114.653652800,-114.65365278,0,No Special Jurisdiction,8,Pedestrian,0,Not a Collision with Motor Vehicle In-Transport,0,No,3,Intersection-Related,3,T-Intersection,0,None,,,1,On Roadway,3,Dark - Lighted,1,Clear,0,No Additional Atmospheric Conditions,1,Clear,0,No,0000000,Not Applicable,18,6:00pm-6:59pm,20,20,18,6:00pm-6:59pm,22,22,88,Not Applicable (Not Transported),88,Not Applicable (Not Transported),0,None,0,None,0,None,1,0
2018,4,40809,Arizona,2,2,0,0,0,2,2,27,YUMA (27),620,YUMA,17,17,11,November,2018,7,Saturday,2,2:00am-2:59am,52,52,1,This section IS ON the NHS,2,Urban,3,Principal Arterial - Other,1,State Highway Agency,2,U.S. Highway,US-95,,318,318,32.69943056,32.69943056,-114.478111100,-114.47811111,0,No Special Jurisdiction,12,Motor Vehicle In-Transport,2,Front-to-Front,0,No,1,Non-Junction,1,Not an Intersection,0,None,,,1,On Roadway,2,Dark - Not Lighted,1,Clear,0,No Additional Atmospheric Conditions,1,Clear,0,No,0000000,Not Applicable,2,2:00am-2:59am,52,52,3,3:00am-3:59am,11,11,88,Not Applicable (Not Transported),88,Not Applicable (Not Transported),0,None,0,None,0,None,2,0
2018,4,40868,Arizona,1,1,0,0,0,1,1,15,MOHAVE (15),268,LAKE HAVASU CITY,15,15,12,December,2018,7,Saturday,15,3:00pm-3:59pm,16,16,0,This section IS NOT on the NHS,6,Trafficway Not in State Inventory,96,Trafficway Not in State Inventory,96,Trafficway Not in State Inventory,8,Other,PINK RD,,0,None,34.52504722,34.52504722,-114.277947200,-114.27794722,0,No Special Jurisdiction,44,"Pavement Surface Irregularity (Ruts, Potholes, Grates, etc.)",0,Not a Collision with Motor Vehicle In-Transport,0,No,1,Non-Junction,1,Not an Intersection,0,None,,,1,On Roadway,1,Daylight,1,Clear,0,No Additional Atmospheric Conditions,1,Clear,0,No,0000000,Not Applicable,15,3:00pm-3:59pm,15,15,15,3:00pm-3:59pm,24,24,88,Not Applicable (Not Transported),88,Not Applicable (Not Transported),3,Other Maintenance or Construction-Created Condition,0,None,0,None,1,0
2018,4,40873,Arizona,1,1,0,0,0,1,1,15,MOHAVE (15),268,LAKE HAVASU CITY,18,18,12,December,2018,3,Tuesday,1,1:00am-1:59am,28,28,1,This section IS ON the NHS,1,Rural,3,Principal Arterial - Other,1,State Highway Agency,3,State Highway,SR-95,,837,837,34.62194444,34.62194444,-114.338305600,-114.33830556,0,No Special Jurisdiction,1,Rollover/Overturn,0,Not a Collision with Motor Vehicle In-Transport,0,No,1,Non-Junction,1,Not an Intersection,0,None,,,1,On Roadway,2,Dark - Not Lighted,1,Clear,0,No Additional Atmospheric Conditions,1,Clear,0,No,0000000,Not Applicable,1,1:00am-1:59am,36,36,1,1:00am-1:59am,48,48,88,Not Applicable (Not Transported),88,Not Applicable (Not Transported),0,None,0,None,0,None,1,0
2018,4,40874,Arizona,2,2,0,0,0,2,2,12,LA PAZ (12),387,QUARTZITE,18,18,12,December,2018,3,Tuesday,6,6:00am-6:59am,23,23,1,This section IS ON the NHS,2,Urban,1,Interstate,1,State Highway Agency,1,Interstate,I-10,,290,290,33.66995278,33.66995278,-114.043286100,-114.04328611,0,No Special Jurisdiction,12,Motor Vehicle In-Transport,1,Front-to-Rear,0,No,1,Non-Junction,1,Not an Intersection,0,None,,,1,On Roadway,3,Dark - Lighted,1,Clear,0,No Additional Atmospheric Conditions,1,Clear,0,No,0000000,Not Applicable,6,6:00am-6:59am,23,23,6,6:00am-6:59am,40,40,88,Not Applicable (Not Transported),88,Not Applicable (Not Transported),0,None,0,None,0,None,1,0
2018,4,40876,Arizona,2,2,0,0,0,2,2,27,YUMA (27),620,YUMA,20,20,12,December,2018,5,Thursday,7,7:00am-7:59am,0,0,0,This section IS NOT on the NHS,2,Urban,4,Minor Arterial,4,City or Municipal Highway Agency,6,Local Street - Municipality,32ND ST,CIELO VERDE DR,0,None,32.67026667,32.67026667,-114.491266700,-114.49126667,0,No Special Jurisdiction,12,Motor Vehicle In-Transport,6,Angle,0,No,2,Intersection,3,T-Intersection,0,None,,,1,On Roadway,1,Daylight,1,Clear,0,No Additional Atmospheric Conditions,1,Clear,0,No,0000000,Not Applicable,7,7:00am-7:59am,0,0,7,7:00am-7:59am,45,45,88,Not Applicable (Not Transported),88,Not Applicable (Not Transported),0,None,0,None,0,None,1,0
2018,4,40883,Arizona,1,1,0,0,0,1,1,15,MOHAVE (15),135,DOLAN SPRINGS,23,23,12,December,2018,1,Sunday,15,3:00pm-3:59pm,42,42,1,This section IS ON the NHS,1,Rural,3,Principal Arterial - Other,1,State Highway Agency,2,U.S. Highway,US-93,,321,321,35.66490000,35.66490000,-114.454783300,-114.45478333,0,No Special Jurisdiction,38,Fence,0,Not a Collision with Motor Vehicle In-Transport,0,No,1,Non-Junction,1,Not an Intersection,0,None,,,4,On Roadside,1,Daylight,1,Clear,0,No Additional Atmospheric Conditions,1,Clear,0,No,0000000,Not Applicable,15,3:00pm-3:59pm,17,17,15,3:00pm-3:59pm,33,33,88,Not Applicable (Not Transported),88,Not Applicable (Not Transported),0,None,0,None,0,None,1,0
2018,4,40885,Arizona,2,2,0,0,0,2,2,27,YUMA (27),417,SAN LUIS,24,24,12,December,2018,2,Monday,4,4:00am-4:59am,51,51,0,This section IS NOT on the NHS,2,Urban,5,Major Collector,4,City or Municipal Highway Agency,6,Local Street - Municipality,10TH AVE,,0,None,32.51579167,32.51579167,-114.752375000,-114.752375000,0,No Special Jurisdiction,12,Motor Vehicle In-Transport,8,Sideswipe - Opposite Direction,0,No,1,Non-Junction,1,Not an Intersection,0,None,,,1,On Roadway,2,Dark - Not Lighted,1,Clear,0,No Additional Atmospheric Conditions,1,Clear,0,No,0000000,Not Applicable,4,4:00am-4:59am,56,56,5,5:00am-5:59am,3,3,5,5:00am-5:59am,43,43,0,None,0,None,0,None,1,1
2018,4,40904,Arizona,3,3,0,0,0,5,5,15,MOHAVE (15),59,BULLHEAD CITY,8,8,12,December,2018,7,Saturday,19,7:00pm-7:59pm,56,56,1,This section IS ON the NHS,2,Urban,3,Principal Arterial - Other,1,State Highway Agency,3,State Highway,SR-95,COLINA DR,0,None,35.12089444,35.12089444,-114.588219400,-114.58821944,0,No Special Jurisdiction,12,Motor Vehicle In-Transport,6,Angle,0,No,2,Intersection,3,T-Intersection,0,None,,,1,On Roadway,3,Dark - Lighted,1,Clear,0,No Additional Atmospheric Conditions,1,Clear,0,No,0000000,Not Applicable,19,7:00pm-7:59pm,58,58,20,8:00pm-8:59pm,1,1,88,Not Applicable (Not Transported),88,Not Applicable (Not Transported),0,None,0,None,0,None,1,0
2019,4,40016,Arizona,2,2,0,0,0,5,5,15,MOHAVE (15),543,WILLOW BEACH,9,9,1,January,2019,4,Wednesday,18,6:00pm-6:59pm,30,30,1,This section IS ON the NHS,2,Urban,3,Principal Arterial - Other,1,State Highway Agency,2,U.S. Highway,US-93,,270,270,35.72223056,35.72223056,-114.486400000,-114.486400000,0,No Special Jurisdiction,12,Motor Vehicle In-Transport,6,Angle,0,No,7,Crossover-Related,1,Not an Intersection,0,None,,,1,On Roadway,2,Dark - Not Lighted,1,Clear,0,No Additional Atmospheric Conditions,1,Clear,0,No,0000000,Not Applicable,18,6:00pm-6:59pm,45,45,19,7:00pm-7:59pm,20,20,20,8:00pm-8:59pm,30,30,0,None,0,None,0,None,1,0
2019,4,40043,Arizona,2,2,0,0,0,2,2,12,LA PAZ (12),0,NOT APPLICABLE,26,26,1,January,2019,7,Saturday,2,2:00am-2:59am,50,50,1,This section IS ON the NHS,1,Rural,3,Principal Arterial - Other,1,State Highway Agency,3,State Highway,SR-95,,189,189,33.95155278,33.95155278,-114.216725000,-114.216725000,0,No Special Jurisdiction,12,Motor Vehicle In-Transport,2,Front-to-Front,0,No,1,Non-Junction,1,Not an Intersection,0,None,,,1,On Roadway,2,Dark - Not Lighted,1,Clear,0,No Additional Atmospheric Conditions,1,Clear,0,No,0000000,Not Applicable,2,2:00am-2:59am,50,50,3,3:00am-3:59am,8,8,88,Not Applicable (Not Transported),88,Not Applicable (Not Transported),0,None,0,None,0,None,1,0
2019,4,40080,Arizona,1,1,0,0,0,1,1,15,MOHAVE (15),59,BULLHEAD CITY,2,2,2,February,2019,7,Saturday,20,8:00pm-8:59pm,19,19,0,This section IS NOT on the NHS,2,Urban,4,Minor Arterial,4,City or Municipal Highway Agency,4,County Road,CR-155 SILVER CREEK RD,,0,None,35.11418611,35.11418611,-114.572297200,-114.57229722,0,No Special Jurisdiction,33,Curb,0,The First Harmful Event was Not a Collision with a Motor Vehicle in Transport,0,No,1,Non-Junction,1,Not an Intersection,0,None,,,4,On Roadside,2,Dark - Not Lighted,2,Rain,0,No Additional Atmospheric Conditions,2,Rain,0,No,0000000,Not Applicable,20,8:00pm-8:59pm,20,20,20,8:00pm-8:59pm,21,21,20,8:00pm-8:59pm,49,49,0,None,0,None,0,None,1,0
2019,4,40087,Arizona,3,3,0,0,0,2,2,15,MOHAVE (15),619,YUCCA,9,9,2,February,2019,7,Saturday,16,4:00pm-4:59pm,31,31,1,This section IS ON the NHS,1,Rural,1,Interstate,1,State Highway Agency,1,Interstate,I-40 PURPLE HEART TRL,,235,235,34.83378333,34.83378333,-114.144838900,-114.14483889,0,No Special Jurisdiction,12,Motor Vehicle In-Transport,1,Front-to-Rear,0,No,1,Non-Junction,1,Not an Intersection,0,None,,,1,On Roadway,1,Daylight,1,Clear,0,No Additional Atmospheric Conditions,1,Clear,0,No,0000000,Not Applicable,16,4:00pm-4:59pm,33,33,16,4:00pm-4:59pm,36,36,88,Not Applicable (Not Transported),88,Not Applicable (Not Transported),23,Indication of a Stalled/Disabled Vehicle,19,Recent/Previous Crash scene Nearby,0,None,1,0
2019,4,40091,Arizona,1,1,0,0,0,1,1,27,YUMA (27),620,YUMA,12,12,2,February,2019,3,Tuesday,99,Unknown Hours,99,Unknown Minutes,1,This section IS ON the NHS,2,Urban,1,Interstate,1,State Highway Agency,1,Interstate,I-8,,27,27,32.69540833,32.69540833,-114.605438900,-114.60543889,0,No Special Jurisdiction,38,Fence,0,The First Harmful Event was Not a Collision with a Motor Vehicle in Transport,0,No,1,Non-Junction,1,Not an Intersection,0,None,,,4,On Roadside,1,Daylight,1,Clear,0,No Additional Atmospheric Conditions,1,Clear,0,No,0000000,Not Applicable,11,11:00am-11:59am,49,49,11,11:00am-11:59am,58,58,88,Not Applicable (Not Transported),88,Not Applicable (Not Transported),0,None,0,None,0,None,1,0
2019,4,40096,Arizona,1,1,0,0,0,1,1,27,YUMA (27),0,NOT APPLICABLE,15,15,2,February,2019,6,Friday,2,2:00am-2:59am,44,44,0,This section IS NOT on the NHS,1,Rural,5,Major Collector,2,County Highway Agency,5,Local Street - Township,W COUNTY 11TH ST,,0,None,32.66915833,32.66915833,-114.736802800,-114.73680278,0,No Special Jurisdiction,18,Other Object (not fixed),0,The First Harmful Event was Not a Collision with a Motor Vehicle in Transport,0,No,1,Non-Junction,1,Not an Intersection,0,None,,,4,On Roadside,2,Dark - Not Lighted,1,Clear,0,No Additional Atmospheric Conditions,1,Clear,0,No,0000000,Not Applicable,2,2:00am-2:59am,45,45,2,2:00am-2:59am,57,57,3,3:00am-3:59am,18,18,0,None,0,None,0,None,1,1
2019,4,40109,Arizona,3,2,1,3,3,1,1,27,YUMA (27),620,YUMA,21,21,2,February,2019,5,Thursday,19,7:00pm-7:59pm,42,42,1,This section IS ON the NHS,2,Urban,1,Interstate,1,State Highway Agency,1,Interstate,I-8,,47,47,32.66956944,32.66956944,-114.581702800,-114.58170278,0,No Special Jurisdiction,12,Motor Vehicle In-Transport,99,Reported as Unknown,0,No,1,Non-Junction,1,Not an Intersection,0,None,,,1,On Roadway,2,Dark - Not Lighted,2,Rain,0,No Additional Atmospheric Conditions,2,Rain,0,No,0000000,Not Applicable,19,7:00pm-7:59pm,39,39,19,7:00pm-7:59pm,44,44,20,8:00pm-8:59pm,15,15,19,Recent/Previous Crash scene Nearby,23,Indication of a Stalled/Disabled Vehicle,0,None,1,1
2019,4,40110,Arizona,1,1,0,0,0,1,1,15,MOHAVE (15),0,NOT APPLICABLE,21,21,2,February,2019,5,Thursday,22,10:00pm-10:59pm,0,0,0,This section IS NOT on the NHS,1,Rural,7,Local,98,Not Reported,9,Unknown,COVE RD,,0,None,35.13305000,35.13305000,-114.163022200,-114.16302222,0,No Special Jurisdiction,1,Rollover/Overturn,0,The First Harmful Event was Not a Collision with a Motor Vehicle in Transport,0,No,1,Non-Junction,1,Not an Intersection,0,None,,,1,On Roadway,2,Dark - Not Lighted,4,Snow,0,No Additional Atmospheric Conditions,4,Snow,0,No,0000000,Not Applicable,22,10:00pm-10:59pm,0,0,22,10:00pm-10:59pm,40,40,23,11:00pm-11:59pm,0,0,0,None,0,None,0,None,1,1