caseyear,state,st_case,statename,ve_total,ve_forms,pvh_invl,peds,pernotmvit,permvit,persons,county,countyname,city,cityname,day,dayname,month,monthname,year,day_week,day_weekname,hour,hourname,minute,minutename,nhs,nhsname,rur_urb,rur_urbname,func_sys,func_sysname,rd_owner,rd_ownername,route,routename,tway_id,tway_id2,milept,mileptname,latitude,latitudename,longitud,longitudname,sp_jur,sp_jurname,harm_ev,harm_evname,man_coll,man_collname,reljct1,reljct1name,reljct2,reljct2name,typ_int,typ_intname,wrk_zone,wrk_zonename,road_fnc,road_fncname,rel_road,rel_roadname,lgt_cond,lgt_condname,weather1,weather1name,weather2,weather2name,weather,weathername,sch_bus,sch_busname,rail,railname,not_hour,not_hourname,not_min,not_minname,arr_hour,arr_hourname,arr_min,arr_minname,hosp_hr,hosp_hrname,hosp_mn,hosp_mnname,cf1,cf1name,cf2,cf2name,cf3,cf3name,fatals,drunk_dr
2019,4,40137,Arizona,2,2,0,0,0,3,3,15,MOHAVE (15),0,NOT APPLICABLE,11,11,3,March,2019,2,Monday,15,3:00pm-3:59pm,24,24,0,This section IS NOT on the NHS,1,Rural,6,Minor Collector,2,County Highway Agency,5,Local Street - Township,OATMAN HWY,,0,None,34.97406667,34.97406667,-114.418375000,-114.418375000,0,No Special Jurisdiction,12,Motor Vehicle In-Transport,6,Angle,0,No,1,Non-Junction,1,Not an Intersection,0,None,,,1,On Roadway,1,Daylight,1,Clear,0,No Additional Atmospheric Conditions,1,Clear,0,No,0000000,Not Applicable,15,3:00pm-3:59pm,24,24,15,3:00pm-3:59pm,33,33,99,Unknown,99,Unknown EMS Hospital Arrival Time,0,None,0,None,0,None,1,0
2019,4,40141,Arizona,1,1,0,1,1,1,1,15,MOHAVE (15),178,FORT MOHAVE,15,15,3,March,2019,6,Friday,20,8:00pm-8:59pm,54,54,1,This section IS ON the NHS,2,Urban,3,Principal Arterial - Other,1,State Highway Agency,3,State Highway,SR-95 MOHAVE VALLEY HWY,CAMP MOHAVE RD,1278,1278,35.02605000,35.02605000,-114.597977800,-114.59797778,0,No Special Jurisdiction,8,Pedestrian,0,The First Harmful Event was Not a Collision with a Motor Vehicle in Transport,0,No,3,Intersection-Related,2,Four-Way Intersection,0,None,,,1,On Roadway,3,Dark - Lighted,1,Clear,0,No Additional Atmospheric Conditions,1,Clear,0,No,0000000,Not Applicable,20,8:00pm-8:59pm,54,54,20,8:00pm-8:59pm,58,58,22,10:00pm-10:59pm,52,52,0,None,0,None,0,None,1,0
2019,4,40150,Arizona,2,2,0,0,0,6,6,27,YUMA (27),0,NOT APPLICABLE,21,21,3,March,2019,5,Thursday,15,3:00pm-3:59pm,16,16,1,This section IS ON the NHS,1,Rural,3,Principal Arterial - Other,1,State Highway Agency,2,U.S. Highway,US-95,AVENUE 12E,348,348,32.71371667,32.71371667,-114.426886100,-114.42688611,0,No Special Jurisdiction,12,Motor Vehicle In-Transport,6,Angle,0,No,2,Intersection,3,T-Intersection,0,None,,,1,On Roadway,1,Daylight,1,Clear,0,No Additional Atmospheric Conditions,1,Clear,0,No,0000000,Not Applicable,99,Unknown,99,Unknown,99,Unknown EMS Scene Arrival Hour,99,Unknown EMS Scene Arrival Minutes,99,Unknown,99,Unknown EMS Hospital Arrival Time,0,None,0,None,0,None,1,0
2019,4,40152,Arizona,2,2,0,0,0,2,2,15,MOHAVE (15),217,GOLDEN VALLEY,22,22,3,March,2019,6,Friday,17,5:00pm-5:59pm,25,25,0,This section IS NOT on the NHS,6,Trafficway Not in State Inventory,96,Trafficway Not in State Inventory,96,Trafficway Not in State Inventory,5,Local Street - Township,CHINO DR,COLORADO RD,0,None,35.22891944,35.22891944,-114.236163900,-114.23616389,0,No Special Jurisdiction,12,Motor Vehicle In-Transport,6,Angle,0,No,2,Intersection,2,Four-Way Intersection,0,None,,,1,On Roadway,1,Daylight,1,Clear,0,No Additional Atmospheric Conditions,1,Clear,0,No,0000000,Not Applicable,17,5:00pm-5:59pm,25,25,17,5:00pm-5:59pm,30,30,88,Not Applicable (Not Transported),88,Not Applicable (Not Transported),0,None,0,None,0,None,1,0
2019,4,40157,Arizona,2,2,0,0,0,4,4,27,YUMA (27),0,NOT APPLICABLE,27,27,3,March,2019,4,Wednesday,9,9:00am-9:59am,58,58,1,This section IS ON the NHS,1,Rural,3,Principal Arterial - Other,1,State Highway Agency,2,U.S. Highway,US-95,ADAIR PARK RD,388,388,32.76830278,32.76830278,-114.400463900,-114.40046389,0,No Special Jurisdiction,12,Motor Vehicle In-Transport,1,Front-to-Rear,0,No,3,Intersection-Related,3,T-Intersection,0,None,,,1,On Roadway,1,Daylight,1,Clear,0,No Additional Atmospheric Conditions,1,Clear,0,No,0000000,Not Applicable,9,9:00am-9:59am,58,58,10,10:00am-10:59am,17,17,10,10:00am-10:59am,52,52,0,None,0,None,0,None,1,0
2019,4,40168,Arizona,1,1,0,0,0,1,1,12,LA PAZ (12),0,NOT APPLICABLE,28,28,3,March,2019,5,Thursday,15,3:00pm-3:59pm,13,13,0,This section IS NOT on the NHS,1,Rural,7,Local,98,Not Reported,9,Unknown,RODEO RD,,0,None,34.13932778,34.13932778,-114.318147200,-114.31814722,3,Indian Reservation,99,Reported as Unknown,99,Reported as Unknown,0,No,99,Reported as Unknown,99,Reported as Unknown,0,None,,,99,Reported as Unknown,8,Not Reported,98,Not Reported,0,No Additional Atmospheric Conditions,98,Not Reported,0,No,0000000,Not Applicable,99,Unknown,99,Unknown,99,Unknown EMS Scene Arrival Hour,99,Unknown EMS Scene Arrival Minutes,88,Not Applicable (Not Transported),88,Not Applicable (Not Transported),0,None,0,None,0,None,1,1
2019,4,40194,Arizona,1,1,0,0,0,1,1,12,LA PAZ (12),0,NOT APPLICABLE,8,8,1,January,2019,3,Tuesday,6,6:00am-6:59am,17,17,1,This section IS ON the NHS,1,Rural,3,Principal Arterial - Other,1,State Highway Agency,2,U.S. Highway,US-95,LA PAZ VALLEY RD,947,947,33.57421111,33.57421111,-114.217094400,-114.21709444,0,No Special Jurisdiction,35,Embankment,0,The First Harmful Event was Not a Collision with a Motor Vehicle in Transport,0,No,3,Intersection-Related,3,T-Intersection,0,None,,,4,On Roadside,2,Dark - Not Lighted,1,Clear,0,No Additional Atmospheric Conditions,1,Clear,0,No,0000000,Not Applicable,99,Unknown,99,Unknown,99,Unknown EMS Scene Arrival Hour,99,Unknown EMS Scene Arrival Minutes,99,Unknown,99,Unknown EMS Hospital Arrival Time,0,None,0,None,0,None,1,0
2019,4,40234,Arizona,2,2,0,0,0,2,2,15,MOHAVE (15),0,NOT APPLICABLE,3,3,4,April,2019,4,Wednesday,17,5:00pm-5:59pm,52,52,0,This section IS NOT on the NHS,6,Trafficway Not in State Inventory,96,Trafficway Not in State Inventory,96,Trafficway Not in State Inventory,9,Unknown,EGAR RD,,0,None,35.26002778,35.26002778,-114.306677800,-114.30667778,9,Unknown,12,Motor Vehicle In-Transport,2,Front-to-Front,0,No,1,Non-Junction,1,Not an Intersection,0,None,,,1,On Roadway,1,Daylight,1,Clear,0,No Additional Atmospheric Conditions,1,Clear,0,No,0000000,Not Applicable,17,5:00pm-5:59pm,52,52,18,6:00pm-6:59pm,3,3,99,Unknown,99,Unknown EMS Hospital Arrival Time,0,None,0,None,0,None,2,1
2019,4,40236,Arizona,1,1,0,0,0,3,3,27,YUMA (27),0,NOT APPLICABLE,4,4,4,April,2019,5,Thursday,22,10:00pm-10:59pm,27,27,0,This section IS NOT on the NHS,1,Rural,7,Local,98,Not Reported,9,Unknown,DIRT RD,,0,None,32.70673056,32.70673056,-114.430663900,-114.43066389,0,No Special Jurisdiction,44,"Pavement Surface Irregularity (Ruts, Potholes, Grates, etc.)",0,The First Harmful Event was Not a Collision with a Motor Vehicle in Transport,0,No,1,Non-Junction,1,Not an Intersection,0,None,,,1,On Roadway,2,Dark - Not Lighted,1,Clear,0,No Additional Atmospheric Conditions,1,Clear,0,No,0000000,Not Applicable,22,10:00pm-10:59pm,34,34,22,10:00pm-10:59pm,50,50,99,Unknown,99,Unknown EMS Hospital Arrival Time,0,None,0,None,0,None,1,1
2019,4,40254,Arizona,1,1,0,3,3,1,1,27,YUMA (27),620,YUMA,11,11,4,April,2019,5,Thursday,19,7:00pm-7:59pm,42,42,0,This section IS NOT on the NHS,2,Urban,5,Major Collector,2,County Highway Agency,6,Local Street - Municipality,AVENUE C,CRANE ST,0,None,32.70947500,32.70947500,-114.667469400,-114.66746944,0,No Special Jurisdiction,8,Pedestrian,0,The First Harmful Event was Not a Collision with a Motor Vehicle in Transport,0,No,3,Intersection-Related,2,Four-Way Intersection,0,None,,,1,On Roadway,3,Dark - Lighted,1,Clear,0,No Additional Atmospheric Conditions,1,Clear,0,No,0000000,Not Applicable,19,7:00pm-7:59pm,43,43,20,8:00pm-8:59pm,4,4,20,8:00pm-8:59pm,17,17,0,None,0,None,0,None,1,0
2019,4,40274,Arizona,1,1,0,1,1,1,1,15,MOHAVE (15),217,GOLDEN VALLEY,23,23,4,April,2019,3,Tuesday,22,10:00pm-10:59pm,57,57,0,This section IS NOT on the NHS,1,Rural,7,Local,4,City or Municipal Highway Agency,6,Local Street - Municipality,COLORADO RD,BROOK DR,0,None,35.21751667,35.21751667,-114.236111100,-114.23611111,0,No Special Jurisdiction,8,Pedestrian,0,The First Harmful Event was Not a Collision with a Motor Vehicle in Transport,0,No,3,Intersection-Related,3,T-Intersection,0,None,,,1,On Roadway,2,Dark - Not Lighted,1,Clear,0,No Additional Atmospheric Conditions,1,Clear,0,No,0000000,Not Applicable,22,10:00pm-10:59pm,55,55,22,10:00pm-10:59pm,58,58,88,Not Applicable (Not Transported),88,Not Applicable (Not Transported),0,None,0,None,0,None,1,0
2019,4,40278,Arizona,1,1,0,0,0,1,1,15,MOHAVE (15),0,NOT APPLICABLE,25,25,4,April,2019,5,Thursday,14,2:00pm-2:59pm,31,31,1,This section IS ON the NHS,1,Rural,3,Principal Arterial - Other,1,State Highway Agency,2,U.S. Highway,US-93,,240,240,35.77025000,35.77025000,-114.512327800,-114.51232778,0,No Special Jurisdiction,32,Culvert,0,The First Harmful Event was Not a Collision with a Motor Vehicle in Transport,0,No,1,Non-Junction,1,Not an Intersection,0,None,,,4,On Roadside,1,Daylight,1,Clear,0,No Additional Atmospheric Conditions,1,Clear,0,No,0000000,Not Applicable,14,2:00pm-2:59pm,32,32,14,2:00pm-2:59pm,44,44,88,Not Applicable (Not Transported),88,Not Applicable (Not Transported),0,None,0,None,0,None,1,0
2019,4,40321,Arizona,1,1,0,0,0,1,1,15,MOHAVE (15),619,YUCCA,5,5,5,May,2019,1,Sunday,20,8:00pm-8:59pm,4,4,0,This section IS NOT on the NHS,1,Rural,7,Local,98,Not Reported,9,Unknown,BORIANA MINE RD,,0,None,34.84968889,34.84968889,-114.110672200,-114.11067222,9,Unknown,1,Rollover/Overturn,0,The First Harmful Event was Not a Collision with a Motor Vehicle in Transport,0,No,1,Non-Junction,1,Not an Intersection,0,None,,,4,On Roadside,2,Dark - Not Lighted,1,Clear,0,No Additional Atmospheric Conditions,1,Clear,0,No,0000000,Not Applicable,20,8:00pm-8:59pm,1,1,20,8:00pm-8:59pm,6,6,99,Unknown,99,Unknown EMS Hospital Arrival Time,0,None,0,None,0,None,1,1
2019,4,40334,Arizona,2,2,0,0,0,3,3,27,YUMA (27),0,NOT APPLICABLE,16,16,5,May,2019,5,Thursday,14,2:00pm-2:59pm,22,22,1,This section IS ON the NHS,2,Urban,1,Interstate,1,State Highway Agency,1,Interstate,I-8,,127,127,32.67066111,32.67066111,-114.443702800,-114.44370278,0,No Special Jurisdiction,12,Motor Vehicle In-Transport,7,Sideswipe - Same Direction,0,No,1,Non-Junction,1,Not an Intersection,0,None,,,1,On Roadway,1,Daylight,10,Cloudy,0,No Additional Atmospheric Conditions,10,Cloudy,0,No,0000000,Not Applicable,14,2:00pm-2:59pm,24,24,14,2:00pm-2:59pm,33,33,15,3:00pm-3:59pm,4,4,0,None,0,None,0,None,1,0
2019,4,40344,Arizona,2,2,0,0,0,5,5,15,MOHAVE (15),0,NOT APPLICABLE,24,24,5,May,2019,6,Friday,9,9:00am-9:59am,8,8,1,This section IS ON the NHS,1,Rural,1,Interstate,1,State Highway Agency,1,Interstate,I-40,,362,362,35.02207500,35.02207500,-114.132250000,-114.132250000,0,No Special Jurisdiction,12,Motor Vehicle In-Transport,2,Front-to-Front,0,No,1,Non-Junction,1,Not an Intersection,0,None,,,1,On Roadway,1,Daylight,1,Clear,0,No Additional Atmospheric Conditions,1,Clear,0,No,0000000,Not Applicable,9,9:00am-9:59am,9,9,9,9:00am-9:59am,9,9,10,10:00am-10:59am,15,15,0,None,0,None,0,None,5,0
2019,4,40348,Arizona,2,2,0,0,0,3,3,27,YUMA (27),620,YUMA,28,28,5,May,2019,3,Tuesday,4,4:00am-4:59am,58,58,1,This section IS ON the NHS,2,Urban,3,Principal Arterial - Other,4,City or Municipal Highway Agency,6,Local Street - Municipality,AVENUE 3 E,,0,None,32.67272500,32.67272500,-114.581630600,-114.58163056,0,No Special Jurisdiction,12,Motor Vehicle In-Transport,1,Front-to-Rear,0,No,1,Non-Junction,1,Not an Intersection,0,None,,,1,On Roadway,1,Daylight,1,Clear,0,No Additional Atmospheric Conditions,1,Clear,0,No,0000000,Not Applicable,4,4:00am-4:59am,58,58,5,5:00am-5:59am,1,1,88,Not Applicable (Not Transported),88,Not Applicable (Not Transported),0,None,0,None,0,None,1,0
2019,4,40349,Arizona,2,2,0,0,0,4,4,15,MOHAVE (15),217,GOLDEN VALLEY,30,30,5,May,2019,5,Thursday,10,10:00am-10:59am,40,40,1,This section IS ON the NHS,1,Rural,3,Principal Arterial - Other,1,State Highway Agency,3,State Highway,SR-68,,204,204,35.22313056,35.22313056,-114.236144400,-114.23614444,0,No Special Jurisdiction,12,Motor Vehicle In-Transport,6,Angle,0,No,7,Crossover-Related,1,Not an Intersection,0,None,,,1,On Roadway,1,Daylight,1,Clear,0,No Additional Atmospheric Conditions,1,Clear,0,No,0000000,Not Applicable,11,11:00am-11:59am,7,7,11,11:00am-11:59am,20,20,99,Unknown,99,Unknown EMS Hospital Arrival Time,0,None,0,None,0,None,1,0
2019,4,40379,Arizona,2,2,0,0,0,10,10,15,MOHAVE (15),135,DOLAN SPRINGS,26,26,6,June,2019,4,Wednesday,10,10:00am-10:59am,46,46,1,This section IS ON the NHS,1,Rural,3,Principal Arterial - Other,1,State Highway Agency,2,U.S. Highway,US-93,PIERCE FERRY RD,421,421,35.53426389,35.53426389,-114.355380600,-114.35538056,0,No Special Jurisdiction,12,Motor Vehicle In-Transport,6,Angle,0,No,2,Intersection,3,T-Intersection,0,None,,,1,On Roadway,1,Daylight,1,Clear,0,No Additional Atmospheric Conditions,1,Clear,0,No,0000000,Not Applicable,10,10:00am-10:59am,47,47,11,11:00am-11:59am,3,3,12,12:00pm-12:59pm,10,10,0,None,0,None,0,None,1,0
2019,4,40384,Arizona,1,1,0,0,0,1,1,15,MOHAVE (15),0,NOT APPLICABLE,29,29,6,June,2019,7,Saturday,8,8:00am-8:59am,45,45,1,This section IS ON the NHS,1,Rural,3,Principal Arterial - Other,1,State Highway Agency,2,U.S. Highway,US-93,,350,350,35.61551389,35.61551389,-114.415372200,-114.41537222,1,National Park Service,1,Rollover/Overturn,0,The First Harmful Event was Not a Collision with a Motor Vehicle in Transport,0,No,1,Non-Junction,1,Not an Intersection,0,None,,,3,On Median,1,Daylight,1,Clear,0,No Additional Atmospheric Conditions,1,Clear,0,No,0000000,Not Applicable,8,8:00am-8:59am,51,51,9,9:00am-9:59am,24,24,88,Not Applicable (Not Transported),88,Not Applicable (Not Transported),0,None,0,None,0,None,1,0
2019,4,40408,Arizona,1,1,0,0,0,2,2,15,MOHAVE (15),59,BULLHEAD CITY,27,27,5,May,2019,2,Monday,99,Unknown Hours,99,Unknown Minutes,0,This section IS NOT on the NHS,2,Urban,7,Local,4,City or Municipal Highway Agency,6,Local Street - Municipality,GRANADA DR,,0,None,35.10574722,35.10574722,-114.629188900,-114.62918889,0,No Special Jurisdiction,99,Reported as Unknown,99,Reported as Unknown,9,Reported as Unknown,99,Reported as Unknown,99,Reported as Unknown,0,None,,,99,Reported as Unknown,9,Reported as Unknown,99,Reported as Unknown,0,No Additional Atmospheric Conditions,99,Reported as Unknown,0,No,0000000,Not Applicable,99,Unknown,99,Unknown,99,Unknown EMS Scene Arrival Hour,99,Unknown EMS Scene Arrival Minutes,99,Unknown,99,Unknown EMS Hospital Arrival Time,99,Reported as Unknown,99,Reported as Unknown,99,Reported as Unknown,1,0
2019,4,40411,Arizona,1,1,0,0,0,2,2,15,MOHAVE (15),0,NOT APPLICABLE,5,5,6,June,2019,4,Wednesday,14,2:00pm-2:59pm,0,0,1,This section IS ON the NHS,1,Rural,1,Interstate,1,State Highway Agency,1,Interstate,I-40,,392,392,35.06820833,35.06820833,-114.123641700,-114.12364167,0,No Special Jurisdiction,35,Embankment,0,The First Harmful Event was Not a Collision with a Motor Vehicle in Transport,0,No,1,Non-Junction,1,Not an Intersection,0,None,,,3,On Median,1,Daylight,10,Cloudy,0,No Additional Atmospheric Conditions,10,Cloudy,0,No,0000000,Not Applicable,14,2:00pm-2:59pm,1,1,14,2:00pm-2:59pm,15,15,14,2:00pm-2:59pm,55,55,0,None,0,None,0,None,1,0
2019,4,40421,Arizona,1,1,0,1,1,1,1,27,YUMA (27),0,NOT APPLICABLE,22,22,6,June,2019,7,Saturday,7,7:00am-7:59am,56,56,1,This section IS ON the NHS,2,Urban,3,Principal Arterial - Other,2,County Highway Agency,2,U.S. Highway,US-95,,99999,Unknown,32.61024444,32.61024444,-114.651561100,-114.65156111,0,No Special Jurisdiction,9,Pedalcyclist,0,The First Harmful Event was Not a Collision with a Motor Vehicle in Transport,0,No,1,Non-Junction,1,Not an Intersection,0,None,,,2,On Shoulder,1,Daylight,1,Clear,0,No Additional Atmospheric Conditions,1,Clear,0,No,0000000,Not Applicable,7,7:00am-7:59am,55,55,7,7:00am-7:59am,59,59,99,Unknown,99,Unknown EMS Hospital Arrival Time,0,None,0,None,0,None,1,1
2019,4,40424,Arizona,1,1,0,0,0,3,3,27,YUMA (27),0,NOT APPLICABLE,28,28,6,June,2019,6,Friday,13,1:00pm-1:59pm,35,35,0,This section IS NOT on the NHS,1,Rural,5,Major Collector,2,County Highway Agency,4,County Road,CR-MARTINEZ LAKE RD,,0,None,32.95316944,32.95316944,-114.426311100,-114.42631111,0,No Special Jurisdiction,1,Rollover/Overturn,0,The First Harmful Event was Not a Collision with a Motor Vehicle in Transport,0,No,1,Non-Junction,1,Not an Intersection,0,None,,,1,On Roadway,1,Daylight,1,Clear,0,No Additional Atmospheric Conditions,1,Clear,0,No,0000000,Not Applicable,13,1:00pm-1:59pm,40,40,14,2:00pm-2:59pm,0,0,99,Unknown,99,Unknown EMS Hospital Arrival Time,0,None,0,None,0,None,1,0
2019,4,40433,Arizona,1,1,0,0,0,2,2,15,MOHAVE (15),527,TOPOCK,16,16,2,February,2019,7,Saturday,20,8:00pm-8:59pm,45,45,0,This section IS NOT on the NHS,1,Rural,7,Local,98,Not Reported,9,Unknown,WATERREED WAY,BAYSIDE DR,99999,Unknown,34.76899722,34.76899722,-114.491422200,-114.49142222,9,Unknown,18,Other Object (not fixed),0,The First Harmful Event was Not a Collision with a Motor Vehicle in Transport,0,No,3,Intersection-Related,3,T-Intersection,0,None,,,4,On Roadside,2,Dark - Not Lighted,1,Clear,0,No Additional Atmospheric Conditions,1,Clear,0,No,0000000,Not Applicable,21,9:00pm-9:59pm,2,2,21,9:00pm-9:59pm,23,23,99,Unknown,99,Unknown EMS Hospital Arrival Time,0,None,0,None,0,None,1,1
2019,4,40477,Arizona,1,1,0,0,0,1,1,15,MOHAVE (15),135,DOLAN SPRINGS,7,7,7,July,2019,1,Sunday,19,7:00pm-7:59pm,29,29,0,This section IS NOT on the NHS,1,Rural,5,Major Collector,2,County Highway Agency,4,County Road,CR-PIERCE FERRY RD,,0,None,35.54510278,35.54510278,-114.339594400,-114.33959444,0,No Special Jurisdiction,58,Ground,0,The First Harmful Event was Not a Collision with a Motor Vehicle in Transport,0,No,1,Non-Junction,1,Not an Intersection,0,None,,,4,On Roadside,1,Daylight,1,Clear,0,No Additional Atmospheric Conditions,1,Clear,0,No,0000000,Not Applicable,19,7:00pm-7:59pm,30,30,19,7:00pm-7:59pm,45,45,88,Not Applicable (Not Transported),88,Not Applicable (Not Transported),0,None,0,None,0,None,1,1
2019,4,40481,Arizona,2,2,0,0,0,2,2,27,YUMA (27),0,NOT APPLICABLE,11,11,7,July,2019,5,Thursday,15,3:00pm-3:59pm,31,31,0,This section IS NOT on the NHS,1,Rural,6,Minor Collector,2,County Highway Agency,4,County Road,CR-COUNTY 19TH ST,AVENUE 1 E,0,None,32.55284444,32.55284444,-114.614686100,-114.61468611,0,No Special Jurisdiction,12,Motor Vehicle In-Transport,6,Angle,0,No,2,Intersection,2,Four-Way Intersection,0,None,,,1,On Roadway,1,Daylight,10,Cloudy,0,No Additional Atmospheric Conditions,10,Cloudy,0,No,0000000,Not Applicable,99,Unknown,99,Unknown,99,Unknown EMS Scene Arrival Hour,99,Unknown EMS Scene Arrival Minutes,99,Unknown,99,Unknown EMS Hospital Arrival Time,0,None,0,None,0,None,1,0
2019,4,40492,Arizona,1,1,0,1,1,2,2,15,MOHAVE (15),217,GOLDEN VALLEY,15,15,7,July,2019,2,Monday,21,9:00pm-9:59pm,18,18,1,This section IS ON the NHS,1,Rural,3,Principal Arterial - Other,1,State Highway Agency,3,State Highway,SR-68,,254,254,35.21878333,35.21878333,-114.149750000,-114.149750000,0,No Special Jurisdiction,8,Pedestrian,0,The First Harmful Event was Not a Collision with a Motor Vehicle in Transport,0,No,1,Non-Junction,1,Not an Intersection,0,None,,,1,On Roadway,2,Dark - Not Lighted,1,Clear,0,No Additional Atmospheric Conditions,1,Clear,0,No,0000000,Not Applicable,21,9:00pm-9:59pm,33,33,21,9:00pm-9:59pm,45,45,88,Not Applicable (Not Transported),88,Not Applicable (Not Transported),0,None,0,None,0,None,1,1
2019,4,40497,Arizona,1,1,0,0,0,1,1,15,MOHAVE (15),260,KINGMAN,19,19,7,July,2019,6,Friday,23,11:00pm-11:59pm,7,7,0,This section IS NOT on the NHS,2,Urban,99,Unknown,99,Unknown,9,Unknown,GORDON DR,GORDON BAY DR,0,None,35.23698611,35.23698611,-114.045794400,-114.04579444,0,No Special Jurisdiction,39,Wall,0,The First Harmful Event was Not a Collision with a Motor Vehicle in Transport,0,No,3,Intersection-Related,3,T-Intersection,0,None,,,4,On Roadside,3,Dark - Lighted,1,Clear,0,No Additional Atmospheric Conditions,1,Clear,0,No,0000000,Not Applicable,99,Unknown,99,Unknown,99,Unknown EMS Scene Arrival Hour,99,Unknown EMS Scene Arrival Minutes,99,Unknown,99,Unknown EMS Hospital Arrival Time,0,None,0,None,0,None,1,1
2019,4,40498,Arizona,2,1,1,0,0,2,2,15,MOHAVE (15),0,NOT APPLICABLE,20,20,7,July,2019,7,Saturday,6,6:00am-6:59am,13,13,1,This section IS ON the NHS,1,Rural,1,Interstate,1,State Highway Agency,1,Interstate,I-40,,452,452,35.14633333,35.14633333,-114.094994400,-114.09499444,0,No Special Jurisdiction,14,Parked Motor Vehicle,0,The First Harmful Event was Not a Collision with a Motor Vehicle in Transport,0,No,1,Non-Junction,1,Not an Intersection,0,None,,,4,On Roadside,1,Daylight,1,Clear,0,No Additional Atmospheric Conditions,1,Clear,0,No,0000000,Not Applicable,6,6:00am-6:59am,17,17,6,6:00am-6:59am,32,32,99,Unknown,99,Unknown EMS Hospital Arrival Time,0,None,0,None,0,None,1,0
2019,4,40507,Arizona,1,1,0,1,1,1,1,15,MOHAVE (15),135,DOLAN SPRINGS,30,30,7,July,2019,3,Tuesday,4,4:00am-4:59am,40,40,0,This section IS NOT on the NHS,1,Rural,5,Major Collector,2,County Highway Agency,4,County Road,CR-PIERCE FERRY RD,,0,None,35.53928611,35.53928611,-114.348019400,-114.34801944,0,No Special Jurisdiction,8,Pedestrian,0,The First Harmful Event was Not a Collision with a Motor Vehicle in Transport,0,No,1,Non-Junction,1,Not an Intersection,0,None,,,1,On Roadway,4,Dawn,99,Reported as Unknown,0,No Additional Atmospheric Conditions,99,Reported as Unknown,0,No,0000000,Not Applicable,4,4:00am-4:59am,48,48,5,5:00am-5:59am,9,9,88,Not Applicable (Not Transported),88,Not Applicable (Not Transported),0,None,0,None,0,None,1,0
2019,4,40557,Arizona,1,1,0,0,0,1,1,15,MOHAVE (15),0,NOT APPLICABLE,8,8,8,August,2019,5,Thursday,17,5:00pm-5:59pm,30,30,0,This section IS NOT on the NHS,1,Rural,6,Minor Collector,68,Bureau of Land Management,8,Other,TEMPLE BAR RD,,0,None,36.03055833,36.03055833,-114.327108300,-114.32710833,0,No Special Jurisdiction,35,Embankment,0,The First Harmful Event was Not a Collision with a Motor Vehicle in Transport,0,No,1,Non-Junction,1,Not an Intersection,0,None,,,4,On Roadside,2,Dark - Not Lighted,1,Clear,0,No Additional Atmospheric Conditions,1,Clear,0,No,0000000,Not Applicable,20,8:00pm-8:59pm,30,30,20,8:00pm-8:59pm,30,30,88,Not Applicable (Not Transported),88,Not Applicable (Not Transported),0,None,0,None,0,None,1,0
2019,4,40584,Arizona,1,1,0,0,0,1,1,27,YUMA (27),0,NOT APPLICABLE,30,30,8,August,2019,6,Friday,3,3:00am-3:59am,19,19,0,This section IS NOT on the NHS,2,Urban,99,Unknown,2,County Highway Agency,4,County Road,CR- 8 1/2 ST,AVENUE E,0,None,32.70564444,32.70564444,-114.701822200,-114.70182222,0,No Special Jurisdiction,43,Other Fixed Object,0,The First Harmful Event was Not a Collision with a Motor Vehicle in Transport,0,No,3,Intersection-Related,3,T-Intersection,0,None,,,4,On Roadside,2,Dark - Not Lighted,1,Clear,0,No Additional Atmospheric Conditions,1,Clear,0,No,0000000,Not Applicable,3,3:00am-3:59am,19,19,3,3:00am-3:59am,36,36,88,Not Applicable (Not Transported),88,Not Applicable (Not Transported),0,None,0,None,0,None,1,0
2019,4,40601,Arizona,1,1,0,0,0,1,1,15,MOHAVE (15),0,NOT APPLICABLE,9,9,9,September,2019,2,Monday,13,1:00pm-1:59pm,29,29,1,This section IS ON the NHS,1,Rural,1,Interstate,1,State Highway Agency,1,Interstate,I-40,,162,162,34.76202222,34.76202222,-114.205991700,-114.20599167,0,No Special Jurisdiction,38,Fence,0,The First Harmful Event was Not a Collision with a Motor Vehicle in Transport,0,No,1,Non-Junction,1,Not an Intersection,0,None,,,4,On Roadside,1,Daylight,1,Clear,0,No Additional Atmospheric Conditions,1,Clear,0,No,0000000,Not Applicable,13,1:00pm-1:59pm,32,32,13,1:00pm-1:59pm,50,50,17,5:00pm-5:59pm,30,30,24,Unstabilized Situation Began and All Harmful Events Occurred Off of the Roadway,0,None,0,None,1,0