caseyear,state,st_case,statename,ve_total,ve_forms,pvh_invl,peds,pernotmvit,permvit,persons,county,countyname,city,cityname,day,dayname,month,monthname,year,day_week,day_weekname,hour,hourname,minute,minutename,nhs,nhsname,rur_urb,rur_urbname,func_sys,func_sysname,rd_owner,rd_ownername,route,routename,tway_id,tway_id2,milept,mileptname,latitude,latitudename,longitud,longitudname,sp_jur,sp_jurname,harm_ev,harm_evname,man_coll,man_collname,reljct1,reljct1name,reljct2,reljct2name,typ_int,typ_intname,wrk_zone,wrk_zonename,road_fnc,road_fncname,rel_road,rel_roadname,lgt_cond,lgt_condname,weather1,weather1name,weather2,weather2name,weather,weathername,sch_bus,sch_busname,rail,railname,not_hour,not_hourname,not_min,not_minname,arr_hour,arr_hourname,arr_min,arr_minname,hosp_hr,hosp_hrname,hosp_mn,hosp_mnname,cf1,cf1name,cf2,cf2name,cf3,cf3name,fatals,drunk_dr
2020,4,40467,Arizona,2,2,0,0,0,2,2,27,YUMA (27),0,NOT APPLICABLE,2,2,7,July,2020,5,Thursday,11,11:00am-11:59am,17,17,1,This section IS ON the NHS,1,Rural,3,Principal Arterial - Other,1,State Highway Agency,2,U.S. Highway,US-95,,99999,Unknown,32.53050000,32.53050000,-114.786738890,-114.786738890,0,No Special Jurisdiction,12,Motor Vehicle In-Transport,2,Front-to-Front,0,No,1,Non-Junction,1,Not an Intersection,0,None,,,1,On Roadway,1,Daylight,,,,,1,Clear,0,No,0000000,Not Applicable,11,11:00am-11:59am,18,18,11,11:00am-11:59am,20,20,11,11:00am-11:59am,41,41,,,,,,,1,0
2020,4,40492,Arizona,1,1,0,0,0,1,1,15,MOHAVE (15),0,NOT APPLICABLE,19,19,8,August,2020,4,Wednesday,15,3:00pm-3:59pm,34,34,1,This section IS ON the NHS,1,Rural,1,Interstate,1,State Highway Agency,1,Interstate,I-10,,380,380,35.03946111,35.03946111,-114.129019440,-114.129019440,0,No Special Jurisdiction,35,Embankment,0,The First Harmful Event was Not a Collision with a Motor Vehicle in Transport,0,No,1,Non-Junction,1,Not an Intersection,0,None,,,3,On Median,1,Daylight,,,,,1,Clear,0,No,0000000,Not Applicable,15,3:00pm-3:59pm,39,39,15,3:00pm-3:59pm,47,47,88,"Not Applicable (Not Transported) ",88,Not Applicable (Not Transported),,,,,,,1,0
2020,4,40549,Arizona,2,2,0,0,0,2,2,15,MOHAVE (15),0,NOT APPLICABLE,12,12,9,September,2020,7,Saturday,16,4:00pm-4:59pm,21,21,0,This section IS NOT on the NHS,1,Rural,6,Minor Collector,1,State Highway Agency,9,Unknown,SHINARUMP DR,OATMAN HWY,0,None,35.13917500,35.13917500,-114.107300000,-114.107300000,0,No Special Jurisdiction,12,Motor Vehicle In-Transport,2,Front-to-Front,0,No,2,Intersection,2,Four-Way Intersection,0,None,,,1,On Roadway,1,Daylight,,,,,1,Clear,0,No,0000000,Not Applicable,16,4:00pm-4:59pm,21,21,16,4:00pm-4:59pm,29,29,88,"Not Applicable (Not Transported) ",88,Not Applicable (Not Transported),,,,,,,1,0
2020,4,40554,Arizona,3,3,0,0,0,4,4,15,MOHAVE (15),268,LAKE HAVASU CITY,14,14,9,September,2020,2,Monday,13,1:00pm-1:59pm,52,52,1,This section IS ON the NHS,2,Urban,3,Principal Arterial - Other,1,State Highway Agency,3,State Highway,SR-95,,784,784,34.55130278,34.55130278,-114.356900000,-114.356900000,0,No Special Jurisdiction,12,Motor Vehicle In-Transport,7,Sideswipe - Same Direction,0,No,1,Non-Junction,1,Not an Intersection,0,None,,,1,On Roadway,1,Daylight,,,,,1,Clear,0,No,0000000,Not Applicable,13,1:00pm-1:59pm,52,52,13,1:00pm-1:59pm,57,57,14,2:00pm-2:59pm,16,16,,,,,,,1,0
2020,4,40556,Arizona,1,1,0,0,0,3,3,15,MOHAVE (15),0,NOT APPLICABLE,16,16,9,September,2020,4,Wednesday,6,6:00am-6:59am,16,16,1,This section IS ON the NHS,1,Rural,3,Principal Arterial - Other,1,State Highway Agency,2,U.S. Highway,US-93,,391,391,35.57293611,35.57293611,-114.382627780,-114.382627780,0,No Special Jurisdiction,1,Rollover/Overturn,0,The First Harmful Event was Not a Collision with a Motor Vehicle in Transport,0,No,1,Non-Junction,1,Not an Intersection,0,None,,,3,On Median,1,Daylight,,,,,1,Clear,0,No,0000000,Not Applicable,6,6:00am-6:59am,17,17,6,6:00am-6:59am,38,38,88,"Not Applicable (Not Transported) ",88,Not Applicable (Not Transported),,,,,,,1,0
2020,4,40560,Arizona,2,2,0,0,0,7,7,27,YUMA (27),620,YUMA,19,19,9,September,2020,7,Saturday,9,9:00am-9:59am,39,39,1,This section IS ON the NHS,2,Urban,3,Principal Arterial - Other,1,State Highway Agency,2,U.S. Highway,US-95,,327,327,32.69996667,32.69996667,-114.442636110,-114.442636110,0,No Special Jurisdiction,12,Motor Vehicle In-Transport,2,Front-to-Front,0,No,1,Non-Junction,1,Not an Intersection,0,None,,,1,On Roadway,1,Daylight,,,,,1,Clear,0,No,0000000,Not Applicable,9,9:00am-9:59am,44,44,9,9:00am-9:59am,48,48,10,10:00am-10:59am,24,24,,,,,,,1,0
2020,4,40565,Arizona,2,2,0,0,0,2,2,27,YUMA (27),620,YUMA,21,21,9,September,2020,2,Monday,11,11:00am-11:59am,17,17,1,This section IS ON the NHS,2,Urban,3,Principal Arterial - Other,1,State Highway Agency,3,State Highway,SR-95,,99999,Unknown,32.64767778,32.64767778,-114.650072220,-114.650072220,0,No Special Jurisdiction,12,Motor Vehicle In-Transport,2,Front-to-Front,0,No,1,Non-Junction,1,Not an Intersection,0,None,,,1,On Roadway,1,Daylight,,,,,1,Clear,0,No,0000000,Not Applicable,11,11:00am-11:59am,17,17,11,11:00am-11:59am,19,19,99,Unknown,99,Unknown EMS Hospital Arrival Time,,,,,,,1,0
2020,4,40568,Arizona,3,3,0,0,0,4,4,15,MOHAVE (15),268,LAKE HAVASU CITY,23,23,9,September,2020,4,Wednesday,20,8:00pm-8:59pm,22,22,1,This section IS ON the NHS,2,Urban,3,Principal Arterial - Other,1,State Highway Agency,3,State Highway,SR-95,,690,690,34.45499722,34.45499722,-114.295266670,-114.295266670,0,No Special Jurisdiction,12,Motor Vehicle In-Transport,1,Front-to-Rear,0,No,1,Non-Junction,1,Not an Intersection,0,None,,,1,On Roadway,2,Dark - Not Lighted,,,,,1,Clear,0,No,0000000,Not Applicable,20,8:00pm-8:59pm,22,22,20,8:00pm-8:59pm,26,26,99,Unknown,99,Unknown EMS Hospital Arrival Time,,,,,,,1,0
2020,4,40576,Arizona,1,1,0,0,0,1,1,27,YUMA (27),0,NOT APPLICABLE,26,26,9,September,2020,7,Saturday,23,11:00pm-11:59pm,1,1,0,This section IS NOT on the NHS,2,Urban,4,Minor Arterial,2,County Highway Agency,4,County Road,CR-SOMERTON AVE,COUNTY 8TH ST,0,None,32.71212778,32.71212778,-114.709933330,-114.709933330,0,No Special Jurisdiction,43,Other Fixed Object,0,The First Harmful Event was Not a Collision with a Motor Vehicle in Transport,0,No,3,Intersection-Related,3,T-Intersection,0,None,,,4,On Roadside,2,Dark - Not Lighted,,,,,1,Clear,0,No,0000000,Not Applicable,23,11:00pm-11:59pm,3,3,99,Unknown EMS Scene Arrival Hour,99,Unknown EMS Scene Arrival Minutes,99,Unknown,99,Unknown EMS Hospital Arrival Time,,,,,,,1,0
2020,4,40578,Arizona,1,1,0,0,0,1,1,15,MOHAVE (15),0,NOT APPLICABLE,27,27,9,September,2020,1,Sunday,12,12:00pm-12:59pm,16,16,1,This section IS ON the NHS,1,Rural,1,Interstate,1,State Highway Agency,1,Interstate,I-40,,402,402,35.16297778,35.16297778,-114.074369440,-114.074369440,0,No Special Jurisdiction,38,Fence,0,The First Harmful Event was Not a Collision with a Motor Vehicle in Transport,0,No,1,Non-Junction,1,Not an Intersection,0,None,,,4,On Roadside,1,Daylight,,,,,1,Clear,0,No,0000000,Not Applicable,12,12:00pm-12:59pm,16,16,12,12:00pm-12:59pm,30,30,88,"Not Applicable (Not Transported) ",88,Not Applicable (Not Transported),,,,,,,1,0
2020,4,40580,Arizona,2,2,0,0,0,3,3,12,LA PAZ (12),0,NOT APPLICABLE,28,28,9,September,2020,2,Monday,13,1:00pm-1:59pm,4,4,1,This section IS ON the NHS,1,Rural,3,Principal Arterial - Other,1,State Highway Agency,3,State Highway,SR-95,,129,129,33.86791944,33.86791944,-114.216958330,-114.216958330,0,No Special Jurisdiction,12,Motor Vehicle In-Transport,8,Sideswipe - Opposite Direction,0,No,1,Non-Junction,1,Not an Intersection,0,None,,,1,On Roadway,1,Daylight,,,,,1,Clear,0,No,0000000,Not Applicable,13,1:00pm-1:59pm,3,3,13,1:00pm-1:59pm,15,15,88,"Not Applicable (Not Transported) ",88,Not Applicable (Not Transported),,,,,,,1,0
2020,4,40620,Arizona,4,4,0,0,0,4,4,12,LA PAZ (12),387,QUARTZSITE,14,14,10,October,2020,4,Wednesday,14,2:00pm-2:59pm,10,10,1,This section IS ON the NHS,1,Rural,1,Interstate,1,State Highway Agency,1,Interstate,I-10,,180,180,33.66141667,33.66141667,-114.228155560,-114.228155560,0,No Special Jurisdiction,12,Motor Vehicle In-Transport,1,Front-to-Rear,0,No,1,Non-Junction,1,Not an Intersection,1,Construction,,,1,On Roadway,1,Daylight,,,,,1,Clear,0,No,0000000,Not Applicable,14,2:00pm-2:59pm,10,10,14,2:00pm-2:59pm,19,19,14,2:00pm-2:59pm,45,45,,,,,,,1,0
2020,4,40640,Arizona,1,1,0,1,1,1,1,27,YUMA (27),620,YUMA,25,25,10,October,2020,1,Sunday,20,8:00pm-8:59pm,56,56,1,This section IS ON the NHS,2,Urban,3,Principal Arterial - Other,1,State Highway Agency,2,U.S. Highway,US-95,14TH AVE,237,237,32.69850556,32.69850556,-114.637544440,-114.637544440,0,No Special Jurisdiction,8,Pedestrian,0,The First Harmful Event was Not a Collision with a Motor Vehicle in Transport,0,No,3,Intersection-Related,2,Four-Way Intersection,0,None,,,1,On Roadway,2,Dark - Not Lighted,,,,,1,Clear,0,No,0000000,Not Applicable,20,8:00pm-8:59pm,56,56,20,8:00pm-8:59pm,56,56,21,9:00pm-9:59pm,12,12,,,,,,,1,0
2020,4,40643,Arizona,2,1,1,0,1,1,2,12,LA PAZ (12),387,QUARTZSITE,29,29,10,October,2020,5,Thursday,11,11:00am-11:59am,23,23,1,This section IS ON the NHS,1,Rural,1,Interstate,1,State Highway Agency,1,Interstate,I-10,,180,180,33.66102222,33.66102222,-114.230947220,-114.230947220,0,No Special Jurisdiction,14,Parked Motor Vehicle,0,The First Harmful Event was Not a Collision with a Motor Vehicle in Transport,0,No,1,Non-Junction,1,Not an Intersection,0,None,,,2,On Shoulder,1,Daylight,,,,,1,Clear,0,No,0000000,Not Applicable,11,11:00am-11:59am,27,27,11,11:00am-11:59am,40,40,99,Unknown,99,Unknown EMS Hospital Arrival Time,,,,,,,1,0
2020,4,40645,Arizona,2,2,0,0,0,4,4,27,YUMA (27),620,YUMA,31,31,10,October,2020,7,Saturday,15,3:00pm-3:59pm,0,0,1,This section IS ON the NHS,2,Urban,3,Principal Arterial - Other,1,State Highway Agency,6,Local Street - Municipality,4TH ST,1ST ST,99999,Unknown,32.72518056,32.72518056,-114.624561110,-114.624561110,0,No Special Jurisdiction,12,Motor Vehicle In-Transport,2,Front-to-Front,0,No,3,Intersection-Related,2,Four-Way Intersection,0,None,,,1,On Roadway,1,Daylight,,,,,1,Clear,0,No,0000000,Not Applicable,15,3:00pm-3:59pm,1,1,15,3:00pm-3:59pm,4,4,15,3:00pm-3:59pm,29,29,,,,,,,1,0
2020,4,40656,Arizona,1,1,0,0,0,2,2,15,MOHAVE (15),59,BULLHEAD CITY,17,17,7,July,2020,6,Friday,22,10:00pm-10:59pm,42,42,0,This section IS NOT on the NHS,9,Unknown,99,Unknown,99,Unknown,6,Local Street - Municipality,NEWBERRY DR,,0,None,35.08776667,35.08776667,-114.586491670,-114.586491670,0,No Special Jurisdiction,1,Rollover/Overturn,0,The First Harmful Event was Not a Collision with a Motor Vehicle in Transport,0,No,1,Non-Junction,1,Not an Intersection,0,None,,,4,On Roadside,2,Dark - Not Lighted,,,,,1,Clear,0,No,0000000,Not Applicable,99,Unknown,99,Unknown,99,Unknown EMS Scene Arrival Hour,99,Unknown EMS Scene Arrival Minutes,99,Unknown,99,Unknown EMS Hospital Arrival Time,,,,,,,1,0
2020,4,40679,Arizona,2,2,0,0,0,2,2,15,MOHAVE (15),59,BULLHEAD CITY,17,17,7,July,2020,6,Friday,22,10:00pm-10:59pm,51,51,1,This section IS ON the NHS,2,Urban,3,Principal Arterial - Other,1,State Highway Agency,3,State Highway,SR-95,,1317,1317,35.08081944,35.08081944,-114.595977780,-114.595977780,0,No Special Jurisdiction,12,Motor Vehicle In-Transport,1,Front-to-Rear,0,No,1,Non-Junction,1,Not an Intersection,0,None,,,1,On Roadway,3,Dark - Lighted,,,,,1,Clear,0,No,0000000,Not Applicable,22,10:00pm-10:59pm,51,51,99,Unknown EMS Scene Arrival Hour,99,Unknown EMS Scene Arrival Minutes,99,Unknown,99,Unknown EMS Hospital Arrival Time,,,,,,,1,1
2020,4,40713,Arizona,1,1,0,1,1,1,1,27,YUMA (27),440,SOMERTON,1,1,11,November,2020,1,Sunday,1,1:00am-1:59am,18,18,9,Unknown if this section is on the NHS,9,Unknown,99,Unknown,99,Unknown,9,Unknown,FULTON ST,,0,None,32.60191944,32.60191944,-114.714786110,-114.714786110,9,Unknown,8,Pedestrian,0,The First Harmful Event was Not a Collision with a Motor Vehicle in Transport,0,No,4,Driveway Access,1,Not an Intersection,0,None,,,1,On Roadway,3,Dark - Lighted,,,,,1,Clear,0,No,0000000,Not Applicable,0,0:00am-0:59am,19,19,0,0:00am-0:59am,24,24,0,0:00am-0:59am,45,45,,,,,,,1,1
2020,4,40715,Arizona,1,1,0,0,0,1,1,15,MOHAVE (15),217,GOLDEN VALLEY,1,1,11,November,2020,1,Sunday,20,8:00pm-8:59pm,7,7,1,This section IS ON the NHS,1,Rural,3,Principal Arterial - Other,1,State Highway Agency,3,State Highway,SR-68,,204,204,35.22357778,35.22357778,-114.249508330,-114.249508330,0,No Special Jurisdiction,1,Rollover/Overturn,0,The First Harmful Event was Not a Collision with a Motor Vehicle in Transport,0,No,1,Non-Junction,1,Not an Intersection,0,None,,,3,On Median,2,Dark - Not Lighted,,,,,1,Clear,0,No,0000000,Not Applicable,20,8:00pm-8:59pm,10,10,20,8:00pm-8:59pm,15,15,21,9:00pm-9:59pm,0,0,,,,,,,1,0
2020,4,40742,Arizona,1,1,0,1,1,2,2,15,MOHAVE (15),59,BULLHEAD CITY,17,17,11,November,2020,3,Tuesday,21,9:00pm-9:59pm,10,10,1,This section IS ON the NHS,2,Urban,3,Principal Arterial - Other,1,State Highway Agency,3,State Highway,SR-95,,1278,1278,35.02318056,35.02318056,-114.597975000,-114.597975000,0,No Special Jurisdiction,8,Pedestrian,0,The First Harmful Event was Not a Collision with a Motor Vehicle in Transport,0,No,1,Non-Junction,1,Not an Intersection,0,None,,,1,On Roadway,2,Dark - Not Lighted,,,,,1,Clear,0,No,0000000,Not Applicable,21,9:00pm-9:59pm,11,11,21,9:00pm-9:59pm,16,16,88,"Not Applicable (Not Transported) ",88,Not Applicable (Not Transported),,,,,,,1,1
2020,4,40745,Arizona,1,1,0,0,0,1,1,12,LA PAZ (12),0,NOT APPLICABLE,19,19,11,November,2020,5,Thursday,10,10:00am-10:59am,43,43,1,This section IS ON the NHS,1,Rural,1,Interstate,1,State Highway Agency,1,Interstate,I-10,,250,250,33.67879722,33.67879722,-114.099936110,-114.099936110,0,No Special Jurisdiction,1,Rollover/Overturn,0,The First Harmful Event was Not a Collision with a Motor Vehicle in Transport,0,No,1,Non-Junction,1,Not an Intersection,0,None,,,3,On Median,1,Daylight,,,,,1,Clear,0,No,0000000,Not Applicable,10,10:00am-10:59am,45,45,10,10:00am-10:59am,54,54,11,11:00am-11:59am,18,18,,,,,,,1,0
2020,4,40760,Arizona,1,1,0,0,0,1,1,12,LA PAZ (12),0,NOT APPLICABLE,28,28,11,November,2020,7,Saturday,17,5:00pm-5:59pm,17,17,1,This section IS ON the NHS,1,Rural,3,Principal Arterial - Other,1,State Highway Agency,3,State Highway,SR-95,,419,419,34.20965000,34.20965000,-114.204586110,-114.204586110,0,No Special Jurisdiction,43,Other Fixed Object,0,The First Harmful Event was Not a Collision with a Motor Vehicle in Transport,0,No,1,Non-Junction,1,Not an Intersection,0,None,,,4,On Roadside,2,Dark - Not Lighted,,,,,1,Clear,0,No,0000000,Not Applicable,17,5:00pm-5:59pm,17,17,17,5:00pm-5:59pm,23,23,88,"Not Applicable (Not Transported) ",88,Not Applicable (Not Transported),,,,,,,1,1
2020,4,40786,Arizona,1,1,0,0,0,1,1,15,MOHAVE (15),59,BULLHEAD CITY,15,15,8,August,2020,7,Saturday,20,8:00pm-8:59pm,37,37,0,This section IS NOT on the NHS,2,Urban,4,Minor Arterial,4,City or Municipal Highway Agency,6,Local Street - Municipality,RIVERVIEW DR,MONTECITO DR,0,None,35.09346667,35.09346667,-114.623036110,-114.623036110,0,No Special Jurisdiction,38,Fence,0,The First Harmful Event was Not a Collision with a Motor Vehicle in Transport,0,No,3,Intersection-Related,3,T-Intersection,0,None,,,4,On Roadside,3,Dark - Lighted,,,,,1,Clear,0,No,0000000,Not Applicable,20,8:00pm-8:59pm,37,37,99,Unknown EMS Scene Arrival Hour,99,Unknown EMS Scene Arrival Minutes,99,Unknown,99,Unknown EMS Hospital Arrival Time,,,,,,,1,1
2020,4,40795,Arizona,2,2,0,0,0,11,11,15,MOHAVE (15),0,NOT APPLICABLE,1,1,12,December,2020,3,Tuesday,18,6:00pm-6:59pm,30,30,0,This section IS NOT on the NHS,1,Rural,99,Unknown,1,State Highway Agency,2,U.S. Highway,US-66,,99999,Unknown,35.15935000,35.15935000,-114.079433330,-114.079433330,0,No Special Jurisdiction,12,Motor Vehicle In-Transport,2,Front-to-Front,0,No,1,Non-Junction,1,Not an Intersection,0,None,,,1,On Roadway,2,Dark - Not Lighted,,,,,1,Clear,0,No,0000000,Not Applicable,18,6:00pm-6:59pm,27,27,18,6:00pm-6:59pm,28,28,18,6:00pm-6:59pm,55,55,,,,,,,1,0
2020,4,40798,Arizona,2,2,0,0,0,2,2,27,YUMA (27),0,NOT APPLICABLE,3,3,12,December,2020,5,Thursday,12,12:00pm-12:59pm,40,40,1,This section IS ON the NHS,1,Rural,1,Interstate,1,State Highway Agency,1,Interstate,I-8,,200,200,32.65967222,32.65967222,-114.323902780,-114.323902780,0,No Special Jurisdiction,12,Motor Vehicle In-Transport,1,Front-to-Rear,0,No,1,Non-Junction,1,Not an Intersection,0,None,,,1,On Roadway,1,Daylight,,,,,1,Clear,0,No,0000000,Not Applicable,12,12:00pm-12:59pm,45,45,13,1:00pm-1:59pm,2,2,88,"Not Applicable (Not Transported) ",88,Not Applicable (Not Transported),,,,,,,1,0
2020,4,40813,Arizona,2,2,0,0,0,4,4,27,YUMA (27),0,NOT APPLICABLE,10,10,12,December,2020,5,Thursday,19,7:00pm-7:59pm,27,27,0,This section IS NOT on the NHS,1,Rural,3,Principal Arterial - Other,2,County Highway Agency,2,U.S. Highway,US-95,COUNTY 21ST ST,29,29,32.52347778,32.52347778,-114.786691670,-114.786691670,0,No Special Jurisdiction,12,Motor Vehicle In-Transport,1,Front-to-Rear,0,No,3,Intersection-Related,2,Four-Way Intersection,0,None,,,1,On Roadway,2,Dark - Not Lighted,,,,,1,Clear,0,No,0000000,Not Applicable,19,7:00pm-7:59pm,29,29,19,7:00pm-7:59pm,37,37,20,8:00pm-8:59pm,9,9,,,,,,,1,0
2020,4,40814,Arizona,2,2,0,0,0,2,2,27,YUMA (27),0,NOT APPLICABLE,11,11,12,December,2020,6,Friday,6,6:00am-6:59am,41,41,0,This section IS NOT on the NHS,2,Urban,4,Minor Arterial,2,County Highway Agency,4,County Road,CR- FORTUNA RD,,0,None,32.69245278,32.69245278,-114.444266670,-114.444266670,0,No Special Jurisdiction,12,Motor Vehicle In-Transport,2,Front-to-Front,0,No,1,Non-Junction,1,Not an Intersection,0,None,,,1,On Roadway,1,Daylight,,,,,1,Clear,0,No,0000000,Not Applicable,6,6:00am-6:59am,45,45,6,6:00am-6:59am,40,40,8,8:00am-8:59am,0,0,,,,,,,1,0
2020,4,40817,Arizona,1,1,0,0,0,1,1,27,YUMA (27),0,NOT APPLICABLE,13,13,12,December,2020,1,Sunday,1,1:00am-1:59am,28,28,1,This section IS ON the NHS,2,Urban,3,Principal Arterial - Other,2,County Highway Agency,2,U.S. Highway,US-95,,187,187,32.65122500,32.65122500,-114.650047220,-114.650047220,0,No Special Jurisdiction,33,Curb,0,The First Harmful Event was Not a Collision with a Motor Vehicle in Transport,0,No,1,Non-Junction,1,Not an Intersection,0,None,,,4,On Roadside,2,Dark - Not Lighted,,,,,1,Clear,0,No,0000000,Not Applicable,1,1:00am-1:59am,28,28,1,1:00am-1:59am,38,38,88,"Not Applicable (Not Transported) ",88,Not Applicable (Not Transported),,,,,,,1,0
2020,4,40828,Arizona,2,2,0,0,0,4,4,15,MOHAVE (15),0,NOT APPLICABLE,18,18,12,December,2020,6,Friday,18,6:00pm-6:59pm,53,53,0,This section IS NOT on the NHS,1,Rural,3,Principal Arterial - Other,1,State Highway Agency,2,U.S. Highway,US-93,TONY AVE,300,300,35.68415833,35.68415833,-114.467927780,-114.467927780,0,No Special Jurisdiction,12,Motor Vehicle In-Transport,6,Angle,0,No,2,Intersection,2,Four-Way Intersection,0,None,,,1,On Roadway,2,Dark - Not Lighted,,,,,1,Clear,0,No,0000000,Not Applicable,18,6:00pm-6:59pm,55,55,19,7:00pm-7:59pm,23,23,99,Unknown,99,Unknown EMS Hospital Arrival Time,,,,,,,2,0
2020,4,40841,Arizona,1,1,0,0,0,2,2,15,MOHAVE (15),0,NOT APPLICABLE,30,30,12,December,2020,4,Wednesday,22,10:00pm-10:59pm,44,44,1,This section IS ON the NHS,1,Rural,3,Principal Arterial - Other,1,State Highway Agency,2,U.S. Highway,US-93,,451,451,35.50194444,35.50194444,-114.333508330,-114.333508330,0,No Special Jurisdiction,1,Rollover/Overturn,0,The First Harmful Event was Not a Collision with a Motor Vehicle in Transport,0,No,1,Non-Junction,1,Not an Intersection,0,None,,,3,On Median,2,Dark - Not Lighted,,,,,1,Clear,0,No,0000000,Not Applicable,22,10:00pm-10:59pm,46,46,22,10:00pm-10:59pm,59,59,99,Unknown,99,Unknown EMS Hospital Arrival Time,,,,,,,1,0
2020,4,40849,Arizona,2,2,0,0,0,3,3,27,YUMA (27),0,NOT APPLICABLE,3,3,11,November,2020,3,Tuesday,2,2:00am-2:59am,36,36,1,This section IS ON the NHS,1,Rural,3,Principal Arterial - Other,2,County Highway Agency,2,U.S. Highway,US-95,,50,50,32.56456389,32.56456389,-114.784647220,-114.784647220,0,No Special Jurisdiction,12,Motor Vehicle In-Transport,2,Front-to-Front,0,No,1,Non-Junction,1,Not an Intersection,0,None,,,1,On Roadway,2,Dark - Not Lighted,,,,,1,Clear,0,No,0000000,Not Applicable,2,2:00am-2:59am,36,36,2,2:00am-2:59am,55,55,88,"Not Applicable (Not Transported) ",88,Not Applicable (Not Transported),,,,,,,1,0
2020,4,40880,Arizona,1,1,0,1,1,1,1,15,MOHAVE (15),59,BULLHEAD CITY,14,14,9,September,2020,2,Monday,8,8:00am-8:59am,41,41,0,This section IS NOT on the NHS,2,Urban,3,Principal Arterial - Other,1,State Highway Agency,3,State Highway,SR-95,,1359,1359,35.12255278,35.12255278,-114.583327780,-114.583327780,0,No Special Jurisdiction,8,Pedestrian,0,The First Harmful Event was Not a Collision with a Motor Vehicle in Transport,0,No,1,Non-Junction,1,Not an Intersection,0,None,,,1,On Roadway,1,Daylight,,,,,1,Clear,0,No,0000000,Not Applicable,99,Unknown,99,Unknown,99,Unknown EMS Scene Arrival Hour,99,Unknown EMS Scene Arrival Minutes,99,Unknown,99,Unknown EMS Hospital Arrival Time,,,,,,,1,0
2020,4,40959,Arizona,1,1,0,0,0,2,2,27,YUMA (27),553,WELLTON,22,22,12,December,2020,3,Tuesday,13,1:00pm-1:59pm,1,1,1,This section IS ON the NHS,1,Rural,3,Principal Arterial - Other,1,State Highway Agency,1,Interstate,I-8,,0,None,32.65823611,32.65823611,-114.247111110,-114.247111110,0,No Special Jurisdiction,1,Rollover/Overturn,0,The First Harmful Event was Not a Collision with a Motor Vehicle in Transport,0,No,1,Non-Junction,1,Not an Intersection,0,None,,,4,On Roadside,1,Daylight,,,,,1,Clear,0,No,0000000,Not Applicable,99,Unknown,99,Unknown,99,Unknown EMS Scene Arrival Hour,99,Unknown EMS Scene Arrival Minutes,99,Unknown,99,Unknown EMS Hospital Arrival Time,,,,,,,1,0
2021,4,40003,Arizona,1,1,0,0,0,1,1,15,MOHAVE (15),0,NOT APPLICABLE,3,3,1,January,2021,1,Sunday,15,3:00pm-3:59pm,56,56,1,This section IS ON the NHS,1,Rural,3,Principal Arterial - Other,1,State Highway Agency,2,U.S. Highway,US-93,,220,220,35.79200278,35.79200278,-114.527733330,-114.527733330,0,No Special Jurisdiction,1,Rollover/Overturn,0,The First Harmful Event was Not a Collision with a Motor Vehicle in Transport,0,No,1,Non-Junction,1,Not an Intersection,0,None,,,4,On Roadside,1,Daylight,,,,,1,Clear,0,No,0000000,Not Applicable,15,3:00pm-3:59pm,56,56,16,4:00pm-4:59pm,22,22,88,"Not Applicable (Not Transported) ",88,Not Applicable (Not Transported),,,,,,,1,
2021,4,40019,Arizona,2,2,0,0,0,4,4,15,MOHAVE (15),268,LAKE HAVASU CITY,9,9,1,January,2021,7,Saturday,10,10:00am-10:59am,40,40,1,This section IS ON the NHS,2,Urban,3,Principal Arterial - Other,1,State Highway Agency,3,State Highway,SR-95,,670,670,34.45097500,34.45097500,-114.258963890,-114.258963890,0,No Special Jurisdiction,12,Motor Vehicle In-Transport,6,Angle,0,No,1,Non-Junction,1,Not an Intersection,0,None,,,1,On Roadway,1,Daylight,,,,,1,Clear,0,No,0000000,Not Applicable,10,10:00am-10:59am,40,40,10,10:00am-10:59am,48,48,99,Unknown,99,Unknown EMS Hospital Arrival Time,,,,,,,2,
2021,4,40023,Arizona,1,1,0,0,0,1,1,15,MOHAVE (15),0,NOT APPLICABLE,12,12,1,January,2021,3,Tuesday,18,6:00pm-6:59pm,8,8,0,This section IS NOT on the NHS,9,Unknown,99,Unknown,99,Unknown,9,Unknown,UNNAMED DIRT RD,,0,None,34.43082222,34.43082222,-114.213955560,-114.213955560,0,No Special Jurisdiction,99,Reported as Unknown,99,Reported as Unknown,0,No,1,Non-Junction,1,Not an Intersection,0,None,,,4,On Roadside,5,Dusk,,,,,10,Cloudy,0,No,0000000,Not Applicable,18,6:00pm-6:59pm,11,11,18,6:00pm-6:59pm,17,17,18,6:00pm-6:59pm,30,30,,,,,,,1,