caseyear,state,st_case,statename,ve_total,ve_forms,pvh_invl,peds,pernotmvit,permvit,persons,county,countyname,city,cityname,day,dayname,month,monthname,year,day_week,day_weekname,hour,hourname,minute,minutename,nhs,nhsname,rur_urb,rur_urbname,func_sys,func_sysname,rd_owner,rd_ownername,route,routename,tway_id,tway_id2,milept,mileptname,latitude,latitudename,longitud,longitudname,sp_jur,sp_jurname,harm_ev,harm_evname,man_coll,man_collname,reljct1,reljct1name,reljct2,reljct2name,typ_int,typ_intname,wrk_zone,wrk_zonename,road_fnc,road_fncname,rel_road,rel_roadname,lgt_cond,lgt_condname,weather1,weather1name,weather2,weather2name,weather,weathername,sch_bus,sch_busname,rail,railname,not_hour,not_hourname,not_min,not_minname,arr_hour,arr_hourname,arr_min,arr_minname,hosp_hr,hosp_hrname,hosp_mn,hosp_mnname,cf1,cf1name,cf2,cf2name,cf3,cf3name,fatals,drunk_dr
2021,4,40519,Arizona,2,2,0,0,0,4,4,15,MOHAVE (15),135,DOLAN SPRINGS,3,3,8,August,2021,3,Tuesday,21,9:00pm-9:59pm,46,46,1,This section IS ON the NHS,1,Rural,3,Principal Arterial - Other,1,State Highway Agency,2,U.S. Highway,US-93,,279,279,35.70505000,35.70505000,-114.477522220,-114.477522220,0,No Special Jurisdiction,12,Motor Vehicle In-Transport,6,Angle,0,No,8,Driveway Access Related,1,Not an Intersection,0,None,,,1,On Roadway,2,Dark - Not Lighted,,,,,1,Clear,0,No,0000000,Not Applicable,21,9:00pm-9:59pm,46,46,22,10:00pm-10:59pm,5,5,88,"Not Applicable (Not Transported) ",88,Not Applicable (Not Transported),,,,,,,2,
2021,4,40531,Arizona,2,2,0,0,0,3,3,12,LA PAZ (12),340,PARKER,1,1,8,August,2021,1,Sunday,11,11:00am-11:59am,44,44,1,This section IS ON the NHS,1,Rural,3,Principal Arterial - Other,1,State Highway Agency,3,State Highway,SR-95,,451,451,34.24449444,34.24449444,-114.166297220,-114.166297220,0,No Special Jurisdiction,12,Motor Vehicle In-Transport,2,Front-to-Front,0,No,1,Non-Junction,1,Not an Intersection,0,None,,,1,On Roadway,1,Daylight,,,,,1,Clear,0,No,0000000,Not Applicable,11,11:00am-11:59am,49,49,12,12:00pm-12:59pm,9,9,13,1:00pm-1:59pm,12,12,,,,,,,2,
2021,4,40545,Arizona,1,1,0,0,0,2,2,15,MOHAVE (15),135,DOLAN SPRINGS,12,12,8,August,2021,5,Thursday,16,4:00pm-4:59pm,18,18,1,This section IS ON the NHS,1,Rural,3,Principal Arterial - Other,1,State Highway Agency,2,U.S. Highway,US-93,,365,365,35.60731389,35.60731389,-114.407380560,-114.407380560,0,No Special Jurisdiction,1,Rollover/Overturn,0,The First Harmful Event was Not a Collision with a Motor Vehicle in Transport,0,No,1,Non-Junction,1,Not an Intersection,0,None,,,3,On Median,1,Daylight,,,,,1,Clear,0,No,0000000,Not Applicable,16,4:00pm-4:59pm,21,21,16,4:00pm-4:59pm,31,31,99,Unknown,99,Unknown EMS Hospital Arrival Time,,,,,,,2,
2021,4,40560,Arizona,1,1,0,1,1,2,2,15,MOHAVE (15),217,GOLDEN VALLEY,29,29,8,August,2021,1,Sunday,20,8:00pm-8:59pm,26,26,0,This section IS NOT on the NHS,1,Rural,7,Local,1,State Highway Agency,3,State Highway,SR-66,,384,384,35.15946389,35.15946389,-114.079216670,-114.079216670,0,No Special Jurisdiction,8,Pedestrian,0,The First Harmful Event was Not a Collision with a Motor Vehicle in Transport,0,No,1,Non-Junction,1,Not an Intersection,0,None,,,1,On Roadway,2,Dark - Not Lighted,,,,,10,Cloudy,0,No,0000000,Not Applicable,20,8:00pm-8:59pm,21,21,20,8:00pm-8:59pm,36,36,88,"Not Applicable (Not Transported) ",88,Not Applicable (Not Transported),,,,,,,1,
2021,4,40582,Arizona,1,1,0,3,3,1,1,27,YUMA (27),620,YUMA,5,5,5,May,2021,4,Wednesday,1,1:00am-1:59am,30,30,0,This section IS NOT on the NHS,2,Urban,4,Minor Arterial,4,City or Municipal Highway Agency,6,Local Street - Municipality,W 32ND ST,,0,None,32.66941111,32.66941111,-114.640258330,-114.640258330,0,No Special Jurisdiction,9,Pedalcyclist,0,The First Harmful Event was Not a Collision with a Motor Vehicle in Transport,0,No,1,Non-Junction,1,Not an Intersection,0,None,,,1,On Roadway,2,Dark - Not Lighted,,,,,98,Not Reported,0,No,0000000,Not Applicable,99,Unknown,99,Unknown,99,Unknown EMS Scene Arrival Hour,99,Unknown EMS Scene Arrival Minutes,99,Unknown,99,Unknown EMS Hospital Arrival Time,,,,,,,1,
2021,4,40609,Arizona,2,2,0,0,0,3,3,15,MOHAVE (15),0,NOT APPLICABLE,2,2,9,September,2021,5,Thursday,7,7:00am-7:59am,54,54,1,This section IS ON the NHS,1,Rural,3,Principal Arterial - Other,1,State Highway Agency,3,State Highway,SR-68,ESTRELLA RD,178,178,35.22557778,35.22557778,-114.289119440,-114.289119440,0,No Special Jurisdiction,12,Motor Vehicle In-Transport,6,Angle,0,No,2,Intersection,2,Four-Way Intersection,0,None,,,1,On Roadway,1,Daylight,,,,,1,Clear,0,No,0000000,Not Applicable,8,8:00am-8:59am,8,8,8,8:00am-8:59am,10,10,9,9:00am-9:59am,3,3,,,,,,,1,
2021,4,40656,Arizona,2,2,0,0,0,2,2,15,MOHAVE (15),260,KINGMAN,27,27,10,October,2021,4,Wednesday,16,4:00pm-4:59pm,17,17,0,This section IS NOT on the NHS,2,Urban,4,Minor Arterial,4,City or Municipal Highway Agency,6,Local Street - Municipality,AIRWAY AVE,N BOND ST,0,None,35.22494167,35.22494167,-114.026713890,-114.026713890,0,No Special Jurisdiction,12,Motor Vehicle In-Transport,6,Angle,0,No,2,Intersection,3,T-Intersection,0,None,,,1,On Roadway,1,Daylight,,,,,1,Clear,0,No,0000000,Not Applicable,16,4:00pm-4:59pm,7,7,16,4:00pm-4:59pm,8,8,16,4:00pm-4:59pm,24,24,,,,,,,1,
2021,4,40660,Arizona,2,2,0,0,0,2,2,15,MOHAVE (15),59,BULLHEAD CITY,10,10,10,October,2021,1,Sunday,18,6:00pm-6:59pm,37,37,0,This section IS NOT on the NHS,2,Urban,6,Minor Collector,4,City or Municipal Highway Agency,6,Local Street - Municipality,SUDDENLINK WAY,LEE AVE,0,None,35.14580556,35.14580556,-114.567655560,-114.567655560,0,No Special Jurisdiction,12,Motor Vehicle In-Transport,6,Angle,0,No,2,Intersection,2,Four-Way Intersection,0,None,,,1,On Roadway,5,Dusk,,,,,1,Clear,0,No,0000000,Not Applicable,18,6:00pm-6:59pm,37,37,18,6:00pm-6:59pm,40,40,18,6:00pm-6:59pm,45,45,,,,,,,1,
2021,4,40672,Arizona,1,1,0,1,1,1,1,15,MOHAVE (15),0,NOT APPLICABLE,4,4,11,November,2021,5,Thursday,23,11:00pm-11:59pm,58,58,1,This section IS ON the NHS,2,Urban,3,Principal Arterial - Other,1,State Highway Agency,3,State Highway,SR-95,,2377,2377,35.01576111,35.01576111,-114.597975000,-114.597975000,0,No Special Jurisdiction,8,Pedestrian,0,The First Harmful Event was Not a Collision with a Motor Vehicle in Transport,0,No,1,Non-Junction,1,Not an Intersection,0,None,,,1,On Roadway,2,Dark - Not Lighted,,,,,1,Clear,0,No,0000000,Not Applicable,0,0:00am-0:59am,8,8,0,0:00am-0:59am,13,13,88,"Not Applicable (Not Transported) ",88,Not Applicable (Not Transported),,,,,,,1,
2021,4,40679,Arizona,2,2,0,1,1,2,2,27,YUMA (27),620,YUMA,16,16,11,November,2021,3,Tuesday,19,7:00pm-7:59pm,54,54,1,This section IS ON the NHS,2,Urban,3,Principal Arterial - Other,4,City or Municipal Highway Agency,2,U.S. Highway,US-95 E 16TH ST,,246,246,32.69852500,32.69852500,-114.602105560,-114.602105560,0,No Special Jurisdiction,8,Pedestrian,0,The First Harmful Event was Not a Collision with a Motor Vehicle in Transport,0,No,1,Non-Junction,1,Not an Intersection,0,None,,,1,On Roadway,3,Dark - Lighted,,,,,1,Clear,0,No,0000000,Not Applicable,19,7:00pm-7:59pm,54,54,20,8:00pm-8:59pm,0,0,88,"Not Applicable (Not Transported) ",88,Not Applicable (Not Transported),,,,,,,1,
2021,4,40696,Arizona,1,1,0,1,1,2,2,15,MOHAVE (15),59,BULLHEAD CITY,4,4,5,May,2021,3,Tuesday,8,8:00am-8:59am,34,34,1,This section IS ON the NHS,2,Urban,3,Principal Arterial - Other,1,State Highway Agency,3,State Highway,SR-68,,11,11,35.18589167,35.18589167,-114.558111110,-114.558111110,0,No Special Jurisdiction,8,Pedestrian,0,The First Harmful Event was Not a Collision with a Motor Vehicle in Transport,0,No,1,Non-Junction,1,Not an Intersection,0,None,,,1,On Roadway,2,Dark - Not Lighted,,,,,1,Clear,0,No,0000000,Not Applicable,5,5:00am-5:59am,18,18,5,5:00am-5:59am,25,25,88,"Not Applicable (Not Transported) ",88,Not Applicable (Not Transported),,,,,,,1,
2021,4,40752,Arizona,1,1,0,1,1,2,2,27,YUMA (27),0,NOT APPLICABLE,10,10,10,October,2021,1,Sunday,17,5:00pm-5:59pm,13,13,0,This section IS NOT on the NHS,2,Urban,4,Minor Arterial,25,Other Local Agency,8,Other,S FORTUNA RD,,25,25,32.67779444,32.67779444,-114.444186110,-114.444186110,0,No Special Jurisdiction,9,Pedalcyclist,0,The First Harmful Event was Not a Collision with a Motor Vehicle in Transport,0,No,1,Non-Junction,1,Not an Intersection,0,None,,,1,On Roadway,5,Dusk,,,,,1,Clear,0,No,0000000,Not Applicable,17,5:00pm-5:59pm,15,15,17,5:00pm-5:59pm,24,24,17,5:00pm-5:59pm,59,59,,,,,,,1,
2021,4,40754,Arizona,2,2,0,0,0,3,3,15,MOHAVE (15),0,NOT APPLICABLE,13,13,10,October,2021,4,Wednesday,14,2:00pm-2:59pm,35,35,1,This section IS ON the NHS,1,Rural,3,Principal Arterial - Other,1,State Highway Agency,2,U.S. Highway,US-93,CR-25 PIERCE FERRY RD,401,401,35.53427222,35.53427222,-114.355413890,-114.355413890,0,No Special Jurisdiction,12,Motor Vehicle In-Transport,6,Angle,0,No,2,Intersection,2,Four-Way Intersection,0,None,,,1,On Roadway,1,Daylight,,,,,1,Clear,0,No,0000000,Not Applicable,14,2:00pm-2:59pm,38,38,14,2:00pm-2:59pm,46,46,99,Unknown,99,Unknown EMS Hospital Arrival Time,,,,,,,2,
2021,4,40758,Arizona,1,1,0,0,0,4,4,27,YUMA (27),0,NOT APPLICABLE,17,17,10,October,2021,1,Sunday,18,6:00pm-6:59pm,43,43,0,This section IS NOT on the NHS,1,Rural,98,Not Reported,26,Private (other than Railroad),9,Unknown,W COUTNY 9 1/2 ST,,151,151,32.69107500,32.69107500,-114.684741670,-114.684741670,0,No Special Jurisdiction,35,Embankment,0,The First Harmful Event was Not a Collision with a Motor Vehicle in Transport,0,No,1,Non-Junction,1,Not an Intersection,0,None,,,4,On Roadside,2,Dark - Not Lighted,,,,,1,Clear,0,No,0000000,Not Applicable,18,6:00pm-6:59pm,43,43,18,6:00pm-6:59pm,53,53,20,8:00pm-8:59pm,2,2,,,,,,,1,
2021,4,40773,Arizona,1,1,0,0,0,2,2,12,LA PAZ (12),0,NOT APPLICABLE,23,23,9,September,2021,5,Thursday,14,2:00pm-2:59pm,33,33,1,This section IS ON the NHS,1,Rural,3,Principal Arterial - Other,1,State Highway Agency,2,U.S. Highway,US-95,,969,969,33.55981944,33.55981944,-114.217019440,-114.217019440,0,No Special Jurisdiction,1,Rollover/Overturn,0,The First Harmful Event was Not a Collision with a Motor Vehicle in Transport,0,No,1,Non-Junction,1,Not an Intersection,0,None,,,4,On Roadside,1,Daylight,,,,,10,Cloudy,0,No,0000000,Not Applicable,14,2:00pm-2:59pm,34,34,14,2:00pm-2:59pm,44,44,17,5:00pm-5:59pm,0,0,,,,,,,1,
2021,4,40787,Arizona,3,3,0,0,0,5,5,27,YUMA (27),0,NOT APPLICABLE,20,20,10,October,2021,4,Wednesday,15,3:00pm-3:59pm,25,25,1,This section IS ON the NHS,2,Urban,3,Principal Arterial - Other,1,State Highway Agency,2,U.S. Highway,US-95,S AVE C,142,142,32.59762778,32.59762778,-114.667130560,-114.667130560,0,No Special Jurisdiction,12,Motor Vehicle In-Transport,6,Angle,0,No,2,Intersection,3,T-Intersection,0,None,,,1,On Roadway,1,Daylight,,,,,1,Clear,0,No,0000000,Not Applicable,15,3:00pm-3:59pm,27,27,15,3:00pm-3:59pm,28,28,99,Unknown,99,Unknown EMS Hospital Arrival Time,,,,,,,1,
2021,4,40793,Arizona,1,1,0,1,1,4,4,15,MOHAVE (15),0,NOT APPLICABLE,25,25,10,October,2021,2,Monday,22,10:00pm-10:59pm,42,42,1,This section IS ON the NHS,1,Rural,1,Interstate,1,State Highway Agency,1,Interstate,I-40 PURPLE HEART TRL,,186,186,34.77778889,34.77778889,-114.183933330,-114.183933330,0,No Special Jurisdiction,8,Pedestrian,0,The First Harmful Event was Not a Collision with a Motor Vehicle in Transport,0,No,1,Non-Junction,1,Not an Intersection,0,None,,,1,On Roadway,2,Dark - Not Lighted,,,,,2,Rain,0,No,0000000,Not Applicable,23,11:00pm-11:59pm,25,25,23,11:00pm-11:59pm,56,56,88,"Not Applicable (Not Transported) ",88,Not Applicable (Not Transported),,,,,,,1,
2021,4,40806,Arizona,1,1,0,0,0,1,1,15,MOHAVE (15),0,NOT APPLICABLE,4,4,11,November,2021,5,Thursday,13,1:00pm-1:59pm,29,29,0,This section IS NOT on the NHS,1,Rural,6,Minor Collector,2,County Highway Agency,4,County Road,CR-145 WHITE HILLS RD,,47,47,35.72506667,35.72506667,-114.403186110,-114.403186110,0,No Special Jurisdiction,35,Embankment,0,The First Harmful Event was Not a Collision with a Motor Vehicle in Transport,0,No,1,Non-Junction,1,Not an Intersection,0,None,,,4,On Roadside,1,Daylight,,,,,1,Clear,0,No,0000000,Not Applicable,13,1:00pm-1:59pm,29,29,13,1:00pm-1:59pm,49,49,88,"Not Applicable (Not Transported) ",88,Not Applicable (Not Transported),,,,,,,1,
2021,4,40827,Arizona,1,1,0,0,0,1,1,15,MOHAVE (15),260,KINGMAN,19,19,11,November,2021,6,Friday,23,11:00pm-11:59pm,6,6,1,This section IS ON the NHS,2,Urban,1,Interstate,1,State Highway Agency,1,Interstate,I-40,,503,503,35.20948611,35.20948611,-114.058158330,-114.058158330,0,No Special Jurisdiction,52,Guardrail End,0,The First Harmful Event was Not a Collision with a Motor Vehicle in Transport,0,No,1,Non-Junction,1,Not an Intersection,0,None,,,4,On Roadside,2,Dark - Not Lighted,,,,,1,Clear,0,No,0000000,Not Applicable,23,11:00pm-11:59pm,6,6,23,11:00pm-11:59pm,21,21,88,"Not Applicable (Not Transported) ",88,Not Applicable (Not Transported),,,,,,,1,
2021,4,40840,Arizona,2,2,0,0,0,2,2,15,MOHAVE (15),217,GOLDEN VALLEY,24,24,11,November,2021,4,Wednesday,18,6:00pm-6:59pm,37,37,1,This section IS ON the NHS,1,Rural,3,Principal Arterial - Other,1,State Highway Agency,3,State Highway,SR-68,COLORADO RD,212,212,35.22292778,35.22292778,-114.236136110,-114.236136110,0,No Special Jurisdiction,12,Motor Vehicle In-Transport,6,Angle,0,No,2,Intersection,2,Four-Way Intersection,0,None,,,1,On Roadway,2,Dark - Not Lighted,,,,,1,Clear,0,No,0000000,Not Applicable,18,6:00pm-6:59pm,38,38,18,6:00pm-6:59pm,47,47,99,Unknown,99,Unknown EMS Hospital Arrival Time,,,,,,,1,
2021,4,40853,Arizona,1,1,0,0,0,1,1,15,MOHAVE (15),0,NOT APPLICABLE,30,30,11,November,2021,3,Tuesday,15,3:00pm-3:59pm,1,1,0,This section IS NOT on the NHS,1,Rural,6,Minor Collector,2,County Highway Agency,8,Other,STOCKTON HILL RD,,296,296,35.58452778,35.58452778,-114.098369440,-114.098369440,0,No Special Jurisdiction,1,Rollover/Overturn,0,The First Harmful Event was Not a Collision with a Motor Vehicle in Transport,0,No,1,Non-Junction,1,Not an Intersection,0,None,,,1,On Roadway,1,Daylight,,,,,1,Clear,0,No,0000000,Not Applicable,15,3:00pm-3:59pm,3,3,15,3:00pm-3:59pm,41,41,88,"Not Applicable (Not Transported) ",88,Not Applicable (Not Transported),,,,,,,1,
2021,4,40955,Arizona,2,2,0,0,0,2,2,27,YUMA (27),440,SOMERTON,22,22,4,April,2021,5,Thursday,99,Unknown Hours,99,Unknown Minutes,1,This section IS ON the NHS,2,Urban,3,Principal Arterial - Other,2,County Highway Agency,2,U.S. Highway,US-95,S AVENUE C,137,137,32.59764167,32.59764167,-114.667027780,-114.667027780,0,No Special Jurisdiction,12,Motor Vehicle In-Transport,6,Angle,0,No,2,Intersection,2,Four-Way Intersection,0,None,,,1,On Roadway,8,Not Reported,,,,,98,Not Reported,0,No,0000000,Not Applicable,99,Unknown,99,Unknown,99,Unknown EMS Scene Arrival Hour,99,Unknown EMS Scene Arrival Minutes,99,Unknown,99,Unknown EMS Hospital Arrival Time,,,,,,,1,
2021,4,40959,Arizona,3,3,0,0,0,5,5,27,YUMA (27),620,YUMA,3,3,6,June,2021,5,Thursday,5,5:00am-5:59am,52,52,0,This section IS NOT on the NHS,1,Rural,5,Major Collector,2,County Highway Agency,4,County Road,CR-S AVENUE B,,0,None,32.53701667,32.53701667,-114.649038890,-114.649038890,0,No Special Jurisdiction,12,Motor Vehicle In-Transport,7,Sideswipe - Same Direction,0,No,1,Non-Junction,1,Not an Intersection,0,None,,,1,On Roadway,8,Not Reported,,,,,98,Not Reported,0,No,0000000,Not Applicable,99,Unknown,99,Unknown,99,Unknown EMS Scene Arrival Hour,99,Unknown EMS Scene Arrival Minutes,99,Unknown,99,Unknown EMS Hospital Arrival Time,,,,,,,1,
2021,4,40965,Arizona,2,2,0,0,0,6,6,27,YUMA (27),620,YUMA,6,6,6,June,2021,1,Sunday,17,5:00pm-5:59pm,23,23,0,This section IS NOT on the NHS,2,Urban,4,Minor Arterial,2,County Highway Agency,6,Local Street - Municipality,S SOMERTON AVE,,0,None,32.68100556,32.68100556,-114.710455560,-114.710455560,0,No Special Jurisdiction,24,Guardrail Face,0,The First Harmful Event was Not a Collision with a Motor Vehicle in Transport,0,No,1,Non-Junction,1,Not an Intersection,0,None,,,4,On Roadside,8,Not Reported,,,,,98,Not Reported,0,No,0000000,Not Applicable,99,Unknown,99,Unknown,99,Unknown EMS Scene Arrival Hour,99,Unknown EMS Scene Arrival Minutes,99,Unknown,99,Unknown EMS Hospital Arrival Time,,,,,,,1,
2021,4,41021,Arizona,2,2,0,0,0,3,3,15,MOHAVE (15),59,BULLHEAD CITY,28,28,12,December,2021,3,Tuesday,7,7:00am-7:59am,37,37,0,This section IS NOT on the NHS,2,Urban,4,Minor Arterial,4,City or Municipal Highway Agency,6,Local Street - Municipality,BULLHEAD PKWY,,0,None,35.13273889,35.13273889,-114.545138890,-114.545138890,0,No Special Jurisdiction,12,Motor Vehicle In-Transport,8,Sideswipe - Opposite Direction,0,No,1,Non-Junction,1,Not an Intersection,0,None,,,1,On Roadway,1,Daylight,,,,,1,Clear,0,No,0000000,Not Applicable,7,7:00am-7:59am,40,40,7,7:00am-7:59am,46,46,8,8:00am-8:59am,36,36,,,,,,,1,
2021,4,41046,Arizona,2,2,0,0,0,6,6,27,YUMA (27),0,NOT APPLICABLE,11,11,9,September,2021,7,Saturday,6,6:00am-6:59am,29,29,0,This section IS NOT on the NHS,1,Rural,5,Major Collector,2,County Highway Agency,8,Other,S AVENUE G,,82,82,32.65103611,32.65103611,-114.736227780,-114.736227780,0,No Special Jurisdiction,12,Motor Vehicle In-Transport,2,Front-to-Front,0,No,1,Non-Junction,1,Not an Intersection,0,None,,,1,On Roadway,1,Daylight,,,,,1,Clear,0,No,0000000,Not Applicable,6,6:00am-6:59am,29,29,6,6:00am-6:59am,46,46,99,Unknown,99,Unknown EMS Hospital Arrival Time,,,,,,,2,
2021,4,41047,Arizona,1,1,0,0,0,1,1,27,YUMA (27),0,NOT APPLICABLE,15,15,9,September,2021,4,Wednesday,21,9:00pm-9:59pm,20,20,0,This section IS NOT on the NHS,1,Rural,4,Minor Arterial,2,County Highway Agency,8,Other,W COUNTY 19TH ST,,17,17,32.55288056,32.55288056,-114.747977780,-114.747977780,0,No Special Jurisdiction,43,Other Fixed Object,0,The First Harmful Event was Not a Collision with a Motor Vehicle in Transport,0,No,1,Non-Junction,1,Not an Intersection,0,None,,,4,On Roadside,2,Dark - Not Lighted,,,,,1,Clear,0,No,0000000,Not Applicable,21,9:00pm-9:59pm,27,27,21,9:00pm-9:59pm,32,32,88,"Not Applicable (Not Transported) ",88,Not Applicable (Not Transported),,,,,,,1,
2022,4,40015,Arizona,3,3,0,0,0,4,4,27,YUMA (27),620,YUMA,6,6,1,January,2022,5,Thursday,7,7:00am-7:59am,49,49,1,This section IS ON the NHS,2,Urban,3,Principal Arterial - Other,1,State Highway Agency,2,U.S. Highway,US-95,S GATEWAY DR,217,217,32.69854722,32.69854722,-114.642930560,-114.64293056,0,No Special Jurisdiction,12,Motor Vehicle In-Transport,6,Angle,0,No,2,Intersection,3,T-Intersection,0,None,,,1,On Roadway,1,Daylight,,,,,1,Clear,0,No,0000000,Not Applicable,7,7:00am-7:59am,49,49,7,7:00am-7:59am,54,54,99,Unknown,99,Unknown EMS Hospital Arrival Time,,,,,,,1,
2022,4,40028,Arizona,3,3,0,0,0,7,7,15,MOHAVE (15),268,LAKE HAVASU CITY,14,14,1,January,2022,6,Friday,10,10:00am-10:59am,48,48,1,This section IS ON the NHS,2,Urban,3,Principal Arterial - Other,1,State Highway Agency,3,State Highway,SR-95,ACOMA BLVD S,700,700,34.45466667,34.45466667,-114.297444440,-114.29744444,0,No Special Jurisdiction,12,Motor Vehicle In-Transport,1,Front-to-Rear,0,No,3,Intersection-Related,2,Four-Way Intersection,0,None,,,1,On Roadway,1,Daylight,,,,,1,Clear,0,No,0000000,Not Applicable,10,10:00am-10:59am,49,49,10,10:00am-10:59am,50,50,11,11:00am-11:59am,16,16,,,,,,,1,
2022,4,40044,Arizona,1,1,0,0,0,3,3,15,MOHAVE (15),260,KINGMAN,22,22,1,January,2022,7,Saturday,15,3:00pm-3:59pm,22,22,0,This section IS NOT on the NHS,1,Rural,6,Minor Collector,2,County Highway Agency,4,County Road,CR-STOCKTON HILL RD,,0,None,35.38030833,35.38030833,-114.036663890,-114.03666389,0,No Special Jurisdiction,32,Culvert,0,The First Harmful Event was Not a Collision with a Motor Vehicle in Transport,0,No,1,Non-Junction,1,Not an Intersection,0,None,,,4,On Roadside,1,Daylight,,,,,1,Clear,0,No,0000000,Not Applicable,15,3:00pm-3:59pm,24,24,15,3:00pm-3:59pm,44,44,99,Unknown,99,Unknown EMS Hospital Arrival Time,,,,,,,2,
2022,4,40045,Arizona,2,2,0,0,0,3,3,27,YUMA (27),620,YUMA,22,22,1,January,2022,7,Saturday,19,7:00pm-7:59pm,29,29,0,This section IS NOT on the NHS,2,Urban,4,Minor Arterial,4,City or Municipal Highway Agency,6,Local Street - Municipality,W 8TH ST,S AVENUE B,0,None,32.71313056,32.71313056,-114.650452780,-114.65045278,0,No Special Jurisdiction,12,Motor Vehicle In-Transport,6,Angle,0,No,2,Intersection,2,Four-Way Intersection,0,None,,,1,On Roadway,3,Dark - Lighted,,,,,1,Clear,0,No,0000000,Not Applicable,19,7:00pm-7:59pm,29,29,19,7:00pm-7:59pm,30,30,19,7:00pm-7:59pm,35,35,,,,,,,1,
2022,4,40048,Arizona,2,2,0,0,0,3,3,27,YUMA (27),620,YUMA,25,25,1,January,2022,3,Tuesday,17,5:00pm-5:59pm,54,54,0,This section IS NOT on the NHS,2,Urban,4,Minor Arterial,4,City or Municipal Highway Agency,6,Local Street - Municipality,S 4TH AVE,W 24TH ST,0,None,32.68398056,32.68398056,-114.624650000,-114.62465000,0,No Special Jurisdiction,12,Motor Vehicle In-Transport,6,Angle,0,No,2,Intersection,2,Four-Way Intersection,0,None,,,1,On Roadway,1,Daylight,,,,,1,Clear,0,No,0000000,Not Applicable,17,5:00pm-5:59pm,54,54,17,5:00pm-5:59pm,57,57,18,6:00pm-6:59pm,16,16,,,,,,,1,
2022,4,40054,Arizona,2,2,0,0,0,2,2,27,YUMA (27),620,YUMA,28,28,1,January,2022,6,Friday,16,4:00pm-4:59pm,16,16,0,This section IS NOT on the NHS,2,Urban,5,Major Collector,2,County Highway Agency,4,County Road,CR-S AVE 1 E,E COUNTY 15TH ST,0,None,32.61147500,32.61147500,-114.615308330,-114.61530833,0,No Special Jurisdiction,12,Motor Vehicle In-Transport,6,Angle,0,No,2,Intersection,2,Four-Way Intersection,0,None,,,1,On Roadway,1,Daylight,,,,,1,Clear,0,No,0000000,Not Applicable,16,4:00pm-4:59pm,18,18,16,4:00pm-4:59pm,25,25,16,4:00pm-4:59pm,49,49,,,,,,,1,
2022,4,40057,Arizona,1,1,0,1,1,1,1,15,MOHAVE (15),260,KINGMAN,29,29,1,January,2022,7,Saturday,19,7:00pm-7:59pm,42,42,0,This section IS NOT on the NHS,2,Urban,6,Minor Collector,2,County Highway Agency,6,Local Street - Municipality,COLLEGE DR,,0,None,35.26053333,35.26053333,-114.036600000,-114.03660000,0,No Special Jurisdiction,8,Pedestrian,0,The First Harmful Event was Not a Collision with a Motor Vehicle in Transport,0,No,1,Non-Junction,1,Not an Intersection,0,None,,,1,On Roadway,3,Dark - Lighted,,,,,1,Clear,0,No,0000000,Not Applicable,19,7:00pm-7:59pm,41,41,19,7:00pm-7:59pm,50,50,20,8:00pm-8:59pm,10,10,,,,,,,1,
2022,4,40060,Arizona,2,2,0,0,0,2,2,27,YUMA (27),620,YUMA,30,30,1,January,2022,1,Sunday,18,6:00pm-6:59pm,24,24,0,This section IS NOT on the NHS,2,Urban,4,Minor Arterial,4,City or Municipal Highway Agency,6,Local Street - Municipality,W 32ND ST,S 4TH AVE,0,None,32.66943333,32.66943333,-114.624397220,-114.62439722,0,No Special Jurisdiction,12,Motor Vehicle In-Transport,6,Angle,0,No,2,Intersection,2,Four-Way Intersection,0,None,,,1,On Roadway,5,Dusk,,,,,1,Clear,0,No,0000000,Not Applicable,18,6:00pm-6:59pm,24,24,18,6:00pm-6:59pm,28,28,88,"Not Applicable (Not Transported) ",88,Not Applicable (Not Transported),,,,,,,1,
2022,4,40077,Arizona,2,2,0,0,0,3,3,27,YUMA (27),620,YUMA,22,22,1,January,2022,7,Saturday,21,9:00pm-9:59pm,46,46,0,This section IS NOT on the NHS,2,Urban,4,Minor Arterial,4,City or Municipal Highway Agency,6,Local Street - Municipality,S AVENUE B,W 3RD ST,0,None,32.72155000,32.72155000,-114.650372220,-114.65037222,0,No Special Jurisdiction,12,Motor Vehicle In-Transport,6,Angle,0,No,2,Intersection,2,Four-Way Intersection,0,None,,,1,On Roadway,2,Dark - Not Lighted,,,,,1,Clear,0,No,0000000,Not Applicable,99,Unknown,99,Unknown,99,Unknown EMS Scene Arrival Hour,99,Unknown EMS Scene Arrival Minutes,99,Unknown,99,Unknown EMS Hospital Arrival Time,,,,,,,1,
2022,4,40099,Arizona,2,2,0,0,0,4,4,15,MOHAVE (15),260,KINGMAN,3,3,2,February,2022,5,Thursday,18,6:00pm-6:59pm,51,51,1,This section IS ON the NHS,1,Rural,3,Principal Arterial - Other,1,State Highway Agency,2,U.S. Highway,US-93,,311,311,35.68415556,35.68415556,-114.468066670,-114.46806667,0,No Special Jurisdiction,12,Motor Vehicle In-Transport,6,Angle,0,No,7,"Crossover-Related ",1,Not an Intersection,0,None,,,1,On Roadway,2,Dark - Not Lighted,,,,,1,Clear,0,No,0000000,Not Applicable,18,6:00pm-6:59pm,53,53,19,7:00pm-7:59pm,19,19,99,Unknown,99,Unknown EMS Hospital Arrival Time,,,,,,,1,